time_s,raw_cart,raw_theta1,raw_theta2,cart_counts,theta1_counts,theta2_relative_counts,x_m,theta1_rad,theta2_rad,xdot_m_s,theta1dot_rad_s,theta2dot_rad_s,accel_m_s2,velocity_ref_m_s,voltage,left_limit,right_limit,warning
5.0000000000000002e-05,1339,3969,95,1215,4093,-29,-0.0014786373613157339,-0,-0,0,0,0,0.030690044165014078,0.0001534502208250704,-0.0014568263068787182,0,0,0
0.0053102999999999996,1339,3969,95,1215,4093,-29,-0.0014786373613157339,-0,-0,0,0,0,0.030690044165014078,0.00030690044165014081,-0.0013463421478846676,0,0,0
0.0112925,1339,3969,95,1215,4093,-29,-0.0014786373613157339,-0,-0,0,0,0,0.030690044165014078,0.00046035066247521119,-0.001194426429267848,0,0,0
0.0162436,1339,3969,95,1215,4093,-29,-0.0014786373613157339,-0,-0,0,0,0,0.030690044165014078,0.00061380088330028162,-0.0010010791510282593,0,0,0
0.021230599999999999,1339,3969,95,1215,4093,-29,-0.0014786373613157339,-0,-0,0,0,0,0.030690044165014078,0.00076725110412535205,-0.00076630031316590155,0,0,0
0.0262393,1339,3969,95,1215,4093,-29,-0.0014786373613157339,-0,-0,0,0,0,0.030690044165014078,0.00092070132495042248,-0.00049008991568077489,0,0,0
0.031205900000000002,1339,3969,95,1215,4093,-29,-0.0014786373613157339,-0,-0,0,0,0,0.030690044165014078,0.0010741515457754929,-0.00017244795857287911,0,0,0
0.0361924,1339,3969,95,1215,4093,-29,-0.0014786373613157339,-0,-0,0,0,0,0.030690044165014078,0.0012276017666005632,0.00018662555815778556,0,0,0
0.041188900000000001,1339,3969,95,1215,4093,-29,-0.0014786373613157339,-0,-0,0,0,0,0.030690044165014078,0.0013810519874256336,0.00058713063451121933,0,0,0
0.046154399999999998,1339,3969,95,1215,4093,-29,-0.0014786373613157339,-0,-0,0,0,0,0.030690044165014078,0.0015345022082507039,0.0010290672704874222,0,0,0
0.051142199999999999,1339,3969,95,1215,4093,-29,-0.0014786373613157339,-0,-0,0,0,0,0.030690044165014078,0.0016879524290757742,0.001512435466086394,0,0,0
0.0561375,1339,3969,95,1215,4093,-29,-0.0014786373613157339,-0,-0,0,0,0,0.030690044165014078,0.0018414026499008445,0.0020372352213081347,0,0,0
0.061131999999999999,1339,3969,94,1215,4093,-30,-0.0014786373613157339,-0,0.0015707963267948967,0,0,0.14655903858403407,6.4033673220060585,0.033858239259931137,0.016941990411294995,0,0,0
0.066118800000000005,1338,3969,94,1214,4093,-30,-0.001456568146967738,-0,0.0015707963267948967,0.0020591102627206402,0,0.078187501726343686,3.5664124218284714,0.051690301369073495,0.033181543342366171,0,0,0
0.071115100000000001,1337,3970,94,1213,4094,-30,-0.0014344989326197418,-0.00078539816339744833,0.00078539816339744833,0.0031576210661255948,-0.073279519292017037,-0.031567418248847602,-0.7841190456462086,0.047769706140842451,0.044323367226845239,0,0,0
0.076137300000000005,1336,3969,94,1212,4093,-30,-0.0014124297182717459,-0,0.0015707963267948967,0.003743663497677038,0.034185768428845194,0.056438677589764868,2.5250841797388861,0.060395127039536881,0.061786350507233141,0,0,0
0.081118499999999996,1331,3969,95,1207,4093,-29,-0.0013020836465317657,-0,-0,0.012292751206666407,0.018237700341587129,-0.11644967621296418,-5.0790599905980152,0.034999827086546809,0.061807271215644555,0,0,0
0.086132,1323,3967,95,1199,4091,-29,-0.0011255299317477975,0.0015707963267948967,0.0015707963267948967,0.023030918477267501,0.15628863452515895,0.084434523113002757,2.5703895876353053,0.047851775024723334,0.068889383003621199,0,0,0
0.091124499999999997,1311,3965,97,1187,4089,-27,-0.0008606993595718451,0.0031415926535897933,0,0.036996043887160039,0.22993716387609622,-0.10151422602629059,-6.2123232290400718,0.016790158879522975,0.055328980571642476,0,0,0
0.096069699999999994,1298,3962,98,1174,4086,-26,-0.00057379957304789673,0.0054977871437821377,0.000785398163397448,0.046505382246652113,0.34250729650321182,0.019122888630660431,-2.0285516355701345,0.0066474007016723013,0.041029948177776235,0,0,0
0.1010891,1286,3960,99,1162,4084,-25,-0.00030896900087194442,0.0070685834705770346,0.000785398163397448,0.049519390752876292,0.3292826023803071,0.010201833351718795,-2.6422525523182432,-0.0065638620599189155,0.022966921090114757,0,0,0
0.1060933,1276,3959,99,1152,4083,-25,-8.8276857391984118e-05,0.0078539816339744835,0.0015707963267948969,0.047009107871952886,0.24894786626539792,0.078722075892455098,0.56502849447128867,-0.0037387195875624719,0.010225384239635985,0,0,0
0.11106539999999999,1270,3958,100,1146,4082,-24,4.4138428695992059e-05,0.0086393797973719298,0.00078539816339744627,0.03743346079882779,0.20609024124714725,-0.031282229297422415,-3.852304652296024,-0.023000242849042594,-0.0078351734591929258,0,0,0
0.1160489,1268,3958,99,1144,4082,-25,8.8276857391984118e-05,0.0086393797973719298,0.0023561944901923431,0.024088526069941583,0.10994668939544555,0.12987034179107804,3.7580128131468378,-0.0042101787833084062,-0.0096915239865387522,0,0,0
0.1210141,1268,3959,99,1144,4083,-25,8.8276857391984118e-05,0.0078539816339744835,0.0015707963267948969,0.012850941790251411,-0.014624269844654147,-0.0039952385605454832,-1.1035871454199806,-0.0097281145104083089,-0.014758332448250628,0,0,0
0.12602060000000001,1268,3960,99,1144,4084,-25,8.8276857391984118e-05,0.0070685834705770346,0.000785398163397448,0.0068558244044041108,-0.081081393095042822,-0.075410931485136071,-3.7404914284594684,-0.028430571652705652,-0.026572980539831266,0,0,0
0.130611,1268,3960,98,1144,4084,-26,8.8276857391984118e-05,0.0070685834705770346,0.0023561944901923449,0.003657500674361349,-0.043255957625281762,0.10632820469862689,4.0189663381919454,-0.0083357399617459242,-0.025618387535799786,0,0,0
0.1365693,1269,3961,97,1145,4085,-27,6.6207643043988092e-05,0.0062831853071795866,0.0031415926535897933,-0.00010787720979118847,-0.096356057553846214,0.1300043502458316,5.559251565172481,0.01946051786411648,-0.014653826438042025,0,0,0
0.141597,1269,3962,97,1145,4086,-27,6.6207643043988092e-05,0.0054977871437821377,0.0023561944901923444,-5.7551206723735615e-05,-0.12468432850148299,-0.0039237466458291875,0.10118814349566985,0.019966458581594831,-0.0091653331466020511,0,0,0
0.1465592,1269,3963,96,1145,4087,-28,6.6207643043988092e-05,0.0047123889803846897,0.0031415926535897929,-3.0702883415035181e-05,-0.1397971236932492,0.071186247184008525,3.5187549839571006,0.037560233501380338,0.0041462664646585261,0,0,0
0.15151429999999999,1269,3964,96,1145,4088,-28,6.6207643043988092e-05,0.0039269908169872417,0.0023561944901923449,-1.6379622664079812e-05,-0.14785961995115537,-0.035302504169880858,-0.88723069579991864,0.033124080022380743,0.012293104755665528,0,0,0
0.1565898,1269,3965,95,1145,4089,-29,6.6207643043988092e-05,0.0031415926535897933,0.0031415926535897933,-8.7383336278525107e-06,-0.15216086568921494,0.054446053731691597,3.0916070908777362,0.048582115476769425,0.028193706234236234,0,0,0
0.16152739999999999,1268,3966,95,1144,4090,-29,8.8276857391984118e-05,0.0023561944901923449,0.0023561944901923449,0.0020544484657942074,-0.15445552906732607,-0.04423319801925326,-1.0657312713141858,0.043253459120198498,0.037986907342846654,0,0,0
0.16648930000000001,1267,3967,94,1143,4091,-30,0.00011034607173998014,0.0015707963267948967,0.0031415926535897933,0.0031551340529822449,-0.15567970465261122,0.049681634917870858,3.0455432075529458,0.058481175157963229,0.055467803922295333,0,0,0
0.17147180000000001,1263,3967,94,1139,4091,-30,0.00019862292913196426,0.0015707963267948967,0.0031415926535897933,0.0099196674939446266,-0.083053268456748305,0.026504560574620025,1.6939125792751084,0.066950738054338765,0.071173098275576108,0,0,0
0.176482,1255,3967,94,1131,4091,-30,0.00037517664391593252,0.0015707963267948967,0.0031415926535897933,0.021764906577368175,-0.044307929647867596,0.014139867426162554,0.76884278061512057,0.070794951957414365,0.08297102599572595,0,0,0
0.1814675,1243,3965,95,1119,4089,-29,0.00064000721609188489,0.0031415926535897933,0.0031415926535897933,0.036320641615384126,0.12292128577599429,0.007543450881464733,-0.6285216903035884,0.067652343505896426,0.088244883678048183,0,0,0
0.18643019999999999,1227,3963,96,1103,4087,-28,0.00099311464565982142,0.0047123889803846897,0.0031415926535897929,0.052322393966125744,0.21213608068713324,0.0040243412109920804,-1.6798612609732606,0.059253037201030125,0.085723966793462933,0,0,0
0.19147140000000001,1209,3961,97,1085,4085,-27,0.0013903605039237499,0.0062831853071795866,0.0031415926535897933,0.064977358807276744,0.25973111132136106,0.0021469381105514644,-2.4458873343587073,0.047023600529236584,0.076397259786062072,0,0,0
0.19642490000000001,1190,3958,99,1066,4082,-25,0.0018096755765356744,0.0086393797973719298,0.0023561944901923431,0.073787742105928061,0.35840201265185467,-0.072134153377728369,-6.5451865430122007,0.014297667814175581,0.052858402844820698,0,0,0
0.2013914,1174,3956,99,1050,4080,-25,0.0021627830061036108,0.010210176124166829,0.0039269908169872426,0.072310645885544547,0.33776224415688172,0.10807632679607715,1.0810744281932978,0.019703039955142068,0.039893193548655018,0,0,0
0.20643239999999999,1162,3956,100,1038,4080,-24,0.002427613578279563,0.010210176124166829,0.0023561944901923457,0.06328619159169166,0.18019213487790198,-0.088901605309456649,-6.6104413416201391,-0.013349166752958629,0.014876651361034837,0,0,0
0.21138080000000001,1154,3956,100,1030,4080,-24,0.0026041672930635315,0.010210176124166829,0.0023561944901923457,0.050235311646442619,0.096130358065642546,-0.047427947711476723,-4.3272832139913291,-0.034985582822915279,-0.0096783866481391645,0,0,0
0.21635509999999999,1151,3957,99,1027,4081,-25,0.0026703749361075197,0.0094247779607693795,0.0031415926535897929,0.032977271303789302,-0.021995118071673272,0.047977274003052545,0.67880632804084517,-0.03159155118271105,-0.023394595762579903,0,0,0
0.22134010000000001,1151,3958,98,1027,4082,-26,0.0026703749361075197,0.0086393797973719298,0.00392699081698724,0.017592981517251974,-0.085013652845397567,0.098874823615660246,3.6446669423510447,-0.013368216470955825,-0.025704746809703347,0,0,0
0.22634870000000001,1153,3960,97,1029,4084,-27,0.0026262365074115274,0.0070685834705770346,0.0039269908169872417,0.0052674256007984978,-0.19191280995720683,0.052748540907688282,2.635110621690941,-0.0001926633625011203,-0.022588771205310769,0,0,0
0.2313038,1154,3962,95,1030,4086,-29,0.0026041672930635315,0.0054977871437821377,0.0054977871437821377,0.00075099856601375812,-0.24894223722403405,0.17469975698071757,8.5190067449787943,0.042402370362392854,-0.0028628378835462492,0,0,0
0.2362957,1155,3965,94,1031,4089,-30,0.0025820980787155355,0.0031415926535897933,0.0047123889803846897,-0.0016584614713258045,-0.35264627680464955,0.019920720573705669,2.7356163224680587,0.056080451974733145,0.01562242624383204,0,0,0
0.24132290000000001,1155,3966,93,1031,4090,-31,0.0025820980787155355,0.0023561944901923449,0.0054977871437821377,-0.00088476944448574594,-0.26141210833491435,0.083906986484042503,5.3302114789329096,0.082731509369397688,0.042856747289788978,0,0,0
0.2462934,1153,3968,92,1029,4092,-32,0.0026262365074115274,0.00078539816339744833,0.0054977871437821377,0.0036462065634468438,-0.28601928524772818,0.044763378048578842,3.9194532654120513,0.10232877569645794,0.07221297321314496,0,0,0
0.25126189999999998,1147,3969,91,1023,4093,-33,0.0027586517934995035,-0,0.0062831853071795866,0.014299869355580988,-0.22586740179406931,0.097160248397942822,5.9002648947455043,0.13183010017018545,0.10733871463577496,0,0,0
0.25627339999999998,1135,3969,91,1011,4093,-33,0.0030234823656754561,-0,0.0062831853071795866,0.032338133158008868,-0.12049756902282527,0.051833835447755945,3.2586371103130918,0.1481232857217509,0.13828659174283006,0,0,0
0.26122780000000001,1114,3967,92,990,4091,-32,0.0034869358669833727,0.0015707963267948967,0.0062831853071795866,0.060493324445049665,0.082275020504928562,0.027652733926953683,0.69073439328099706,0.15157695768815588,0.15843289924075429,0,0,0
0.26622079999999998,1087,3963,94,963,4087,-30,0.0040828046543792658,0.0047123889803846897,0.0062831853071795866,0.087868445275401844,0.33701082080172379,0.014752404236140708,-1.7875697361422631,0.14263910900744456,0.16668464393641441,0,0,0
0.27122960000000002,1054,3959,96,930,4083,-28,0.0048110887278631342,0.0078539816339744835,0.0062831853071795866,0.11482740780689853,0.4729093366346257,0.0078702319749430118,-3.6205129839392876,0.12453654408774811,0.16119503579102903,0,0,0
0.27620630000000002,1019,3954,98,895,4078,-26,0.0055835112300429953,0.011780972450961723,0.0070685834705770337,0.13332791379106462,0.61868909572045139,0.077478194324773431,-2.0704737154912838,0.1141841755102917,0.15083270903412829,0,0,0
0.28118199999999999,985,3950,100,861,4074,-24,0.0063338645178748609,0.014922565104551517,0.0070685834705770337,0.14113860315005633,0.62318134182285267,0.041333693991508928,-4.1941024429467539,0.093213663295557928,0.13271235899014314,0,0,0
0.28617900000000002,953,3946,102,829,4070,-22,0.0070400793770107337,0.018064157758141311,0.0070685834705770355,0.14118729238084904,0.62557790162073423,0.022051033505274067,-5.4330540369502431,0.066048393110806708,0.1075263434924338,0,0,0
0.29118280000000002,926,3944,103,802,4068,-21,0.0076359481644066264,0.019634954084936207,0.0070685834705770337,0.13091771619203812,0.48029739914845748,0.011763963771314461,-5.3482563576871538,0.039307111322370941,0.079826573169691203,0,0,0
0.296126,905,3942,103,781,4066,-21,0.0080994016657145434,0.021205750411731103,0.0086393797973719298,0.11308435801843089,0.40279198121176629,0.15283497316005745,1.2684323276403209,0.045649272960572543,0.06597069377019503,0,0,0
0.30111779999999999,888,3942,103,764,4066,-21,0.0084745783096304757,0.021205750411731103,0.0086393797973719298,0.095334032757766599,0.21488472516346874,0.081535638083119061,-0.59006940900986704,0.042698925915523205,0.054423211001599997,0,0,0
0.3061316,876,3943,102,752,4067,-22,0.0087394088818064271,0.020420352248333658,0.009424777960769383,0.075568894304605283,0.041358922540078613,0.11677781120887575,2.2045707025602166,0.05372177942832429,0.05406632853887737,0,0,0
0.31112040000000002,865,3945,101,741,4069,-23,0.0089821702396343846,0.018849555921538759,0.0094247779607693795,0.062965318058356465,-0.12449454594854298,0.062299571583620039,1.0503219472618621,0.058973389164633599,0.056202441214432658,0,0,0
0.31608320000000001,856,3946,100,732,4070,-24,0.0091807931687663477,0.018064157758141311,0.010210176124166827,0.05212323970038249,-0.13969587696135882,0.10651559881195599,3.47075939099014,0.076327186119584306,0.06781276430394359,0,0,0
0.32109179999999998,845,3948,99,721,4072,-25,0.0094235545265943053,0.016493361431346415,0.010210176124166827,0.050457340539168311,-0.22108512531744695,0.056824803481616191,1.9651668962333768,0.086153020600751196,0.07951910997619957,0,0,0
0.32608189999999998,832,3948,99,708,4072,-25,0.0097104543131182521,0.016493361431346415,0.010210176124166827,0.05368682370114293,-0.11794628147424213,0.030315355936034502,0.45918929142749398,0.088448967057888669,0.088736852075650227,0,0,0
0.3310341,817,3949,98,693,4073,-26,0.010041492528338193,0.015707963267948967,0.010995574287564277,0.059527935033877141,-0.13620245584700438,0.089452400661079554,3.0872632547948959,0.10388528333186314,0.10244047300552969,0,0,0
0.33604850000000003,798,3949,98,674,4073,-26,0.010460807600950119,0.015707963267948967,0.010995574287564277,0.070880539419510696,-0.072662388171738646,0.04772179047219588,0.89058709809553593,0.10833821882234082,0.11131210604316577,0,0,0
0.3410473,777,3949,98,653,4073,-26,0.010924261102258035,0.015707963267948967,0.010995574287564277,0.081055239187556027,-0.038764518759861616,0.025459006902461379,-0.38694168937252504,0.1064035103754782,0.11597644578522132,0,0,0
0.3460145,754,3948,98,630,4072,-26,0.011431853032261944,0.016493361431346415,0.011780972450961725,0.090601540869676978,0.052599110176753158,0.086861596285486342,1.662292440029653,0.11471497257562646,0.12226480123907259,0,0,0
0.3510181,730,3947,98,606,4071,-26,0.011961514176613848,0.01727875959474386,0.01256637061435917,0.097753489393772069,0.10134051817330336,0.11961914648348687,2.7431341131967293,0.1284306431416101,0.13172910271852878,0,0,0
0.35598210000000002,704,3946,98,580,4070,-26,0.012535313749661745,0.018064157758141311,0.013351768777756621,0.10568718928491477,0.12734347888247621,0.13709490940743979,3.2563522047300051,0.14471240416526013,0.14376856174007338,0,0,0
0.36097020000000002,676,3945,99,552,4069,-25,0.013153251751405633,0.018849555921538759,0.012566370614359171,0.11403794422057137,0.14121574875392945,-0.00014101777393436821,-2.9063547838284158,0.13018063024611803,0.1440082317731072,0,0,0
0.3659731,647,3944,99,523,4068,-25,0.013793258967497519,0.019634954084936207,0.013351768777756619,0.12055208279308519,0.14861643952675166,0.073204287988990827,-0.02163606674496954,0.1300724499123932,0.14538671349219739,0,0,0
0.37094009999999999,617,3942,99,493,4066,-25,0.0144553353979374,0.021205750411731103,0.014922565104551515,0.12608640840795909,0.22584413921191712,0.1856126544429641,4.3404806632148549,0.15177485322846748,0.15523284757995073,0,0,0
0.3759459,586,3940,99,462,4064,-25,0.015139481042725276,0.022776546738526002,0.016493361431346415,0.13109801547843536,0.26704419729631335,0.24558117928516382,6.6970204270735909,0.18525995536383544,0.17498180046068926,0,0,0
0.38094270000000002,553,3938,100,429,4062,-24,0.015867765116209145,0.024347343065320895,0.016493361431346411,0.1378898686932038,0.28902393763659984,0.13101463454474371,1.5599337471797465,0.19305962409973418,0.1900590412142559,0,0,0
0.38588600000000001,517,3936,100,393,4060,-24,0.016662256832737001,0.025918139392115794,0.018064157758141311,0.14769057228788338,0.30074986735341802,0.21645378587230818,4.9324707371123875,0.21772197778529612,0.21164261771491616,0,0,0
0.39190720000000001,469,3932,102,345,4056,-22,0.01772157912144081,0.029059732045705586,0.018064157758141311,0.17762845409260652,0.45356454979834548,0.11547551703446012,-0.87050748885537388,0.21336944034101923,0.2151204085371676,0,0,0
0.39589039999999998,434,3929,102,310,4053,-22,0.018494001623620672,0.031415926535897934,0.020420352248333658,0.16683152409255109,0.46180984373456635,0.28144337102652367,6.3918030704488293,0.24532845569326339,0.24401065023277382,0,0,0
0.40086480000000002,387,3925,104,263,4049,-20,0.019531254697976487,0.034557519189487719,0.020420352248333648,0.1857808136698251,0.53948812914910182,0.15014668675918427,-0.12935110976411224,0.24468170014444282,0.25638660145822362,0,0,0
0.40686610000000001,327,3919,106,203,4043,-18,0.020855407558856249,0.039269908169872414,0.021991148575128554,0.22265846740930584,0.72748760793816758,0.22666050788684605,1.1948033825019628,0.25065571705695261,0.25838320423423344,0,0,0
0.41184680000000001,274,3913,107,150,4037,-17,0.022025075919300037,0.043982297150257102,0.025132741228718343,0.22791848466765541,0.82778309100346803,0.41403875884636115,8.5028418423536927,0.29316992626872107,0.28270684801813656,0,0,0
0.41582469999999999,230,3909,109,106,4033,-15,0.022996121350611864,0.047123889803846894,0.025132741228718343,0.21219264886943301,0.73473049822500114,0.22088474709467487,0.87400725660428691,0.29753996255174253,0.30936787968698404,0,0,0
0.421796,160,3901,112,36,4025,-12,0.024540966354971584,0.053407075111026485,0.026703537555513242,0.25733996957936378,0.9782061253006078,0.26439842066271357,0.24867085757162677,0.29878331683960069,0.31265486949127491,0,0,0
0.42680459999999998,97,3894,114,-27,4018,-10,0.025931326858895334,0.058904862254808621,0.029059732045705586,0.26701175568373825,1.0348179535243649,0.36089196660290462,3.5775443277433521,0.31667103847831746,0.32754174424199295,0,0,0
0.43179529999999999,32,3887,117,-92,4011,-7,0.027365825791515076,0.06440264939859075,0.029845130209103031,0.27628975891544361,1.065019689696634,0.26581108564511446,-1.2046769707848703,0.31064765362439312,0.33406412595799595,0,0,0
0.4367607,4294967261,3879,120,-159,4003,-4,0.028844463152830811,0.070685834705770348,0.031415926535897934,0.28535768367410475,1.1544114755668338,0.28836608725570056,-1.2917437045422382,0.30418893510168193,0.33635376805279477,0,0,0
0.44176100000000001,4294967192,3871,124,-228,3995,0,0.030367238942842538,0.076969020012949932,0.031415926535897927,0.2943135340692018,1.20210092876995,0.15383987342545358,-8.0406435723889942,0.26398571723973696,0.3193166252225717,0,0,0
0.44677349999999999,4294967124,3862,127,-296,3986,3,0.031867945518506267,0.084037603483526971,0.033772121026090278,0.29703226333785887,1.3008222034164767,0.30191029828349386,-2.7961956303337541,0.2500047390880682,0.30361324633946962,0,0,0
0.45172459999999998,4294967059,3855,130,-361,3979,6,0.033302444451126005,0.0895353906273091,0.034557519189487719,0.29230534223742599,1.2069297891936974,0.2343450680040231,-5.7047857271589812,0.2214808104522733,0.28020716140111324,0,0,0
0.45673780000000003,4294966997,3849,132,-423,3973,8,0.034670735740701765,0.094247779607693788,0.036128315516282615,0.28360625533465678,1.0835597850700354,0.2715793415701151,-3.8393672545948796,0.20228397417929891,0.2563605506025296,0,0,0
0.46170489999999997,4294966941,3844,134,-479,3968,10,0.035906611744189541,0.098174770424681035,0.03691371367968007,0.26661073449233824,0.94446383778018506,0.21816386380603706,-5.5032957369558613,0.17476749549451961,0.22966910366147564,0,0,0
0.46667599999999998,4294966891,3839,135,-529,3963,11,0.037010072461589341,0.10210176124166827,0.0392699081698724,0.24518916494474674,0.87025780638201278,0.33622638112299186,0.11740815358146151,0.17535453626242692,0.21477530377403908,0,0,0
0.47165400000000002,4294966846,3836,135,-574,3960,11,0.038003187107249162,0.10445795573186062,0.041626102660064751,0.22346546138502368,0.6841107337599226,0.39921132811582638,4.0879615029765528,0.1957943437773097,0.21489353401338537,0,0,0
0.47669,4294966804,3834,136,-616,3958,12,0.038930094109864997,0.10602875205865551,0.041626102660064765,0.2056987934533564,0.51152396803254907,0.21297448937845762,-2.7306770993354785,0.18214095828063231,0.20927330935504804,0,0,0
0.4816414,4294966765,3832,136,-655,3956,12,0.039790793469436841,0.10759954838545042,0.043196898986859675,0.1900431569052794,0.41945098383706642,0.26017839237365109,0.047553038616557686,0.18237872347371512,0.21006472464193443,0,0,0
0.48662230000000001,4294966724,3829,136,-696,3953,12,0.04069563125770468,0.10995574287564276,0.045553093477052012,0.18580928177387124,0.44361066254957215,0.35864063176662153,4.3432370270183416,0.20409490860880683,0.21967285473533701,0,0,0
0.49166840000000001,4294966682,3827,137,-738,3951,13,0.041622538260320509,0.11152653920243766,0.045553093477051998,0.18560967007481829,0.38322004413526478,0.19133050602888091,-2.5042296813485745,0.19157376020206396,0.21906528246230914,0,0,0
0.49605949999999999,4294966644,3824,137,-776,3948,13,0.042461168405544363,0.11388273369262999,0.047909287967244335,0.17726673855964933,0.42428188768962116,0.32191110430489289,3.1462411761052991,0.20730496608259047,0.23150894862472843,0,0,0
0.50087760000000003,4294966601,3821,138,-819,3945,14,0.043410144622508189,0.11623892818282235,0.04869468613064179,0.18311143526512058,0.44618789222411753,0.24501525982866401,-0.34412186962851266,0.20558435673444792,0.23621488233179633,0,0,0
0.50598010000000004,4294966553,3817,139,-867,3941,15,0.044469466911212001,0.11938052083641214,0.0502654824574367,0.19652506266713266,0.53115400405867541,0.27727176183821994,0.31067501238901585,0.207137731796393,0.23694545757548455,0,0,0
0.51099669999999997,4294966505,3814,139,-915,3938,15,0.045528789199915806,0.12173671532660449,0.052621676947629051,0.20368107314443876,0.50320289357671055,0.36775974081259066,4.1720207730749639,0.22799783566176782,0.24597772026501577,0,0,0
0.51597669999999995,4294966457,3810,141,-963,3934,17,0.046588111488619618,0.12487830798019428,0.052621676947629037,0.20749871951380539,0.56157082829382687,0.1961954421062666,-3.5568770259928995,0.21021345053180332,0.24282233196999559,0,0,0
0.52088540000000005,4294966409,3806,142,-1011,3930,18,0.047647433777323431,0.12801990063378407,0.054192473274423933,0.20953538838785968,0.59270942636699142,0.25122697047408121,-1.5180554040407177,0.20262317351159972,0.239223183692439,0,0,0
0.52688009999999996,4294966350,3801,143,-1070,3925,19,0.048949517423855192,0.13194689145077132,0.056548667764616284,0.23327213986758999,0.68260101690431485,0.35386515478487024,1.824021511359506,0.21174328106839727,0.23077939591052907,0,0,0
0.53181690000000004,4294966303,3797,144,-1117,3921,20,0.049986770498211007,0.13508848410436111,0.05811946409141118,0.22122609095056806,0.65727759065319691,0.3353418845138722,1.3966784715905547,0.21872667342635005,0.23352985260848563,0,0,0
0.53680289999999997,4294966257,3793,145,-1163,3917,21,0.051001954358218825,0.13823007675795088,0.059690260418206048,0.21274055704591521,0.64376784432259904,0.32545994041623028,1.1958720546521011,0.22470603369961056,0.23936421225700782,0,0,0
0.5413751,4294966215,3789,146,-1205,3913,22,0.051928861360834661,0.1413716694115407,0.061261056745000972,0.1999771847103507,0.63656055554156854,0.32018804092331554,1.2684860631533432,0.23104846401537729,0.2511925021466046,0,0,0
0.54635650000000002,4294966168,3785,148,-1252,3909,24,0.052966114435190469,0.14451326206513049,0.061261056745000972,0.20346362888076791,0.63271555280783165,0.17081650674237966,-5.3419123359508047,0.20433890233562327,0.2459935449263847,0,0,0
0.55134229999999995,4294966119,3780,149,-1301,3904,25,0.054047505938242278,0.14844025288211773,0.063617251235193323,0.20944182585138166,0.70394380893118802,0.3109671299848944,0.029097112808520009,0.20448438789966586,0.24360514862623864,0,0,0
0.55543209999999998,4294966079,3776,151,-1341,3900,27,0.054930274512162119,0.15158184553570753,0.063617251235193323,0.19409913037691481,0.66866371603016783,0.16589726056772031,-5.83872709884462,0.17529075240544276,0.23603371737038506,0,0,0
0.56052709999999994,4294966029,3771,153,-1391,3895,29,0.056033735229561919,0.15550883635269477,0.064402649398590764,0.20650508768325571,0.72312172590690349,0.16178373214953284,-6.8490169928103697,0.14104566744139091,0.2099624862964109,0,0,0
0.56611900000000004,4294965977,3766,155,-1443,3890,31,0.057181334375657714,0.15943582716968199,0.065188047561988205,0.21724173869021479,0.75217442564066106,0.15958921372606499,-7.6572722185815572,0.10275930634848313,0.17022808738616732,0,0,0
0.57062659999999998,4294965940,3762,156,-1480,3886,32,0.057997895306533563,0.16257741982327178,0.066758843888783087,0.19208296019981863,0.69439417567065131,0.23169798357348123,-3.959001762939284,0.082964297533786702,0.14173152700796465,0,0,0
0.57661169999999995,4294965900,3759,157,-1520,3883,33,0.058880663880453404,0.16493361431346415,0.06754424205218057,0.18483838227695554,0.59028958111936902,0.19688763425829453,-4.996677920619204,0.057980907930690682,0.1042870228320312,0,0,0
0.58159400000000006,4294965875,3758,157,-1545,3882,33,0.059432394239153308,0.1657190124768616,0.068329640215578025,0.15008683228931707,0.38819198111435677,0.17831672745191851,-4.1549108485975257,0.037206353687703059,0.076325152843632588,0,0,0
0.58659910000000004,4294965856,3758,156,-1564,3882,32,0.059851709311765235,0.1657190124768616,0.069900436542372907,0.11919263264763086,0.20709579898157182,0.24168888912196926,0.17266363984940902,0.038069671886950103,0.060138306649616745,0,0,0
0.59159099999999998,4294965843,3759,155,-1577,3883,31,0.060138609098289178,0.16493361431346415,0.070685834705770362,0.090356283478675664,0.037203623179647954,0.20221766338762634,0.13194012682492229,0.038729372521074716,0.051508329655618856,0,0,0
0.59657459999999995,4294965833,3761,154,-1587,3885,30,0.060359301241769144,0.16336281798666927,0.070685834705770376,0.068795103818332232,-0.12671134867224959,0.10788071522556936,-2.4335869504873768,0.026561437768637834,0.041796023905624549,0,0,0
0.60160000000000002,4294965825,3762,152,-1595,3886,28,0.060535854956553108,0.16257741982327178,0.073042029195962685,0.053174250714221133,-0.14087851481475788,0.27739163470727968,5.6068412836855517,0.054595644187065598,0.050037710857349552,0,0,0
0.60664030000000002,4294965818,3764,151,-1602,3888,27,0.060690339456989081,0.1610066234964769,0.073042029195962699,0.042781601347774256,-0.22171604852830762,0.14798513368462857,1.0660944944802129,0.059926116659466663,0.057496891922499134,0,0,0
0.61158579999999996,4294965810,3765,150,-1610,3889,26,0.060866893171773052,0.16022122533307945,0.073827427359360126,0.039296356938610104,-0.19156239078564691,0.15222782577128929,1.5283781847184699,0.067568007583059017,0.067133121956396508,0,0,0
0.61651959999999995,4294965800,3765,150,-1620,3889,26,0.061087585315253011,0.16022122533307945,0.073827427359360126,0.041555241077220056,-0.10219625418508273,0.081211732181674184,-1.7206573599699926,0.058964720783209051,0.069878490708090754,0,0,0
0.62148080000000006,4294965788,3765,149,-1632,3889,25,0.061352415887428964,0.16022122533307945,0.075398223686155036,0.046878549389764573,-0.054520484561860962,0.18988453055983856,2.8149931448822008,0.07303968650762005,0.078517296064047698,0,0,0
0.62647560000000002,4294965774,3764,149,-1646,3888,25,0.061661384888300905,0.1610066234964769,0.076183621849552491,0.05383669150515423,0.044193490057748475,0.17458065502811621,1.7814941254779351,0.081947157135009718,0.086458000916268679,0,0,0
0.63146089999999999,4294965758,3763,150,-1662,3887,26,0.06201449231786884,0.16179202165987433,0.075398223686155008,0.061666997985275591,0.096856219941576949,0.019857181100363899,-5.203803734693615,0.05592813846154164,0.078815630317214405,0,0,0
0.63600699999999999,4294965743,3761,150,-1677,3885,26,0.062345530533088785,0.16336281798666927,0.076969020012949946,0.063785262979293711,0.19823067847096984,0.15715260822372137,0.18304105479078903,0.056843343735495586,0.076724761371777361,0,0,0
0.64099479999999998,4294965727,3760,151,-1693,3884,27,0.06269863796265672,0.16414821615006669,0.076183621849552491,0.066974442390097672,0.17903322554518702,0.010559525679243495,-6.1200470062837704,0.026243108704076732,0.059645206676951598,0,0,0
0.64597870000000002,4294965712,3758,152,-1708,3882,28,0.063029676177876665,0.1657190124768616,0.076183621849552505,0.066616721363394402,0.24207113232202007,0.0056333811974483925,-6.7419286911967244,-0.0074665347519068913,0.033639381488549787,0,0,0
0.65098409999999995,4294965700,3756,152,-1720,3880,28,0.063294506750052618,0.16728980880365649,0.077754418176347387,0.060248550667553039,0.27570110487476907,0.14956438036544797,-0.65203288786814184,-0.0107266991912476,0.015035505152843737,0,0,0
0.65596770000000004,4294965693,3755,153,-1727,3879,29,0.063448991250488584,0.16807520696705394,0.076969020012949932,0.046555656125682521,0.22036277544336627,0.0065112964843688781,-6.2747062450872155,-0.042100230416683676,-0.012084098816636938,0,0,0
0.66101650000000001,4294965690,3755,153,-1730,3879,29,0.063515198893532576,0.16807520696705394,0.076969020012949932,0.03101421890414648,0.11756091641881893,0.0034736991319741645,-5.6803143960879074,-0.070501802397123212,-0.041808248824582381,0,0,0
0.66600930000000003,4294965692,3756,152,-1728,3880,28,0.063471060464836582,0.16728980880365649,0.077754418176347387,0.012427495914413191,-0.0105621704048212,0.075132696410959363,-1.5740930992745077,-0.078372267893495745,-0.064395258703912855,0,0,0
0.67095159999999998,4294965697,3757,152,-1723,3881,28,0.063360714393096595,0.16650441064025903,0.076969020012949932,-0.0036656302411810296,-0.078914311419064659,-0.033197120505207553,-5.4599103021143947,-0.10567181940406772,-0.093954086341788257,0,0,0
0.67597399999999996,4294965708,3759,151,-1712,3883,27,0.06311795303526864,0.16493361431346415,0.076969020012949946,-0.024605782969940572,-0.18865888394275837,-0.017710268448043204,-3.7346322085281205,-0.12434498044670833,-0.12047561115701416,0,0,0
0.68095399999999995,4294965724,3761,150,-1696,3885,26,0.062764845605700711,0.16336281798666927,0.076969020012949946,-0.046072656389965168,-0.24720630644603286,-0.0094482173070575652,-2.4577842677553945,-0.13663390178548529,-0.14327511603918003,0,0,0
0.68592149999999996,4294965746,3765,148,-1674,3889,24,0.062279322890044793,0.16022122533307945,0.076969020012949932,-0.069879639288833645,-0.42499969769964696,-0.0050405114153573597,-0.6693109394790665,-0.13998045648288063,-0.15851945960530756,0,0,0
0.69093649999999995,4294965773,3770,146,-1647,3894,22,0.061683454102648902,0.15629423451609223,0.076183621849552505,-0.092875932463792041,-0.5931298739001637,-0.075968572105116983,-2.0930728327987493,-0.15044582064687437,-0.17180776219276614,0,0,0
0.69592169999999998,4294965803,3775,144,-1617,3899,20,0.061021377672209019,0.15236724369910495,0.075398223686155022,-0.11132151180003425,-0.68282532065619339,-0.11380784780729594,-2.5374860846316523,-0.16313325107003263,-0.1847604649913106,0,0,0
0.70088019999999995,4294965837,3780,141,-1583,3904,17,0.060271024384377155,0.14844025288211773,0.076183621849552491,-0.129398449760078,-0.73067677332562619,0.012564387814117832,3.9646738985927663,-0.14330988157706878,-0.18169449624035675,0,0,0
0.7069029,4294965880,3787,138,-1540,3911,14,0.059322048167413328,0.14294246573833558,0.075398223686155022,-0.15757427324963963,-0.90276399205021618,-0.066576568021336907,2.5679324461843578,-0.130470219346147,-0.16699361425672671,0,0,0
0.71088459999999998,4294965908,3791,136,-1512,3915,12,0.05870411016566944,0.13980087308474581,0.075398223686155064,-0.14171908559719623,-0.77473191599271918,-0.035517806185096132,3.4652333383219514,-0.11314405265453724,-0.15901357913515884,0,0,0
0.71686289999999997,4294965949,3797,134,-1471,3921,10,0.057799272377401602,0.13508848410436111,0.073827427359360154,-0.16002896521797158,-0.85298736672241215,-0.16550736520546602,-0.86324003082777523,-0.11746025280867611,-0.1450011644806545,0,0,0
0.72182159999999995,4294965980,3801,132,-1440,3925,8,0.057115126732613722,0.13194689145077132,0.073827427359360154,-0.14920596531776059,-0.74817667916563457,-0.088296208324982153,2.1158904238103031,-0.10688080068962459,-0.13361720863166648,0,0,0
0.726858,4294966009,3804,131,-1411,3928,7,0.056475119516521836,0.12959069696057895,0.073042029195962671,-0.13931380323567633,-0.6189819062430082,-0.12038449492189734,0.27475977414679686,-0.10550700181889061,-0.12602267762717739,0,0,0
0.73082069999999999,4294966030,3807,130,-1390,3931,6,0.056011666015213922,0.12723450247038662,0.072256631032565244,-0.11756357046797594,-0.5500580334575651,-0.13750321368486468,-1.0506736735406754,-0.11076037018659399,-0.12904646175557694,0,0,0
0.73678069999999996,4294966060,3809,129,-1360,3933,5,0.055349589584774039,0.12566370614359174,0.072256631032565244,-0.12449207267243451,-0.44000844884263535,-0.073356326987630532,1.597466610366665,-0.10277303713476066,-0.12049747181427245,0,0,0
0.74179209999999995,4294966085,3811,129,-1335,3935,5,0.054797859226074143,0.12409290981679684,0.070685834705770362,-0.1178927947740078,-0.38129830602104886,-0.1856937654381185,-3.5098070979621081,-0.1203220726245712,-0.12550007324380727,0,0,0
0.74678299999999997,4294966109,3813,129,-1311,3937,5,0.054268198081722237,0.12252211349000193,0.069115038378975452,-0.1123130483426763,-0.34997714399947599,-0.24562445103513622,-6.3665157850738341,-0.15215465154994037,-0.14299152467397469,0,0,0
0.75174870000000005,4294966134,3815,128,-1286,3939,4,0.053716467723022333,0.12095131716320703,0.069115038378975452,-0.11139543033297364,-0.33326767706183058,-0.131037719508035,-1.5485431516787527,-0.15989736730833415,-0.15764590773557938,0,0,0
0.75676520000000003,4294966161,3817,128,-1259,3941,4,0.053120598935626442,0.11938052083641214,0.067544242052180542,-0.11502411257806741,-0.32435337544211629,-0.21646610142530831,-5.1438172581411248,-0.18561645359903978,-0.18068211253945204,0,0,0
0.76174889999999995,4294966193,3820,127,-1227,3944,3,0.052414384076490572,0.1170243263462198,0.066758843888783115,-0.12725552265578183,-0.39287722097962091,-0.18876160652733595,-3.3529193388088476,-0.20238105029308401,-0.20178197859246302,0,0,0
0.76671449999999997,4294966228,3824,126,-1192,3948,2,0.05164196157431071,0.11388273369262999,0.065188047561988205,-0.13995816505765646,-0.50271339582166485,-0.24726110772159371,-5.0182793199655009,-0.22747244689291152,-0.2276408104436134,0,0,0
0.77169030000000005,4294966269,3828,125,-1151,3952,1,0.050737123786042872,0.1107411410390402,0.063617251235193309,-0.1590895350807694,-0.56130968707089424,-0.27846989494349872,-5.5809809934234726,-0.25537735186002886,-0.25521775726393425,0,0,0
0.77670499999999998,4294966315,3834,123,-1105,3958,-1,0.049721939926035054,0.10602875205865551,0.062046454908398413,-0.1795914444679606,-0.73912914921849793,-0.29511941126378116,-4.9059244630859897,-0.27990697417545879,-0.28302793861204173,0,0,0
0.78167370000000003,4294966366,3840,120,-1054,3964,-4,0.048596409994287257,0.10131636307827083,0.062046454908398413,-0.20082452028425921,-0.83399371463846972,-0.15744269135904485,2.2043638136961414,-0.26888515510697808,-0.29559842893491556,0,0,0
0.78666080000000005,4294966423,3848,117,-997,3972,-7,0.047338464776451483,0.095033177771091243,0.060475658581603524,-0.22450677494581295,-1.0311618691405915,-0.23055283945341595,0.94003355833664948,-0.26418498731529483,-0.30120271023309297,0,0,0
0.7916706,4294966483,3856,114,-937,3980,-10,0.046014311915571725,0.088749992463911659,0.058904862254808621,-0.24331830656610023,-1.1363487315098841,-0.26955623279967111,0.64394909029620351,-0.26096524186381381,-0.30200175289055736,0,0,0
0.79663269999999997,4294966544,3865,110,-876,3989,-14,0.044668089840343962,0.081681408993334634,0.058119464091411187,-0.2554131449234287,-1.2657441892151571,-0.2170845593700213,4.2993263498330414,-0.23946861011464859,-0.29165026387301785,0,0,0
0.80160370000000003,4294966605,3873,107,-815,3997,-17,0.043321867765116207,0.075398223686155036,0.056548667764616277,-0.26186559715073465,-1.2614956056501878,-0.26237106576770125,3.0839691037471706,-0.22404876459591275,-0.27750270548892847,0,0,0
0.80663490000000004,4294966664,3881,103,-756,4005,-21,0.042019784118584438,0.069115038378975438,0.056548667764616263,-0.26118968304689572,-1.2592290369142711,-0.13997183903395055,8.933622952649765,-0.17938064983266391,-0.24749567040239209,0,0,0
0.81162000000000001,4294966719,3888,100,-701,4012,-24,0.040805977329444659,0.063617251235193309,0.055763269601218829,-0.2525926498710141,-1.1847403301940012,-0.14795282850474917,8.7286211633525443,-0.13573754401590118,-0.20963649874615298,0,0,0
0.81658459999999999,4294966767,3894,98,-653,4018,-26,0.039746655040740847,0.058904862254808621,0.054192473274423933,-0.23359246321392207,-1.0717219729459431,-0.22549011063456198,4.9968654004249036,-0.11075321701377666,-0.17539275701000787,0,0,0
0.82158629999999999,4294966809,3899,96,-611,4023,-28,0.038819748038125018,0.054977871437821381,0.053407075111026485,-0.21110142832753087,-0.93814850598740729,-0.19357580797437116,5.6621334958321894,-0.082442549534615717,-0.13960732586922223,0,0,0
0.82656600000000002,4294966843,3902,95,-577,4026,-29,0.038069394750293153,0.052621676947629037,0.052621676947629037,-0.18262984695756179,-0.72032961349524338,-0.17654990756968225,5.0777686622999134,-0.057053706223116146,-0.10625666072144638,0,0,0
0.83153589999999999,4294966870,3904,95,-550,4028,-29,0.037473525962897256,0.051050880620834134,0.051050880620834134,-0.15302682552310795,-0.53084630904400432,-0.24074631175569516,0.93881615680468045,-0.052359625439092741,-0.083560126015839772,0,0,0
0.83654260000000003,4294966890,3904,95,-530,4028,-29,0.037032141675937338,0.051050880620834134,0.051050880620834134,-0.12282019428846683,-0.28320018407464376,-0.12843529029576944,3.9680906375903842,-0.032519172251140815,-0.061044762114165804,0,0,0
0.84154499999999999,4294966905,3904,95,-515,4028,-29,0.036701103460717394,0.051050880620834134,0.051050880620834134,-0.096409764939202724,-0.15108392559863076,-0.068518697848621746,5.3345260694173513,-0.0058465419040540575,-0.036545495715067586,0,0,0
0.84648699999999999,4294966916,3902,96,-504,4026,-28,0.036458342102889438,0.052621676947629037,0.051050880620834141,-0.074083674349884318,0.065957563521870849,-0.036553909319308658,5.1645672337412298,0.019976294264652091,-0.010519889984852957,0,0,0
0.85147229999999996,4294966921,3900,98,-499,4024,-26,0.036347996031149458,0.054192473274423933,0.049480084294039245,-0.049818309323537875,0.18174661324033706,-0.16606011388870925,-1.7012965375580507,0.011469811576861838,0.0001289700697103581,0,0,0
0.85651719999999998,4294966923,3897,100,-497,4021,-24,0.036303857602453471,0.056548667764616277,0.04869468613064179,-0.03069569526784121,0.31679821163591149,-0.16187061245687634,-2.9655214396097884,-0.0033577956211871055,0.0013991631486327573,0,0,0
0.86147580000000001,4294966923,3894,102,-497,4018,-22,0.036303857602453471,0.058904862254808621,0.047909287967244349,-0.016375787873154819,0.38884663106276879,-0.15963556333538309,-3.9847332592069424,-0.023281461917221819,-0.0066292121075951314,0,0,0
0.86644350000000003,4294966923,3891,103,-497,4015,-21,0.036303857602453471,0.061261056745000965,0.04869468613064179,-0.0087362878125622021,0.42728360480893407,-0.011884152662030092,1.6005844756947405,-0.015278539538748116,-0.0083302040564467335,0,0,0
0.87144480000000002,4294966923,3888,105,-497,4012,-19,0.036303857602453471,0.063617251235193309,0.047909287967244342,-0.0046607055083462794,0.4477892725600946,-0.079619573209918679,-1.8492554908161334,-0.024524816992828782,-0.016091448913750393,0,0,0
0.87643499999999996,4294966924,3885,107,-496,4009,-17,0.036281788388105474,0.06597344572538566,0.047123889803846901,-0.0045455411475062088,0.45872880210521028,-0.11575561341726423,-3.8825421558880238,-0.043937527772268906,-0.030242302827686758,0,0,0
0.8813995,4294966927,3882,108,-493,4006,-16,0.036215580745061482,0.068329640215577997,0.047909287967244335,-0.0086023228579214343,0.46456491083966744,0.011525278056959708,1.263560512324458,-0.037619725210646618,-0.036209576293955804,0,0,0
0.88641669999999995,4294966931,3881,109,-489,4005,-15,0.0361273038876695,0.069115038378975438,0.047123889803846887,-0.012825677851304267,0.32111936676377911,-0.067130920702115376,-1.6701653092036508,-0.045970551756664868,-0.045901637127877544,0,0,0
0.8913932,4294966938,3879,110,-482,4003,-14,0.035972819387233526,0.070685834705770348,0.047123889803846901,-0.02125611823288644,0.31787239657122768,-0.035813546738558459,-0.3886904562480904,-0.047914004037905321,-0.05193160843717113,0,0,0
0.89637100000000003,4294966946,3878,111,-474,4002,-13,0.035796265672449562,0.071471232869167789,0.046338491640449439,-0.027812768041834177,0.2428606573493548,-0.092385619976773858,-2.58975691010329,-0.060862788588421771,-0.062005698238232154,0,0,0
0.90136119999999997,4294966956,3877,112,-464,4001,-12,0.035575573528969597,0.072256631032565244,0.045553093477051998,-0.035428883157804722,0.20284278778245546,-0.12256614733769354,-3.8041824179856656,-0.0798837006783501,-0.076061362424091811,0,0,0
0.90632650000000003,4294966968,3877,112,-452,4001,-12,0.03531074295679365,0.072256631032565244,0.045553093477051998,-0.043610210397994176,0.10821421164565993,-0.065387579975577037,-0.95597819459541444,-0.084663591651327169,-0.08653351683439349,0,0,0
0.91132570000000002,4294966983,3878,112,-437,4002,-12,0.034979704741573706,0.071471232869167789,0.044767695313654543,-0.054152181838117423,-0.015548526092245891,-0.10816301451425508,-2.1184148513663601,-0.095255665908158968,-0.09764047604031223,0,0,0
0.91632990000000003,4294966999,3879,112,-421,4003,-12,0.03462659731200577,0.070685834705770348,0.043982297150257102,-0.061835308320765822,-0.081574472796248826,-0.13098319943188561,-2.7278701585809806,-0.10889501670106387,-0.11141871767883887,0,0,0
0.92129150000000004,4294967019,3880,112,-401,4004,-12,0.034185213025045846,0.069900436542372907,0.043196898986859661,-0.074170605852488469,-0.11679852906585028,-0.1431574963219383,-2.8897506662485126,-0.12334377003230643,-0.12507589405130332,0,0,0
0.92629289999999997,4294967041,3882,111,-379,4006,-13,0.033699690309389935,0.068329640215577997,0.043196898986859647,-0.084869560711168857,-0.20886966289762451,-0.076372819438173797,0.62227247292125609,-0.12023240766770014,-0.13213800562937517,0,0,0
0.93127629999999995,4294967066,3885,110,-354,4009,-14,0.033147959950690038,0.06597344572538566,0.042411500823462213,-0.096754656503557773,-0.3312680356221463,-0.11402350894533256,-0.083726004812765709,-0.12065103769176397,-0.13652606471189233,0,0,0
0.93624890000000005,4294967092,3888,109,-328,4012,-15,0.032574160377642138,0.063617251235193309,0.041626102660064758,-0.10515432383299564,-0.3965661098396101,-0.13410970341877246,-0.34737828636452406,-0.12238792912358659,-0.13997983847878109,0,0,0
0.94126569999999998,4294967120,3892,107,-300,4016,-17,0.031956222375898249,0.060475658581603517,0.041626102660064758,-0.11375366684781864,-0.50468137409782643,-0.07154592967367493,3.211794753803332,-0.10632895535456993,-0.13353666935451283,0,0,0
0.94622779999999995,4294967147,3895,106,-273,4019,-18,0.031360353588502358,0.058119464091411173,0.04084070449666731,-0.1162822036747134,-0.48908006075273547,-0.11144842073896416,1.7302528921227127,-0.097677690893956365,-0.12650108667195692,0,0,0
0.9512389,4294967174,3899,104,-246,4023,-20,0.030764484801106464,0.054977871437821381,0.04084070449666731,-0.11763114795974737,-0.55403646516976557,-0.05945640523514812,4.5383419394077382,-0.07498598119691767,-0.11065957392921984,0,0,0
0.95619980000000004,4294967199,3902,102,-221,4026,-22,0.030212754442406564,0.052621676947629037,0.041626102660064765,-0.11423257314591689,-0.51541041407433175,0.041560235159979399,8.977785251226102,-0.030097054940787162,-0.08047472075422081,0,0,0
0.96119310000000002,4294967220,3905,101,-200,4029,-23,0.029749300941098646,0.050265482457436693,0.04084070449666731,-0.10418303290517375,-0.49480387580904139,-0.051107628771222879,5.0193263590636263,-0.0050004231454690296,-0.050986939639277015,0,0,0
0.96619239999999995,4294967236,3906,101,-184,4030,-23,0.029396193511530711,0.049480084294039245,0.040055306333269869,-0.088526171552192987,-0.33725149446186181,-0.1005448306053688,2.0159610959832284,0.0050793823344471127,-0.026717310147035822,0,0,0
0.97115390000000001,4294967247,3907,100,-173,4031,-24,0.029153432153702755,0.04869468613064179,0.04084070449666731,-0.069877871162910055,-0.25319917529009811,0.019640049543279817,6.492578980507635,0.037542277236985291,0.004772756933321862,0,0,0
0.97615600000000002,4294967251,3907,100,-169,4031,-24,0.02906515529631077,0.04869468613064179,0.04084070449666731,-0.045515453147093668,-0.13507874469135608,0.010477732539779044,5.1352828031989146,0.063218691252979867,0.034367495201373791,0,0,0
0.98116320000000001,4294967251,3905,101,-169,4029,-23,0.02906515529631077,0.050265482457436693,0.04084070449666731,-0.02428195221458955,0.0744961369316606,0.0055897455316098596,3.5098949939746973,0.080768166222853349,0.06206790250620986,0,0,0
0.9861181,4294967245,3903,102,-175,4027,-22,0.029197570582398746,0.051836278784231589,0.04084070449666731,-0.00059947075860284672,0.18630184046936704,0.0029820626733435681,2.2379038789538499,0.091957685617622603,0.084809601556771599,0,0,0
0.99112520000000004,4294967235,3900,104,-185,4024,-20,0.029418262725878708,0.054192473274423933,0.040055306333269862,0.020271292116534678,0.31922837111481289,-0.071688624368900902,-2.2811095109115822,0.080552138063064688,0.09527569408498951,0,0,0
0.9961122,4294967221,3897,106,-199,4021,-18,0.029727231726750653,0.056548667764616277,0.039269908169872414,0.039642036613289258,0.39014309220421484,-0.11152454665952909,-5.1408446113702384,0.054847915006213499,0.091267787091430005,0,0,0
1.0011049999999999,4294967204,3892,108,-216,4016,-16,0.030102408370666585,0.060475658581603517,0.040055306333269855,0.056153428906038312,0.5745342899724919,0.013782501784823507,-1.3917729736524485,0.047889050137951257,0.08481175853506448,0,0,0
1.0060591000000001,4294967187,3888,110,-233,4012,-14,0.030477585014582517,0.063617251235193309,0.040055306333269862,0.064962060061553362,0.5996252787918751,0.007352800567645864,-2.3891817372567261,0.035943141451667625,0.073240833338871575,0,0,0
1.0110946999999999,4294967171,3884,112,-249,4008,-12,0.030830692444150452,0.066758843888783101,0.040055306333269855,0.067602249619113944,0.61301102252071604,0.0039226315390063259,-3.0744597002880107,0.020570842950227569,0.057300105687652134,0,0,0
1.0159853000000001,4294967157,3881,114,-263,4005,-10,0.031139661445022396,0.069115038378975438,0.0392699081698724,0.064892538780854409,0.54687263809843245,-0.071186842080219401,-6.3790579822750093,-0.011324446961147476,0.031468115304150834,0,0,0
1.0210009,4294967146,3878,115,-274,4002,-9,0.031382422802850356,0.071471232869167789,0.040055306333269855,0.057269609530180815,0.5115885976451402,0.035302186799837577,-1.8636062328344949,-0.020642478125319951,0.010126733292735824,0,0,0
1.0259817,4294967140,3877,116,-280,4001,-8,0.031514838088938332,0.072256631032565244,0.039269908169872414,0.042907316242112942,0.346205943673698,-0.054446223044829462,-4.9336322852819183,-0.045310639551729544,-0.015547171036503153,0,0,0
1.0309375999999999,4294967138,3876,117,-282,4000,-7,0.03155897651763432,0.073042029195962685,0.038484510006474966,0.027008762761288004,0.25797626730689155,-0.1023259308913235,-6.5130609630048131,-0.077875944366753602,-0.046866057201230216,0,0,0
1.0369200999999999,4294967141,3876,117,-279,4000,-7,0.031492768874590335,0.073042029195962685,0.038484510006474966,0.0082315225000903769,0.13762726639236178,-0.05458966554033233,-3.7097937269439081,-0.096424913001473142,-0.075082205893886311,0,0,0
1.0419115000000001,4294967148,3877,117,-272,4001,-7,0.031338284374154361,0.072256631032565244,0.037699111843077525,-0.010022352613698002,0.00014298833773147834,-0.10240245575443004,-4.8473428987071161,-0.12066162749500872,-0.1060317212001947,0,0,0
1.0468942999999999,4294967161,3880,116,-259,4004,-8,0.031051384587630414,0.069900436542372907,0.036913713679680077,-0.03211523917949196,-0.21976227530070572,-0.12791000993548904,-4.4923052808427588,-0.1431231538992225,-0.13607021334543751,0,0,0
1.0518805,4294967179,3883,114,-241,4007,-10,0.030654138729366485,0.067544242052180556,0.037699111843077518,-0.054197082373773145,-0.33707911462006268,0.0050410522600882607,2.3833417417738385,-0.13120644519035332,-0.15074300196334708,0,0,0
1.0568792,4294967204,3888,112,-216,4012,-12,0.030102408370666585,0.063617251235193309,0.036913713679680063,-0.080391254586307637,-0.54622528986542207,-0.070590177944692675,0.98070224431783348,-0.12630293396876416,-0.15754157237846808,0,0,0
1.0618612000000001,4294967232,3894,109,-188,4018,-15,0.029484470368922697,0.058904862254808621,0.03691371367968007,-0.10054286430584625,-0.73108180294809066,-0.037659019281494753,4.0829713130941627,-0.10588807740329334,-0.1516828159834771,0,0,0
1.0668508999999999,4294967261,3900,107,-159,4024,-17,0.028844463152830811,0.054192473274423933,0.035342917352885174,-0.11335261837025659,-0.82970055123832109,-0.16664967689288168,-0.27742961582191317,-0.10727522548240291,-0.14798585082640248,0,0,0
1.0718532999999999,4294967291,3906,104,-129,4030,-20,0.028182386722390929,0.049480084294039245,0.035342917352885174,-0.12224557987614612,-0.88231247900947007,-0.0889056180065326,3.9397331403605214,-0.087576559780600305,-0.13347872250322051,0,0,0
1.0768443999999999,24,3912,101,-100,4036,-23,0.027542379506299043,0.04476769531365455,0.035342917352885167,-0.12493075867134903,-0.91038031592472413,-0.047430088437580543,6.4456512793424139,-0.055348303383888235,-0.10840704124106143,0,0,0
1.0818312999999999,49,3917,98,-75,4041,-26,0.026990649147599143,0.040840704496667317,0.036128315516282629,-0.11812682853015744,-0.85207465336968102,0.047976131951171244,10.722911081794969,-0.0017337479749133869,-0.068554996942944563,0,0,0
1.0868643,70,3922,96,-54,4046,-28,0.026527195646291229,0.03691371367968007,0.035342917352885174,-0.10626057177633316,-0.82096927675339026,-0.047684824239452417,6.7780910055093662,0.032156707052633446,-0.027217975969853512,0,0,0
1.0918616999999999,84,3925,95,-40,4049,-29,0.026218226645419285,0.034557519189487719,0.034557519189487719,-0.085516293273294186,-0.65781589017566144,-0.098718805149537889,3.7805955787373611,0.051059684946320252,0.0093261040397589912,0,0,0
1.0968169999999999,89,3927,94,-35,4051,-30,0.026107880573679302,0.03298672286269283,0.034557519189487726,-0.055917475369160155,-0.49749598212324186,-0.052665306914020903,4.6211020088437982,0.074165194990539252,0.043279629622093127,0,0,0
1.1018019999999999,88,3928,93,-36,4052,-31,0.026129949788027299,0.032201324699295375,0.035342917352885167,-0.027772196930606275,-0.33868770112043961,0.045183205239728262,7.7028642535061929,0.11267951625807021,0.083068019892251654,0,0,0
1.1068294000000001,80,3927,94,-44,4051,-30,0.026306503502811267,0.03298672286269283,0.034557519189487726,0.0016567457758497814,-0.10740633585475981,-0.049174817379296187,2.0630237609939153,0.12299463506303979,0.11238876169752539,0,0,0
1.1117903,66,3925,94,-58,4049,-30,0.026615472503683211,0.034557519189487719,0.036128315516282615,0.029711397819470391,0.089259037497787644,0.12032485913059904,7.8138752212841869,0.16206401116946073,0.15010661763332686,0,0,0
1.1167644999999999,46,3923,95,-78,4047,-29,0.027056856790643131,0.036128315516282622,0.036128315516282622,0.057032882160770591,0.19417767211135861,0.064191879408389843,4.2881099568464096,0.18350456095369277,0.18319540268714357,0,0,0
1.1217739,17,3918,97,-107,4042,-27,0.027696864006735017,0.040055306333269862,0.03691371367968007,0.090140561052272195,0.46998907208728791,0.10752512250114919,3.9834952343973162,0.20342203712567936,0.2114071647374508,0,0,0
1.1267670000000001,4294967278,3913,100,-142,4037,-24,0.028469286508914879,0.043982297150257102,0.036128315516282622,0.12015777504088052,0.61713116936161116,-0.015916146944541874,-3.0196166586205768,0.18832395383257647,0.22169127950050069,0,0,0
1.1317442,4294967237,3906,103,-183,4030,-21,0.029374124297182714,0.049480084294039245,0.03691371367968007,0.14852626280785994,0.84218876453966596,0.064788444441047852,-1.7379886305596624,0.17963401067977816,0.22341985386035859,0,0,0
1.1363102,4294967197,3899,106,-223,4023,-18,0.030256892871102555,0.054977871437821381,0.037699111843077518,0.16160140293108666,0.9622543113767601,0.10784338284163361,-1.2694193659969448,0.17328691384979344,0.22307893915683139,0,0,0
1.1413126,4294967153,3892,109,-267,4016,-15,0.031227938302414382,0.060475658581603517,0.038484510006474966,0.17681327552705828,1.0263078507646908,0.13081267974100716,-1.4883138190879777,0.16584534475435356,0.21603997834374705,0,0,0
1.1462831,4294967109,3885,112,-311,4009,-12,0.032198983733726205,0.06597344572538566,0.039269908169872414,0.18492862840020394,1.0604796512203873,0.14306652609755874,-1.871680548590744,0.15648694201139984,0.20521544700787209,0,0,0
1.1512914999999999,4294967066,3878,115,-354,4002,-9,0.033147959950690038,0.071471232869167789,0.040055306333269855,0.18719896225030899,1.0787098998146418,0.14960380719883848,-2.2920072307571573,0.14502690585761405,0.1913575251811441,0,0,0
1.1562570999999999,4294967025,3872,118,-395,3996,-6,0.034052797738957877,0.076183621849552477,0.040055306333269855,0.18429193779669956,1.0151560010452907,0.079811849522469794,-5.5178899914410486,0.1174374559004088,0.16886397847849835,0,0,0
1.1612370999999999,4294966987,3866,120,-433,3990,-4,0.034891427884181724,0.080896010829937165,0.041626102660064751,0.17656374408202602,0.98125075290943231,0.18913770983222677,-1.0230772805589945,0.11232206949761382,0.15198903165684519,0,0,0
1.1663068999999999,4294966953,3860,122,-467,3984,-2,0.035641781172013588,0.085608399810321853,0.043196898986859647,0.16420440371872014,0.96316270680346294,0.24746175435577167,1.4561413511449786,0.11960277625333872,0.14348180072261774,0,0,0
1.1712271000000001,4294966922,3856,124,-498,3980,0,0.036325926816801461,0.088749992463911659,0.043196898986859654,0.1514335120329926,0.80695391103078884,0.13201789894931679,-2.86353698583821,0.10528509132414766,0.13074330434740616,0,0,0
1.1762113999999999,4294966893,3852,126,-527,3976,2,0.036965934032893347,0.091891585117501451,0.043196898986859661,0.14050217288060168,0.72361837876238355,0.07042997690032983,-5.2734138221302604,0.078918022213496364,0.11133715227480087,0,0,0
1.1811682999999999,4294966867,3848,128,-553,3972,4,0.037539733605941247,0.095033177771091243,0.043196898986859654,0.12849310283496157,0.67915986473245094,0.037573553932146814,-6.613222872112531,0.045851907852933707,0.085233761652967283,0,0,0
1.1862017,4294966845,3845,129,-575,3969,5,0.038025256321597159,0.09738937226128358,0.043982297150257095,0.11384996592965066,0.58216225765785756,0.093324562854785978,-3.7948972262948844,0.026877421721459283,0.060971531856046188,0,0,0
1.1911794,4294966828,3843,130,-592,3967,6,0.038400432965513091,0.09896016858807849,0.043982297150257109,0.095742475460847479,0.45713567012721273,0.049787542889312753,-4.9358343181965303,0.0021982501304766318,0.034531688414853753,0,0,0
1.1961343,4294966816,3842,131,-604,3966,7,0.038665263537689044,0.099745566751475931,0.043196898986859654,0.075786793622592163,0.31715595531783536,-0.04671845807588175,-8.2312210786011413,-0.038957855262529081,-0.00026544302398405495,0,0,0
1.2007469,4294966809,3842,131,-611,3966,7,0.038819748038125018,0.099745566751475931,0.043196898986859654,0.054845123698676779,0.16919892518068724,-0.024923741017621893,-6.3455339505949393,-0.070685525015503778,-0.03610019814604349,0,0,0
1.2067536999999999,4294966809,3844,130,-611,3968,6,0.038819748038125018,0.098174770424681035,0.043196898986859654,0.029259220347662505,-0.056293426974722741,-0.013296519018340136,-4.2865447892229955,-0.092118248961618757,-0.068124542566667556,0,0,0
1.2117256000000001,4294966816,3846,129,-604,3970,5,0.038665263537689044,0.096603974097886139,0.043196898986859654,0.0011956737710437544,-0.17659091148175524,-0.00709353454925083,-2.7324484684336392,-0.10578049130378696,-0.094415872374670751,0,0,0
1.2167136999999999,4294966828,3849,127,-592,3973,3,0.038400432965513091,0.094247779607693788,0.043982297150257095,-0.024071445434966008,-0.31404770614649125,0.069495203086247737,1.9880624278740104,-0.095840179164416908,-0.10745609283945412,0,0,0
1.2216963000000001,4294966844,3854,125,-576,3978,1,0.038047325535945156,0.090320788790706555,0.043196898986859661,-0.045787593678433908,-0.53393830772371575,-0.036204656057544853,-0.71795081567754004,-0.099429933242804608,-0.1186767735721198,0,0,0
1.226683,4294966864,3859,123,-556,3983,-1,0.037605941248985232,0.086393797973719322,0.04241150082346222,-0.065609341201576063,-0.65124732500802363,-0.092594272140765904,-1.7979964412735441,-0.10841991544917233,-0.12828591086195137,0,0,0
1.2316649,4294966887,3865,120,-533,3989,-4,0.037098349318981323,0.081681408993334634,0.04241150082346222,-0.082361338237948611,-0.78710980799881991,-0.049397941490347326,1.4753041633327166,-0.10104339463250875,-0.12898693287493609,0,0,0
1.2366667,4294966911,3871,117,-509,3995,-7,0.036568688174629424,0.076969020012949932,0.042411500823462213,-0.093357439421566935,-0.85959082470047865,-0.026353213509516055,3.5777553467576988,-0.083154617898720251,-0.12103289303863426,0,0,0
1.2416446999999999,4294966936,3877,114,-484,4001,-10,0.036016957815929521,0.072256631032565244,0.042411500823462206,-0.10128283871418151,-0.89825858394098756,-0.014059125569308642,5.0557859981348585,-0.057875687908045953,-0.10333618304998568,0,0,0
1.2462407,4294966958,3882,112,-462,4006,-12,0.035531435100273609,0.068329640215577997,0.041626102660064751,-0.099333614065770959,-0.84560785371296077,-0.080779895354398237,2.4619320747912932,-0.04556602753408949,-0.086954056255833412,0,0,0
1.2512258000000001,4294966978,3887,110,-442,4011,-14,0.035090050813313685,0.06440264939859075,0.040840704496667303,-0.094175505403541804,-0.81751931614905804,-0.11637463146317399,1.1382999658105453,-0.039874527705036765,-0.07219678186720882,0,0,0
1.2561815000000001,4294966995,3891,107,-425,4015,-17,0.034714874169397753,0.061261056745000965,0.042411500823462206,-0.085246385071526404,-0.72925489657053255,0.084474558593315319,9.6506180389884495,0.0083785624899054834,-0.039839731450295381,0,0,0
1.2612155,4294967007,3895,106,-413,4019,-18,0.034450043597221799,0.058119464091411173,0.04084070449666731,-0.07018725439687358,-0.68216687985832136,-0.10149286757432265,1.5832788658430843,0.016294956819120906,-0.017775226964155601,0,0,0
1.2661547,4294967015,3897,104,-405,4021,-20,0.034273489882437835,0.056548667764616277,0.042411500823462206,-0.053916946468878527,-0.51048694512522386,0.092413802402446468,9.1387916919236112,0.061988915278738968,0.018815612803393264,0,0,0
1.2711625,4294967017,3899,103,-403,4023,-21,0.034229351453741841,0.054977871437821381,0.042411500823462206,-0.03288226937458473,-0.41889774446581851,0.04930166303415158,6.7808165414685089,0.095892997986081516,0.055901428001121925,0,0,0
1.2761872999999999,4294967014,3900,102,-406,4024,-22,0.034295559096785833,0.054192473274423933,0.043196898986859661,-0.011364968331228371,-0.29675647734945532,0.099581369391723989,8.2063699296040795,0.1369248476341019,0.099452297060600631,0,0,0
1.2811433000000001,4294967003,3899,102,-417,4023,-22,0.034538320454613788,0.054977871437821381,0.043982297150257102,0.016587137629589216,-0.085036527328064146,0.12640499395704521,8.0044275842728716,0.17694698555546626,0.14492206175348585,0,0,0
1.2861119999999999,4294966985,3896,102,-435,4020,-22,0.034935566312877718,0.057334065928013725,0.046338491640449453,0.045913025119646726,0.17447258323878564,0.28727411680657816,13.255825661192446,0.24322611386142851,0.20484817906062974,0,0,0
1.2911220999999999,4294966956,3892,104,-464,4016,-20,0.035575573528969597,0.060475658581603517,0.046338491640449446,0.084208249746196409,0.38619712254786137,0.15325732019502339,5.7162904079428607,0.2718075659011428,0.25375151535683493,0,0,0
1.2961056,4294966916,3885,106,-504,4009,-18,0.036458342102889438,0.06597344572538566,0.048694686130641804,0.12728850892004712,0.71898820073705516,0.30159951307263333,9.4394013754773507,0.31900457277852956,0.30625586718526171,0,0,0
1.3010892000000001,4294966864,3876,110,-556,4000,-14,0.037605941248985232,0.073042029195962685,0.049480084294039238,0.1749806373030626,1.043087316356391,0.23417926779514112,3.6655704572587471,0.3373324250648233,0.34480528018352719,0,0,0
1.3060506999999999,4294966801,3865,115,-619,3989,-9,0.038996301752908982,0.081681408993334634,0.0502654824574367,0.22307403272411641,1.3625493734565017,0.19821136984116042,-1.0407895965745126,0.33212847708195076,0.36465645834743565,0,0,0
1.311061,4294966731,3852,121,-689,3976,-3,0.040541146757268706,0.091891585117501451,0.051050880620834134,0.26314505828042872,1.6795376150589085,0.17902292462112906,-5.0770428476456066,0.30674326284372272,0.36464585041650777,0,0,0
1.3160339999999999,4294966656,3838,127,-764,3962,3,0.042196337833368409,0.10288715940506574,0.052621676947629044,0.29481802452613171,1.9219265862617207,0.2420656369017079,-5.2200504692511416,0.28064301049746698,0.35041941728221576,0,0,0
1.3210373,4294966581,3824,134,-839,3948,10,0.043851528909468113,0.11388273369262999,0.05262167694762903,0.3117151748277448,2.0512382158102431,0.12913913454944298,-12.199420923327425,0.21964590588082986,0.31153974878126373,0,0,0
1.3260329,4294966510,3810,140,-910,3934,16,0.045418443128175827,0.12487830798019428,0.054192473274423933,0.31249316223614876,2.1202244302139666,0.21545322895997415,-10.064177776440735,0.16932501699862618,0.2636865518348232,0,0,0
1.3310104,4294966446,3798,146,-974,3922,22,0.046830872846447574,0.13430308594096366,0.054192473274423933,0.2984944374145071,2.0104687154637753,0.11494173183727102,-14.772780445204567,0.095461114772603342,0.19809182278872056,0,0,0
1.3359747,4294966393,3788,150,-1027,3912,26,0.048000541206891366,0.14215706757493815,0.055763269601218829,0.26837607154177273,1.8053563101313235,0.20787908368860519,-10.26910397443015,0.044115594900452589,0.13372060637566915,0,0,0
1.3410021999999999,4294966354,3781,154,-1066,3905,30,0.04886124056646321,0.14765485471872028,0.054977871437821388,0.22348073834745485,1.4760927266753558,0.037621496242785338,-15.991353451765386,-0.035841172358374342,0.05739263235348363,0,0,0
1.3459589999999999,4294966329,3776,156,-1091,3900,32,0.049412970925163113,0.15158184553570753,0.055763269601218829,0.17070206906463045,1.153875487487583,0.09335013950657102,-11.713726100360214,-0.094409802860175418,-0.015229766085629773,0,0,0
1.350948,4294966320,3775,157,-1100,3899,33,0.049611593854295075,0.15236724369910495,0.054977871437821374,0.10959951333507693,0.6888583504685819,-0.023478331563568884,-13.756152530394466,-0.16319056551214775,-0.090265164620415811,0,0,0
1.3559460000000001,4294966326,3776,157,-1094,3900,33,0.049479178568207098,0.15158184553570753,0.054192473274423947,0.046115373577320193,0.29421820713163493,-0.085804929579867434,-13.530380557173501,-0.23084246829801525,-0.16579397927181633,0,0,0
1.360921,4294966345,3779,155,-1075,3903,31,0.049059863495595171,0.14922565104551519,0.054977871437821402,-0.01452109237197487,-0.062876648189147621,0.02750361120424763,-5.7200754200827824,-0.25944284539842916,-0.22615635659616035,0,0,0
1.3658865,4294966378,3786,153,-1042,3910,29,0.048331579422111304,0.14372786390173303,0.052621676947629023,-0.075697468519863698,-0.54650057806075625,-0.20516570883658833,-11.942056162103508,-0.3191531262089467,-0.29162548701148594,0,0,0
1.3719102999999999,4294966437,3797,148,-983,3921,24,0.047029495775579536,0.13508848410436111,0.051836278784231596,-0.16187120348160941,-1.0976262623820037,-0.18273298165659968,-6.0928566378870279,-0.34961740939838182,-0.33228926128999853,0,0,0
1.3758788,4294966485,3806,144,-935,3930,20,0.04597017348687573,0.12801990063378407,0.051050880620834141,-0.18519365195861406,-1.2450862130777913,-0.17076538885538262,-3.7598898329568495,-0.36841685856316608,-0.38094538719702797,0,0,0
1.3818786000000001,4294966570,3822,137,-850,3946,13,0.044094290267296068,0.1154535300194249,0.049480084294039245,-0.2738229801968462,-1.8367109757309934,-0.23766033990892202,-1.008485375633196,-0.37345928544133206,-0.39280154736822726,0,0,0
1.3858566999999999,4294966632,3834,131,-788,3958,7,0.042725998977720316,0.10602875205865551,0.049480084294039238,-0.27374613529077252,-1.8592176638330109,-0.12678896106607421,4.8986892482162894,-0.34896583920025059,-0.40871587918348495,0,0,0
1.3918516999999999,4294966732,3853,123,-688,3977,-1,0.040519077542920709,0.09110618695410401,0.047123889803846908,-0.35195132943190627,-2.3841813489494559,-0.28747895868661388,3.4816116257642591,-0.3315577810714293,-0.38599923571756423,0,0,0
1.3968347999999999,4294966814,3868,116,-606,3992,-8,0.038709401966385039,0.079325214503142283,0.046338491640449453,-0.35660888443869643,-2.3711251460463125,-0.22664612019059743,7.4789394871087644,-0.2941630836358855,-0.36156946406118518,0,0,0
1.4018271,4294966891,3882,109,-529,4006,-15,0.037010072461589341,0.068329640215577997,0.046338491640449446,-0.3487980832548182,-2.2908802979906002,-0.12091300601368724,12.869738715049511,-0.22981439006063795,-0.3192670462683101,0,0,0
1.4068092999999999,4294966961,3895,103,-459,4019,-21,0.035465227457229617,0.058119464091411173,0.045553093477051998,-0.33021734200229425,-2.1747911078894444,-0.13778516805834609,12.5719230967002,-0.16695477457713695,-0.26721595570194168,0,0,0
1.4117942000000001,4294967023,3906,98,-397,4030,-26,0.034096936167653864,0.049480084294039245,0.044767695313654557,-0.303831855718662,-1.9662998688820323,-0.14678626558013028,11.880395055105758,-0.10755279930160816,-0.20827764245079577,0,0,0
1.4167612999999999,4294967073,3916,94,-347,4040,-30,0.032993475450254064,0.041626102660064758,0.043196898986859654,-0.26504618985604878,-1.7817927564827327,-0.22486776320677007,7.836982497673505,-0.06836788681324063,-0.15510263623660178,0,0,0
1.4217611999999999,4294967113,3922,91,-307,4046,-33,0.032110706876334223,0.03691371367968007,0.043196898986859654,-0.22376339638609952,-1.3902423321280302,-0.11996427374110599,10.471431256975951,-0.016010730528360877,-0.097016031148324855,0,0,0
1.4267540999999999,4294967142,3927,89,-278,4051,-35,0.031470699660242338,0.03298672286269283,0.042411500823462206,-0.17908930481298097,-1.1080753243811114,-0.1372790306892902,8.0914455967978931,0.024446497455628588,-0.042820399981843504,0,0,0
1.4317445,4294967159,3930,89,-261,4054,-35,0.031095523016326405,0.030630528372500482,0.040055306333269862,-0.13054688582576096,-0.81098354746528556,-0.29307528590531745,-0.69611729796971922,0.020965910965779991,-0.011276085833999798,0,0,0
1.4367293000000001,4294967166,3930,88,-254,4054,-36,0.030941038515890432,0.030630528372500482,0.041626102660064758,-0.084058980756118118,-0.43265006464354633,-0.0097931362395731469,8.8649046485342833,0.065290434208451403,0.02865884747757912,0,0,0
1.4417120999999999,4294967166,3929,89,-254,4053,-35,0.030941038515890432,0.031415926535897934,0.04084070449666731,-0.044844465182645239,-0.15753413780511066,-0.078504040850261983,3.8898440497879059,0.084739654457390928,0.060088806621972884,0,0,0
1.4466751,4294967159,3927,90,-261,4051,-34,0.031095523016326405,0.03298672286269283,0.04084070449666731,-0.0095102162872461697,0.062516452124702693,-0.041880970896144259,3.5735958655474267,0.10260763378512806,0.087216697619334774,0,0,0
1.4516833,4294967147,3924,92,-273,4048,-32,0.031360353588502358,0.035342917352885174,0.040055306333269862,0.019635736019701363,0.25319034058184703,-0.095622518508443055,-0.48653779133210673,0.10017494482846753,0.10327812857025219,0,0,0
1.4566844000000001,4294967130,3920,94,-290,4044,-30,0.031735530232418291,0.038484510006474966,0.040055306333269862,0.0454803057925703,0.42819210864778384,-0.051013474864392977,-0.31584132568878776,0.098595738200023597,0.11268301556802826,0,0,0
1.4616582,4294967110,3916,97,-310,4040,-27,0.032176914519378208,0.041626102660064758,0.038484510006474966,0.065445406773930612,0.52155346783084844,-0.17377411990936298,-6.9537625300829813,0.063826925549608698,0.10239392118374181,0,0,0
1.4666478000000001,4294967089,3911,99,-331,4035,-25,0.032640368020686129,0.045553093477052005,0.039269908169872421,0.078155660647639041,0.64464016041511019,-0.019426904219464899,-1.7276414651898877,0.055188718223659256,0.092350123713328847,0,0,0
1.4716126,4294967068,3906,102,-352,4030,-22,0.033103821521994044,0.049480084294039245,0.038484510006474973,0.084936429724006418,0.71030544508060478,-0.083643541339869024,-5.4737578670831866,0.027819928888243323,0.070781747973551815,0,0,0
1.4766155999999999,4294967050,3902,104,-370,4026,-20,0.033501067380257973,0.052621676947629037,0.038484510006474966,0.082376558486525586,0.67205757315573633,-0.044622833201507152,-4.1323445202555211,0.0071582062869657188,0.047214459634187238,0,0,0
1.4816130999999999,4294967036,3899,106,-384,4023,-18,0.033810036381129914,0.054977871437821381,0.037699111843077518,0.072774456615719879,0.57837326968222436,-0.097085269395765755,-6.2545864091080237,-0.024114725758574398,0.017153630961675593,0,0,0
1.4865771000000001,4294967026,3897,108,-394,4021,-16,0.03403072852460988,0.056548667764616277,0.036128315516282622,0.05941540856731968,0.45511429016492377,-0.19835287362704657,-10.267090956883372,-0.075450180542991255,-0.026095831310591358,0,0,0
1.4915826000000001,4294967024,3897,108,-396,4021,-16,0.034074866953305867,0.056548667764616277,0.036128315516282622,0.035815633423418237,0.24279805388836767,-0.10581889591372792,-5.2188173357755741,-0.10154426722186913,-0.063631980561114701,0,0,0
1.4965729999999999,4294967028,3897,108,-392,4021,-16,0.033986590095913885,0.056548667764616277,0.036128315516282622,0.010870772855395715,0.12952987028954011,-0.056453120782382862,-2.2213465708715763,-0.11265100007622701,-0.09449199626419319,0,0,0
1.5005824999999999,4294967036,3899,107,-384,4023,-17,0.033810036381129914,0.054977871437821381,0.036128315516282622,-0.010673454242455402,-0.077456395343989029,-0.030117067642328924,0.28076437305100965,-0.11124717821097196,-0.11751625292233356,0,0,0
1.5065751000000001,4294967055,3903,105,-365,4027,-19,0.033390721308517994,0.051836278784231589,0.036128315516282622,-0.044817255720847646,-0.33444014166293051,-0.016067096925767691,2.975111637639734,-0.096371620022773288,-0.1226124465438671,0,0,0
1.5115631,4294967076,3907,103,-344,4031,-21,0.032927267807210073,0.04869468613064179,0.036128315516282615,-0.06715078771959089,-0.4715379099280636,-0.0085716048683041873,4.7184656078367322,-0.072779291983589622,-0.11586548788831993,0,0,0
1.5165367000000001,4294967099,3912,101,-321,4036,-23,0.032419675877206164,0.04476769531365455,0.035342917352885167,-0.083183681598363368,-0.61795745590469631,-0.077852368410795805,3.1180672393406383,-0.057188955786886431,-0.10315473050563555,0,0,0
1.5214547,4294967121,3917,99,-299,4041,-25,0.031934153161550252,0.040840704496667317,0.034557519189487733,-0.089677929285695179,-0.6960705399861955,-0.11481283070241247,2.3754295766292763,-0.045311807903740051,-0.087869026529821592,0,0,0
1.5265101000000001,4294967141,3921,97,-279,4045,-27,0.031492768874590335,0.037699111843077518,0.034557519189487726,-0.089024312562041102,-0.66446342081005749,-0.061251277884196688,4.8762354193840238,-0.020930630806819932,-0.065212771588723975,0,0,0
1.5313878999999999,4294967157,3925,95,-263,4049,-29,0.031139661445022396,0.034557519189487719,0.034557519189487719,-0.080439174772951594,-0.64760139913589065,-0.032676827315331447,6.211846747812876,0.010128602932244449,-0.036714134337325573,0,0,0
1.5363723,4294967169,3928,93,-251,4052,-31,0.030874830872846447,0.032201324699295375,0.035342917352885167,-0.067622664951213093,-0.56532619208898505,0.055846821064647195,9.7618220392453061,0.05893771312847098,0.0039358358115969688,0,0,0
1.5413667,4294967175,3930,92,-245,4054,-32,0.03074241558675847,0.030630528372500482,0.035342917352885174,-0.048430548015639847,-0.44815382964538869,0.029793613963285698,8.0613325992491092,0.099244376124716524,0.047608683620414212,0,0,0
1.5458767,4294967174,3930,92,-246,4054,-32,0.030764484801106464,0.030630528372500482,0.035342917352885174,-0.023778010348639283,-0.23908473109268591,0.015894538239978526,6.2010922950097624,0.13024983759976533,0.09033972885193213,0,0,0
1.5518573,4294967164,3929,92,-256,4053,-32,0.030985176944586426,0.031415926535897934,0.036128315516282622,0.0079058172763665745,-0.054269337507649437,0.081759066156437687,7.5882422451210276,0.16819104882537048,0.13474307041827105,0,0,0
1.5568534999999999,4294967147,3927,93,-273,4051,-31,0.031360353588502358,0.03298672286269283,0.036128315516282622,0.03922253383353487,0.11760699331229928,0.043617488133189171,4.4781024274218177,0.19058156096247958,0.17400329094747546,0,0,0
1.561844,4294967121,3922,95,-299,4046,-29,0.031934153161550252,0.03691371367968007,0.03691371367968007,0.07446162153334529,0.42913952682122769,0.09654892977438094,4.3958600030019603,0.21256086097748939,0.20890332381413029,0,0,0
1.5668286,4294967088,3917,98,-332,4041,-26,0.032662437235034127,0.040840704496667317,0.036128315516282629,0.10767502700115446,0.59533842343568177,-0.021771815049792885,-2.5387618935057024,0.19986705150996087,0.22553187174314723,0,0,0
1.5718144999999999,4294967047,3910,101,-373,4034,-23,0.033567275023301958,0.046338491640449446,0.036913713679680063,0.14186686538457494,0.83056259411600719,0.061664515241513146,-1.3217359829546398,0.19325837159518766,0.23206348512633782,0,0,0
1.5768241999999999,4294967002,3902,105,-418,4026,-19,0.034560389668961779,0.052621676947629037,0.03691371367968007,0.16834424502552447,1.0293314072027602,0.032897284524253737,-4.6773925745129947,0.16987140872262269,0.22350023767212171,0,0,0
1.5818067,4294966957,3894,108,-463,4018,-16,0.035553504314621606,0.058904862254808621,0.038484510006474959,0.18246961174726975,1.1353722018648558,0.1641093481069584,-0.50518135043582291,0.16734550197044357,0.21641949880707223,0,0,0
1.5868047999999999,4294966911,3886,112,-509,4010,-12,0.036568688174629424,0.065188047561988219,0.038484510006474973,0.19206443693833553,1.191943702986922,0.0875503828517879,-4.9263219095226329,0.14271389242283039,0.19693409353492364,0,0,0
1.5918292999999999,4294966867,3878,116,-553,4002,-8,0.037539733605941247,0.071471232869167789,0.038484510006474959,0.19306494138842856,1.2221239251306888,0.046707086621894295,-7.5938565655913344,0.10474460959487372,0.16607304224061487,0,0,0
1.5968013999999999,4294966827,3872,119,-593,3996,-5,0.038422502179861089,0.076183621849552477,0.038484510006474959,0.18536225754675442,1.0916656756468397,0.024917674482341196,-8.5248628459400049,0.062120295365173696,0.12651181898174341,0,0,0
1.601785,4294966793,3866,121,-627,3990,-3,0.039172855467692953,0.080896010829937165,0.040055306333269848,0.16889830587145749,1.0220677531626141,0.15985232117804707,-2.6531950273107565,0.048854320228619914,0.094675578635151053,0,0,0
1.6068346,4294966766,3861,123,-654,3985,-1,0.039768724255088844,0.084823001646924412,0.04084070449666731,0.14570121188134244,0.91165857106058157,0.15855882897377657,-2.1230698083166581,0.038238971187036626,0.06792548773842419,0,0,0
1.6117900999999999,4294966747,3859,124,-673,3983,0,0.040188039327700771,0.086393797973719322,0.040840704496667317,0.11685295638793028,0.63291802938598796,0.084589246994861436,-3.7346076408366988,0.01956593298285313,0.043489530531114512,0,0,0
1.6167756,4294966734,3857,125,-686,3981,1,0.040474939114224721,0.087964594300514204,0.04084070449666731,0.089108094057117476,0.48421326989830626,0.045127355906121824,-4.3938615024755254,-0.002403374529524497,0.019821033880039522,0,0,0
1.6217803,4294966726,3857,125,-694,3981,1,0.040651492829008685,0.087964594300514204,0.04084070449666731,0.064010989101062885,0.25832201303902858,0.024074906958345757,-3.8955800782166006,-0.021881274920607499,-0.0023584205841165971,0,0,0
1.6267383,4294966723,3857,125,-697,3981,1,0.040717700472052677,0.087964594300514204,0.04084070449666731,0.040326431172541741,0.13781171762300246,0.012843676156403798,-3.3775421566851311,-0.038768985704033157,-0.022490750654674634,0,0,0
1.6316965000000001,4294966724,3859,124,-696,3983,0,0.04069563125770468,0.086393797973719322,0.040840704496667317,0.019454560524035294,-0.073038128419350978,0.006851948275272828,-2.1996749416546888,-0.049767360412306602,-0.039403440038245002,0,0,0
1.6366885,4294966728,3860,123,-692,3984,-1,0.040607354400312691,0.085608399810321853,0.041626102660064751,0.002142335306100876,-0.11224449099932537,0.076934952097645989,1.5182669347630176,-0.042176025738491517,-0.046886756739770039,0,0,0
1.6413241000000001,4294966733,3862,122,-687,3986,-2,0.040497008328572712,0.084037603483526971,0.041626102660064765,-0.0091526409406743284,-0.20644013782275533,0.041043880732759927,0.86000772530643022,-0.037875987111959365,-0.051834957528821668,0,0,0
1.6458744000000001,4294966740,3865,120,-680,3989,-4,0.040342523828136745,0.081681408993334634,0.04241150082346222,-0.019296596782926664,-0.32997191292769634,0.095175940875108653,4.247473767391738,-0.016638618275000676,-0.045468664889423666,0,0,0
1.6512051000000001,4294966749,3868,118,-671,3992,-6,0.040143900899004777,0.079325214503142283,0.043196898986859661,-0.028826496946764476,-0.39587464381752813,0.12405475030727778,6.4013326652308118,0.015368045051153384,-0.026059557121787306,0,0,0
1.6555263,4294966756,3870,117,-664,3994,-7,0.039989416398568803,0.077754418176347387,0.043196898986859668,-0.02979236466801758,-0.35775344662561748,0.06618173193221373,4.1585268761025196,0.036160679431665982,-0.0043357048365549235,0,0,0
1.6615663000000001,4294966761,3872,116,-659,3996,-8,0.039879070326828824,0.076183621849552477,0.043196898986859647,-0.026189423069433893,-0.33741624190559888,0.035307165833617878,2.9621062217265912,0.05097121054029894,0.018515032349881808,0,0,0
1.6665326,4294966761,3873,115,-659,3997,-9,0.039879070326828824,0.075398223686155036,0.043982297150257102,-0.013971745320089591,-0.25328706608936824,0.092115471794431469,5.0079761725135743,0.076011091402866812,0.045118394825460276,0,0,0
1.6715157,4294966758,3873,115,-662,3997,-9,0.039945277969872815,0.075398223686155036,0.043982297150257102,-0.0012764289518633672,-0.13512563338608319,0.049142507207567611,2.5546905158325584,0.088784543982029604,0.069448922035579966,0,0,0
1.6764870000000001,4294966751,3873,115,-669,3997,-9,0.040099762470308782,0.075398223686155036,0.043982297150257102,0.013732812194101031,-0.072087916212617772,0.026216942361596031,1.0421145696421183,0.0939951168302402,0.089355983993741853,0,0,0
1.6814559,4294966739,3871,115,-681,3995,-9,0.040364593042484735,0.076969020012949932,0.045553093477051998,0.032035614915391426,0.10810099377302915,0.16054546511876733,5.6534294859106859,0.12226226425979363,0.1155107613642178,0,0,0
1.6865087999999999,4294966722,3869,116,-698,3993,-8,0.040739769686400668,0.078539816339744828,0.045553093477051998,0.052095493514392854,0.20422963139705855,0.085649093719544489,1.5709464752173683,0.13011699663588047,0.13437964088689483,0,0,0
1.6914733,4294966700,3865,117,-720,3989,-7,0.041225292402056586,0.081681408993334634,0.047123889803846915,0.073092751169297199,0.40207215336632574,0.19225181009615877,4.70894788453539,0.15366173605855743,0.15659181352519416,0,0,0
1.6964222,4294966673,3861,119,-747,3985,-5,0.041821161189452477,0.084823001646924412,0.047123889803846894,0.094590089387362686,0.50761878274835714,0.10256405117700709,-0.26182902938730468,0.1523525909116209,0.1680825219310435,0,0,0
1.7014551,4294966642,3855,121,-778,3979,-3,0.04250530683424035,0.0895353906273091,0.048694686130641783,0.11429510436774068,0.71048569116251259,0.20127573846102512,2.3507635164582403,0.16410640849391211,0.18010035851345416,0,0,0
1.7064097,4294966607,3849,124,-813,3973,0,0.043277729336420212,0.094247779607693788,0.048694686130641783,0.13304393624542715,0.81871277087793404,0.10737820949452445,-2.9516137231780801,0.14934833987802171,0.17847130540541087,0,0,0
1.7113993999999999,4294966571,3842,127,-849,3966,3,0.044072221052948071,0.099745566751475931,0.049480084294039238,0.14510532503676291,0.94973014833169656,0.13056451530003207,-3.3022812920077191,0.13283693341798311,0.17001573652309296,0,0,0
1.7163896000000001,4294966535,3836,130,-885,3960,6,0.04486671276947593,0.10445795573186062,0.049480084294039238,0.15153993231896024,0.94634683963724919,0.069654614031649256,-6.5910740072311427,0.099881563381827396,0.14897778099276354,0,0,0
1.7213465999999999,4294966500,3829,133,-920,3953,9,0.045639135271655785,0.10995574287564276,0.050265482457436693,0.15291360841213919,1.0178214040322944,0.11043942636744979,-5.7661638062610061,0.07105074435052236,0.12143799857371987,0,0,0
1.7263598,4294966470,3824,135,-950,3948,11,0.046301211702095668,0.11388273369262999,0.051050880620834127,0.1433508969352642,0.90939319436893973,0.13219763804598295,-4.637824694761262,0.047861620876716054,0.093203139878464236,0,0,0
1.7313425,4294966445,3819,137,-975,3943,13,0.046852942060795572,0.11780972450961724,0.051836278784231582,0.12795375293020803,0.85154803577521199,0.1438053848599217,-3.9453846657726412,0.028134697547852847,0.06547263464694307,0,0,0
1.7363265999999999,4294966426,3815,139,-994,3939,15,0.047272257133407498,0.12095131716320703,0.051836278784231596,0.10738489839037188,0.74740881324616437,0.076718460257542365,-6.2704752276924722,-0.0032176785906095143,0.033668904974325384,0,0,0
1.7413369000000001,4294966414,3813,140,-1006,3937,16,0.047537087705583445,0.12252211349000193,0.051836278784231582,0.081997887606938782,0.54529273962739711,0.040928384914243651,-6.6607736788771428,-0.036521546984995226,0.00024362326453172475,0,0,0
1.7463275,4294966408,3812,141,-1012,3936,17,0.047669502991671421,0.12330751165339937,0.051050880620834127,0.056099558109252531,0.36418670204167447,-0.051444713352675892,-9.5038511625633912,-0.084040802797812175,-0.04148604091709928,0,0,0
1.7512979,4294966409,3812,141,-1011,3936,17,0.047647433777323431,0.12330751165339937,0.051050880620834127,0.027869335904039443,0.19428926847297731,-0.027445141923248054,-7.2740121820250234,-0.1204108637079373,-0.08298686577921717,0,0,0
1.7562618999999999,4294966416,3813,140,-1004,3937,16,0.047492949276887457,0.12252211349000193,0.051836278784231582,0.00045418697237806574,0.030371491665119182,0.058637862917659628,-2.2436605063567243,-0.13162916623972093,-0.1157339387945059,0,0,0
1.761244,4294966431,3815,138,-989,3939,14,0.047161911061667512,0.12095131716320703,0.053407075111026478,-0.030644350599917707,-0.1303562094720202,0.17784164013763801,4.5270419692156736,-0.10899395639364257,-0.12721625782350426,0,0,0
1.7662549000000001,4294966451,3819,137,-969,3943,13,0.046720526774707595,0.11780972450961724,0.051836278784231582,-0.057530601358689239,-0.36266156252116805,-0.051682641470494547,-3.3631720387324711,-0.12580981658730492,-0.14383897563351086,0,0,0
1.7712275,4294966476,3823,134,-944,3947,10,0.046168796416007692,0.11466813185602745,0.053407075111026485,-0.082169647266186807,-0.48659370186960271,0.11898696484339463,5.4446059441023849,-0.098586786866792994,-0.13893642971263279,0,0,0
1.7762325999999999,4294966503,3828,132,-917,3952,8,0.045572927628611801,0.1107411410390402,0.05262167694762903,-0.099432505359124609,-0.62598954160745346,-0.0098013905529908268,1.4279301310635875,-0.091447136211475058,-0.1323879284680814,0,0,0
1.7812095999999999,4294966531,3832,129,-889,3956,5,0.044954989626867912,0.10759954838545042,0.05419247327442394,-0.11070114483262337,-0.62707604276322182,0.14133011344788185,8.7081734860982429,-0.047906268780983842,-0.10556760069142052,0,0,0
1.786171,4294966556,3836,127,-864,3960,3,0.044403259268168009,0.10445795573186062,0.054192473274423926,-0.11053549900637244,-0.62765567819078361,0.075397932436998258,6.4601330943091639,-0.015605603309438019,-0.074152225317095144,0,0,0
1.7911878999999999,4294966576,3839,126,-844,3963,2,0.043961874981208092,0.10210176124166827,0.053407075111026478,-0.10015157761712482,-0.55468538749654472,-0.033055620243986818,1.676734759948743,-0.0072219295096943043,-0.04942126489419961,0,0,0
1.7961635,4294966591,3841,125,-829,3965,1,0.043630836765988147,0.10053096491487339,0.053407075111026492,-0.084316327903532509,-0.44247708711569333,-0.017634779743795664,1.7689015931580783,0.0016225784560960875,-0.027476093691704232,0,0,0
1.8011379999999999,4294966600,3841,124,-820,3965,0,0.043432213836856186,0.10053096491487339,0.054977871437821381,-0.063513749185552651,-0.23605625655690304,0.13715109360170377,7.2904066035705739,0.038074611473948958,0.0027696654603383466,0,0,0
1.8061210000000001,4294966604,3841,125,-816,3965,1,0.043343936979464204,0.10053096491487339,0.053407075111026492,-0.042120269861922001,-0.12593320170065395,-0.073390563467403205,-2.5745288195356326,0.025201967376270795,0.014778767298814811,0,0,0
1.8111299000000001,4294966603,3839,125,-817,3963,1,0.043366006193812201,0.10210176124166827,0.054977871437821374,-0.020411552102158136,0.079375175203759959,0.10740604697570733,3.7691706681881394,0.044047820717211493,0.031667482364656441,0,0,0
1.8160988,4294966600,3837,126,-820,3961,2,0.043432213836856186,0.10367255756846318,0.054977871437821388,-0.004711989179025303,0.18890474928351109,0.057299846972712766,0.76559693665209538,0.047875805400471969,0.043729302817943683,0,0,0
1.8210963,4294966595,3835,127,-825,3959,3,0.043542559908596165,0.10524335389525807,0.054977871437821381,0.0077817612012430152,0.2473374726773378,0.030568785981284218,-1.0391448346045986,0.042680081227448978,0.049967743805426859,0,0,0
1.8260913999999999,4294966588,3832,128,-832,3956,4,0.043697044409032139,0.10759954838545042,0.055763269601218836,0.018565248767622632,0.35179015402998254,0.089587602572145444,0.63208470959490448,0.0458405047754235,0.055959911404220179,0,0,0
1.8310624,4294966578,3828,130,-842,3952,6,0.043917736552512097,0.1107411410390402,0.055763269601218822,0.030495441752876773,0.48079393490616734,0.04779391908164099,-2.2228865501247146,0.03472607202479993,0.05295414894518144,0,0,0
1.8360559000000001,4294966568,3824,132,-852,3948,8,0.044138428695992056,0.11388273369262999,0.055763269601218822,0.036860057634928473,0.54961591570933943,0.025497486656627308,-3.9484401971148149,0.014983871039225855,0.042348351528169091,0,0,0
1.8410485999999999,4294966559,3820,134,-861,3944,10,0.044337051625124024,0.1170243263462198,0.055763269601218836,0.038196394149652244,0.58633162287313356,0.013602605484066273,-5.0206789497285005,-0.010119523709416649,0.024543902078814558,0,0,0
1.8460379,4294966551,3817,135,-869,3941,11,0.044513605339907988,0.11938052083641214,0.05654866776461627,0.036850203503226153,0.53263949610898709,0.080536347325575589,-2.2083271406598866,-0.021161159412716082,0.0071356539812729523,0,0,0
1.8510044000000001,4294966546,3813,137,-874,3937,13,0.044623951411647975,0.12252211349000193,0.05654866776461627,0.029954696036858616,0.57727490518697866,0.0429651821981714,-4.150032663505927,-0.041911322730245719,-0.014762009139054394,0,0,0
1.8559816,4294966544,3811,138,-876,3935,14,0.044668089840343962,0.12409290981679684,0.056548667764616284,0.020098694133358817,0.45452832578703417,0.022921413034285208,-4.5359442859233017,-0.064591044159862221,-0.039936507992925085,0,0,0
1.8609997,4294966547,3809,139,-873,3933,15,0.044601882197299977,0.12566370614359174,0.056548667764616298,0.0045450831784679159,0.38904448745499398,0.012228300884772843,-4.5884924680345964,-0.087533506500035205,-0.066127720455471689,0,0,0
1.8659621,4294966553,3808,139,-867,3932,15,0.044469466911212001,0.12644910430698916,0.057334065928013725,-0.009929913827592788,0.28083012025389648,0.079803172188320184,-1.0278537127177687,-0.092672775063624049,-0.086787861869555213,0,0,0
1.8709426,4294966564,3807,140,-856,3931,16,0.044226705553384045,0.12723450247038662,0.05654866776461627,-0.027947703662508712,0.22309904406715386,-0.030705477298256088,-5.202471632161739,-0.11868513322443275,-0.11272599014993541,0,0,0
1.8759646000000001,4294966580,3808,140,-840,3932,16,0.04387359812381611,0.12644910430698916,0.055763269601218815,-0.047855531280821852,0.045741163851618194,-0.089660525761905502,-6.6177650953686085,-0.1517739587012758,-0.14315654516799337,0,0,0
1.8809239,4294966601,3809,139,-819,3933,15,0.043410144622508189,0.12566370614359174,0.056548667764616298,-0.068771671548290281,-0.048877153104529898,0.025446696557076584,-0.7860893366469246,-0.15570440538451041,-0.16357095845861072,0,0,0
1.8859124,4294966628,3811,138,-792,3935,14,0.042814275835112298,0.12409290981679684,0.056548667764616284,-0.092284844868899041,-0.17263441769173724,0.013575509570808043,-0.059143711150114742,-0.156000123940261,-0.17659494195020398,0,0,0
1.8909332999999999,4294966660,3815,137,-760,3939,13,0.042108060975976427,0.12095131716320703,0.054977871437821374,-0.11512439413280803,-0.38521648311905843,-0.1393166658975159,-4.9851474485488581,-0.1809258611830053,-0.1947368518899476,0,0,0
1.8958835000000001,4294966695,3818,135,-725,3942,11,0.041335638473796565,0.11859512267301468,0.055763269601218815,-0.13348635245915433,-0.42534696411206635,-0.0010442628548264082,1.7691564490527723,-0.17208007893774144,-0.2002597647362763,0,0,0
1.9008658,4294966734,3822,133,-686,3946,9,0.040474939114224721,0.1154535300194249,0.055763269601218836,-0.15151867960625359,-0.52003561710360902,-0.00055710179701674422,2.989898558194958,-0.15713058614676664,-0.19583825191336149,0,0,0
1.9068951000000001,4294966781,3828,131,-639,3952,7,0.039437686039868906,0.1107411410390402,0.054192473274423926,-0.17761159349565531,-0.71710992442009158,-0.14685624575826919,-1.4175924173524113,-0.16421854823352869,-0.18880123836811219,0,0,0
1.9108448,4294966813,3831,130,-607,3955,6,0.038731471180733029,0.10838494654884787,0.053407075111026485,-0.16064519837670729,-0.60240816255741036,-0.15162557750640132,-2.2690961668048155,-0.17556402906755275,-0.19792546032617542,0,0,0
1.9168356,4294966860,3836,128,-560,3960,4,0.037694218106377221,0.10445795573186062,0.05262167694762903,-0.18248048257281113,-0.6877751771605376,-0.15416995919649382,-1.1988962375500947,-0.18155851025530323,-0.19482518325894468,0,0,0
1.9218411,4294966899,3840,127,-521,3964,3,0.03683351874680537,0.10131636307827083,0.051050880620834134,-0.17765646455525816,-0.66003794353128864,-0.22880687581936476,-4.4030024296089145,-0.20357352240334781,-0.20665381430773644,0,0,0
1.9268209999999999,4294966939,3843,126,-481,3967,2,0.035950750172885529,0.09896016858807849,0.0502654824574367,-0.17714201865440485,-0.57196094041825496,-0.19534526270140773,-3.2028362372710797,-0.2195877035897032,-0.22108930211596459,0,0,0
1.9317972999999999,4294966980,3847,125,-440,3971,1,0.035045912384617697,0.095818575934488698,0.048694686130641804,-0.17892667815550908,-0.59825242745047502,-0.25077340988629809,-5.2832031311362506,-0.24600371924538444,-0.24363374731805476,0,0,0
1.9367904,4294967025,3852,123,-395,3976,-1,0.034052797738957877,0.091891585117501451,0.047909287967244349,-0.18811521379688384,-0.68555814197125842,-0.20706414702866563,-2.6317508476117304,-0.25916247348344312,-0.2635311467808289,0,0,0
1.9417792,4294967074,3857,121,-346,3981,-3,0.032971406235906067,0.087964594300514204,0.047123889803846887,-0.20125362918700646,-0.73213470095229594,-0.18374577582374868,-0.84745538829720868,-0.26339975042492919,-0.27870839459431346,0,0,0
1.9467447,4294967127,3864,119,-293,3988,-5,0.031801737875462276,0.082466807156732075,0.044767695313654557,-0.21649925838432735,-0.90354177907671451,-0.31786474106631524,-5.198595250662243,-0.2893927266782404,-0.30032415350374825,0,0,0
1.9517325000000001,4294967184,3871,116,-236,3995,-8,0.030543792657626505,0.076969020012949932,0.043982297150257102,-0.23286906105317096,-0.99498541398481555,-0.242856573228654,-0.86230970819105757,-0.29370427521919568,-0.31457917558555509,0,0,0
1.9567540999999999,4294967245,3878,113,-175,4002,-11,0.029197570582398746,0.071471232869167789,0.043196898986859647,-0.24983859688139343,-1.04376950421437,-0.20284060895269901,1.923550304299706,-0.28408652369769716,-0.31904040410300727,0,0,0
1.9617088,12,3887,109,-112,4011,-15,0.027807210078474996,0.06440264939859075,0.042411500823462199,-0.26300986268253512,-1.2163542739705853,-0.18149256855794935,4.4805684591747195,-0.26168368140182358,-0.31227899569975237,0,0,0
1.9666965000000001,77,3896,106,-47,4020,-18,0.026372711145855255,0.057334065928013725,0.040055306333269869,-0.27415479665748088,-1.3084261933392249,-0.3166626818232513,-0.055590934183804563,-0.26196163607274259,-0.30703078606714823,0,0,0
1.9717008,141,3904,103,17,4028,-21,0.024960281427583508,0.051050880620834134,0.038484510006474959,-0.27804137594639067,-1.2842659465542787,-0.31549480822971104,0.49495357016667008,-0.25948686822190925,-0.30087602649638451,0,0,0
1.9766819,203,3912,99,79,4036,-25,0.023591990138007755,0.04476769531365455,0.038484510006474966,-0.27599659918666386,-1.2713767426166869,-0.16831272299162162,7.2873360448038076,-0.22305018799789023,-0.28038995285184298,0,0,0
1.9816578,264,3920,96,140,4044,-28,0.022245768062779999,0.038484510006474966,0.03691371367968007,-0.27284662487368894,-1.2645005058123373,-0.23635187187917986,4.9014258440022278,-0.19854305877787909,-0.25648370212270782,0,0,0
1.9866687000000001,321,3928,93,197,4052,-31,0.020987822844944225,0.032201324699295375,0.035342917352885167,-0.26292971003959159,-1.2608321153656952,-0.27264994753866734,3.6523582574980313,-0.18028126749038892,-0.23266654487281238,0,0,0
1.9916628000000001,373,3934,91,249,4058,-33,0.019840223698848431,0.02748893571891069,0.033772121026090278,-0.24734360276163281,-1.1123160341649041,-0.29201453863252647,2.2591388240639656,-0.16898557337006909,-0.21228215130546518,0,0,0
1.9966356999999999,419,3939,89,295,4063,-35,0.018825039838840613,0.023561944901923447,0.03298672286269283,-0.22667393856604948,-0.95980495421674639,-0.22906579807793276,4.1728429642929772,-0.1481213585486042,-0.19103793558809626,0,0,0
2.0006436999999999,453,3943,88,329,4067,-36,0.018074686551008749,0.020420352248333658,0.031415926535897934,-0.19093759571820576,-0.80516259001294355,-0.26876291393489044,1.2153863404940672,-0.14204442684613386,-0.18317547399880404,0,0,0
2.0066271000000002,497,3947,87,373,4071,-37,0.017103641119696922,0.01727875959474386,0.029845130209103031,-0.19246378501693906,-0.72266273033204254,-0.28994085249524182,0.16628899750109483,-0.14121298185862838,-0.16891338297453717,0,0,0
2.0116119000000001,531,3950,86,407,4074,-38,0.016353287831865057,0.014922565104551517,0.029059732045705586,-0.17268688620535733,-0.60537051838357692,-0.22795951121903041,1.9585706707941544,-0.13142012850465762,-0.15956848657771824,0,0,0
2.0166086999999999,562,3953,85,438,4077,-39,0.015669142187077181,0.012566370614359173,0.028274333882308142,-0.1559588154225027,-0.54279652013133717,-0.19489320377831815,2.826508121077195,-0.11728758789927164,-0.14959445057839019,0,0,0
2.0216454000000001,591,3956,85,467,4080,-39,0.015029134970985297,0.010210176124166829,0.025918139392115798,-0.14291636834747937,-0.50941403725181167,-0.32381176112637539,-3.1212153652485952,-0.13289366472551462,-0.15204505490268763,0,0,0
2.0291229999999998,633,3959,84,509,4083,-40,0.014102227968369463,0.0078539816339744835,0.025132741228718343,-0.16272681156963703,-0.49160488018453241,-0.24602923760817597,0.61491611235082999,-0.12981908416376048,-0.13904066422199685,0,0,0
2.0305127999999999,641,3960,84,517,4084,-40,0.013925674253585495,0.0070685834705770346,0.024347343065320895,-0.10328569817539245,-0.33554486839273384,-0.20453318761620226,0.24827328485692668,-0.12857771773947585,-0.15634546395889215,0,0,0
2.0365148999999998,674,3963,84,550,4087,-40,0.013197390180101626,0.0047123889803846897,0.021991148575128551,-0.12305232862638338,-0.39884774919030619,-0.32895457770219727,-4.3929864162750825,-0.15054264982085125,-0.16416354497486768,0,0,0
2.0414764999999999,704,3966,83,580,4090,-41,0.012535313749661745,0.0023561944901923449,0.021205750411731103,-0.12742025978482385,-0.43261908222757073,-0.24877286900604223,-0.77156207524699738,-0.15440046019708623,-0.17135637734538151,0,0,0
2.0465176,735,3969,82,611,4093,-42,0.011851168104873867,-0,0.020420352248333658,-0.13180960930327834,-0.45063568622322286,-0.20599688229330726,1.274482635193058,-0.14802804702112093,-0.17379823824420346,0,0,0
2.0514621000000002,768,3973,80,644,4097,-44,0.01112288403139,-0.0031415926535897933,0.020420352248333655,-0.13826949552445134,-0.53352684918882476,-0.10989688350537551,6.0669199676837033,-0.11769344718270242,-0.1616196977012048,0,0,0
2.0565191,801,3978,79,677,4102,-45,0.01039459995790613,-0.0070685834705770346,0.018064157758141311,-0.1417157678932508,-0.65102781677968224,-0.27846723647419513,-0.37850982500009955,-0.11958599630770292,-0.15536498918922306,0,0,0
2.0614811,833,3982,77,709,4106,-47,0.0096883850987702566,-0.010210176124166829,0.018064157758141311,-0.14149520289794104,-0.64043366438906946,-0.14855895441803321,5.318977263464796,-0.092991109990378934,-0.13752150626621873,0,0,0
2.0664798000000002,863,3986,76,739,4110,-48,0.0090263086683303757,-0.013351768777756621,0.016493361431346415,-0.13725931357419036,-0.63478181025347302,-0.22581347159100074,2.0914350732456448,-0.082533934624150707,-0.12162582246206205,0,0,0
2.0714229,889,3990,75,765,4114,-49,0.0084525090952824785,-0.016493361431346415,0.014922565104551519,-0.12676307601390688,-0.63176661337954854,-0.26702783648577205,0.18641886090520821,-0.081601840319624669,-0.11115383461064218,0,0,0
2.0763511000000001,913,3993,74,789,4117,-50,0.0079228479509305741,-0.018849555921538759,0.014137166941154071,-0.11704523774879112,-0.55687852246299741,-0.21573569004699877,1.9245039643561839,-0.071979320497843752,-0.099003194272686668,0,0,0
2.0813397999999999,935,3996,73,811,4120,-51,0.0074373252352746616,-0.021205750411731103,0.013351768777756616,-0.10774266623776116,-0.51692661779446958,-0.18837194075541297,2.8121753320346219,-0.057918443837670641,-0.084694159297816471,0,0,0
2.0863208000000002,953,3999,73,829,4123,-51,0.0070400793770107337,-0.023561944901923447,0.010995574287564272,-0.094543414069220663,-0.49561275243740299,-0.3203327449647827,-3.2285116561227607,-0.074061002118284452,-0.084445433951911453,0,0,0
2.0913040999999999,970,4001,72,846,4125,-52,0.0066649027330948005,-0.025132741228718346,0.010995574287564275,-0.08544265996327538,-0.41096253980227204,-0.17089370462523482,2.5815337526181015,-0.061153333355193948,-0.077202071129443342,0,0,0
2.0962917999999999,986,4004,71,862,4128,-53,0.0063117953035268645,-0.02748893571891069,0.010210176124166827,-0.078528405765084353,-0.43908217874511668,-0.16444927555202038,2.8972981432292659,-0.04666684263904762,-0.067236446512181469,0,0,0
2.1012776,1000,4006,70,876,4130,-54,0.0060028263026549204,-0.029059732045705586,0.010210176124166827,-0.070721512966131481,-0.38080415195488893,-0.087731730095562191,5.8613049466435978,-0.01736031790582963,-0.048958990097732254,0,0,0
2.1062585,1013,4009,69,889,4133,-55,0.0057159265161309718,-0.031415926535897934,0.009424777960769383,-0.064497518366744638,-0.42299303798203147,-0.12008335250881806,4.6581005626878058,0.0059301849076093989,-0.026871538735127279,0,0,0
2.1112513000000002,1021,4011,69,897,4135,-55,0.0055393728013470034,-0.03298672286269283,0.007853981633974487,-0.050881540055353169,-0.37222078696189453,-0.2106220770857834,0.28608512010053033,0.0073606105081120508,-0.013339557570951654,0,0,0
2.1162355000000002,1027,4012,68,903,4136,-56,0.0054069575152590268,-0.033772121026090278,0.008639379797371928,-0.039499357252229791,-0.27185487639274636,-0.039084850554121434,6.9767245735914436,0.042244233376069265,0.012961471110359182,0,0,0
2.1212203000000001,1028,4013,68,904,4137,-56,0.0053848883009110313,-0.034557519189487719,0.007853981633974487,-0.023131546962538198,-0.21831085835259045,-0.094130821604715656,4.064246057258206,0.062565463662360293,0.03681127957846967,0,0,0
2.1262140999999999,1026,4014,68,902,4138,-56,0.0054290267296070232,-0.035342917352885174,0.007068583470577032,-0.0082221843075874317,-0.18974576237900137,-0.12349719162275459,2.31503639800379,0.074140645652379239,0.058449091147972948,0,0,0
2.1311968999999999,1021,4014,68,897,4138,-56,0.0055393728013470034,-0.035342917352885174,0.007068583470577032,0.0059091139027491971,-0.10122710456419952,-0.065884281013935536,4.0226118715525301,0.094253705010141894,0.083378847753505653,0,0,0
2.1361873,1011,4013,69,887,4137,-55,0.0057600649448269637,-0.034557519189487719,0.0062831853071795979,0.023743544523224049,0.019276064511383334,-0.10842799860305,1.142753202493461,0.099967471022609194,0.1017775882788983,0,0,0
2.1411845,996,4012,70,872,4136,-54,0.0060911031600469042,-0.033772121026090278,0.005497787143782136,0.043553552184241139,0.083563070151943211,-0.13112456528758826,-0.79313463638111692,0.096001797840703604,0.11165899205441708,0,0,0
2.1457133000000002,979,4011,71,855,4135,-53,0.0064662798039628365,-0.03298672286269283,0.004712388980384688,0.058240175881258557,0.11785942207308914,-0.1432329133224432,-2.0741415877309168,0.085631089902049012,0.11454421914560955,0,0,0
2.1516972999999999,955,4008,72,831,4132,-52,0.0069959409483147409,-0.030630528372500482,0.0054977871437821395,0.080489086560998263,0.28271515597492436,-0.0031335342177903486,2.413547238995188,0.09769882609702496,0.11735823741307927,0,0,0
2.1567205999999999,932,4006,73,808,4130,-51,0.0075035328783186498,-0.029059732045705586,0.0054977871437821325,0.090299505185668455,0.2973842074676199,-0.0016717031882182742,1.9596319501207831,0.10749698584762887,0.12199935059447667,0,0,0
2.1616876999999999,910,4005,74,786,4129,-50,0.0079890555939745624,-0.028274333882308138,0.0047123889803846915,0.093474136427827689,0.23193045245455818,-0.074171353034769835,-1.1736551961950066,0.10162870986665384,0.12257336212279557,0,0,0
2.166696,886,4003,75,762,4127,-49,0.0085187167383264668,-0.026703537555513242,0.0047123889803846915,0.099285984914566666,0.27029117292991212,-0.039569533544163669,-0.25812012998414202,0.10033810921673314,0.12157899483978177,0,0,0
2.1717018000000001,862,4001,76,738,4125,-48,0.0090483778826783729,-0.025132741228718346,0.004712388980384688,0.10238653686946793,0.29075616046918806,-0.021109874915841577,0.12501656340265721,0.10096319203374643,0.12074910728931713,0,0,0
2.1766595999999998,839,4000,76,715,4124,-48,0.0095559698126822801,-0.024347343065320895,0.0054977871437821395,0.10198153415049607,0.22839446831370297,0.06201765241999304,3.8107502684751862,0.12001694337612236,0.12912124351127885,0,0,0
2.1816339999999999,815,3999,77,691,4123,-47,0.010085630957034186,-0.023561944901923447,0.0047123889803846915,0.10382458028578599,0.19512524820846189,-0.040193840288523366,-0.60803230150301135,0.1169767818686073,0.1317933605629357,0,0,0
2.1866219,790,3998,77,666,4122,-47,0.010637361315734086,-0.022776546738526002,0.005497787143782136,0.10686693371301509,0.17737651548242675,0.051836584162871679,3.2079040871089592,0.1330163023041521,0.1411931801440395,0,0,0
2.1916167999999998,763,3997,77,639,4121,-47,0.011233230103129979,-0.021991148575128551,0.0062831853071795875,0.11260821356077337,0.16790777794112871,0.10093371962575105,5.1800489467250443,0.15891654703777733,0.15732504386228663,0,0,0
2.1966079999999999,735,3996,77,611,4120,-47,0.011851168104873867,-0.021205750411731103,0.0070685834705770355,0.11773022824989436,0.16285631922517863,0.12712645670188355,6.21890965005732,0.19001109528806392,0.18151593400360222,0,0,0
2.2016081999999999,703,3995,78,579,4119,-46,0.012557382964009741,-0.020420352248333658,0.006283185307179584,0.12869920313981684,0.16016142615758058,-0.0054590685789536741,0.23463125760380263,0.19118425157608293,0.19662364973305144,0,0,0
2.2066251000000001,668,3993,78,544,4117,-46,0.013329805466189601,-0.018849555921538759,0.0078539816339744835,0.14072835140322965,0.23200325209127071,0.1436466905087129,5.9489527697870841,0.22092901542501836,0.22146663982432846,0,0,0
2.2116030000000002,628,3990,79,504,4114,-45,0.014212574040109442,-0.016493361431346415,0.0086393797973719315,0.15744131006133288,0.34360952996115107,0.14991331800306473,5.2868318809585109,0.24736317482981091,0.24749535944622161,0,0,0
2.2165672999999999,583,3987,80,459,4111,-44,0.015205688685769264,-0.014137166941154069,0.0094247779607693778,0.17665302578593223,0.40315015009573696,0.15325648914260537,4.6142672215923994,0.27043451093777293,0.27351109210622387,0,0,0
2.2215745,532,3983,81,408,4107,-43,0.016331218617517063,-0.010995574287564275,0.010995574287564275,0.19925690891075759,0.50819388116573472,0.22831955042404711,6.7211145564896251,0.30404008372022107,0.30378285344315109,0,0,0
2.2265589000000001,476,3978,83,352,4102,-41,0.01756709462100484,-0.0070685834705770346,0.011780972450961723,0.22161136268387011,0.637512980027372,0.19508528040652079,4.0308683186533134,0.32419442531348763,0.33108426016077552,0,0,0
2.2315255000000001,414,3972,85,290,4096,-39,0.018935385910580593,-0.0023561944901923449,0.013351768777756623,0.24589185913099609,0.77978269851270554,0.25063471242808172,4.9587941763820886,0.34898839619539807,0.35901275056642523,0,0,0
2.2365428999999999,345,3964,88,221,4088,-36,0.020458161700592319,0.0039269908169872417,0.014922565104551517,0.27325898667036236,1.0022409376315489,0.28026967287845878,4.2723630131249015,0.37035021126102258,0.38414642496063001,0,0,0
2.2415359000000001,271,3956,91,147,4080,-33,0.022091283562344025,0.010210176124166829,0.016493361431346415,0.29815457461358874,1.1209197589665489,0.29607957135869112,3.4236071121809033,0.3874682468219271,0.40686115702806336,0,0,0
2.2465172,192,3948,95,68,4072,-29,0.023834751495835711,0.016493361431346415,0.016493361431346415,0.32173162561561447,1.1842334968135,0.15795492533522024,-3.8854928341158219,0.36804078265134799,0.41162381669664255,0,0,0
2.2514938,108,3938,99,-16,4062,-25,0.025688565501067379,0.024347343065320895,0.018064157758141308,0.34460525286184623,1.3645696605413464,0.23082611017955806,-2.782587312561601,0.35412784608853998,0.40757333538222273,0,0,0
2.2565146,23,3928,103,-101,4052,-21,0.02756444872064704,0.032201324699295375,0.0196349540849362,0.3588671708604883,1.4607768562832077,0.26970201947771077,-2.5769843546332361,0.34124292431537379,0.39792835765611634,0,0,0
2.2614774,4294967234,3918,107,-186,4042,-17,0.029440331940226702,0.040055306333269862,0.021205750411731103,0.36647573426888169,1.5121022494887622,0.29044185411861412,-2.7995112710013093,0.32724536796036724,0.38344705719540545,0,0,0
2.2664683999999999,4294967151,3909,110,-269,4033,-14,0.031272076731110376,0.047123889803846894,0.023561944901923447,0.36641659171213026,1.4662042162424762,0.37478582820275119,0.3869688746733555,0.32918021233373401,0.37375215241065973,0,0,0
2.2714313000000002,4294967070,3900,114,-350,4024,-10,0.033059683093298049,0.054192473274423933,0.024347343065320898,0.36226681933698451,1.4417181621010795,0.27322329534790124,-4.3725169732180884,0.30731762746764357,0.35572756435756764,0,0,0
2.2764253999999999,4294966993,3893,117,-427,4017,-7,0.034759012598093747,0.059690260418206069,0.02513274122871835,0.35181652414322362,1.2820961052347979,0.21904089356878986,-6.3841622527433621,0.27539681620392675,0.33122955032136542,0,0,0
2.2814195000000002,4294966921,3886,119,-499,4010,-5,0.036347996031149458,0.065188047561988219,0.027488935718910701,0.33594586479536181,1.196939638821171,0.33669426605695491,-1.1043944702553432,0.26987484385265004,0.31525313832621854,0,0,0
2.2863794,4294966854,3880,121,-566,4004,-3,0.037826633392465198,0.069900436542372907,0.02905973204570559,0.31718350572191134,1.0782301588180832,0.32618141986407834,-0.95643060970103733,0.26509269080414483,0.3037050553829117,0,0,0
2.2914069000000001,4294966792,3876,122,-628,4000,-2,0.039194924682040951,0.073042029195962685,0.030630528372500479,0.29687845928184664,0.8683410263527831,0.32057294161670624,-0.052612020554805738,0.26482963070137078,0.29865942920689559,0,0,0
2.2963871,4294966734,3872,123,-686,3996,-1,0.040474939114224721,0.076183621849552477,0.032201324699295375,0.27780951776613788,0.75636767373310365,0.31758088526259032,0.60588722400182782,0.26785906682137994,0.29995051542624013,0,0,0
2.3013715000000001,4294966676,3868,123,-744,3992,-1,0.041754953546408485,0.079325214503142283,0.035342917352885181,0.26763646455779388,0.69663122359096119,0.46254369741383128,7.3039073675329753,0.30437860365904484,0.31827555919185951,0,0,0
2.3063533000000001,4294966618,3864,124,-802,3988,0,0.043034967978592256,0.082466807156732075,0.03691371367968007,0.26220926182110688,0.66476253883606939,0.39332059276355913,4.6653444205657024,0.32770532576187333,0.34113520292697924,0,0,0
2.311369,4294966556,3860,126,-864,3984,2,0.044403259268168009,0.085608399810321853,0.036913713679680063,0.26755035484402967,0.64776097504059682,0.20983185222025175,-3.3440695988167946,0.31098497776778938,0.34889149173333317,0,0,0
2.3163138999999999,4294966491,3854,127,-929,3978,3,0.045837758200787754,0.090320788790706555,0.040055306333269862,0.27657709515333107,0.78524988180982314,0.40506087145916125,4.0634283926122841,0.33130211973085077,0.36569952066694034,0,0,0
2.3213129000000001,4294966421,3848,129,-999,3972,5,0.047382603205147478,0.095033177771091243,0.041626102660064758,0.29168830492331854,0.85859857622833902,0.36265418967448071,1.4477855668204249,0.3385410475649529,0.37693275043172225,0,0,0
2.3263029,4294966348,3840,131,-1072,3964,7,0.048993655852551186,0.10131636307827083,0.04476769531365455,0.30592728616574805,1.0442882697817317,0.48658976854369762,5.4450066563434181,0.36576608084667001,0.39542671436264298,0,0,0
2.3313050999999998,4294966271,3832,134,-1149,3956,10,0.050692985357346877,0.10759954838545042,0.04633849164044946,0.32176005413873621,1.1433515099308245,0.40614888534887433,0.95893445257742727,0.37056075310955716,0.40661604585694644,0,0,0
2.3362683999999998,4294966192,3824,137,-1228,3948,13,0.052436453290838569,0.11388273369262999,0.047909287967244335,0.33432486782677617,1.1962005688152608,0.36323463212758245,-1.7662420744551408,0.36172954273728147,0.41016402375192601,0,0,0
2.3412630000000001,4294966111,3815,140,-1309,3939,16,0.054224059653026242,0.12095131716320703,0.050265482457436686,0.34514626682156424,1.2976744316474991,0.4136199083879748,-0.71559298686871031,0.35815157780293794,0.41108357220965325,0,0,0
2.3462507000000001,4294966027,3805,144,-1393,3929,20,0.056077873658257914,0.1288052987971815,0.051836278784231568,0.35709668510239179,1.4250890483175254,0.36722033394721043,-4.0311760055356842,0.33799569777525951,0.40014717193579646,0,0,0
2.3512381000000002,4294965944,3795,147,-1476,3919,23,0.057909618449141581,0.13665928043115599,0.05497787143782136,0.36141298067604932,1.493063228941925,0.48902575213540278,0.29146130963664163,0.33945300432344272,0.39370336029600733,0,0,0
2.3561933000000002,4294965862,3785,151,-1558,3909,27,0.059719294025677258,0.14451326206513049,0.056548667764616284,0.36165656269950475,1.529326644806718,0.4074484535851437,-3.8693836653415694,0.32010608599673485,0.37895844152323005,0,0,0
2.3608394000000001,4294965788,3776,154,-1632,3900,30,0.061352415887428964,0.15158184553570753,0.058904862254808635,0.34531362870645665,1.4753932260208513,0.43720745559721197,-2.4786039423245825,0.30771306628511191,0.36951727424012354,0,0,0
2.3667950000000002,4294965696,3766,157,-1724,3890,33,0.063382783607444593,0.15943582716968199,0.062046454908398413,0.37365885277664862,1.5198999086787774,0.52636304806542167,-0.00031892719062653896,0.3077114716491588,0.34660905396859515,0,0,0
2.3718054,4294965624,3757,160,-1796,3881,36,0.064971767040500311,0.16650441064025903,0.064402649398590764,0.3475984870029929,1.4703641745587368,0.50064697560936811,-0.64628903613106914,0.30448002646850347,0.33907627533102302,0,0,0
2.3767811999999999,4294965554,3749,162,-1866,3873,38,0.066516612044860035,0.17278759594743864,0.06754424205218057,0.32957737168782786,1.3706579310302249,0.56020727649644519,2.4605275752149822,0.31678266434457836,0.34107997992276889,0,0,0
