time_s,raw_cart,raw_theta1,raw_theta2,cart_counts,theta1_counts,theta2_relative_counts,x_m,theta1_rad,theta2_rad,xdot_m_s,theta1dot_rad_s,theta2dot_rad_s,accel_m_s2,velocity_ref_m_s,voltage,left_limit,right_limit,warning
4.88e-05,3321,4079,4294967263,3322,4079,-33,-0.0039724585826392857,-0,-0,0,0,0,0.082450864920933356,0.0004122543246046668,-0.0013403644601779,0,0,0
0.0057898999999999997,3321,4079,4294967263,3322,4079,-33,-0.0039724585826392857,-0,-0,0,0,0,0.082450864920933356,0.00082450864920933359,-0.0010435413464625399,0,0,0
0.0117667,3321,4079,4294967263,3322,4079,-33,-0.0039724585826392857,-0,-0,0,0,0,0.082450864920933356,0.0012367629738140003,-0.0006354095651039199,0,0,0
0.016824200000000001,3321,4079,4294967263,3322,4079,-33,-0.0039724585826392857,-0,-0,0,0,0,0.082450864920933356,0.0016490172984186672,-0.0001159691161020395,0,0,0
0.021761099999999998,3321,4079,4294967263,3322,4079,-33,-0.0039724585826392857,-0,-0,0,0,0,0.082450864920933356,0.0020612716230233338,0.00051478000054310034,0,0,0
0.026724999999999999,3321,4079,4294967263,3322,4079,-33,-0.0039724585826392857,-0,-0,0,0,0,0.082450864920933356,0.0024735259476280007,0.0012568377848315006,0,0,0
0.031757500000000001,3321,4079,4294967263,3322,4079,-33,-0.0039724585826392857,-0,-0,0,0,0,0.082450864920933356,0.0028857802722326675,0.0021102042367631612,0,0,0
0.036696100000000002,3321,4079,4294967263,3322,4079,-33,-0.0039724585826392857,-0,-0,0,0,0,0.082450864920933356,0.0032980345968373344,0.0030748793563380819,0,0,0
0.041684300000000001,3321,4080,4294967263,3322,4080,-33,-0.0039724585826392857,-0.00078539816339744833,-0.00078539816339744833,0,-0.073279519292017037,-0.073279519292017037,-2.7543852577332011,-0.010473891691828672,-0.0022320181324155409,0,0,0
0.046664499999999998,3321,4080,4294967263,3322,4080,-33,-0.0039724585826392857,-0.00078539816339744833,-0.00078539816339744833,0,-0.039093750863171843,-0.039093750863171843,-1.4742660243871868,-0.017845221813764606,-0.0083770674440804514,0,0,0
0.051662800000000002,3321,4080,4294967263,3322,4080,-33,-0.0039724585826392857,-0.00078539816339744833,-0.00078539816339744833,0,-0.020856050521584717,-0.020856050521584717,-0.79133765822041491,-0.021801910104866679,-0.01497578706479283,0,0,0
0.0566522,3321,4080,4294967263,3322,4080,-33,-0.0039724585826392857,-0.00078539816339744833,-0.00078539816339744833,0,-0.011126454580459841,-0.011126454580459841,-0.42700350780213786,-0.023936927643877368,-0.021823060685661644,0,0,0
0.061649000000000002,3322,4080,4294967263,3323,4080,-33,-0.0039945277969872812,-0.00078539816339744833,-0.00078539816339744833,-0.0020591102627205995,-0.0059358310147413834,-0.0059358310147413834,-0.18185152925950221,-0.02484618529017488,-0.027768597472118142,0,0,0
0.066646999999999998,3322,4080,4294967263,3323,4080,-33,-0.0039945277969872812,-0.00078539816339744833,-0.00078539816339744833,-0.0010985108034049127,-0.0031666951570937471,-0.0031666951570937471,-0.101636225703022,-0.025354366418689992,-0.034582058994054657,0,0,0
0.071673500000000001,3324,4080,4294967262,3325,4080,-34,-0.0040386662256832731,-0.00078539816339744833,0.00078539816339744833,-0.0047042629569927219,-0.0016893941544253845,0.1448696444296087,6.4154030575420453,0.006722648869020232,-0.025073894661597519,0,0,0
0.076640899999999998,3326,4081,4294967262,3327,4081,-34,-0.0040828046543792658,-0.0015707963267948967,0,-0.0066278887903579971,-0.074180790954561898,0.0040067107717817879,0.86983887474259669,0.011071843242733217,-0.019165859375388804,0,0,0
0.081659999999999996,3328,4081,4294967262,3329,4081,-34,-0.0041269430830752577,-0.0015707963267948967,0,-0.0076541202641734899,-0.039574568561977407,0.0021375324811920273,0.70531132722328371,0.014598399878849635,-0.012338177076984813,0,0,0
0.086601700000000004,3330,4082,4294967262,3331,4082,-34,-0.0041710815117712496,-0.0023561944901923449,-0.00078539816339744822,-0.0082016025341569258,-0.094392080329900346,-0.072139171168980665,-2.2188709014623247,0.0035040453715380112,-0.011076089145166255,0,0,0
0.0916154,3331,4082,4294967261,3332,4082,-35,-0.004193150726119246,-0.0023561944901923449,0.00078539816339744844,-0.0064345675425560144,-0.050357050749316616,0.10807364986420023,5.3369708354635774,0.030188899548855896,0.0032974544229440179,0,0,0
0.096641099999999994,3332,4082,4294967261,3333,4082,-35,-0.0042152199404672415,-0.0023561944901923449,0.00078539816339744844,-0.0054918754179955794,-0.026864886877230734,0.05765600516330046,3.1822178227399505,0.046099988662555651,0.019921569182737929,0,0,0
0.1016172,3332,4082,4294967261,3333,4082,-35,-0.0042152199404672415,-0.0023561944901923449,0.00078539816339744844,-0.0029298501332566166,-0.014332097217512255,0.030758792134507957,1.9821123937057805,0.056010550631084552,0.037158213992192241,0,0,0
0.10658960000000001,3331,4082,4294967261,3332,4082,-35,-0.004193150726119246,-0.0023561944901923449,0.00078539816339744844,0.00049607010794651255,-0.0076460031859027257,0.016409449300106693,1.2910863911455819,0.062465982586812463,0.054435402470100501,0,0,0
0.1115685,3328,4082,4294967262,3329,4082,-34,-0.0041269430830752577,-0.0023561944901923449,-0.00078539816339744822,0.0064419782830977025,-0.0040790516441237389,-0.13780479280106392,-5.5520268165422557,0.034705848504101189,0.0559995598233562,0,0,0
0.1165389,3322,4080,4294967262,3323,4080,-34,-0.0039945277969872812,-0.00078539816339744833,0.00078539816339744833,0.015791380273424055,0.14438291310894844,0.073041822729389444,2.5038510984424427,0.047225103996313404,0.065057238858875793,0,0,0
0.1215685,3314,4079,4294967263,3315,4079,-33,-0.0038179740822033132,-0,-0,0.024897395419527867,0.15030608399268258,-0.034312576714300304,-2.4242004080473101,0.035104101956076855,0.063992186530202749,0,0,0
0.12650500000000001,3303,4077,4294967264,3304,4077,-32,-0.0035752127243753569,0.0015707963267948967,0,0.035932676845431423,0.22674554441266934,-0.018305351051729112,-2.5139431338351264,0.022534386286901222,0.056125748602285343,0,0,0
0.13154859999999999,3292,4074,4294967265,3293,4074,-31,-0.0033324513665474002,0.0039269908169872417,0.00078539816339744844,0.04181986806798986,0.34080460552817904,0.063513832502677572,0.17250392990845231,0.023396905936443484,0.050247107943624907,0,0,0
0.1365024,3280,4072,4294967266,3281,4072,-30,-0.003067620794371448,0.0054977871437821377,0.000785398163397448,0.047019724737921459,0.32837423702231872,0.033883873259733487,-1.3411425069541352,0.01669119340167281,0.039915402025991371,0,0,0
0.1413624,3271,4070,4294967267,3272,4070,-29,-0.0028689978652394837,0.0070685834705770346,0.000785398163397448,0.043616455558548692,0.32174278345656837,0.018076642864108098,-2.0990287848466864,0.0061960494774393766,0.028535354930016934,0,0,0
0.14633760000000001,3262,4069,4294967268,3263,4069,-28,-0.0026703749361075197,0.0078539816339744835,0,0.041800851980575884,0.24492546266059995,-0.063635845597108359,-5.4422732133720535,-0.021015316589420893,0.0070037521681180614,0,0,0
0.15136179999999999,3257,4068,4294967268,3258,4068,-28,-0.0025600288643675396,0.0086393797973719298,0.00078539816339744627,0.032595808042702429,0.2039443368264256,0.039330553499447314,-0.79542443499849269,-0.024992438764413358,-0.0076040485524846227,0,0,0
0.15632280000000001,3256,4068,4294967268,3257,4068,-28,-0.0025379596500195432,0.0086393797973719298,0.00078539816339744627,0.019448585672994033,0.10880187494237079,0.02098238190797666,-0.90785573239350315,-0.029531717426380874,-0.019279300521922491,0,0,0
0.1612944,3257,4068,4294967268,3258,4068,-28,-0.0025600288643675396,0.0086393797973719298,0.00078539816339744627,0.0083164785823866862,0.058044504570138336,0.01119385087063097,-0.86648208499953128,-0.033864127851378531,-0.029444118859229356,0,0,0
0.16629169999999999,3258,4069,4294967268,3259,4069,-28,-0.0025820980787155355,0.0078539816339744835,0,0.0023776320207968779,-0.042313467350564918,-0.067307733159085448,-3.6810321688707206,-0.052269288695732136,-0.04644272402358967,0,0,0
0.17129030000000001,3262,4070,4294967267,3263,4070,-29,-0.0026703749361075197,0.0070685834705770346,0.000785398163397448,-0.0069680026827905923,-0.095853250216315689,0.037371645213307145,1.2993833909138173,-0.045772371741163047,-0.054068244370882049,0,0,0
0.17626500000000001,3268,4072,4294967266,3269,4072,-30,-0.0028027902221954958,0.0054977871437821377,0.000785398163397448,-0.016072008026283519,-0.19769560606681424,0.019937327665781195,1.365422904965961,-0.03894525721633324,-0.05737642007589739,0,0,0
0.18126829999999999,3277,4074,4294967265,3278,4074,-31,-0.0030014131513274602,0.0039269908169872417,0.00078539816339744844,-0.027106217246428727,-0.25202729008171743,0.010636326877875493,1.6544502739787377,-0.030673005846439554,-0.054864290091693309,0,0,0
0.1862502,3287,4076,4294967264,3288,4076,-32,-0.0032221052948074205,0.0023561944901923449,0.00078539816339744822,-0.035051946722704487,-0.28101259647259325,0.0056743537222987712,1.9615119836773325,-0.020865445928052891,-0.047838342786098137,0,0,0
0.19121589999999999,3296,4078,4294967263,3297,4078,-33,-0.0034207282239393844,0.00078539816339744833,0.00078539816339744833,-0.037231788510608474,-0.29647591224875236,0.0030272001354848779,2.1768403937423644,-0.0099812439593410691,-0.038129167881065101,0,0,0
0.19620960000000001,3305,4080,4294967262,3306,4080,-34,-0.0036193511530713488,-0.00078539816339744833,0.00078539816339744833,-0.038394708144918029,-0.30472540706411444,0.0016149752216305568,2.3938005383998373,0.0019877587326581174,-0.024862155805383968,0,0,0
0.2012198,3312,4082,4294967261,3313,4082,-35,-0.0037738356535073209,-0.0023561944901923449,0.00078539816339744844,-0.03489689139527688,-0.30912641430562787,0.00086157004814712732,2.5100630977968157,0.014538074221642196,-0.0098852653157340889,0,0,0
0.20616979999999999,3316,4083,4294967260,3317,4083,-36,-0.0038621125108993051,-0.0031415926535897933,0.0015707963267948964,-0.026853517026362413,-0.23819477996576399,0.073739156652344276,5.3582293879666256,0.041329221161475325,0.01189867305774746,0,0,0
0.2111614,3317,4083,4294967260,3318,4083,-36,-0.003884181725247301,-0.0031415926535897933,0.0015707963267948964,-0.016385141800197164,-0.1270740784718008,0.039338961921126979,3.3338140363253763,0.057998291343102207,0.033098325098421387,0,0,0
0.2161845,3315,4083,4294967260,3316,4083,-36,-0.0038400432965513091,-0.0031415926535897933,0.0015707963267948964,-0.004623057495802948,-0.067792507551082071,0.020986867700807633,2.1016741010659414,0.068506661848431918,0.052617680837533196,0,0,0
0.22114500000000001,3311,4083,4294967261,3312,4083,-35,-0.0037517664391593249,-0.0031415926535897933,0,0.00577009493244227,-0.036166495443705982,-0.13536279459634865,-5.0303306362536624,0.043355008667163603,0.056367542536195511,0,0,0
0.22611110000000001,3304,4082,4294967261,3305,4082,-35,-0.0035972819387233529,-0.0023561944901923449,0.00078539816339744844,0.017492048769967596,0.053985124676299262,0.0010650803980539053,0.034377274788011059,0.043526895041103658,0.061317938885956901,0,0,0
0.23114129999999999,3294,4080,4294967262,3295,4080,-34,-0.0033765897952433926,-0.00078539816339744833,0.00078539816339744833,0.029922902334768978,0.17535945969490815,0.00056820770841632033,-0.91005190215103149,0.038976635530348497,0.060705846495163196,0,0,0
0.2360923,3284,4078,4294967263,3285,4078,-33,-0.0031558976517634322,0.00078539816339744833,0.00078539816339744833,0.036554614673687896,0.24011122199143789,0.00030313204570627298,-1.5161923137544313,0.031395673961576338,0.056754651199508677,0,0,0
0.24112030000000001,3272,4076,4294967264,3273,4076,-32,-0.00289106707958748,0.0023561944901923449,0.00078539816339744822,0.04421077475548435,0.2746555160537984,0.00016171733641237053,-2.0434277939347361,0.021178534991902656,0.047318752634076991,0,0,0
0.24606749999999999,3261,4074,4294967265,3262,4074,-31,-0.0026483057217595233,0.0039269908169872417,0.00078539816339744844,0.046236134719889244,0.29308448555121691,8.6274273098993555e-05,-2.3766436697488906,0.0092953166431582034,0.034841187656992734,0,0,0
0.25111299999999998,3252,4073,4294967265,3253,4073,-31,-0.0024496827926275594,0.0047123889803846897,0.0015707963267948964,0.043198419615630597,0.22963660201715375,0.073325545589282851,0.98048649672135646,0.014197749126764986,0.028440233190814797,0,0,0
0.25604480000000002,3245,4072,4294967266,3246,4072,-30,-0.0022951982921915869,0.0054977871437821377,0.000785398163397448,0.037459614257939797,0.19578791174679575,-0.034161213947376874,-3.458258334855929,-0.0030935425475146598,0.0154114333163561,0,0,0
0.26103500000000002,3240,4071,4294967266,3241,4071,-30,-0.0021848522204516068,0.0062831853071795866,0.0015707963267948969,0.030279809417080618,0.17773003858852854,0.055054918473876231,0.50301330969706437,-0.00057847599902933772,0.0088247731040884247,0,0,0
0.26604450000000002,3237,4071,4294967266,3238,4071,-30,-0.0021186445774076189,0.0062831853071795866,0.0015707963267948969,0.022331248512682672,0.094816859016142216,0.029371143361804547,-0.076733320348981282,-0.00096214260077424419,0.0038972384779326014,0,0,0
0.2710051,3235,4071,4294967265,3236,4071,-31,-0.0020745061487116266,0.0062831853071795866,0.0031415926535897933,0.01603167566615344,0.050583665119775974,0.1622281937892863,6.0367990107892302,0.029221852453171906,0.014025628432513157,0,0,0
0.27598,3234,4072,4294967265,3235,4072,-31,-0.0020524369343636307,0.0054977871437821377,0.0023561944901923444,0.01061181831084853,-0.046293736346876183,0.01326729013378683,0.32589796003198546,0.030851342253331832,0.020759182384967319,0,0,0
0.28101229999999999,3231,4072,4294967265,3232,4072,-31,-0.0019862292913196428,0.0054977871437821377,0.0023561944901923444,0.011838609481822117,-0.024697157033169801,0.0070779412874257645,-0.029044005634250025,0.03070612222516058,0.025606448809822633,0,0,0
0.28595330000000002,3228,4072,4294967265,3229,4072,-31,-0.0019200216482756546,0.0054977871437821377,0.0023561944901923444,0.012493087961792278,-0.013175639161002973,0.003775997386283677,-0.21904238918541255,0.029610910279233515,0.029913316558870268,0,0,0
0.2909525,3223,4072,4294967265,3224,4072,-31,-0.0018096755765356744,0.0054977871437821377,0.0023561944901923444,0.016960464962173044,-0.0070290465849086612,0.0020144496375734742,-0.42261343220965747,0.027497843118185226,0.03157392871193633,0,0,0
0.295962,3217,4071,4294967265,3218,4071,-31,-0.0016772602904476983,0.0062831853071795866,0.0031415926535897933,0.02140286765301112,0.069529606647243739,0.074354204183765329,2.2537674621170964,0.038766680428770711,0.03749091639294596,0,0,0
0.30093700000000001,3210,4071,4294967265,3211,4071,-31,-0.001522775790011726,0.0062831853071795866,0.0031415926535897933,0.025831946847124962,0.037093217124553352,0.03966708245459509,0.83598108350891165,0.04294658584631527,0.042067017642944862,0,0,0
0.3059036,3203,4070,4294967265,3204,4070,-31,-0.0013682912895757538,0.0070685834705770346,0.0039269908169872417,0.02819480785168408,0.093068308888222789,0.094441435389872375,2.9149492231716301,0.057521331962173419,0.052183318472810818,0,0,0
0.31091859999999999,3194,4069,4294967265,3195,4069,-31,-0.0011696683604437896,0.0078539816339744835,0.0047123889803846897,0.033573586583961215,0.12293035374187222,0.12366290037806377,3.9642886384084428,0.077342775154215629,0.066600678989537226,0,0,0
0.3158994,3183,4068,4294967266,3184,4068,-30,-0.00092690700261583326,0.0086393797973719298,0.00392699081698724,0.040561321507686474,0.13886139904692232,-0.0073068346305346504,-1.9087712681488394,0.067798918813471429,0.070979143834494662,0,0,0
0.32086690000000001,3170,4066,4294967266,3171,4066,-30,-0.00064000721609188489,0.010210176124166829,0.0054977871437821395,0.048407415398636591,0.22063994128781686,0.14266092932507202,3.9201555327642534,0.087399696477292704,0.083622902804848631,0,0,0
0.3268877,3151,4063,4294967267,3152,4063,-29,-0.00022069214347996029,0.012566370614359173,0.0062831853071795866,0.064947874627365024,0.33754733897214156,0.1493874261509324,3.2730923460239532,0.10376515820741247,0.094072069821711859,0,0,0
0.33086680000000002,3137,4061,4294967268,3138,4061,-28,8.8276857391984118e-05,0.014137166941154069,0.0062831853071795857,0.06347646133346635,0.32663652410516336,0.079696412810274009,0.28405265279222602,0.10518542147137361,0.10585399083936159,0,0,0
0.33681759999999999,3112,4058,4294967270,3113,4058,-26,0.00064000721609188489,0.016493361431346415,0.0054977871437821395,0.085341692754025394,0.39409525360154796,-0.030762432155055211,-5.5081835670964683,0.07764450363589126,0.094882642911377935,0,0,0
0.34183750000000002,3091,4055,4294967271,3092,4055,-25,0.0011034607173998016,0.018849555921538759,0.0062831853071795857,0.088770092274962062,0.4300836824280051,0.056868128084296865,-2.2714235811020789,0.066287385730380871,0.086150919007580554,0,0,0
0.34582370000000001,3075,4052,4294967272,3076,4052,-24,0.001456568146967738,0.021205750411731103,0.0070685834705770337,0.080303551277280977,0.44928308062399974,0.10361798838763289,-0.35208112234855093,0.064526980118638111,0.083098349164215865,0,0,0
0.35179899999999997,3053,4050,4294967273,3054,4050,-23,0.0019420908626236505,0.022776546738526002,0.0070685834705770355,0.088141414058607398,0.38624621162566219,0.055278962827618537,-2.5299574242441869,0.051877192997417179,0.06961923249523598,0,0,0
0.35639480000000001,3038,4048,4294967273,3039,4048,-23,0.002273129077843591,0.024347343065320895,0.008639379797371928,0.077909048673006714,0.35261679271537849,0.17604970694043595,2.9314741392963422,0.066534563693898888,0.071028274045651693,0,0,0
0.36137269999999999,3023,4046,4294967274,3024,4046,-22,0.0026041672930635315,0.025918139392115794,0.008639379797371935,0.072450203596095927,0.33467589821642885,0.093920422092801992,-0.44420259529535233,0.064313550717422133,0.069414187546487899,0,0,0
0.36634679999999997,3009,4045,4294967274,3010,4045,-22,0.002913136293935476,0.026703537555513242,0.009424777960769383,0.067478864493732083,0.25182512536570001,0.12338494598877661,1.2381721248365354,0.070504411341604817,0.072240281146191909,0,0,0
0.3713745,2995,4044,4294967275,2996,4044,-21,0.0032221052948074205,0.02748893571891069,0.0086393797973719315,0.064826714285845438,0.20762522471214206,-0.0074551199870860063,-4.1966713421518849,0.049521054630845392,0.06480813586882482,0,0,0
0.37631900000000001,2982,4042,4294967275,2983,4042,-21,0.0035090050813313687,0.029059732045705586,0.010210176124166827,0.061352713471432438,0.25732462337807605,0.14258182085326834,2.0177497831018516,0.059609803546354652,0.066778845140439816,0,0,0
0.38131369999999998,2968,4041,4294967275,2969,4041,-21,0.0038179740822033132,0.029845130209103034,0.010995574287564275,0.06155848567122299,0.21055914140872389,0.14934522272332079,2.5292685006967428,0.072256146049838363,0.071906516097330744,0,0,0
0.38628059999999997,2955,4040,4294967275,2956,4040,-21,0.0041048738687272613,0.030630528372500482,0.011780972450961723,0.059609152426568189,0.18561031370393877,0.15295341707625706,2.8932486259300463,0.086722389179488601,0.082181893767994146,0,0,0
0.39128180000000001,2941,4039,4294967275,2942,4039,-21,0.0044138428695992063,0.031415926535897934,0.012566370614359175,0.060628316617697596,0.17230041123675247,0.15487834579389106,3.0771642635419787,0.1021082104971985,0.095967463398243871,0,0,0
0.39624239999999999,2924,4037,4294967276,2925,4037,-20,0.0047890195135151387,0.03298672286269283,0.012566370614359171,0.067349359364693509,0.23847925606894116,0.082625753048930425,-0.47260530065409334,0.099745183993928024,0.10307920358308925,0,0,0
0.40125719999999998,2905,4035,4294967276,2906,4035,-20,0.0052083345861270629,0.034557519189487719,0.014137166941154061,0.07505317615537134,0.27378488166907922,0.19063889385307217,3.8009495652170795,0.11874993182001342,0.11691149519891596,0,0,0
0.40624379999999999,2884,4032,4294967277,2885,4032,-19,0.0056717880874349799,0.03691371367968007,0.014922565104551519,0.08328129119458702,0.36589953176729234,0.17498309886141292,2.5259680227019183,0.13137977193352302,0.13069039551180159,0,0,0
0.41121150000000001,2861,4029,4294967278,2862,4029,-18,0.0061793800174388879,0.039269908169872414,0.015707963267948967,0.091789113105577386,0.41504160060971229,0.16663091867679797,1.6828617690975474,0.13979408077901076,0.14363490443183813,0,0,0
0.41621010000000003,2834,4026,4294967280,2835,4026,-16,0.0067752488048347806,0.041626102660064758,0.014922565104551515,0.10456437582709734,0.44125830910872255,0.015616091429624487,-5.4045169163372933,0.11277149619732429,0.13868721441722226,0,0,0
0.42119430000000002,2806,4022,4294967281,2807,4022,-15,0.0073931868065786697,0.04476769531365455,0.016493361431346411,0.11343893661230903,0.52852413017256838,0.1548900373911285,-0.27621151113394848,0.11139043864165456,0.13628810866378688,0,0,0
0.42617549999999998,2777,4018,4294967283,2778,4018,-13,0.0080331940226705551,0.047909287967244349,0.016493361431346415,0.12023251936760426,0.57507940646941802,0.082631990376823075,-3.9833308968133858,0.091473784157587626,0.12371540745399723,0,0,0
0.43117329999999998,2750,4014,4294967284,2751,4014,-12,0.0086290628100664478,0.051050880620834134,0.018064157758141304,0.11973859433795478,0.59991609195124185,0.19064222139322315,0.30668983157388841,0.093007233315457072,0.11686286733167625,0,0,0
0.43616199999999999,2724,4011,4294967285,2725,4011,-11,0.009202862383114345,0.053407075111026485,0.018849555921538766,0.11741598095402436,0.53988664858595448,0.1749848740644564,-0.21002150409747067,0.091957125794969716,0.11021802749415123,0,0,0
0.44112699999999999,2700,4008,4294967286,2701,4008,-10,0.0097325235274662494,0.055763269601218829,0.019634954084936207,0.11205867384804732,0.50786165543574513,0.16663186572648031,-0.44653189312102448,0.089724466329364594,0.10475022803937385,0,0,0
0.44610319999999998,2678,4005,4294967287,2679,4005,-9,0.010218046243122161,0.058119464091411173,0.020420352248333655,0.10508239378124948,0.49077670297283438,0.16217563525338602,-0.53313103276890939,0.087058811165520042,0.10065977321565849,0,0,0
0.4511309,2658,4003,4294967288,2659,4003,-8,0.010659430530082082,0.059690260418206069,0.020420352248333655,0.097242410920055367,0.40838256500499681,0.086518770072815943,-3.3761630475819429,0.070177995927610329,0.091725031339889518,0,0,0
0.45608199999999999,2639,4001,4294967289,2640,4001,-7,0.011078745602694007,0.061261056745000965,0.020420352248333648,0.091000763166529358,0.36442627362343816,0.046156733489696004,-4.9465383209187523,0.045445304323016564,0.076096669558948879,0,0,0
0.46107029999999999,2621,3999,4294967289,2622,3999,-7,0.011475991460957935,0.062831853071795868,0.021991148575128551,0.085611808158516933,0.3409761156428468,0.17118310622445337,0.53492458982318869,0.048119927272132504,0.067425305751908193,0,0,0
0.46610990000000002,2606,3998,4294967289,2607,3998,-7,0.011807029676177876,0.063617251235193309,0.022776546738525992,0.07655953405015474,0.25518621633397798,0.16460366785874553,0.85748656810909107,0.052407360112677957,0.063305366039592831,0,0,0
0.47104889999999999,2593,3997,4294967290,2594,3997,-6,0.012093929462701825,0.06440264939859075,0.021991148575128544,0.067612033090609827,0.20941832671679161,0.014534577260539153,-5.201446397147933,0.026400128126938292,0.049107400114686457,0,0,0
0.47602030000000001,2582,3997,4294967290,2583,3997,-6,0.01233669082052978,0.06440264939859075,0.021991148575128544,0.058720427358225025,0.11172218335963416,0.0077540238775411904,-4.942644093573854,0.0016869076590690195,0.030860459143527131,0,0,0
0.48112009999999999,2572,3997,4294967290,2573,3997,-6,0.012557382964009741,0.06440264939859075,0.021991148575128544,0.051917751326599745,0.059602454333061453,0.0041366793967042848,-4.7561426952992285,-0.022093805817427124,0.0078212919745631222,0,0,0
0.48602980000000001,2566,3997,4294967289,2567,3997,-7,0.012689798250097717,0.06440264939859075,0.023561944901923433,0.040052163625294214,0.031797199586489612,0.14876590777883705,1.9170301438273789,-0.012508655098290229,-0.0025089961651250416,0,0,0
0.49100280000000002,2564,3998,4294967289,2565,3998,-7,0.012733936678793708,0.063617251235193309,0.022776546738525992,0.025485572841967934,-0.056316091982577199,0.0060853208683505355,-3.3438119787287595,-0.02922771499193403,-0.017669028320135727,0,0,0
0.49600460000000002,2564,3999,4294967288,2565,3999,-8,0.012733936678793708,0.062831853071795868,0.023561944901923454,0.013596249605824737,-0.10332348370151245,0.076525965505751484,0.28011079112996562,-0.027827161036284201,-0.026461171298982393,0,0,0
0.50099419999999995,2566,4001,4294967286,2567,4001,-10,0.012689798250097717,0.061261056745000965,0.025132741228718343,0.0031352167227684056,-0.20168088666883727,0.18738472984060034,5.9943000714936936,0.0021443393211842687,-0.019450852214115646,0,0,0
0.50598500000000002,2568,4003,4294967285,2569,4003,-11,0.012645659821401724,0.059690260418206069,0.02513274122871835,-0.0024456197408547395,-0.25415338982255314,0.099967521822284633,2.9574228825737094,0.016931453734052818,-0.010552811218122102,0,0,0
0.51102530000000002,2569,4005,4294967284,2570,4005,-12,0.012623590607053729,0.058119464091411173,0.025132741228718343,-0.0033638192698039132,-0.28214684536480095,0.053331482388078194,1.3870901879833499,0.023866904673969569,-0.0017868586689073944,0,0,0
0.51601090000000005,2570,4006,4294967283,2571,4006,-13,0.012601521392705733,0.057334065928013725,0.025918139392115791,-0.0038536677837437581,-0.22380150123306136,0.10173123002629163,3.486547996330728,0.041299644655623205,0.013630601618928512,0,0,0
0.52089510000000006,2569,4007,4294967283,2570,4007,-13,0.012623590607053729,0.056548667764616277,0.025132741228718343,3.2243930718593716e-06,-0.19267495496816611,-0.019007119580940743,-1.7239875604388852,0.032679706853428775,0.020207422487003069,0,0,0
0.52690440000000005,2567,4008,4294967282,2568,4008,-14,0.012667729035749722,0.055763269601218829,0.025918139392115794,0.0041199407007461945,-0.17606931321904823,0.063139447349640915,1.774634709433804,0.041552880400597791,0.031170478509072043,0,0,0
0.53186529999999999,2564,4009,4294967282,2565,4009,-14,0.012733936678793708,0.054977871437821381,0.025132741228718346,0.0083752700880114286,-0.16721040110096858,-0.039595376052909845,-2.6393202933572359,0.02835627893381161,0.03342400334370884,0,0,0
0.53681880000000004,2560,4009,4294967281,2561,4009,-15,0.012822213536185694,0.054977871437821381,0.026703537555513242,0.012704547902508356,-0.089204757693933434,0.12543537699753274,4.1206769570853865,0.048959663719238544,0.046142223868993387,0,0,0
0.54179509999999997,2554,4009,4294967281,2555,4009,-15,0.012954628822273669,0.054977871437821381,0.026703537555513242,0.019132386585008421,-0.047589675898380958,0.066918279829706634,1.4387138391627823,0.056153232915052455,0.056275683870501768,0,0,0
0.54678450000000001,2546,4008,4294967282,2547,4008,-14,0.013131182537057638,0.055763269601218829,0.025918139392115794,0.026679782499018458,0.047890993941345453,-0.037579413926566524,-3.6307729400943032,0.037999368214580942,0.054705745103096962,0,0,0
0.55177279999999995,2536,4007,4294967282,2537,4007,-14,0.013351874680537598,0.056548667764616277,0.026703537555513242,0.034824448863333662,0.098828794230240977,0.053231349492010596,-0.20934449626011276,0.03695264573328038,0.053625908265771731,0,0,0
0.55675819999999998,2526,4006,4294967282,2527,4006,-14,0.013572566824017558,0.057334065928013725,0.02748893571891069,0.039169531374606104,0.1260035040707437,0.10167781031871309,1.6571085284083451,0.045238188375322105,0.055973728479503521,0,0,0
0.56175140000000001,2515,4004,4294967283,2516,4004,-13,0.013815328181845514,0.058904862254808621,0.027488935718910687,0.043546691411898771,0.2137804074415251,0.054243900933253208,-0.892624518291119,0.040775065783866513,0.053634138686760119,0,0,0
0.56674029999999997,2505,4003,4294967283,2506,4003,-13,0.014036020325325475,0.059690260418206069,0.028274333882308135,0.043822743901873698,0.18732882077067453,0.10221799445423316,1.2312360856961906,0.046931246212347469,0.055531857339519132,0,0,0
0.57172610000000001,2494,4001,4294967284,2495,4001,-12,0.01427878168315343,0.061261056745000965,0.028274333882308135,0.046029124880511973,0.24649673358332858,0.054532082736549831,-1.1811730828800657,0.041025380797947139,0.052720642086479676,0,0,0
0.57672840000000003,2483,4000,4294967284,2484,4000,-12,0.014521543040981388,0.06204645490839842,0.02905973204570559,0.047206202857025578,0.20478259115157987,0.10237173601436172,0.96516412659174033,0.04585120143090584,0.053011565379587462,0,0,0
0.58172500000000005,2472,3998,4294967285,2473,3998,-11,0.014764304398809344,0.063617251235193309,0.02905973204570559,0.047834159939781046,0.25580811222617961,0.054614102027984189,-1.3846836831269651,0.038927783015271014,0.049247596020259507,0,0,0
0.58670270000000002,2461,3997,4294967285,2462,3997,-11,0.0150070657566373,0.06440264939859075,0.029845130209103031,0.0481691675651474,0.20975010076917966,0.10241549232958039,0.7950292662577696,0.042902929346559864,0.048480936668306926,0,0,0
0.59172369999999996,2451,3995,4294967286,2452,3995,-10,0.01522775790011726,0.06597344572538566,0.029845130209103038,0.046288779880984454,0.2584582194495515,0.054637445501064016,-1.4862289355692786,0.035471784668713473,0.044561211702130732,0,0,0
0.59671470000000004,2441,3993,4294967286,2442,3993,-10,0.01544845004359722,0.067544242052180556,0.031415926535897934,0.045285615444849145,0.28444342070498069,0.17570746508649082,3.5671255660656573,0.053307412499041765,0.050118079514726188,0,0,0
0.60174970000000005,2432,3992,4294967287,2433,3992,-9,0.015647072972729183,0.068329640215577997,0.030630528372500479,0.042691328902044079,0.22502669682734011,0.020458320847431016,-2.8112390427713589,0.039251217285184971,0.047126105817384918,0,0,0
0.60672669999999995,2422,3990,4294967288,2423,3990,-8,0.015867765116209145,0.069900436542372907,0.030630528372500493,0.043366418189300586,0.26660810151898939,0.01091427053582659,-3.5733521313946381,0.021384456628211781,0.037853443205929593,0,0,0
0.61168880000000003,2413,3989,4294967289,2414,3989,-7,0.01606638804534111,0.070685834705770348,0.029845130209103031,0.041667460021754352,0.21551176644080511,-0.067456885938208297,-6.8682811556048051,-0.012956949149812245,0.017229212159720612,0,0,0
0.61667689999999997,2406,3988,4294967289,2407,3988,-7,0.016220872545777081,0.071471232869167789,0.030630528372500472,0.036642865546664946,0.18825248017819318,0.037292073981891327,-2.2972247806461752,-0.024443073053043121,-0.00042706655926602784,0,0,0
0.62166880000000002,2401,3987,4294967290,2402,3987,-6,0.016331218617517063,0.072256631032565244,0.029845130209103038,0.029844083706201723,0.17370997558544771,-0.053384641930588297,-6.0879270553049594,-0.054882708329567917,-0.027558654027414912,0,0,0
0.62662249999999997,2401,3987,4294967290,2402,3987,-6,0.016331218617517063,0.072256631032565244,0.029845130209103038,0.015921463246784655,0.092672203278562654,-0.028480070717131621,-4.4649890211933227,-0.077207653435534526,-0.054215933968020012,0,0,0
0.63165320000000003,2404,3988,4294967290,2405,3988,-6,0.016265010974473075,0.071471232869167789,0.029059732045705583,0.0023165802467423448,-0.023840002467730576,-0.088473297853039826,-6.2836548857200416,-0.10862592786413473,-0.087376821615097244,0,0,0
0.6365999,2411,3989,4294967289,2412,3989,-7,0.016110526474037101,0.070685834705770348,0.029845130209103031,-0.013177903865350752,-0.085997876700133133,0.026080068507864172,-0.72073552546644271,-0.11222960549146695,-0.11198043588689166,0,0,0
0.64161659999999998,2424,3992,4294967288,2425,3992,-8,0.015823626687513154,0.068329640215577997,0.029059732045705583,-0.033798688193076326,-0.26571740095469376,-0.059366113328231343,-2.9769960291963566,-0.12711458563744873,-0.13614328344415833,0,0,0
0.64658579999999999,2443,3995,4294967286,2444,3995,-10,0.015404311614901229,0.06597344572538566,0.029845130209103038,-0.057154292637200066,-0.36159562688105923,0.041608404817041401,2.5563385913778625,-0.11433289268055942,-0.145076791923683,0,0,0
0.65159100000000003,2467,4000,4294967285,2468,4000,-11,0.014874650470549323,0.06204645490839842,0.027488935718910701,-0.079909780781977843,-0.55930455719175209,-0.19764096941686107,-6.036440270552804,-0.14451509403332344,-0.16385703487898381,0,0,0
0.65656999999999999,2494,4005,4294967282,2495,4005,-14,0.01427878168315343,0.058119464091411173,0.028274333882308138,-0.098226893502343371,-0.66477991701486827,-0.032159584203580296,2.2525157941876559,-0.13325251506238517,-0.16798960819576045,0,0,0
0.6615356,2525,4012,4294967280,2526,4012,-16,0.013594636038365554,0.052621676947629037,0.025918139392115794,-0.11623529605271431,-0.86760880396808315,-0.23699531306310267,-4.8190845802407711,-0.15734793796358904,-0.18018568517484654,0,0,0
0.66654469999999999,2558,4018,4294967277,2559,4018,-19,0.012866351964881685,0.047909287967244349,0.025918139392115798,-0.12996078487835322,-0.90253608039486999,-0.12643417716357272,0.79643450969028695,-0.15336576541513761,-0.18331765087244203,0,0,0
0.67153870000000004,2593,4025,4294967274,2594,4025,-22,0.012093929462701825,0.042411500823462206,0.025132741228718346,-0.1414013902366768,-0.99444888571482548,-0.14073064711568611,1.3645161933645831,-0.14654318444831468,-0.18141856177105789,0,0,0
0.67651130000000004,2629,4032,4294967271,2630,4032,-25,0.011299437746173967,0.03691371367968007,0.024347343065320895,-0.14956392721293624,-1.043483272771796,-0.14835764357978037,1.9830309845420242,-0.13662802952560457,-0.17467188485366383,0,0,0
0.6815291,2665,4039,4294967268,2666,4039,-28,0.01050494602964611,0.031415926535897934,0.02356194490192345,-0.15391854348286144,-1.0696425343206415,-0.15242655536416799,2.577880880465699,-0.12373862512327607,-0.16341938317557009,0,0,0
0.68652000000000002,2700,4046,4294967265,2701,4046,-31,0.0097325235274662494,0.025918139392115794,0.022776546738526002,-0.15418256914141734,-1.0835981888286883,-0.15459727134483936,3.1093217884778381,-0.10819201618088689,-0.1481560196480568,0,0,0
0.69145489999999998,2732,4052,4294967262,2733,4052,-34,0.0090263086683303757,0.021205750411731103,0.022776546738525999,-0.14814609289783759,-1.0177638450200961,-0.082475803177651991,6.3419890923785331,-0.076482070718994224,-0.12418550920047274,0,0,0
0.69643500000000003,2761,4057,4294967259,2762,4057,-37,0.008386301452238492,0.01727875959474386,0.023561944901923447,-0.13874837392157133,-0.90936248732139791,0.029279660493565882,11.058386039482059,-0.021190140521583925,-0.084183828162670199,0,0,0
0.70150179999999995,2784,4062,4294967257,2785,4062,-39,0.0078787095222345831,0.013351768777756621,0.022776546738525999,-0.12138014118798862,-0.85153165393103503,-0.057659169107508942,7.247127066443209,0.015045494810632123,-0.0439527739752886,0,0,0
0.70641089999999995,2800,4065,4294967255,2801,4065,-41,0.0075256020926666462,0.010995574287564275,0.023561944901923447,-0.097700624022279053,-0.674120554435369,0.042519039230952932,10.693989556753882,0.068515442594401538,0.0062878415224659374,0,0,0
0.71140139999999996,2808,4067,4294967254,2809,4067,-42,0.0073490483778826778,0.0094247779607693795,0.023561944901923447,-0.068595001509820452,-0.50619432633503514,0.022683401074348811,8.8377773315397725,0.1127043292521004,0.057953648374327808,0,0,0
0.71640669999999995,2807,4067,4294967254,2808,4067,-42,0.0073711175922306742,0.0094247779607693795,0.023561944901923447,-0.034535506151144778,-0.27004864487762487,0.012101324338608228,6.7933200608682753,0.14667092955644179,0.10686266490559601,0,0,0
0.72141080000000002,2798,4065,4294967255,2799,4065,-41,0.0075697405213626381,0.010995574287564275,0.023561944901923447,0.00010771111304651651,0.0024913025265306532,0.006455912421078412,4.5971353461408544,0.16965660628714607,0.15054250930657523,0,0,0
0.72636800000000001,2780,4062,4294967257,2781,4062,-39,0.0079669863796265668,0.013351768777756621,0.022776546738525999,0.037121447325060168,0.22116763810526047,-0.06983536689824453,-0.66948563545386452,0.16630917810987675,0.17815818702840477,0,0,0
0.73138139999999996,2754,4057,4294967259,2755,4057,-37,0.008540785952674464,0.01727875959474386,0.023561944901923447,0.073340716902722175,0.4843878975239882,0.036023182714825699,1.5407660450260818,0.17401300833500716,0.20020692663166606,0,0,0
0.73635779999999995,2720,4051,4294967262,2721,4051,-34,0.0092911392405063287,0.021991148575128551,0.023561944901923447,0.10913614799218826,0.69809229054980781,0.019217938981558391,-1.3847854730835416,0.16708908096958944,0.20816473401368527,0,0,0
0.74132949999999997,2682,4044,4294967265,2683,4044,-31,0.010129769385730177,0.02748893571891069,0.024347343065320898,0.13646902524477322,0.88538055853495212,0.083532060873994216,-0.61958327861649654,0.16399116457650695,0.21011816877703321,0,0,0
0.74630649999999998,2642,4036,4294967269,2643,4036,-27,0.011012537959650018,0.033772121026090278,0.024347343065320898,0.15516901027972357,1.0585761383981229,0.044563359700573013,-4.1140732739051442,0.14342079820698123,0.19987748826458709,0,0,0
0.75131820000000005,2600,4028,4294967273,2601,4028,-23,0.011939444962265853,0.040055306333269862,0.024347343065320895,0.1692634501248928,1.150973917684742,0.023774021699264573,-6.4891049383718338,0.11097527351512206,0.17576248696328389,0,0,0
0.75628010000000001,2561,4021,4294967277,2562,4021,-19,0.012800144321837697,0.045553093477052005,0.023561944901923454,0.17060533514472839,1.1269875132854015,-0.06059636183811723,-10.850262178169411,0.056723962624275003,0.13500774111883862,0,0,0
0.7612852,2527,4015,4294967280,2528,4015,-16,0.013550497609669561,0.050265482457436693,0.02356194490192345,0.16102566350882108,1.0409115328982403,-0.032327437404083267,-9.8394059153984603,0.0075269330472826981,0.086431959464827943,0,0,0
0.76592300000000002,2502,4010,4294967282,2503,4010,-14,0.014102227968369463,0.054192473274423933,0.024347343065320898,0.13738303041001559,0.92171150314068151,0.056033216421445486,-5.6149793901035157,-0.020547963903234882,0.042992783506942162,0,0,0
0.77086750000000004,2483,4007,4294967284,2484,4007,-12,0.014521543040981388,0.056548667764616277,0.023561944901923447,0.11241530563344258,0.71156066822328468,-0.043386465625645715,-8.8926333410035046,-0.065011130608252407,-0.0084215338254355065,0,0,0
0.7768448,2473,4006,4294967285,2474,4006,-11,0.014742235184461348,0.057334065928013725,0.022776546738526006,0.080563329439014716,0.452888661877967,-0.09642568201783186,-9.7328435214800368,-0.11367534821565259,-0.063892180246530692,0,0,0
0.78186610000000001,2475,4007,4294967284,2476,4007,-12,0.014698096755765356,0.056548667764616277,0.023561944901923447,0.038861356308922283,0.16833118841006373,0.02183756626016551,-2.6455920533262423,-0.12690330848228379,-0.10352331742473331,0,0,0
0.78682410000000003,2486,4010,4294967283,2487,4010,-13,0.0144553353979374,0.054192473274423933,0.022776546738525999,-0.0019181420954689291,-0.13003587350006929,-0.061629437753805812,-3.9373558393397667,-0.14659008767898263,-0.13878805327489738,0,0,0
0.79181319999999999,2504,4015,4294967281,2505,4015,-15,0.01405808953967347,0.050265482457436693,0.021991148575128554,-0.038087290693924976,-0.43577018638700116,-0.10615809039431252,-3.5127892843854851,-0.16415403410091006,-0.1694771376030082,0,0,0
0.79682140000000001,2531,4021,4294967278,2532,4021,-18,0.013462220752277577,0.045553093477052005,0.021991148575128558,-0.075915093100591469,-0.67215532064211758,-0.056634076998338251,0.86748090772864206,-0.15981662956226686,-0.18454081519750481,0,0,0
0.80180030000000002,2563,4028,4294967275,2564,4028,-21,0.012756005893141706,0.040055306333269862,0.021205750411731103,-0.10639132651029859,-0.87154349397021147,-0.10349312492056768,0.92764201555473935,-0.15517841948449315,-0.19139273047279079,0,0,0
0.80676749999999997,2598,4036,4294967271,2599,4036,-25,0.011983583390961844,0.033772121026090278,0.021205750411731103,-0.12882736488385227,-1.0511942292371745,-0.055212349654926746,4.911955407877592,-0.13061864244510518,-0.18341712863999959,0,0,0
0.81179270000000003,2635,4045,4294967267,2636,4045,-29,0.011167022460085991,0.026703537555513242,0.020420352248333655,-0.14491494469284733,-1.2203152763498772,-0.1027346503140784,4.7103974456794084,-0.10706665521670813,-0.16606296841471141,0,0,0
0.81676190000000004,2671,4053,4294967263,2672,4053,-33,0.010372530743558133,0.020420352248333658,0.020420352248333658,-0.1514383666727033,-1.2372598216453441,-0.054807712484969372,7.754175845694502,-0.068295775988235621,-0.13546149471240604,0,0,0
0.82173680000000004,2702,4061,4294967259,2703,4061,-37,0.0096883850987702566,0.014137166941154069,0.020420352248333655,-0.14462298329851508,-1.2462995347694301,-0.029239261910676662,9.5324151422961876,-0.02063370027675468,-0.094631983675818029,0,0,0
0.82674440000000005,2728,4067,4294967256,2729,4067,-40,0.0091145855257223594,0.0094247779607693795,0.020420352248333655,-0.13069150611856223,-1.1045630754839757,-0.015598798021639698,9.9354309128177114,0.029043454287333875,-0.045069322437081644,0,0,0
0.83176229999999995,2745,4072,4294967253,2746,4072,-43,0.0087394088818064271,0.0054977871437821377,0.021205750411731103,-0.10472723658726402,-0.95566884308974964,0.064957746312136758,12.836256032546094,0.09322473445006435,0.015256771656654816,0,0,0
0.83664059999999996,2753,4075,4294967251,2754,4075,-45,0.0085628551670224595,0.0031415926535897933,0.021991148575128551,-0.072343615633950947,-0.72967650469124479,0.10793370337365898,13.575166924681255,0.16110056907347065,0.084675299988275429,0,0,0
0.84162459999999994,2750,4076,4294967250,2751,4076,-46,0.0086290628100664478,0.0023561944901923449,0.022776546738526002,-0.032417126619023025,-0.46255324489377769,0.13086086466922403,12.957069223987446,0.22588591519340789,0.15889171555653347,0,0,0
0.84660809999999997,2734,4075,4294967250,2735,4075,-46,0.0089821702396343846,0.0031415926535897933,0.02356194490192345,0.015651613204889218,-0.17348712835436003,0.14309223218293254,11.410943119836976,0.2829406307925928,0.23267722594476251,0,0,0
0.85159510000000005,2704,4070,4294967252,2705,4070,-44,0.0096442466700742656,0.0070685834705770346,0.024347343065320895,0.070123257132792105,0.27384427952544044,0.1496175210892543,8.5169960689314124,0.32552561113724987,0.29949626208098185,0,0,0
0.8565815,2657,4063,4294967255,2658,4063,-41,0.010681499744430079,0.012566370614359173,0.025132741228718346,0.1341881049367343,0.65904929698436499,0.15309868501170648,5.2473402402162304,0.351762312338331,0.35143223169089799,0,0,0
0.86113200000000001,2602,4054,4294967259,2603,4054,-37,0.01189530653356986,0.019634954084936207,0.025918139392115794,0.18483882039946661,1.0111106250112756,0.15495584450747041,2.1305101587511928,0.36241486313208698,0.39217809358828976,0,0,0
0.86612160000000005,2529,4041,4294967265,2530,4041,-31,0.01350635918097357,0.029845130209103034,0.026703537555513242,0.24892435863305007,1.4920492280154192,0.15594661698171719,-2.2135060318444211,0.35134733297286486,0.40630474434933472,0,0,0
0.87110860000000001,2448,4027,4294967271,2449,4027,-25,0.015293965543161248,0.040840704496667317,0.028274333882308142,0.29958611219359554,1.8219037645561396,0.22975470158972605,-2.6736947327554006,0.33797885930908783,0.40514534517013961,0,0,0
0.87610829999999995,2363,4012,4294967278,2364,4012,-18,0.01716984876274091,0.052621676947629037,0.02905973204570559,0.3348499954428214,2.0711567508850051,0.19585091646232602,-7.1898597288526114,0.30202956066482478,0.3834654550392525,0,0,0
0.88110650000000001,2281,3997,4294967284,2282,3997,-12,0.018979524339276584,0.06440264939859075,0.03141592653589792,0.34748552641374847,2.2041302507603477,0.32432268943797915,-3.7501481569777635,0.28327881987993597,0.36048011535907626,0,0,0
0.88608489999999995,2204,3984,4294967290,2205,3984,-6,0.020678853844072281,0.074612825522757595,0.032201324699295389,0.343930880397748,2.1285109907905158,0.24630181177781918,-7.8234525472899694,0.24416155714348614,0.32714112707074472,0,0,0
0.89111720000000005,2133,3972,4294967295,2134,3972,-1,0.022245768062779999,0.084037603483526971,0.033772121026090278,0.3296798575038431,2.0148894968474691,0.27795812198166236,-6.7300927829185806,0.21051109322889322,0.29147366133278435,0,0,0
0.89608670000000001,2070,3962,3,2071,3962,3,0.023636128566703749,0.091891585117501451,0.035342917352885174,0.30560422440231305,1.8077147443528401,0.29484638648329908,-5.4709047159073307,0.18315656964935656,0.25782259426344489,0,0,0
0.90110650000000003,2012,3953,7,2013,3953,7,0.024916142998887517,0.09896016858807849,0.036128315516282622,0.2824646095435645,1.6239099618301922,0.23057655518210191,-7.709571212207921,0.14460871358831695,0.21782801893911566,0,0,0
0.90611039999999998,1962,3945,10,1963,3945,10,0.02601960371628732,0.10524335389525807,0.037699111843077518,0.2536470184822226,1.4525727799767516,0.26956888485849595,-5.3315021886417586,0.11795120264510815,0.18157896308435872,0,0,0
0.91100139999999996,1920,3938,13,1921,3938,13,0.026946510718903152,0.1107411410390402,0.038484510006474959,0.22180029473529786,1.2878869146048126,0.21709130909273278,-6.7179671102544258,0.084361367093836015,0.14415669249638147,0,0,0
0.91599940000000002,1886,3933,15,1887,3933,15,0.027696864006735017,0.11466813185602745,0.039269908169872414,0.18833756477428015,1.053469928073818,0.18909514737236832,-6.6185139815302838,0.051268797186184593,0.10721475405720159,0,0,0
0.92099699999999995,1858,3929,17,1859,3929,17,0.028314802008478905,0.11780972450961724,0.039269908169872414,0.15813093526835584,0.85513173811805099,0.10088000920627563,-9.2618792084335642,0.0049594011440167729,0.062959941867106212,0,0,0
0.92595269999999996,1839,3927,17,1840,3927,17,0.028734117081090832,0.11938052083641214,0.04084070449666731,0.12348406579045851,0.60276163718405029,0.20037732212474291,-3.3496512445276885,-0.011788855078621669,0.029658003618401155,0,0,0
0.9319617,1825,3926,17,1826,3926,17,0.029043086081962776,0.12016591899980959,0.041626102660064765,0.094704822216808954,0.39484567449628483,0.18017843437029385,-2.6959268347003809,-0.025268489252123574,1.9139213815952405e-05,0,0,0
0.9359305,1821,3926,17,1822,3926,17,0.029131362939354758,0.12016591899980959,0.041626102660064765,0.058760335872450116,0.21064546516260213,0.096123049007991707,-4.6358613557796531,-0.048447796031021839,-0.026629324078338568,0,0,0
0.94191309999999995,1822,3928,16,1823,3928,16,0.029109293725006764,0.11859512267301468,0.041626102660064751,0.029288829153745054,-0.034182191477441184,0.051280501925128764,-4.7187228096088045,-0.072041410079065865,-0.052930467990478534,0,0,0
0.94689160000000006,1827,3931,15,1828,3931,15,0.028998947653266782,0.11623892818282235,0.04084070449666731,0.0053296902419214184,-0.23807434995666105,-0.045921982209785765,-7.2962528613162609,-0.10852267438564717,-0.085924589010978436,0,0,0
0.95188410000000001,1837,3934,13,1838,3934,13,0.028778255509786823,0.11388273369262999,0.041626102660064751,-0.017747776353936779,-0.34684838837218607,0.048780688663798144,-1.9868052916410797,-0.11845670084385257,-0.11075017939847819,0,0,0
0.95687160000000004,1853,3938,11,1854,3938,11,0.028425148080218884,0.1107411410390402,0.041626102660064765,-0.042413991531704116,-0.47815756177877111,0.026023916477360388,-1.4406509958832123,-0.12565995582326864,-0.13008325692149739,0,0,0
0.96185229999999999,1873,3943,9,1874,3943,9,0.027983763793258964,0.10681415022205297,0.04084070449666731,-0.063809564632216015,-0.62148896133421727,-0.059396069767796343,-3.5792414901837137,-0.14355616327418722,-0.1509849527379028,0,0,0
0.9668447,1898,3949,6,1899,3949,6,0.027432033434559064,0.10210176124166827,0.040840704496667303,-0.08551939939701142,-0.77123407536848743,-0.031687095878736304,-0.76909387068347823,-0.14740163262760461,-0.16447756993611493,0,0,0
0.97183010000000003,1927,3955,2,1928,3955,2,0.026792026218467178,0.09738937226128358,0.042411500823462199,-0.10533777875446812,-0.85112131040484851,0.12965435029146619,7.6117275142518261,-0.10934299505634548,-0.15514111529045296,0,0,0
0.97681340000000005,1958,3962,4294967295,1959,3962,-1,0.026107880573679302,0.091891585117501451,0.041626102660064758,-0.12002886865183821,-0.96701971821895938,-0.0041104674533648244,3.4682919899688631,-0.092001535106501164,-0.14180787626071337,0,0,0
0.9818114,1989,3969,4294967291,1990,3969,-5,0.025423734928891425,0.086393797973719322,0.04241150082346222,-0.12786639015723397,-1.0288501385642075,0.071086633856830589,7.8943069270016686,-0.052530000471492817,-0.11295142094029051,0,0,0
0.9868034,2016,3975,4294967288,2017,3975,-8,0.024827866141495535,0.081681408993334634,0.04241150082346222,-0.12381117349315031,-0.98855641219353818,0.037923872598372745,6.9671259965318821,-0.017694370488833405,-0.078759409731781319,0,0,0
0.99178449999999996,2037,3980,4294967286,2038,3980,-10,0.024364412640187617,0.077754418176347387,0.041626102660064765,-0.10929310211974388,-0.89378066973708625,-0.053047584892729573,2.9381955745949981,-0.0030033926158584134,-0.050030064995809899,0,0,0
0.99677369999999998,2053,3983,4294967284,2054,3983,-12,0.024011305210619682,0.075398223686155036,0.042411500823462206,-0.091252332622817428,-0.69665990122821764,0.044979264490600808,6.3700736541548917,0.028846975654916049,-0.015117523981529223,0,0,0
1.0007789,2060,3985,4294967283,2061,3985,-13,0.023856820710183708,0.07382742735936014,0.042411500823462206,-0.063095804577601958,-0.51821879942999238,0.02399590195177247,4.4550833761365665,0.05112239253559888,0.014662789229419125,0,0,0
1.0067718000000001,2064,3986,4294967283,2065,3986,-13,0.023768543852791722,0.073042029195962685,0.041626102660064751,-0.041897301390844882,-0.34974307736744759,-0.060477991365757273,-0.15307681029076781,0.050357008484145038,0.035617953192788439,0,0,0
1.011774,2061,3986,4294967283,2062,3986,-13,0.023834751495835711,0.073042029195962685,0.041626102660064751,-0.016174380552708503,-0.18658376671708765,-0.032264288166742074,-0.17257144479466224,0.049494151260171725,0.048563016731086359,0,0,0
1.0168136000000001,2055,3985,4294967283,2056,3985,-13,0.023967166781923687,0.07382742735936014,0.042411500823462206,0.0037258221706783969,-0.026260698242469169,0.056066905787529146,2.5008713063216623,0.061998507791780039,0.062965389534263658,0,0,0
1.0217145000000001,2047,3983,4294967284,2048,3983,-12,0.024143720496707655,0.075398223686155036,0.042411500823462206,0.01846056385934525,0.13254926880793963,0.029911026541973654,0.33172838265130988,0.063657149705036595,0.072814769753026476,0,0,0
1.0266834,2036,3981,4294967285,2037,3981,-11,0.024386481854535614,0.076969020012949932,0.042411500823462213,0.032498703863714916,0.21727249497590323,0.015957176452453498,-1.07970699095236,0.058258614750274794,0.076271344199753968,0,0,0
1.0316969,2023,3979,4294967286,2024,3979,-10,0.024673381641059561,0.078539816339744828,0.042411500823462206,0.04410610490255662,0.26247132717532995,0.008512963604822673,-2.0367714337887701,0.048074757581330944,0.073420453945621647,0,0,0
1.0366891,2009,3976,4294967288,2010,3976,-8,0.024982350641931505,0.080896010829937165,0.041626102660064751,0.052357625388017928,0.35986388517696555,-0.068737954588952765,-6.2369188844195413,0.016890163159233237,0.056745738460489151,0,0,0
1.0416445999999999,1996,3973,4294967289,1997,3973,-7,0.025269250428455455,0.083252205320129516,0.042411500823462199,0.054700603037685369,0.41182165503173901,0.036608639112849638,-2.3008000476704278,0.0053861629208810987,0.040938383609108474,0,0,0
1.0466496000000001,1985,3971,4294967291,1986,3971,-5,0.025512011786283411,0.084823001646924412,0.04084070449666731,0.051832333186034057,0.36626098719689526,-0.12702876558627613,-9.3685139905792933,-0.04145640703201537,0.0078350497320110006,0,0,0
1.0516382,1977,3969,4294967292,1978,3969,-4,0.025688565501067379,0.086393797973719322,0.040840704496667317,0.044124814589980479,0.34195491348484996,-0.06776833366628103,-6.9032971612943905,-0.075972892838487321,-0.02941694537155061,0,0,0
1.0566059999999999,1976,3969,4294967292,1977,3969,-4,0.025710634715415376,0.086393797973719322,0.040840704496667317,0.02559917336807831,0.18242887403425598,-0.036153598964049218,-4.6355112831648801,-0.099150449254311726,-0.063936688214501936,0,0,0
1.0616300000000001,1980,3969,4294967292,1981,3969,-4,0.02562235785802339,0.086393797973719322,0.040840704496667317,0.0054204130827635848,0.09732363176843456,-0.019287514497403905,-3.1719679740679974,-0.11501028912465172,-0.095675572135808601,0,0,0
1.0665944999999999,1990,3971,4294967292,1991,3971,-4,0.025401665714543428,0.084823001646924412,0.039269908169872407,-0.017699376798757858,-0.094638040053839689,-0.1568486978751473,-7.7592982420239007,-0.15380678033477124,-0.13524637732967987,0,0,0
1.0715794000000001,2007,3974,4294967290,2008,3974,-6,0.025026489070627496,0.082466807156732075,0.040055306333269869,-0.044447281208122497,-0.27032682520897666,-0.010397393127519222,-0.027037836892882305,-0.15394196951923567,-0.1600196544331984,0,0,0
1.0765682999999999,2031,3979,4294967288,2032,3979,-8,0.024496827926275593,0.078539816339744828,0.039269908169872414,-0.07313074151120609,-0.51061373841154101,-0.07882640470394163,-0.97289798672150374,-0.15880645945284319,-0.17886468361093472,0,0,0
1.0815786000000001,2061,3984,4294967286,2062,3984,-10,0.023834751495835711,0.074612825522757595,0.038484510006474973,-0.10078768757050985,-0.63880394505014937,-0.11533246746509694,-1.0106452771796852,-0.16385968583874161,-0.19182545360214434,0,0,0
1.0865639,2096,3991,4294967283,2097,3991,-13,0.023062328993655852,0.069115038378975438,0.037699111843077504,-0.12583789024270026,-0.85375093227039134,-0.1348080172008003,0.08557795629838516,-0.1634317960572497,-0.19738975153040986,0,0,0
1.0915934,2133,3998,4294967280,2134,3998,-16,0.022245768062779999,0.063617251235193309,0.036913713679680063,-0.14332009557317388,-0.96842259016829924,-0.14519799105224793,1.0366340228233328,-0.15824862594313302,-0.19734068715027256,0,0,0
1.0965758999999999,2172,4006,4294967277,2173,4006,-19,0.021385068703208152,0.057334065928013725,0.035342917352885174,-0.15676486444843249,-1.1028780733345238,-0.22402043766076024,-0.92616360686636767,-0.16287944397746487,-0.1974051124717445,0,0,0
1.1015607999999999,2212,4013,4294967273,2213,4013,-23,0.02050230012928831,0.051836278784231589,0.036128315516282622,-0.16599659879357576,-1.1013289530935879,-0.046232716361015488,7.5092267720956283,-0.12533331011698673,-0.17800600825205362,0,0,0
1.1065296,2250,4020,4294967270,2251,4020,-26,0.019663669984064464,0.046338491640449446,0.035342917352885167,-0.16680339860138488,-1.100502515893381,-0.097944122889412219,5.9876550817067393,-0.095395034708453036,-0.1531916364620203,0,0,0
1.1115432000000001,2285,4027,4294967267,2286,4027,-29,0.018891247481884602,0.040840704496667317,0.034557519189487733,-0.16105648590258398,-1.1000616214890346,-0.12553154244588066,5.2888695626862079,-0.068950686895021998,-0.12459753240934515,0,0,0
1.1165312999999999,2316,4033,4294967264,2317,4033,-32,0.018207101837096725,0.036128315516282622,0.034557519189487726,-0.14975413536635074,-1.0265468902828716,-0.066969582951175333,7.8144416703026529,-0.029878478543508731,-0.08723253066042741,0,0,0
1.1215143000000001,2340,4038,4294967262,2341,4038,-34,0.017677440692744819,0.032201324699295375,0.033772121026090271,-0.12931069411488882,-0.91404813737260304,-0.10900699426180747,5.5775845899997414,-0.0019905555935100239,-0.051516086553918518,0,0,0
1.1264949,2357,4041,4294967260,2358,4041,-36,0.017302264048828887,0.029845130209103034,0.034557519189487726,-0.10399058982726861,-0.70747235384833929,0.01512558600770713,9.8645854312896262,0.047332371562938111,-0.0063383788621736679,0,0,0
1.1315090999999999,2366,4043,4294967260,2367,4043,-36,0.017103641119696922,0.028274333882308138,0.03298672286269283,-0.074009733622873317,-0.52398711413831411,-0.13848971857814801,2.084113423964034,0.057752938682758284,0.025716690625123346,0,0,0
1.1364422999999999,2367,4043,4294967260,2368,4043,-36,0.017081571905348928,0.028274333882308138,0.03298672286269283,-0.041542421775348171,-0.27954088527798526,-0.073882615600000284,3.1160501378919832,0.073333189372218194,0.053693434626514519,0,0,0
1.1414633999999999,2363,4042,4294967260,2364,4042,-36,0.01716984876274091,0.029059732045705586,0.033772121026090278,-0.013925946241349579,-0.075852213976852448,0.033864023730755075,6.2497056582161701,0.10458171766329905,0.08634427337704445,0,0,0
1.1464152000000001,2353,4041,4294967261,2354,4041,-35,0.017390540906220872,0.029845130209103034,0.03298672286269283,0.013161776150271733,0.032813266452472081,-0.05521346591523265,1.286535832391889,0.11101439682525849,0.10904657317795174,0,0,0
1.1514418,2338,4038,4294967262,2339,4038,-34,0.01772157912144081,0.032201324699295375,0.033772121026090271,0.03790830477458635,0.23734404475824378,0.043823792758375196,3.9128985466541959,0.13057888955852948,0.13313486460922852,0,0,0
1.1564042999999999,2318,4034,4294967264,2319,4034,-32,0.018162963408400731,0.035342917352885174,0.033772121026090278,0.061405834405106788,0.4197382985379855,0.023379471543038349,1.4642018374298909,0.13789989874567893,0.15087648830137623,0,0,0
1.1614120000000001,2293,4029,4294967266,2294,4029,-30,0.018714693767100634,0.039269908169872414,0.034557519189487726,0.08423703794665327,0.59032298010494255,0.085752188936231294,2.5361698007804971,0.15058074774958141,0.16696222613139092,0,0,0
1.1663888,2264,4024,4294967269,2265,4024,-27,0.019354700983192519,0.043196898986859661,0.033772121026090285,0.10465365419222775,0.6813278762434829,-0.027531747709542698,-3.6301287642746276,0.13243010392820828,0.16751976074805508,0,0,0
1.1713564999999999,2232,4018,4294967272,2233,4018,-24,0.02006091584232839,0.047909287967244349,0.033772121026090278,0.12172300660778052,0.80315742385639322,-0.014687859529966436,-4.5852726259038539,0.10950374079868902,0.1570213301814874,0,0,0
1.1763712,2200,4011,4294967275,2201,4011,-21,0.020767130701464263,0.053407075111026485,0.034557519189487726,0.13082930284411537,0.94143155594291439,0.06544372114916093,-2.5653178384165116,0.096677151606606462,0.14385232997024486,0,0,0
1.1813578,2169,4006,4294967278,2170,4006,-18,0.02145127634625214,0.057334065928013725,0.033772121026090278,0.133628293177427,0.86864012013299763,-0.038366073422252664,-7.3746090701548983,0.059804106255831969,0.11677883307827867,0,0,0
1.18632,2141,4000,4294967280,2142,4000,-16,0.022069214347996028,0.06204645490839842,0.035342917352885181,0.12894419039916591,0.90308627528700225,0.12609119531133597,-0.92885149462159333,0.055159848782724001,0.096864232996766927,0,0,0
1.1913271000000001,2118,3996,4294967282,2119,3996,-14,0.022576806277999937,0.065188047561988219,0.035342917352885181,0.11614972603591371,0.7749038502615061,0.067268151090040099,-3.0295783023099148,0.040011957271174431,0.075883418543593803,0,0,0
1.1962827,2099,3992,4294967284,2100,3992,-12,0.022996121350611864,0.068329640215577997,0.035342917352885167,0.10108759061534675,0.70652005302322385,0.035886757516252116,-4.1523933018754056,0.019249990761797401,0.052761296987149653,0,0,0
1.2012984,2084,3990,4294967285,2085,3990,-11,0.023327159565831802,0.069900436542372907,0.035342917352885188,0.084815679691189735,0.52347907298898,0.019145157762796586,-4.0536442026840209,-0.0010182302516227038,0.028866805486522942,0,0,0
1.2062957000000001,2073,3988,4294967286,2074,3988,-10,0.023569920923659761,0.071471232869167789,0.035342917352885167,0.067898367942974672,0.42582888995906398,0.010213713668510425,-3.9011936876865567,-0.020524198690055489,0.0045267542913656061,0,0,0
1.2112464999999999,2067,3987,4294967286,2068,3987,-10,0.023702336209747734,0.072256631032565244,0.036128315516282622,0.048577632278422517,0.30045416092772215,0.078728413899982377,-0.13261414112492664,-0.021187269395680122,-0.010951389468035151,0,0,0
1.2161761,2066,3987,4294967286,2067,3987,-10,0.023724405424095731,0.072256631032565244,0.036128315516282622,0.027974698576661954,0.16028871677370965,0.042000671246131882,-0.66302125695993275,-0.024502375680479787,-0.022008390582410459,0,0,0
1.2211641,2067,3988,4294967286,2068,3988,-10,0.023702336209747734,0.071471232869167789,0.035342917352885167,0.012865058279791628,0.012232602243031215,-0.05087266136437376,-3.6814688537219116,-0.042909719949089348,-0.037661167419121386,0,0,0
1.2261449,2069,3989,4294967285,2070,3989,-11,0.023658197781051743,0.070685834705770348,0.036128315516282629,0.0027451348580206291,-0.06675357167230489,0.046139560292014423,1.0886017148989913,-0.03746671137459439,-0.045717038142599566,0,0,0
1.2311394,2074,3990,4294967284,2075,3990,-12,0.023547851709311764,0.069900436542372907,0.036913713679680077,-0.0088310545584100869,-0.10889175481698744,0.09789442523598664,3.9296174706889371,-0.017818624021149705,-0.042523312078961692,0,0,0
1.2361234000000001,2080,3992,4294967284,2081,3992,-12,0.023415436423223787,0.068329640215577997,0.035342917352885167,-0.017065924015011502,-0.20465149299691038,-0.094333528536428055,-3.5689349681171989,-0.0356632988617357,-0.049274368256694456,0,0,0
1.2411093,2087,3993,4294967283,2088,3993,-13,0.023260951922787813,0.067544242052180556,0.036128315516282622,-0.023518239064518987,-0.18245865362988237,0.022953705227230524,1.6056589946588793,-0.027635003888441305,-0.047779384955049138,0,0,0
1.2460962,2095,3995,4294967282,2096,3995,-14,0.023084398208003846,0.06597344572538566,0.036128315516282622,-0.02901958256611957,-0.24389855741209274,0.012245528385143091,1.7251473979771335,-0.019009266898555637,-0.042533725236339352,0,0,0
1.2510969000000001,2103,3997,4294967281,2104,3997,-15,0.022907844493219878,0.06440264939859075,0.036128315516282608,-0.031954483809224915,-0.27667601439768652,0.0065328435625906138,1.8907643497718079,-0.0095554451496965963,-0.034256014659713119,0,0,0
1.2560769000000001,2110,3999,4294967280,2111,3999,-16,0.022753359992783908,0.062831853071795868,0.036128315516282622,-0.031461108408229327,-0.29416239735574912,0.0034851942416045641,2.0302062847214239,0.00059558627391052311,-0.023862329011465285,0,0,0
1.2610678,2116,4001,4294967279,2117,4001,-17,0.022620944706695931,0.061261056745000965,0.036128315516282622,-0.029138788244640446,-0.30349117442013585,0.0018593096230353242,2.1554704692867026,0.011372938620344036,-0.011402256965007438,0,0,0
1.266084,2120,4002,4294967279,2121,4002,-17,0.022532667849303946,0.060475658581603517,0.035342917352885167,-0.023781637568223834,-0.23518844659641236,-0.072287599750477216,-1.3136679010533632,0.00480459911507722,-0.0058305612932191718,0,0,0
1.2710621,2123,4002,4294967279,2124,4002,-17,0.022466460206259958,0.060475658581603517,0.035342917352885167,-0.018864551217454163,-0.12547023542140193,-0.038564573600439807,-0.42080367248158845,0.0027005807526692778,-0.0012717745096578123,0,0,0
1.2760572999999999,2124,4003,4294967278,2125,4003,-18,0.02244439099191196,0.059690260418206069,0.036128315516282622,-0.012123123681010732,-0.14021639567573205,0.052705778538176658,3.4904428912160101,0.020152795208749331,0.0093706652361119983,0,0,0
1.2811049000000001,2123,4003,4294967278,2124,4003,-18,0.022466460206259958,0.059690260418206069,0.036128315516282622,-0.0044084318479230035,-0.074803777268721117,0.028117905181802304,2.0833111816526122,0.030569351117012394,0.019301002170176114,0,0,0
1.2860498,2122,4003,4294967278,2123,4003,-18,0.022488529420607955,0.059690260418206069,0.036128315516282622,-0.00029273562853290641,-0.039906924341494093,0.015000567560920353,1.332409481390622,0.037231398523965502,0.029890861605112028,0,0,0
1.2910303999999999,2120,4003,4294967278,2121,4003,-18,0.022532667849303946,0.059690260418206069,0.036128315516282622,0.0039620495537808246,-0.021289868888260767,0.0080026241533585271,0.88081462799084953,0.041635471663919746,0.040089557407224828,0,0,0
1.2960088999999999,2116,4003,4294967278,2117,4003,-18,0.022620944706695931,0.059690260418206069,0.036128315516282622,0.010350147304137611,-0.011357891512778107,0.0042693046832947973,0.53789867424414428,0.044324965035140468,0.048597009406351109,0,0,0
1.3010311000000001,2110,4002,4294967279,2111,4002,-17,0.022753359992783908,0.060475658581603517,0.035342917352885167,0.017876341904120022,0.067220219430045164,-0.071001896086240399,-3.2833069171981957,0.02790843044914949,0.046995982060033852,0,0,0
1.3059836,2103,4001,4294967279,2104,4001,-17,0.022907844493219878,0.061261056745000965,0.036128315516282622,0.023950587357165248,0.10914070583847688,0.035400853285120382,0.85527610401147403,0.032184810969206862,0.048895606747347276,0,0,0
1.3109732000000001,2095,3999,4294967280,2096,3999,-16,0.023084398208003846,0.062831853071795868,0.036128315516282622,0.029250235231449921,0.20478430540213932,0.018885933642075085,-0.48166157628265027,0.029776503087793608,0.047650267032534444,0,0,0
1.3156279,2087,3998,4294967281,2088,3998,-15,0.023260951922787813,0.063617251235193309,0.035342917352885167,0.032077534259357075,0.18252950746642116,-0.063204098604833767,-4.1336093415056308,0.0091084563802654554,0.03721945377280135,0,0,0
1.3215790000000001,2077,3996,4294967281,2078,3996,-15,0.023481644066267775,0.065188047561988219,0.036913713679680077,0.037704085146140515,0.24393635709009559,0.11284040467020867,2.8808954076269795,0.023512933418400352,0.034967869513554767,0,0,0
1.326557,2069,3995,4294967282,2070,3995,-14,0.023658197781051743,0.06597344572538566,0.036128315516282622,0.036587562512716047,0.20341666078372916,-0.013080507206560406,-2.400434851213014,0.011510759162335281,0.026237715316876652,0,0,0
1.3315737000000001,2063,3993,4294967282,2064,3993,-14,0.02379061306713972,0.067544242052180556,0.037699111843077518,0.031873690458909212,0.25507940464167217,0.13958074376390267,3.9479499342093143,0.031250508833381853,0.030471108188457878,0,0,0
1.3365391,2057,3992,4294967283,2058,3992,-13,0.023923028353227696,0.068329640215577997,0.036913713679680063,0.02935889585527611,0.20936134395095718,0.0011851452516632027,-1.7894607262884827,0.022303205201939437,0.027408220087051301,0,0,0
1.3415211,2051,3991,4294967283,2052,3991,-13,0.024055443639315673,0.069115038378975438,0.037699111843077504,0.028017282882697676,0.1849713030246804,0.07391178016999185,1.3776337586083236,0.029191373994981056,0.029206585405179421,0,0,0
1.3465294000000001,2045,3990,4294967284,2046,3990,-12,0.024187858925403649,0.069900436542372907,0.036913713679680077,0.027301548338973747,0.17195950664928972,-0.033848464779980852,-3.2634198703642952,0.012874274643159579,0.022502975841852041,0,0,0
1.3515242999999999,2040,3989,4294967284,2041,3989,-12,0.024298204997143628,0.070685834705770348,0.037699111843077518,0.024860602220793747,0.1650178682393138,0.055221766430179932,0.53935208255178413,0.015571035055918499,0.020919579882904726,0,0,0
1.3564890999999999,2035,3989,4294967285,2036,3989,-11,0.024408551068883608,0.070685834705770348,0.036128315516282629,0.023558386535749661,0.08803506752291472,-0.11709888382451791,-6.5991976194985345,-0.017424953041574171,0.0041491991627865456,0,0,0
1.3611044999999999,2032,3988,4294967285,2033,3988,-11,0.024474758711927596,0.071471232869167789,0.03691371367968007,0.018745449450305398,0.12024517941389251,0.010808659291575422,-1.2842748192271654,-0.023846327137709997,-0.0076400991779020933,0,0,0
1.3656394000000001,2030,3988,4294967285,2031,3988,-11,0.024518897140623587,0.071471232869167789,0.03691371367968007,0.014118694569329397,0.064149371228424748,0.0057662910127166886,-1.1922213450959029,-0.029807433863189511,-0.019740337186692831,0,0,0
1.3713097999999999,2030,3988,4294967285,2031,3988,-11,0.024518897140623587,0.071471232869167789,0.03691371367968007,0.0075321554144898665,0.034222925601346862,0.0030762475850500109,-1.0419711978964366,-0.03501728985267169,-0.030980884439062127,0,0,0
1.3763675,2032,3988,4294967285,2033,3988,-11,0.024474758711927596,0.071471232869167789,0.03691371367968007,-9.9905311563482438e-05,0.018257523250615387,0.0016411414518719468,-0.86024643744745732,-0.039318522039908974,-0.040970361818728519,0,0,0
1.3813525,2036,3989,4294967285,2037,3989,-11,0.024386481854535614,0.070685834705770348,0.036128315516282629,-0.0082897393448382612,-0.063539348064994117,-0.072403989871646715,-3.4981390870857663,-0.056809217475337806,-0.055744775966351127,0,0,0
1.3863327000000001,2042,3990,4294967284,2043,3990,-12,0.024254066568447637,0.069900436542372907,0.036913713679680077,-0.016777138795044499,-0.10717700480038325,0.034652852948012611,1.5263781337877731,-0.049177326806398941,-0.061591354507970708,0,0,0
1.3913291000000001,2050,3992,4294967284,2051,3992,-12,0.02407751285366367,0.068329640215577997,0.035342917352885167,-0.025423285851503906,-0.20373669428385377,-0.12807215421393933,-4.7563045377863498,-0.072958849495330685,-0.077150324305648957,0,0,0
1.396317,2060,3994,4294967283,2061,3994,-13,0.023856820710183708,0.066758843888783101,0.035342917352885167,-0.034154122865388915,-0.25525013870273883,-0.068324969073519898,-1.7186832271852401,-0.081552265631256893,-0.089923087094400736,0,0,0
1.4013043999999999,2074,3996,4294967282,2075,3996,-14,0.023547851709311764,0.065188047561988219,0.035342917352885181,-0.047048361488436378,-0.28273194783129618,-0.036450557324889499,0.20728645255925882,-0.080515833368460604,-0.096451783742555405,0,0,0
1.4062896,2090,4000,4294967280,2091,4000,-16,0.023194744279743829,0.06204645490839842,0.035342917352885181,-0.058045504762960345,-0.44395220430705629,-0.019445938246462131,2.1384949245520644,-0.069823358745700281,-0.095727673096384011,0,0,0
1.4112891000000001,2107,4003,4294967278,2108,4003,-18,0.022819567635827893,0.059690260418206069,0.036128315516282622,-0.065971459998662579,-0.45668177188751058,0.062905342817435803,6.2601344397471657,-0.038522686546964453,-0.081255711326226665,0,0,0
1.4162731,2124,4006,4294967277,2125,4006,-19,0.02244439099191196,0.057334065928013725,0.035342917352885174,-0.07019986272743059,-0.46347284459642168,-0.039720268032911725,2.3335576743434547,-0.02685489817524718,-0.066691256499049778,0,0,0
1.421265,2140,4009,4294967275,2141,4009,-21,0.022091283562344025,0.054977871437821381,0.036128315516282622,-0.070396554964844676,-0.46709580101235959,0.052089229321511943,6.6211648865950341,0.0062509262577279887,-0.04000198356828509,0,0,0
1.4262783000000001,2152,4012,4294967274,2153,4012,-22,0.021826452990168072,0.052621676947629037,0.035342917352885181,-0.062265046880232752,-0.4690286051148046,-0.045490535774876224,2.5797800279967702,0.019149826397711837,-0.017161837213273114,0,0,0
1.4312746999999999,2160,4013,4294967274,2161,4013,-22,0.021649899275384105,0.051836278784231589,0.034557519189487726,-0.04969054310359855,-0.32350069450183699,-0.097548178385267914,-0.41896441802203066,0.017055004307601686,-0.0017810180682630346,0,0,0
1.4362539999999999,2164,4014,4294967273,2165,4014,-23,0.021561622417992119,0.051050880620834134,0.035342917352885167,-0.034745754036501701,-0.24586328726844883,0.021238727815845355,4.1091931405865747,0.037600970010534557,0.018760809218887245,0,0,0
1.4412767,2164,4014,4294967273,2165,4014,-23,0.021561622417992119,0.051050880620834134,0.035342917352885167,-0.018536445994454288,-0.13116513579422834,0.011330608359678857,2.930249075677791,0.052252215388923509,0.03759329651294073,0,0,0
1.4462352999999999,2162,4013,4294967274,2163,4013,-22,0.021605760846688114,0.051836278784231589,0.034557519189487726,-0.0057707526637532222,0.0033044813794494282,-0.067234774667310385,-1.336112794433852,0.045571651416754247,0.047955419300161083,0,0,0
1.4512444,2157,4012,4294967274,2158,4012,-22,0.021716106918428093,0.052621676947629037,0.035342917352885181,0.0072169234908585535,0.075042420755185565,0.037410567699813761,2.4642713196508876,0.057893008015008685,0.061518024601537304,0,0,0
1.45625,2149,4010,4294967275,2150,4010,-21,0.02189266063321206,0.054192473274423933,0.035342917352885174,0.020323024838453795,0.18659327638357331,0.019958092348807483,0.84576783497868802,0.062121847189902123,0.071205799445342027,0,0,0
1.4611921000000001,2140,4008,4294967276,2141,4008,-20,0.022091283562344025,0.055763269601218829,0.035342917352885167,0.029374084090749673,0.24610432941234117,0.01064740458898461,-0.17033985920102118,0.061270147893897016,0.078035240133497621,0,0,0
1.4662112,2127,4005,4294967277,2128,4005,-19,0.022378183348867976,0.058119464091411173,0.036128315516282622,0.042439157464492193,0.35113228678349695,0.078959782841269699,1.8191937146612869,0.070366116467203449,0.084861080200151165,0,0,0
1.4711996000000001,2113,4002,4294967278,2114,4002,-18,0.02268715234973992,0.060475658581603517,0.03691371367968007,0.051468328781335726,0.40716345127263265,0.11540362311297402,2.77016097185391,0.084216921326473002,0.094571094224974922,0,0,0
1.4761557999999999,2098,3998,4294967280,2099,3998,-16,0.023018190564959858,0.063617251235193309,0.036913713679680063,0.058344394414013567,0.51033492954957027,0.061566458599536987,-0.36898937850525693,0.082371974433946712,0.099488758575820138,0,0,0
1.4811616000000001,2080,3995,4294967282,2081,3995,-14,0.023415436423223787,0.06597344572538566,0.036128315516282622,0.068190024330770288,0.49209616525856459,-0.040434546818509928,-5.2364059061591366,0.056189944903151032,0.089763758429803511,0,0,0
1.4861468,2062,3991,4294967284,2063,3991,-12,0.023812682281487717,0.069115038378975438,0.036128315516282608,0.073442550640650292,0.55564552100511055,-0.021571349196341998,-5.2437471413119034,0.029971209196591513,0.07236166907694852,0,0,0
1.4911585000000001,2045,3987,4294967286,2046,3987,-10,0.024187858925403649,0.072256631032565244,0.036128315516282622,0.07418560061239321,0.58954834549240731,-0.011508057905014803,-5.4010495591514021,0.0029659614008345006,0.048137672891677662,0,0,0
1.4961069,2031,3984,4294967287,2032,3984,-9,0.024496827926275593,0.074612825522757595,0.036913713679680077,0.068404678135241676,0.53435557931871425,0.067140107448105418,-2.0007315400467931,-0.0070376962993994648,0.02700813945416972,0,0,0
1.5011289999999999,2020,3981,4294967288,2021,3981,-8,0.024739589284103549,0.076969020012949932,0.037699111843077518,0.05914329404999849,0.50491089585067184,0.10909796705015767,-0.094205080367347982,-0.0075087217012362048,0.01059435976434951,0,0,0
1.5061070999999999,2014,3980,4294967289,2015,3980,-7,0.024872004570191526,0.077754418176347387,0.03691371367968007,0.043906904619897422,0.34264346929049144,-0.015077053108508293,-4.5560617054486929,-0.030289030228479671,-0.01079644808219794,0,0,0
1.5110638999999999,2012,3979,4294967290,2013,3979,-6,0.024916142998887517,0.078539816339744828,0.036128315516282622,0.02754203125682942,0.25607572964863373,-0.081322947574154272,-6.8780154184882782,-0.064679107320921067,-0.038940692169477785,0,0,0
1.5160651000000001,2013,3978,4294967290,2014,3978,-6,0.024894073784539523,0.079325214503142283,0.036913713679680077,0.01263423541725699,0.2098928714770287,0.029894695228780216,-1.7356084196850403,-0.073357149419346263,-0.06103701040195416,0,0,0
1.5210888,2018,3979,4294967289,2019,3979,-7,0.02478372771279954,0.078539816339744828,0.037699111843077511,-0.0035553371784554427,0.03869582804589268,0.08922798318336797,1.9534579908278307,-0.063589859465207108,-0.07257409616040382,0,0,0
1.5260609000000001,2026,3980,4294967289,2027,3980,-7,0.024607173998015573,0.077754418176347387,0.03691371367968007,-0.018369612146284544,-0.052635755854623489,-0.025677452871612313,-2.1542653041539803,-0.074361185985977005,-0.086964090376650122,0,0,0
1.5311052999999999,2038,3982,4294967288,2039,3982,-8,0.024342343425839619,0.076183621849552477,0.036913713679680063,-0.034509292470653125,-0.17463958749805575,-0.013698615316558868,-0.64829849245971127,-0.077602678448275564,-0.09627763077543558,0,0,0
1.5360893,2052,3984,4294967287,2053,3984,-9,0.024033374424967675,0.074612825522757595,0.036913713679680077,-0.047237840243162361,-0.2397271787473082,-0.0073080481358210455,0.35941103744502351,-0.075805623261050448,-0.10137632365751316,0,0,0
1.5409538,2069,3987,4294967285,2070,3987,-11,0.023658197781051743,0.072256631032565244,0.037699111843077525,-0.060205699684842184,-0.34773015284860886,0.069380762642435936,4.6883588257456097,-0.052363829132322404,-0.092705280965659415,0,0,0
1.5459297000000001,2087,3990,4294967284,2088,3990,-12,0.023260951922787813,0.069900436542372907,0.036913713679680077,-0.06918300852664247,-0.40534845333407227,-0.036265708671458917,0.92316260334500844,-0.047748016115597362,-0.084471071080142679,0,0,0
1.5519050000000001,2107,3994,4294967282,2108,3994,-14,0.022819567635827893,0.066758843888783101,0.036913713679680063,-0.078090516409230981,-0.50936664976399471,-0.019347323691203983,2.61259412573171,-0.034685045486938813,-0.068796907799099319,0,0,0
1.5568763999999999,2122,3996,4294967281,2123,3996,-15,0.022488529420607955,0.065188047561988219,0.036913713679680077,-0.07254701447228859,-0.41830008023209686,-0.010321566783740797,2.7655578361776865,-0.020857256306050381,-0.053349501390304713,0,0,0
1.5618685999999999,2135,3998,4294967280,2136,3998,-16,0.022201629634084005,0.063617251235193309,0.036913713679680063,-0.065471401680548491,-0.36971714989031201,-0.0055064329605285112,2.848961203729961,-0.0066124502874005762,-0.036167129733311029,0,0,0
1.5668546000000001,2145,4000,4294967280,2146,4000,-16,0.021980937490604046,0.06204645490839842,0.035342917352885181,-0.055519315730820987,-0.34379873512265924,-0.14949665499286621,-3.5286337504478209,-0.02425561903963968,-0.032693077473046069,0,0,0
1.5718429,2152,4000,4294967280,2153,4000,-16,0.021826452990168072,0.06204645490839842,0.035342917352885181,-0.04403266560696463,-0.18341253092012333,-0.079754685096649458,-1.4941449042038619,-0.031726343560658989,-0.032782697956621164,0,0,0
1.5768245999999999,2159,4001,4294967280,2160,4001,-16,0.021671968489732102,0.061261056745000965,0.034557519189487726,-0.037904674559356796,-0.17112792029478219,-0.11582769399980122,-3.2441096216364302,-0.047946891668841141,-0.039516833624224132,0,0,0
1.5818148999999999,2165,4002,4294967279,2166,4002,-17,0.021539553203644125,0.060475658581603517,0.035342917352885167,-0.032576354050424687,-0.1645742268224708,0.011486823924577963,2.1023955043057265,-0.037434914147312509,-0.039895586588116469,0,0,0
1.5867994999999999,2172,4002,4294967279,2173,4002,-17,0.021385068703208152,0.060475658581603517,0.035342917352885167,-0.031792868776113675,-0.087798390110314192,0.0061280837682227132,1.6143777427527386,-0.029363025433548816,-0.037927616266522475,0,0,0
1.5917931999999999,2179,4003,4294967279,2180,4003,-17,0.021230584202772181,0.059690260418206069,0.034557519189487726,-0.031374888712723183,-0.12011891483284051,-0.070010259580460851,-1.4813142096380643,-0.036769596481739136,-0.040792606564241336,0,0,0
1.5967846999999999,2186,4004,4294967279,2187,4004,-17,0.021076099702336207,0.058904862254808621,0.033772121026090271,-0.031151901326591177,-0.1373615298701239,-0.11062915903239033,-3.1746317671274826,-0.052642755317376548,-0.049492443461671878,0,0,0
1.6017733000000001,2194,4004,4294967279,2195,4004,-17,0.02089954598755224,0.058904862254808621,0.033772121026090271,-0.033092050474346657,-0.073280740359765964,-0.059019338871204002,-1.2321791149150263,-0.058803650891951678,-0.057194309931252768,0,0,0
1.6067529,2204,4005,4294967279,2205,4005,-17,0.020678853844072281,0.058119464091411173,0.03298672286269283,-0.038245317465055953,-0.1123739215802913,-0.10476563372387393,-2.9294622589660575,-0.07345096218678196,-0.068408761980860572,0,0,0
1.6117766,2215,4006,4294967278,2216,4006,-18,0.020436092486244322,0.057334065928013725,0.033772121026090278,-0.043053634297533339,-0.13322966820430793,0.017388301344717777,2.5473570270682138,-0.060714177051440887,-0.070018990170208295,0,0,0
1.6167809,2227,4008,4294967278,2228,4008,-18,0.020171261914068372,0.055763269601218829,0.032201324699295382,-0.047677924328573033,-0.21763547995105129,-0.13728258689232364,-3.543743474217139,-0.078432894422526586,-0.080679829016784027,0,0,0
1.6217607000000001,2242,4010,4294967277,2243,4010,-19,0.019840223698848431,0.054192473274423933,0.032201324699295382,-0.056322258778046301,-0.26266497533681643,-0.073238625221234255,-0.35227654673192799,-0.080194277156186225,-0.085886342670035365,0,0,0
1.626733,2257,4012,4294967276,2258,4012,-20,0.01950918548362849,0.052621676947629037,0.032201324699295375,-0.060933908262248856,-0.28668767487296393,-0.039071934363413642,1.4537001980862283,-0.072925776165755088,-0.086985719918547977,0,0,0
1.6317744000000001,2274,4014,4294967275,2275,4014,-21,0.019134008839712557,0.051050880620834134,0.032201324699295375,-0.067512388867798548,-0.29950349899135903,-0.020844411678774426,2.6221025263613127,-0.059815263533948525,-0.081363477295684342,0,0,0
1.6367293999999999,2290,4017,4294967274,2291,4017,-22,0.018780901410144622,0.04869468613064179,0.031415926535897934,-0.068962819665612352,-0.37962010782805733,-0.084399764688442819,0.46160561044860371,-0.057507235481705506,-0.077593946973019259,0,0,0
1.6417375000000001,2306,4019,4294967273,2307,4019,-23,0.018427793980576684,0.047123889803846894,0.031415926535897927,-0.069736607223198091,-0.34908184524902308,-0.04502626935217631,2.206124592636086,-0.046476612518525078,-0.069188954509019629,0,0,0
1.6467198000000001,2322,4021,4294967272,2323,4021,-24,0.018074686551008749,0.045553093477052005,0.031415926535897934,-0.070149413670204247,-0.33279004584049465,-0.024020978485645737,3.2403855308224898,-0.030274684864412628,-0.055432125593254555,0,0,0
1.6517139999999999,2335,4023,4294967271,2336,4023,-25,0.017787786764484798,0.043982297150257102,0.031415926535897927,-0.06419231020544601,-0.32409856487360089,-0.012814905958448253,3.743380116582494,-0.011557784281500158,-0.038924040112521416,0,0,0
1.6566727999999999,2346,4024,4294967270,2347,4024,-26,0.017545025406656842,0.043196898986859661,0.032201324699295389,-0.056896045924158423,-0.24618224399179978,0.066442919574733736,6.849929529056789,0.022691863363783787,-0.01258369559925767,0,0,0
1.6616865000000001,2353,4025,4294967270,2354,4025,-26,0.017390540906220872,0.042411500823462206,0.031415926535897934,-0.044767134769755385,-0.20461481469972714,-0.037833012961573244,2.0772341596257817,0.033078034161912698,0.0081208067481633728,0,0,0
1.6666491000000001,2356,4025,4294967270,2357,4025,-26,0.017324333263176884,0.042411500823462206,0.031415926535897934,-0.030060064060096918,-0.10915956690311726,-0.02018346186509468,2.1229551806137721,0.04369281006498156,0.027297469696748428,0,0,0
1.671654,2355,4024,4294967271,2356,4024,-25,0.017346402477524878,0.043196898986859661,0.030630528372500486,-0.013977575930776948,0.015044190320542043,-0.084047155834036436,-1.5909894749905231,0.035737862690028946,0.036393899733596954,0,0,0
1.6766384000000001,2352,4022,4294967272,2353,4022,-24,0.017412610120568866,0.04476769531365455,0.030630528372500479,-0.0012795395132291845,0.15458493496015061,-0.044838156727537229,-0.9807407721093957,0.030834158829481966,0.041896285036071908,0,0,0
1.6816514,2347,4021,4294967273,2348,4021,-23,0.017522956192308849,0.045553093477052005,0.029845130209103038,0.009612932221215207,0.15574874115535076,-0.097200141932633904,-3.6943874339406748,0.012362221659778592,0.037352999581737427,0,0,0
1.686582,2342,4019,4294967274,2343,4019,-22,0.017633302264048828,0.047123889803846894,0.029845130209103034,0.015423936174087419,0.2296491371928438,-0.051855118173425488,-2.4497783300589475,0.0001133300094838547,0.029968354708724415,0,0,0
1.6916017000000001,2336,4017,4294967275,2337,4017,-21,0.017765717550136804,0.04869468613064179,0.029845130209103031,0.020583147842948832,0.26907411840576312,-0.027664088007644666,-1.9378084829523587,-0.0095757124052779398,0.019152776706651012,0,0,0
1.6965565,2331,4016,4294967276,2332,4016,-20,0.017876063621876784,0.049480084294039245,0.029059732045705586,0.021276415564983893,0.21682735708232972,-0.088037980794991325,-4.5521746714351154,-0.032336585762453518,0.00045552095398499262,0,0,0
1.7015708,2328,4015,4294967277,2329,4015,-19,0.017942271264920772,0.050265482457436693,0.028274333882308142,0.017528045113186255,0.18895433211819809,-0.12024673360985183,-5.989868643764785,-0.062285928981277439,-0.025810427149584939,0,0,0
1.7065668000000001,2328,4014,4294967277,2329,4014,-19,0.017942271264920772,0.051050880620834134,0.029059732045705583,0.009351003327992477,0.17408440523714819,0.0091293189185560897,-0.37593329447480928,-0.064165595453651483,-0.044526381264321263,0,0,0
1.7115533000000001,2331,4014,4294967278,2332,4014,-18,0.017876063621876784,0.051050880620834134,0.027488935718910687,-0.0011886818729246991,0.092871957038696246,-0.14168865566121161,-6.3948282961232294,-0.096139736934267639,-0.074021368261229653,0,0,0
1.7165269999999999,2338,4015,4294967277,2339,4015,-19,0.01772157912144081,0.050265482457436693,0.028274333882308142,-0.015047919462345878,-0.023733436215547341,-0.002309691145946785,0.31969960661899016,-0.094541238901172692,-0.092702172097659991,0,0,0
1.7210814999999999,2348,4017,4294967277,2349,4017,-19,0.017500886977960851,0.04869468613064179,0.026703537555513239,-0.028618988456065884,-0.15922054416569947,-0.14779123130449584,-5.0103847536315023,-0.11959316266933021,-0.11933175299464011,0,0,0
1.7260477999999999,2364,4020,4294967276,2365,4020,-20,0.017147779548392916,0.046338491640449446,0.025918139392115788,-0.048213653723915152,-0.30478082204549672,-0.15212438116065652,-4.0978361373066461,-0.14008234335586345,-0.14429731197062928,0,0,0
1.7310665999999999,2386,4023,4294967274,2387,4023,-22,0.016662256832737001,0.043982297150257102,0.026703537555513242,-0.071021835869553435,-0.38243549683028033,-0.0078770264217963987,3.126661483597454,-0.12444903593787618,-0.15180318786762381,0,0,0
1.7360743999999999,2413,4028,4294967272,2414,4028,-24,0.01606638804534111,0.040055306333269862,0.025918139392115791,-0.093485280737291024,-0.57042237962954889,-0.077481819081255676,1.8094162921174188,-0.11540195447728908,-0.15204879503832486,0,0,0
1.7410334000000001,2442,4034,4294967269,2443,4034,-27,0.015426380829249225,0.035342917352885174,0.025918139392115794,-0.10958748158455213,-0.74399066217631471,-0.041335627755924989,4.9068855392887096,-0.090867526780845531,-0.13967981410345723,0,0,0
1.7460195000000001,2472,4040,4294967266,2473,4040,-30,0.014764304398809344,0.030630528372500482,0.025918139392115791,-0.12023692423964359,-0.8365872739061504,-0.02205206514556117,6.9168149311612774,-0.056283452125039143,-0.11427034351655239,0,0,0
1.7509906,2499,4045,4294967264,2500,4045,-32,0.014168435611413451,0.026703537555513242,0.025132741228718346,-0.11974094428473055,-0.8127069442473871,-0.085044033431138769,4.6077911046046625,-0.033244496602015831,-0.086858567039959575,0,0,0
1.7555531,2520,4049,4294967262,2521,4049,-34,0.013704982110105535,0.023561944901923447,0.025132741228718343,-0.10712168330904061,-0.7266875534710906,-0.04536997905386652,6.0708808434976467,-0.0028900923845275976,-0.055523711706817358,0,0,0
1.7615428,2541,4053,4294967260,2542,4053,-36,0.013241528608797617,0.020420352248333658,0.02513274122871835,-0.1003894578601395,-0.68079723288902394,-0.024204343518289942,7.0562328716628366,0.032391071973786587,-0.014534159647962976,0,0,0
1.7665223000000001,2551,4054,4294967259,2552,4054,-37,0.013020836465317657,0.019634954084936207,0.025918139392115794,-0.074147682866683051,-0.43647673548608795,0.06036679027233087,9.365924081327293,0.07922069238042305,0.030581113843128081,0,0,0
1.7715148999999999,2553,4055,4294967259,2554,4055,-37,0.012976698036621666,0.018849555921538759,0.025132741228718346,-0.043675126316816443,-0.30613465971216647,-0.041074555584334219,3.9647644673290507,0.099044514717068308,0.067198644763897114,0,0,0
1.7764660000000001,2549,4054,4294967259,2550,4054,-37,0.01306497489401365,0.019634954084936207,0.025918139392115794,-0.01506371871603865,-0.090039675934651189,0.051366733040915116,6.4094068715183159,0.13109154907465989,0.10727897988361221,0,0,0
1.7815042999999999,2537,4052,4294967260,2538,4052,-36,0.013329805466189601,0.021205750411731103,0.025918139392115791,0.016673008610094894,0.098523943747195378,0.027403540355583785,3.8139247800512299,0.15016117297491605,0.14104070564545598,0,0,0
1.7864716,2519,4049,4294967261,2520,4049,-35,0.013727051324453531,0.023561944901923447,0.026703537555513239,0.04595883626511682,0.27239990855250951,0.087898981725455405,4.8586717535133506,0.17445453174248279,0.17483589902460289,0,0,0
1.7914356,2493,4044,4294967264,2494,4044,-32,0.014300850897501428,0.02748893571891069,0.025918139392115794,0.078055358658582638,0.5117197036871548,-0.026386459322451712,-2.1226324894868585,0.1638413692950485,0.19031037862508662,0,0,0
1.7964224,2461,4038,4294967266,2462,4038,-30,0.0150070657566373,0.032201324699295375,0.027488935718910687,0.10753313269725932,0.71267348364586691,0.13248217676944588,2.7083940308593304,0.17738333944934515,0.2063014897489614,0,0,0
1.8014403000000001,2424,4031,4294967270,2425,4031,-26,0.015823626687513154,0.037699111843077518,0.026703537555513242,0.13355472541237132,0.89315945140559982,-0.0026018557036908974,-4.9973139964258442,0.15239676946721592,0.202207372358266,0,0,0
1.8064043000000001,2384,4024,4294967273,2385,4024,-23,0.016706395261432996,0.043196898986859661,0.027488935718910694,0.15361426602526834,0.98944656581447021,0.071891460259360773,-3.339744629881749,0.13569804631780719,0.19075350556003645,0,0,0
1.8113868,2345,4016,4294967276,2346,4016,-20,0.01756709462100484,0.049480084294039245,0.029059732045705586,0.16225668179228647,1.1140941139691454,0.18491227648355196,0.16643467497796038,0.13653021969269699,0.1824015171625642,0,0,0
1.8164088,2307,4009,4294967280,2308,4009,-16,0.01840572476622869,0.054977871437821381,0.028274333882308138,0.16480819741952824,1.1073125772013523,0.025368978108503457,-7.3440118640392367,0.099810160372500817,0.15778316366932799,0,0,0
1.8213509999999999,2272,4003,4294967282,2273,4003,-14,0.019178147268408548,0.059690260418206069,0.029845130209103034,0.15999206983273226,1.0304151888044215,0.16009308628807148,-1.741941065581643,0.091100455044592604,0.13848158368313007,0,0,0
1.8263415999999999,2240,3998,4294967285,2241,3998,-11,0.019884362127544422,0.063617251235193309,0.02905973204570559,0.15124539233183965,0.91611182856663453,0.012128235708689844,-7.9316698071639076,0.051442106008773067,0.10597059549961522,0,0,0
1.8314414999999999,2213,3993,4294967287,2214,3993,-9,0.020480230914940317,0.067544242052180556,0.029845130209103038,0.13628359273489576,0.85513234710807962,0.079749788608548894,-4.9578409206618179,0.026652901405463978,0.074601375939522915,0,0,0
1.8363451,2192,3990,4294967288,2193,3990,-8,0.020943684416248231,0.069900436542372907,0.030630528372500493,0.11594698925231028,0.67604148136499576,0.11582508178171141,-2.5304239219898657,0.014000781795514649,0.048459107023262601,0,0,0
1.8412477,2177,3987,4294967289,2178,3987,-7,0.021274722631468172,0.072256631032565244,0.031415926535897927,0.092742991904785479,0.58049863726786366,0.13507082107221186,-0.99207226046435082,0.0090404204931928949,0.029143267230269151,0,0,0
1.8462261,2166,3986,4294967289,2167,3986,-7,0.021517483989296128,0.073042029195962685,0.032201324699295368,0.072127494603288739,0.38296862916903573,0.14533819378793864,0.67069271147065912,0.01239388405054619,0.017329605335621667,0,0,0
1.8512208999999999,2160,3986,4294967289,2161,3986,-7,0.021649899275384105,0.073042029195962685,0.032201324699295368,0.050833820987416282,0.20430920292316548,0.077536195566556235,-0.98420985503993208,0.0074728347753465294,0.0085692114396839422,0,0,0
1.8562014,2156,3986,4294967289,2157,3986,-7,0.02173817613277609,0.073042029195962685,0.032201324699295368,0.035355679172326293,0.10899652665982441,0.041364636963268551,-1.7667947136355715,-0.001361138792831328,-0.00014837912646443151,0,0,0
1.8611930999999999,2154,3986,4294967288,2155,3986,-8,0.021782314561472081,0.073042029195962685,0.033772121026090271,0.022980054316315033,0.058148348943310273,0.16862657979624529,4.2890961956568878,0.020084342185453109,0.0051575776483760724,0,0,0
1.8657414000000001,2153,3987,4294967288,2154,3987,-8,0.021804383775820078,0.072256631032565244,0.03298672286269283,0.014318695573101536,-0.042258067614150387,0.016680752870704155,-1.4525558672086256,0.012821562849409981,0.0050050961062700194,0,0,0
1.8717197999999999,2152,3988,4294967287,2153,3988,-9,0.021826452990168072,0.071471232869167789,0.033772121026090271,0.0096979638309290066,-0.095823695116689506,0.082178502298970751,1.8135061197966247,0.021889093448393106,0.010760588324393344,0,0,0
1.8767123999999999,2151,3988,4294967287,2152,3988,-9,0.021848522204516069,0.071471232869167789,0.033772121026090271,0.0072328584743536397,-0.051120800189098557,0.04384125232020375,0.16331683701912825,0.022705677633488748,0.015528953614860605,0,0,0
1.8817132000000001,2149,3988,4294967286,2150,3988,-10,0.02189266063321206,0.071471232869167789,0.035342917352885167,0.0079768643860562323,-0.0272723381079319,0.16994782459538288,5.6046400457222685,0.050728877862100091,0.03198225223043602,0,0,0
1.8866982000000001,2145,3989,4294967286,2146,3989,-10,0.021980937490604046,0.070685834705770348,0.034557519189487726,0.012492003205092467,-0.087828986888808094,0.017385621236460105,-0.61722871092694021,0.047642734307465393,0.040104718800815946,0,0,0
1.8916923999999999,2139,3988,4294967286,2140,3988,-10,0.022113352776692023,0.071471232869167789,0.035342917352885167,0.019018996520112644,0.026423800734240589,0.082554541177888408,1.5914291881956484,0.055599880248443631,0.050238984880137769,0,0,0
1.8967244999999999,2132,3987,4294967287,2133,3987,-9,0.022267837277127993,0.072256631032565244,0.034557519189487726,0.02456017998702759,0.087376302305099351,-0.029237654708122791,-3.6117229934702717,0.037541265281092272,0.049495914191367299,0,0,0
1.9017024,2123,3986,4294967287,2124,3986,-9,0.022466460206259958,0.073042029195962685,0.035342917352885167,0.031634555902619148,0.11989373601536298,0.05768157869379912,-0.26138975939889919,0.036234316484097778,0.049229211100101034,0,0,0
1.906668,2113,3985,4294967288,2114,3985,-8,0.02268715234973992,0.07382742735936014,0.034557519189487726,0.037467761468209723,0.13724139965263432,-0.042507083983540209,-4.8561128178169604,0.011953752395012975,0.036919950112496346,0,0,0
1.9116865999999999,2104,3983,4294967288,2105,3983,-8,0.022885775278871881,0.075398223686155036,0.036128315516282622,0.038520596907617555,0.21977569090338908,0.12388201549180591,1.8073573029446388,0.020990538909736171,0.033623945646625138,0,0,0
1.9166668,2096,3982,4294967288,2097,3982,-8,0.023062328993655852,0.076183621849552477,0.036913713679680063,0.037023161813700189,0.19052723310029374,0.13936909925725838,2.6608611706457523,0.034294844762964932,0.035551613413412925,0,0,0
1.9216475,2088,3981,4294967289,2089,3981,-7,0.02323888270843982,0.076969020012949932,0.036128315516282615,0.036224298023913068,0.17492352917956303,0.0010722354278242807,-3.2148928814874611,0.018220380355527626,0.027940947531771818,0,0,0
1.9266418999999999,2081,3980,4294967289,2082,3980,-7,0.02339336720887579,0.077754418176347387,0.03691371367968007,0.033739003442936968,0.16659913896094164,0.073851544123607879,-0.071246281619083529,0.017864148947432209,0.024037968189104055,0,0,0
1.9316327,2075,3980,4294967289,2076,3980,-7,0.023525782494963766,0.077754418176347387,0.03691371367968007,0.030354018118412526,0.08887865662169421,0.039398919298633955,-1.1383975653254252,0.012172161120805082,0.01871360634937156,0,0,0
1.9365994,2070,3979,4294967289,2071,3979,-7,0.023636128566703749,0.078539816339744828,0.037699111843077511,0.026489058496540145,0.12069522415186565,0.094298373539697014,1.1786279605159362,0.018065300923384764,0.018195649701020982,0,0,0
1.9416038,2066,3979,4294967289,2067,3979,-7,0.023724405424095731,0.078539816339744828,0.037699111843077511,0.022368038303002172,0.064389464736591628,0.050307059292688763,-0.32908844080218502,0.016419858719373837,0.017035245251556197,0,0,0
1.9465728,2061,3978,4294967289,2062,3978,-7,0.023834751495835711,0.079325214503142283,0.038484510006474966,0.022228633369324471,0.10763053192071984,0.10011773632248112,1.6517601264363182,0.024678659351555429,0.019208429268613228,0,0,0
1.951565,2057,3978,4294967289,2058,3978,-7,0.023923028353227696,0.079325214503142283,0.038484510006474966,0.020095152234647633,0.057419607017504884,0.053411620035042871,-0.035302678795721576,0.024502145957576823,0.020750571767129793,0,0,0
1.956566,2053,3977,4294967289,2054,3977,-7,0.024011305210619682,0.080110612666539724,0.039269908169872407,0.018956965456730007,0.10391219583098635,0.10177398250659471,1.9006507658913327,0.034005399787033486,0.026729108345639106,0,0,0
1.9615587000000001,2049,3977,4294967290,2050,3977,-6,0.024099582068011664,0.080110612666539724,0.037699111843077518,0.018349756365273275,0.055435918994957811,-0.092263830933850821,-6.2336106879143696,0.0028373463474616369,0.017039805658169239,0,0,0
1.966542,2044,3976,4294967290,2045,3976,-6,0.024209928139751643,0.080896010829937165,0.038484510006474959,0.02008492780889962,0.10285392189451743,0.024057864250363999,-1.6020267031007798,-0.0051727871680422623,0.0084660677217514857,0,0,0
1.9715038,2040,3976,4294967290,2041,3976,-6,0.024298204997143628,0.080896010829937165,0.038484510006474959,0.018951510847355198,0.054871342452739537,0.012834584074655587,-1.8749537304230595,-0.01454755582015756,-0.0020621235827797194,0,0,0
1.976513,2038,3976,4294967290,2039,3976,-6,0.024342343425839619,0.080896010829937165,0.038484510006474959,0.014228625870689061,0.029273207740718232,0.0068470977579362831,-1.9198437154560113,-0.024146774397437617,-0.013301221703284426,0,0,0
1.9815246,2038,3976,4294967290,2039,3976,-6,0.024342343425839619,0.080896010829937165,0.038484510006474959,0.0075908024546033947,0.015616907717709079,0.0036528451123956007,-1.8426512728734745,-0.033360030761804993,-0.024821524602405397,0,0,0
1.9864634000000001,2039,3976,4294967290,2040,3976,-6,0.024320274211491626,0.080896010829937165,0.038484510006474959,0.0019904924486355887,0.0083314342870665359,0.0019487493660633956,-1.7506859759167719,-0.04211346064138885,-0.037297153513962886,0,0,0
1.9914715999999999,2042,3977,4294967289,2043,3977,-7,0.024254066568447637,0.080110612666539724,0.039269908169872407,-0.0051154267714081042,-0.068834798318158266,0.074319153871333157,1.9359993568368319,-0.032433463857204692,-0.041651558646366951,0,0,0
1.9964314999999999,2046,3978,4294967289,2047,3978,-7,0.024165789711055652,0.079325214503142283,0.038484510006474966,-0.010965460314277557,-0.1100020644474117,-0.033631135761692854,-2.2749896922334374,-0.043808412318371875,-0.051513640372766012,0,0,0
2.0004799000000002,2051,3979,4294967288,2052,3979,-8,0.024055443639315673,0.078539816339744828,0.039269908169872414,-0.016145493804602343,-0.13196431067014783,0.055337708873285735,1.8595152852881576,-0.034510835891931088,-0.053866312951326961,0,0,0
2.0063973000000002,2060,3981,4294967288,2061,3981,-8,0.023856820710183708,0.076969020012949932,0.037699111843077518,-0.027145421034026423,-0.21696042677560445,-0.11703702991186958,-4.7966239134193209,-0.058493955459027691,-0.064667391866858354,0,0,0
2.0113810999999999,2069,3983,4294967287,2070,3983,-9,0.023658197781051743,0.075398223686155036,0.037699111843077518,-0.033013751213792922,-0.26230484250686231,-0.062437861674655662,-2.0595916182042857,-0.068791913550049127,-0.07512482872167342,0,0,0
2.0163430999999998,2080,3985,4294967285,2081,3985,-11,0.023415436423223787,0.07382742735936014,0.039269908169872421,-0.040262656004730064,-0.28649554829697244,0.11324918294741225,5.9769128925133304,-0.038907349087482473,-0.068074871388385902,0,0,0
2.0213133000000001,2093,3987,4294967284,2094,3987,-12,0.02312853663669984,0.072256631032565244,0.039269908169872414,-0.048248080909589472,-0.29940100175108481,0.060417090428241442,4.2824545344991796,-0.017495076414986575,-0.054479974610919156,0,0,0
2.0262975000000001,2105,3990,4294967283,2106,3990,-13,0.022863706064523887,0.069900436542372907,0.038484510006474973,-0.050449099735913827,-0.37956542677100069,-0.041047721050175262,0.59380077354528216,-0.014526072547260164,-0.043850153185053531,0,0,0
2.0312977999999999,2115,3992,4294967282,2116,3992,-14,0.022643013921043925,0.068329640215577997,0.038484510006474959,-0.047505096542583995,-0.34905267355627639,-0.021898470346699391,1.420643418897523,-0.0074228554527725485,-0.032279289588596036,0,0,0
2.0362795999999999,2123,3993,4294967281,2124,3993,-15,0.022466460206259958,0.067544242052180556,0.039269908169872414,-0.041816285373366832,-0.25949496379780029,0.061596946148941858,4.6993208426474764,0.016073748760464836,-0.01344357762453785,0,0,0
2.0412625000000002,2129,3994,4294967281,2130,3994,-15,0.022334044920171981,0.066758843888783101,0.038484510006474959,-0.034663151836682213,-0.21171699217626108,-0.040418282073977171,0.11938074176888569,0.016670652469309263,-0.00076357183093138381,0,0,0
2.0462516000000002,2132,3994,4294967281,2133,3994,-15,0.022267837277127993,0.066758843888783101,0.038484510006474959,-0.024669709492714624,-0.11294849400766357,-0.02156267214882784,0.31850476052809118,0.018263176271949719,0.0093161419880891053,0,0,0
2.0512990000000002,2132,3994,4294967281,2133,3994,-15,0.022267837277127993,0.066758843888783101,0.038484510006474959,-0.013160996225040395,-0.060256676459763361,-0.011503428803501463,0.27302398067601197,0.019628296175329778,0.0163434041306161,0,0,0
2.0562502999999999,2131,3993,4294967281,2132,3993,-15,0.02228990649147599,0.067544242052180556,0.039269908169872414,-0.0049621244902332551,0.041133299992004276,0.067142577018635241,3.0348126007888565,0.034802359179274059,0.028335349149827764,0,0,0
2.0612377999999998,2129,3993,4294967281,2130,3993,-15,0.022334044920171981,0.067544242052180556,0.039269908169872414,0.0014709862033902457,0.021944125693012056,0.035819765244609093,1.6636586798409712,0.043120652578478913,0.039920091958106349,0,0,0
2.0662481000000001,2125,3992,4294967282,2126,3992,-14,0.022422321777563967,0.068329640215577997,0.038484510006474959,0.0090211946725507336,0.084986449018644591,-0.054170101108339697,-2.7056722406844234,0.029592291375056798,0.041680145526718115,0,0,0
2.0712685,2120,3990,4294967283,2121,3990,-13,0.022532667849303946,0.069900436542372907,0.038484510006474973,0.015108251238823481,0.19189829703960337,-0.02889910383449891,-2.3949213289263405,0.017617684730425097,0.039106593191487751,0,0,0
2.0762168999999999,2114,3988,4294967284,2115,3988,-12,0.022665083135391922,0.071471232869167789,0.038484510006474959,0.020414733689448655,0.24893449475532425,-0.015417327738911701,-2.3811537060856791,0.0057119161999967007,0.032038627292746084,0,0,0
2.0812407999999998,2108,3987,4294967285,2109,3987,-11,0.022797498421479899,0.072256631032565244,0.037699111843077525,0.023245678882441119,0.20608310770576385,-0.081504480037173629,-5.3120888962860242,-0.02084852828143342,0.014842741217103895,0,0,0
2.0862219,2102,3985,4294967285,2103,3985,-11,0.022929913707567876,0.07382742735936014,0.039269908169872421,0.024755954429434204,0.25650192232010416,0.1030773691136293,2.1890629526078595,-0.009903213518394122,0.0071830729300785589,0,0,0
2.0911833,2099,3984,4294967286,2100,3984,-10,0.022996121350611864,0.074612825522757595,0.038484510006474973,0.019384337659859155,0.21012024019176848,-0.018288970408893851,-2.7810080633757019,-0.02380825383527263,-0.0060149430121216475,0,0,0
2.0961579000000001,2098,3983,4294967286,2099,3983,-10,0.023018190564959858,0.075398223686155036,0.039269908169872414,0.012400423557944084,0.18537616513152705,0.063522571380553894,0.89766215176465591,-0.019319943076449349,-0.01251444152847497,0,0,0
2.1011810999999998,2098,3983,4294967287,2099,3983,-9,0.023018190564959858,0.075398223686155036,0.037699111843077518,0.006615478292648737,0.098895976469807509,-0.11267050323702395,-6.2554555389030533,-0.05059722077096461,-0.032550490112910155,0,0,0
2.1061461000000001,2100,3983,4294967287,2101,3983,-9,0.022974052136263867,0.075398223686155036,0.037699111843077518,-0.00058894163944139301,0.052759825703468273,-0.060108371694193877,-3.7840722566580327,-0.069517582054254776,-0.053270092468125779,0,0,0
2.1111374000000001,2104,3983,4294967287,2105,3983,-9,0.022885775278871881,0.075398223686155036,0.037699111843077518,-0.0085506344018723753,0.028146738700842614,-0.032067100473730001,-2.363623229598776,-0.08133569820224866,-0.073616215903628698,0,0,0
2.1161378000000002,2112,3984,4294967287,2113,3984,-9,0.022709221564087913,0.074612825522757595,0.036913713679680077,-0.021034543726437933,-0.058263569392063751,-0.090386935510573196,-4.2386757573950584,-0.10252907698922395,-0.097187444387814681,0,0,0
2.1211044000000001,2124,3986,4294967286,2125,3986,-10,0.02244439099191196,0.073042029195962685,0.036913713679680063,-0.035931001732237552,-0.17764195899916141,-0.048220353685111648,-1.5416056800801008,-0.11023710538962446,-0.1159561750463373,0,0,0
2.1260924000000001,2140,3989,4294967285,2141,3989,-11,0.022091283562344025,0.070685834705770348,0.036128315516282629,-0.052114525728652786,-0.31460842748019702,-0.09900450373122377,-2.6337247691277259,-0.12340572923526309,-0.13466211796598229,0,0,0
2.1311168999999999,2161,3992,4294967283,2162,3992,-13,0.021627830061036107,0.068329640215577997,0.036913713679680063,-0.071043794366230886,-0.38767840729363579,0.020461795587023122,3.4705224562483865,-0.10605311695402116,-0.13758389649929806,0,0,0
2.1360595999999998,2186,3997,4294967281,2187,3997,-15,0.021076099702336207,0.06440264939859075,0.036128315516282608,-0.089378774808325512,-0.57321940992440668,-0.062363395024000318,1.5046392809842017,-0.098529920549100147,-0.1354002340168444,0,0,0
2.1410471000000002,2212,4001,4294967279,2213,4001,-17,0.02050230012928831,0.061261056745000965,0.036128315516282622,-0.10121937878729206,-0.59892380594500771,-0.033270128565313042,3.5058514265013825,-0.081000663416593233,-0.12465460586669048,0,0,0
2.1460656999999999,2237,4006,4294967277,2238,4006,-19,0.01995056977058841,0.057334065928013725,0.035342917352885174,-0.10547708973867588,-0.68591631440270562,-0.09102873667068144,1.8917336324452059,-0.071541995254367205,-0.11302318211547734,0,0,0
2.1510362000000001,2262,4010,4294967275,2263,4010,-21,0.01939883941188851,0.054192473274423933,0.035342917352885174,-0.10774852782654731,-0.65904626238701236,-0.048562746960876556,4.0298243715782069,-0.05139287339647617,-0.093771454629120884,0,0,0
2.1560020999999998,2284,4014,4294967273,2285,4014,-23,0.018913316696232599,0.051050880620834134,0.035342917352885167,-0.10278298220791551,-0.64471140962964224,-0.02590764717429896,5.223784012948899,-0.025273953331731675,-0.069036409432250964,0,0,0
2.1610269999999998,2302,4017,4294967272,2303,4017,-24,0.018516070837968669,0.04869468613064179,0.034557519189487719,-0.091897481703723444,-0.56378441710402316,-0.087100940527695569,2.3267946820913266,-0.013639979921275042,-0.047772158827862281,0,0,0
2.1659717000000001,2316,4019,4294967271,2317,4019,-25,0.018207101837096725,0.047123889803846894,0.034557519189487719,-0.077853755768288055,-0.44733131105176971,-0.046467314494360021,3.4756949204865819,0.0037384946811578681,-0.025141996446452316,0,0,0
2.1709361999999999,2325,4020,4294967270,2326,4020,-26,0.01800847890796476,0.046338491640449446,0.035342917352885167,-0.060066043913582848,-0.31192544651030618,0.048489760384290911,6.7746888528733162,0.037611938945524448,0.0041264907592456958,0,0,0
2.1769251000000001,2330,4020,4294967270,2331,4020,-26,0.017898132836224781,0.046338491640449446,0.035342917352885167,-0.042340070420454852,-0.16640851102152329,0.025868709704880363,4.9410690844390466,0.062317284367719682,0.033640263499284923,0,0,0
2.1809132999999998,2330,4020,4294967271,2331,4020,-25,0.017898132836224781,0.046338491640449446,0.033772121026090271,-0.022587923345271346,-0.088776958886185281,-0.13275839002458747,-2.6626742909680963,0.049003912912879199,0.047018265953581252,0,0,0
2.1858977999999998,2326,4019,4294967272,2327,4019,-24,0.017986409693616763,0.047123889803846894,0.032986722862692823,-0.0038139470562985802,0.025918068962952651,-0.14410453936256234,-4.272239888958385,0.027642713468087273,0.048287232663087785,0,0,0
2.1918936000000002,2319,4017,4294967273,2320,4017,-23,0.018140894194052737,0.04869468613064179,0.032986722862692823,0.012379076504457421,0.16038601971984717,-0.076878055622096139,-2.5907551396550943,0.014688937769811802,0.043664471338107809,0,0,0
2.1968673000000001,2311,4015,4294967274,2312,4015,-22,0.018317447908836704,0.050265482457436693,0.03298672286269283,0.023076971995598841,0.23212307008207597,-0.041013527140627087,-1.846144719654832,0.0054582141715376412,0.035320255289516475,0,0,0
2.2018618000000001,2305,4013,4294967275,2306,4013,-21,0.018449863194924681,0.051836278784231589,0.03298672286269283,0.024665951314418795,0.27039393214032709,-0.021880228303166299,-1.4492071434499345,-0.0017878215457120313,0.026587433910788622,0,0,0
2.2068588999999998,2298,4011,4294967276,2299,4011,-20,0.018604347695360651,0.053407075111026485,0.03298672286269283,0.027572763120719733,0.29081098128419441,-0.011672841230093718,-1.3896736521291801,-0.0087361898063579319,0.015010084208427223,0,0,0
2.2118861000000001,2294,4010,4294967276,2295,4010,-20,0.018692624552752637,0.054192473274423933,0.033772121026090271,0.022946181814262664,0.22842371456565241,0.067052197506564132,2.2286224350607746,0.0024069223689459421,0.012303028984908678,0,0,0
2.2158647,2291,4009,4294967277,2292,4009,-19,0.018758832195796625,0.054977871437821381,0.03298672286269283,0.018418845522082339,0.19514085073558596,-0.03750797044077582,-2.1205090830640723,-0.008195623046374419,0.0040235848292601469,0,0,0
2.2218347999999999,2288,4008,4294967277,2289,4008,-19,0.018825039838840613,0.055763269601218829,0.033772121026090278,0.016003565525839585,0.17738483924483867,0.053269463740865976,1.7878568632386058,0.00074366126981860979,0.0019472322563729239,0,0,0
2.2268424000000002,2287,4007,4294967277,2288,4007,-19,0.018847109053188611,0.056548667764616277,0.034557519189487726,0.010596821885752309,0.16791221856924821,0.10169814381657832,4.0171491771057957,0.02082940715534759,0.0092986783937745766,0,0,0
2.2318373,2286,4007,4294967278,2287,4007,-18,0.018869178267536604,0.056548667764616277,0.03298672286269283,0.0077123885421828626,0.089579168955380331,-0.092304289971819137,-3.9599784114984669,0.0010295150978552568,0.0044495199953000029,0,0,0
2.2367922,2285,4006,4294967278,2286,4006,-18,0.018891247481884602,0.057334065928013725,0.033772121026090278,0.0061735777038427943,0.12106893913955027,0.024036279835431537,0.80685973906370045,0.0050638137931737588,0.0051530434554779058,0,0,0
2.2418129000000002,2284,4006,4294967278,2285,4006,-18,0.018913316696232599,0.057334065928013725,0.033772121026090278,0.0053526404471464506,0.064588837231983637,0.012823069046335948,0.55615991277504884,0.0078446133570490035,0.0064741887688544815,0,0,0
2.2467717,2282,4005,4294967278,2283,4005,-18,0.01895745512492859,0.058119464091411173,0.034557519189487726,0.0069737904598863882,0.10773689477270193,0.080120473919476173,3.2082529249356417,0.023885877981727213,0.013636073029900395,0,0,0
2.2517730999999999,2281,4005,4294967278,2282,4005,-18,0.018979524339276584,0.058119464091411173,0.034557519189487726,0.005779544422834574,0.05747635033237182,0.042743318688615868,1.8799321091203833,0.033285538527329128,0.022969594622991599,0,0,0
2.2567743,2278,4004,4294967279,2279,4004,-17,0.019045731982320572,0.058904862254808621,0.033772121026090271,0.0092606489096762092,0.10394246771371754,-0.050476467797929289,-2.4663341692990515,0.020953867680833869,0.023280464131203521,0,0,0
2.2617207000000001,2274,4003,4294967279,2275,4003,-17,0.019134008839712557,0.059690260418206069,0.034557519189487726,0.013176886959970789,0.12873158797590681,0.046350924841478805,1.3927763001479727,0.027917749181573734,0.027809072752116467,0,0,0
2.2667310999999999,2270,4002,4294967280,2271,4002,-16,0.019222285697104543,0.060475658581603517,0.033772121026090271,0.015266153321680791,0.14195628842440994,-0.048551852878029919,-2.8786676609960709,0.01352441087659338,0.024371933451938603,0,0,0
2.2717246000000002,2265,4001,4294967280,2266,4001,-16,0.019332631768844522,0.061261056745000965,0.034557519189487726,0.018439862307490749,0.14901150862193352,0.047377683981181376,1.0201459330519711,0.018625140541853234,0.024768822297517454,0,0,0
2.2767008999999998,2260,4000,4294967281,2261,4000,-15,0.019442977840584501,0.06204645490839842,0.033772121026090285,0.020132998256009185,0.15277538457733844,-0.04800408910457836,-3.2303305745515232,0.0024734876690956191,0.0167886924512211,0,0,0
2.2817053999999999,2255,3999,4294967281,2256,3999,-15,0.019553323912324481,0.062831853071795868,0.034557519189487726,0.021036266121142011,0.15478336757589045,0.047669909431047618,0.7302392637642352,0.0061246839879167958,0.013257192396914195,0,0,0
2.2866903999999999,2251,3998,4294967281,2252,3998,-15,0.019641600769716466,0.063617251235193309,0.035342917352885167,0.01945903850753522,0.15585460259273071,0.098710848276871738,2.9361703029858113,0.020805535502845852,0.016547200828784518,0,0,0
2.2916713,2248,3998,4294967282,2249,3998,-14,0.019707808412760455,0.063617251235193309,0.033772121026090271,0.016558496096015195,0.083146574424958417,-0.093897976566822167,-5.0032772711576419,-0.0042108508529423577,0.0069586252425977071,0,0,0
2.2966250000000001,2245,3997,4294967282,2246,3997,-14,0.019774016055804443,0.06440264939859075,0.034557519189487712,0.015011091261764593,0.11763722656275177,0.023186067016065251,-0.21676466283501417,-0.0052946741671174285,0.0015595132504131566,0,0,0
2.3016432999999998,2243,3997,4294967282,2244,3997,-14,0.019818154484500434,0.06440264939859075,0.034557519189487712,0.012126458947874334,0.062758059440214078,0.012369490632311044,-0.4066117333195709,-0.0073277328337152826,-0.0035398352741034065,0,0,0
2.3066311000000002,2243,3997,4294967282,2244,3997,-14,0.019818154484500434,0.06440264939859075,0.034557519189487712,0.0064693214357961076,0.033480677331341802,0.0065989759452009028,-0.40675216954473975,-0.0093614936814389819,-0.007161947556173066,0,0,0
2.3115931999999999,2243,3997,4294967282,2244,3997,-14,0.019818154484500434,0.06440264939859075,0.034557519189487712,0.003451305943437621,0.017861542637934713,0.0035204750801613388,-0.40682709059842515,-0.011395629134431108,-0.010993521620111678,0,0,0
2.3165950999999998,2243,3997,4294967282,2244,3997,-14,0.019818154484500434,0.06440264939859075,0.034557519189487712,0.0018412306195359157,0.0095289202858541387,0.0018781315302490715,-0.40686706008833834,-0.0134299644348728,-0.01519311108057923,0,0,0
2.3215952999999998,2244,3997,4294967282,2245,3997,-14,0.01979608527015244,0.06440264939859075,0.034557519189487712,-0.0010768356542457326,0.0050835654934596151,0.0010019608048905898,-0.35610433521852664,-0.015210486110965434,-0.018804438676309525,0,0,0
2.3265633999999999,2245,3997,4294967282,2246,3997,-14,0.019774016055804443,0.06440264939859075,0.034557519189487712,-0.0026335892603231567,0.0027120216510423726,0.00053453415714918616,-0.32880933541588869,-0.016854532788044878,-0.022659806181574756,0,0,0
2.3315603,2247,3998,4294967281,2248,3998,-15,0.019729877627108452,0.063617251235193309,0.035342917352885167,-0.0055232090326490305,-0.071832688038404022,0.073564686899138157,3.2725911158420256,-0.00049157720883474809,-0.017835802025868416,0,0,0
2.3365581999999998,2249,3998,4294967281,2250,3998,-15,0.019685739198412457,0.063617251235193309,0.035342917352885167,-0.0070647867689665935,-0.038321883619550891,0.03924588438553591,1.8019419820678291,0.0085181327015043974,-0.011729181992443043,0,0,0
2.3415157,2250,3998,4294967281,2251,3998,-15,0.019663669984064464,0.063617251235193309,0.035342917352885167,-0.005828089870062109,-0.020444268539209623,0.020937211944021691,0.96701151613565339,0.013353190282182664,-0.0059025314286176725,0,0,0
2.3465012999999999,2252,3999,4294967281,2253,3999,-15,0.019619531555368469,0.062831853071795868,0.034557519189487726,-0.0072274370649283541,-0.084186293088753195,-0.062109766059230374,-2.2642523282524634,0.0020319286409203469,-0.005188447288389816,0,0,0
2.3515343999999998,2252,3999,4294967281,2253,3999,-15,0.019619531555368469,0.062831853071795868,0.034557519189487726,-0.0038557516032497138,-0.044912384795955086,-0.033134820533053812,-1.2956963022546333,-0.0044465528703528196,-0.0071209936856389787,0,0,0
2.356471,2253,3999,4294967280,2254,3999,-16,0.019597462341020475,0.062831853071795868,0.036128315516282622,-0.0041161078252595889,-0.02396022243114317,0.12888200642920883,5.6444781291274628,0.023775837775284494,0.0055367260626844154,0,0,0
2.3614603000000001,2253,3999,4294967280,2254,3999,-16,0.019597462341020475,0.062831853071795868,0.036128315516282622,-0.0021958945064228905,-0.012782493326908803,0.068757015585909922,3.1104898927053868,0.039328287238811432,0.019202057639941931,0,0,0
2.3660369000000001,2252,3999,4294967280,2253,3999,-16,0.019619531555368469,0.062831853071795868,0.036128315516282622,0.00088762669425144938,-0.0068193079643573433,0.036681048994048324,1.7078532974925744,0.047867553726274305,0.032868672090210035,0,0,0
2.3710011999999998,2250,3998,4294967281,2251,3998,-15,0.019663669984064464,0.063617251235193309,0.035342917352885167,0.0045917587961592354,0.069641499703549006,-0.053710616484963572,-2.6272755160989201,0.034731176145779703,0.037975023031775128,0,0,0
2.3759768999999999,2246,3997,4294967281,2247,3997,-15,0.019751946841456446,0.06440264939859075,0.036128315516282608,0.010686089685796171,0.11043243002958436,0.044625545032126797,1.1872063006952742,0.040667207649256076,0.046041430992400399,0,0,0
2.3810419999999999,2241,3996,4294967281,2242,3996,-15,0.019862292913196425,0.065188047561988219,0.036913713679680077,0.015996452901306885,0.13219390558305374,0.097086716125108344,3.2138467145640077,0.05673644122207612,0.058977824503323777,0,0,0
2.3859878999999999,2233,3995,4294967282,2234,3995,-14,0.020038846627980396,0.06597344572538566,0.036128315516282622,0.025006799224312395,0.14380339363539724,-0.021484912436129759,-2.1877640334754855,0.045797621054698694,0.06100049642925915,0,0,0
2.3909520999999998,2224,3993,4294967283,2225,3993,-13,0.020237469557112361,0.067544242052180556,0.036128315516282622,0.031872821946962782,0.22327643654700458,-0.011461944922810371,-2.4285768788228097,0.033654736660584647,0.058060010120919457,0,0,0
2.3959592000000001,2213,3990,4294967284,2214,3990,-12,0.020480230914940317,0.069900436542372907,0.036913713679680077,0.039653983828098878,0.33895387779513697,0.067164708174956178,0.076135360209208969,0.034035413461630692,0.05521090880755683,0,0,0
2.400941,2202,3988,4294967285,2203,3988,-11,0.020722992272768272,0.071471232869167789,0.03691371367968007,0.043805141026537035,0.3273868958168874,0.035831571952947748,-1.4836803932568767,0.026617011495346309,0.048487593184485277,0,0,0
2.4059103999999998,2192,3986,4294967286,2193,3986,-10,0.020943684416248231,0.073042029195962685,0.036913713679680063,0.043960623693430137,0.32121604868162712,0.019115716921970963,-2.3675518573513443,0.014779252208589586,0.038449839331921365,0,0,0
2.4108892000000002,2183,3984,4294967287,2184,3984,-9,0.021142307345380196,0.074612825522757595,0.036913713679680077,0.041984461581868249,0.31792397522302346,0.010198007330541483,-2.890601402211685,0.00032624519753116088,0.024956288826240972,0,0,0
2.4169022,2174,3982,4294967288,2175,3982,-8,0.021340930274512161,0.076183621849552477,0.036913713679680063,0.04093020262928454,0.3161676932378587,0.0054405154637023586,-3.2717271076595931,-0.016032390340766804,0.0068216009388985428,0,0,0
2.4208620000000001,2170,3982,4294967288,2171,3982,-8,0.021429207131904146,0.076183621849552477,0.036913713679680063,0.030072216719551789,0.16867169913014277,0.0029024502092822001,-2.6242128618226661,-0.029153454649880135,-0.009576684442736582,0,0,0
2.4268467999999999,2167,3981,4294967289,2168,3981,-7,0.021495414774948134,0.076969020012949932,0.036128315516282615,0.022220500280753605,0.1632638620820504,-0.071731096670380065,-5.7646835923800559,-0.057976872611780417,-0.035004881397879148,0,0,0
2.4318558000000001,2168,3981,4294967289,2169,3981,-7,0.021473345560600137,0.076969020012949932,0.036128315516282615,0.0097952620151478039,0.087099326126314228,-0.038267685834552458,-3.8452114399286792,-0.07720292981142382,-0.059718540599180248,0,0,0
2.4358314999999999,2172,3981,4294967288,2173,3981,-8,0.021385068703208152,0.076969020012949932,0.037699111843077518,-0.003010785416684327,0.046466453230448838,0.12614368391768521,3.7040472073895323,-0.058682693774476158,-0.069111224831403681,0,0,0
2.4418099999999998,2180,3983,4294967288,2181,3983,-8,0.021208514988424184,0.075398223686155036,0.036128315516282622,-0.018079100266396975,-0.12176973915034781,-0.079262885447588596,-3.9241127862441525,-0.078303257705696919,-0.08619115217468612,0,0,0
2.4468204,2191,3985,4294967286,2192,3985,-10,0.020965753630596228,0.07382742735936014,0.037699111843077518,-0.032295197579691862,-0.21152174427601461,0.10427323313222717,4.8191737221627076,-0.054207389094883381,-0.085211290017448316,0,0,0
2.4518070999999999,2205,3987,4294967285,2206,3987,-11,0.020656784629724284,0.072256631032565244,0.037699111843077525,-0.046056646986288877,-0.25940337016210552,0.0556285280956101,3.552559191030126,-0.03644459313973275,-0.076941671313763602,0,0,0
2.4567671999999998,2219,3990,4294967284,2220,3990,-12,0.02034781562885234,0.069900436542372907,0.036913713679680077,-0.05339821636086111,-0.35822716664643089,-0.043602362028082153,0.14315275529424643,-0.035728829363261522,-0.070720616857223875,0,0,0
2.4617779999999998,2233,3993,4294967283,2234,3993,-13,0.020038846627980396,0.067544242052180556,0.036128315516282622,-0.057314856192114558,-0.41094848518723059,-0.0965408601774424,-1.6158701220748521,-0.043808179973635786,-0.067823102218476358,0,0,0
2.4667553,2246,3995,4294967282,2247,3995,-14,0.019751946841456446,0.06597344572538566,0.036128315516282622,-0.057345226636460897,-0.36579516148335017,-0.051503399208356858,0.29161904921477788,-0.042350084727561896,-0.063506490078797995,0,0,0
2.4717289,2258,3997,4294967281,2259,3997,-15,0.019487116269280493,0.06440264939859075,0.036128315516282608,-0.055302318644120052,-0.34170640101414962,-0.027476450128370633,1.3613975225334971,-0.035543097114894409,-0.057313965934248257,0,0,0
2.4767446,2270,3999,4294967280,2271,3999,-16,0.019222285697104543,0.062831853071795868,0.036128315516282622,-0.054212451559011055,-0.32885533417468243,-0.014658358928943054,2.0348376722086998,-0.025368908753850908,-0.04789103154718681,0,0,0
2.4817155999999998,2281,4001,4294967279,2282,4001,-17,0.018979524339276584,0.061261056745000965,0.036128315516282622,-0.051571910185513117,-0.32199944305801287,-0.0078200599235300587,2.4460519980602591,-0.013138648763549612,-0.035787901612232061,0,0,0
2.4866820999999999,2290,4002,4294967278,2291,4002,-18,0.018780901410144622,0.060475658581603517,0.03691371367968007,-0.046044992283276784,-0.24506238750143466,0.069107610451194901,5.5032103536495569,0.014377403004698173,-0.01551581078859676,0,0,0
2.4916839999999998,2296,4003,4294967278,2297,4003,-18,0.018648486124056646,0.059690260418206069,0.036128315516282622,-0.036919116613833833,-0.20401738459838564,-0.036411432112541449,0.7545221104542772,0.01815001355696956,-0.0016107333635707252,0,0,0
2.4966590000000002,2300,4003,4294967278,2301,4003,-18,0.01856020926666466,0.059690260418206069,0.036128315516282622,-0.027932350097966772,-0.10884084505879221,-0.019425065411613037,0.91440505301045005,0.022722038822021812,0.011271298219679527,0,0,0
2.5006979999999999,2300,4003,4294967278,2301,4003,-18,0.01856020926666466,0.059690260418206069,0.036128315516282622,-0.014901576133452684,-0.058065294663157602,-0.010363041065761256,0.79741926881901337,0.026709135166116879,0.020878328298887888,0,0,0
2.5065935000000001,2299,4002,4294967279,2300,4002,-17,0.018582278481012657,0.060475658581603517,0.035342917352885167,-0.0058907031429636554,0.042302376083526619,-0.078808078288089334,-2.8516164571777014,0.012451052880228372,0.021642190475401776,0,0,0
2.5116022999999998,2297,4001,4294967280,2298,4001,-16,0.018626416909708648,0.061261056745000965,0.034557519189487726,0.00097560055051715581,0.095847333157435557,-0.11532269054048735,-4.9927916878828125,-0.01251290555918569,0.012270846641860933,0,0,0
2.5165866000000001,2295,4000,4294967280,2296,4000,-16,0.01867055533840464,0.06204645490839842,0.035342917352885181,0.0046386918008040259,0.12441293009435095,0.011756237256083012,0.093706334021295135,-0.012044373889079215,0.0071913981811599871,0,0,0
2.5215372,2294,4000,4294967281,2295,4000,-15,0.018692624552752637,0.06204645490839842,0.033772121026090285,0.0045337970966916538,0.066372816583086164,-0.14028722601187216,-6.3085656780443475,-0.043587202279300956,-0.011460099713857703,0,0,0
2.5265266999999998,2294,3999,4294967281,2295,3999,-15,0.018692624552752637,0.062831853071795868,0.034557519189487726,0.0024187267585084166,0.10868862651126757,-0.001562045117523489,-0.65077678409373674,-0.046841086199769642,-0.024965235657404161,0,0,0
2.5315146999999998,2295,3999,4294967281,2296,3999,-15,0.01867055533840464,0.062831853071795868,0.034557519189487726,-0.00076874834145313452,0.057984087880810019,-0.00083333246794578422,-0.37516726030591496,-0.04871692250129922,-0.037675147696844852,0,0,0
2.5364958999999998,2299,3999,4294967282,2300,3999,-14,0.018582278481012657,0.062831853071795868,0.03298672286269283,-0.008646559136093683,0.030933820357192113,-0.14700361153160263,-6.4482443044515421,-0.08095814402355693,-0.061584689547431022,0,0,0
2.5414949999999998,2305,3999,4294967281,2306,3999,-15,0.018449863194924681,0.062831853071795868,0.034557519189487726,-0.016967497904344878,0.016502824772513532,0.068134362484541203,2.9728598409014042,-0.06609384481904991,-0.070675460379304902,0,0,0
2.5464774999999999,2314,4001,4294967281,2315,4001,-15,0.018251240265792716,0.061261056745000965,0.03298672286269283,-0.027583950432067128,-0.13775497809853543,-0.11021016760444682,-3.7070495380584054,-0.084629092509341933,-0.087503031869431661,0,0,0
2.5514842999999998,2326,4003,4294967280,2327,4003,-16,0.017986409693616763,0.059690260418206069,0.03298672286269283,-0.039425032213402947,-0.22004967888811838,-0.05879581193412689,-0.83034620658100389,-0.08878082354224695,-0.09944501239350198,0,0,0
2.5564738999999999,2341,4005,4294967279,2342,4005,-17,0.017655371478396825,0.058119464091411173,0.03298672286269283,-0.05191943911754307,-0.26395292171926654,-0.031366865472888868,0.95941898076831267,-0.083983728638405392,-0.10498990023869811,0,0,0
2.5614555999999999,2360,4008,4294967278,2361,4008,-18,0.017236056405784898,0.055763269601218829,0.032201324699295382,-0.066821497457031337,-0.36065429822198192,-0.090013368476659916,-0.61609539022503368,-0.087064205589530555,-0.10832754678456755,0,0,0
2.5664693000000001,2380,4012,4294967276,2381,4012,-20,0.016794672118824978,0.052621676947629037,0.032201324699295375,-0.076830678376613615,-0.48552285027031461,-0.048021060121294035,2.1909349656623318,-0.076109530761218902,-0.10435934289379006,0,0,0
2.5714934,2400,4016,4294967274,2401,4016,-22,0.016353287831865057,0.049480084294039245,0.032201324699295389,-0.082170457198787072,-0.5521387357398897,-0.025618663696278965,3.8930496175144444,-0.056644282673646684,-0.093002370928247952,0,0,0
2.5764369999999999,2420,4019,4294967273,2421,4019,-23,0.015911903544905136,0.047123889803846894,0.031415926535897927,-0.085019165609477088,-0.5143979980233806,-0.086946771283651109,1.4698637444171077,-0.049294963951561147,-0.081521191596711048,0,0,0
2.5814594,2439,4022,4294967271,2440,4022,-25,0.015492588472293213,0.04476769531365455,0.032201324699295375,-0.084479807358850523,-0.49426376390262949,0.026894452253367208,6.5601531658087762,-0.016494198122517262,-0.057358023738785943,0,0,0
2.5864408000000001,2455,4025,4294967270,2456,4025,-26,0.015139481042725276,0.042411500823462206,0.031415926535897934,-0.078014735367147703,-0.48352238977596862,-0.058931649298426661,2.9984148266738928,-0.0015021239891477977,-0.035164758281225977,0,0,0
2.5914082999999999,2467,4027,4294967269,2468,4027,-27,0.014874650470549323,0.040840704496667317,0.031415926535897934,-0.066329255400645049,-0.40451247530542322,-0.031439333089067996,3.7922520043620489,0.017459136032662449,-0.011232252184277591,0,0,0
2.5963886999999999,2474,4028,4294967269,2475,4028,-27,0.014720165970113351,0.040055306333269862,0.030630528372500482,-0.0497996396862289,-0.28908210756524494,-0.090052029086881577,0.52871936320763258,0.020102732848700611,0.0051419049984453369,0,0,0
2.6014078999999999,2477,4029,4294967268,2478,4029,-28,0.014653958327069363,0.039269908169872414,0.031415926535897934,-0.032744845501392963,-0.22750138102559253,0.025237834195576368,4.9154018824366457,0.044679742260883837,0.027400542435182584,0,0,0
2.6063915999999998,2476,4028,4294967269,2477,4028,-27,0.01467602754141736,0.040055306333269862,0.030630528372500482,-0.015409874856890472,-0.048089758191916104,-0.059815435303745522,0.12492772303199251,0.045304380876043798,0.040785531717793186,0,0,0
2.6113559,2473,4027,4294967269,2474,4027,-27,0.014742235184461348,0.040840704496667317,0.031415926535897934,-0.0020436539331933267,0.047624205993179583,0.041368696894038742,3.6967019111143768,0.063787890431615688,0.05948116065002907,0,0,0
2.6163959999999999,2467,4026,4294967270,2468,4026,-26,0.014874650470549323,0.041626102660064758,0.030630528372500482,0.011264396540653625,0.098686466037047213,-0.051209812155090143,-0.88017098801288896,0.059387035491551242,0.069286670192267377,0,0,0
2.6213834999999999,2458,4024,4294967271,2459,4024,-25,0.015073273399681288,0.043196898986859661,0.030630528372500486,0.024541413772252413,0.19920709296666597,-0.027319824931752695,-0.78213672770033849,0.055476351853049548,0.074545317317464527,0,0,0
2.6263247000000001,2446,4022,4294967273,2447,4022,-23,0.015338103971857241,0.04476769531365455,0.029059732045705583,0.037801875138683695,0.25283365034262795,-0.16113383983581853,-7.3569510417100155,0.018691596644499472,0.060377403140538133,0,0,0
2.6313285,2434,4019,4294967274,2435,4019,-22,0.015602934544033192,0.047123889803846894,0.029845130209103034,0.044876173360048274,0.35472229936093508,-0.012683465332173072,-1.9445078426133178,0.0089690574314328832,0.047659051101614371,0,0,0
2.6363072000000001,2423,4017,4294967275,2424,4017,-21,0.015845695901861148,0.04869468613064179,0.029845130209103031,0.046591116951252662,0.33579916093754614,-0.0067664777084815216,-1.9025133992845413,-0.00054350956498982333,0.032911750036456022,0,0,0
2.6413042,2414,4015,4294967276,2415,4015,-20,0.016044318830993113,0.050265482457436693,0.029845130209103034,0.043387798408612011,0.3257038919426003,-0.0036098352761079863,-1.8810541510839351,-0.0099487803204095001,0.017394522381319992,0,0,0
2.6462564,2408,4014,4294967277,2409,4014,-19,0.01617673411708109,0.051050880620834134,0.029059732045705583,0.035501535325979952,0.24703866686541714,-0.075205323422621498,-4.6561748782434211,-0.033229654711626609,-0.0039339289643790885,0,0,0
2.6512750999999999,2405,4013,4294967277,2406,4013,-19,0.016242941760125078,0.051836278784231589,0.029845130209103038,0.025116977100022374,0.20507170610374004,0.033158374859394268,0.24361815279854637,-0.032011563947633874,-0.01727015822905522,0,0,0
2.6562326999999999,2405,4013,4294967277,2406,4013,-19,0.016242941760125078,0.051836278784231589,0.029845130209103038,0.013399608167069891,0.10940331302608003,0.017689598107421479,0.21577293502185357,-0.030932699272524605,-0.026936559188294618,0,0,0
2.6612192000000001,2406,4014,4294967277,2407,4014,-19,0.016220872545777081,0.051050880620834134,0.029059732045705583,0.0050894211196981128,-0.014914154666691777,-0.063842329365520561,-2.5851342315933152,-0.043858370430491178,-0.040983250046752788,0,0,0
2.6662351000000002,2410,4014,4294967277,2411,4014,-19,0.016132595688385098,0.051050880620834134,0.029059732045705583,-0.0055212954929759056,-0.007956523903370866,-0.034059122424021052,-1.1332814931118342,-0.049524777896050351,-0.051974214649102221,0,0,0
2.671195,2415,4016,4294967276,2416,4016,-20,0.016022249616645116,0.049480084294039245,0.029059732045705586,-0.013241096706501112,-0.15080374933296345,-0.01817013620622886,0.39190849598853994,-0.047565235416107653,-0.059499450235871762,0,0,0
2.6761746,2422,4017,4294967275,2423,4017,-21,0.015867765116209145,0.04869468613064179,0.029845130209103031,-0.021477739244948332,-0.15373152365304155,0.063585968012490307,4.2452136504736284,-0.026339167163739512,-0.055508747831598614,0,0,0
2.6811940999999999,2431,4019,4294967274,2432,4019,-22,0.015669142187077181,0.047123889803846894,0.029845130209103034,-0.029990110475225845,-0.22857297567822193,0.033922356695163733,3.7105942577934385,-0.0077861958747723198,-0.044641929236012116,0,0,0
2.68615,2440,4021,4294967273,2441,4021,-23,0.015470519257945216,0.045553093477052005,0.029845130209103038,-0.034531359153525419,-0.26849999905362121,0.018097173318614729,3.5274661807463907,0.0098511350289596337,-0.028666511481975479,0,0,0
2.6911466000000002,2448,4023,4294967272,2449,4023,-24,0.015293965543161248,0.043982297150257102,0.029845130209103031,-0.034894950979360698,-0.28980059053711404,0.0096546264478919713,3.4810704865948443,0.027256487461933855,-0.0086872131362402353,0,0,0
2.6962068000000001,2452,4024,4294967271,2453,4024,-25,0.015205688685769264,0.043196898986859661,0.030630528372500486,-0.026852481837579323,-0.22788468313473575,0.078430147525901217,6.1918901780754503,0.058215938352311106,0.018406317029777436,0,0,0
2.7011484000000001,2454,4025,4294967271,2455,4025,-25,0.015161550257073272,0.042411500823462206,0.029845130209103031,-0.018443699802030075,-0.19485328388646878,-0.031437969604430988,1.3081499771441538,0.064756688238031879,0.040534176013625044,0,0,0
2.7061080999999998,2451,4025,4294967271,2452,4025,-25,0.01522775790011726,0.042411500823462206,0.029845130209103031,-0.0036621634118804243,-0.10395190646342506,-0.016771782392048015,1.2427774017665607,0.070970575246864676,0.059142838562849187,0,0,0
2.7110875000000001,2446,4024,4294967271,2447,4024,-25,0.015338103971857241,0.043196898986859661,0.030630528372500486,0.0083418307457355529,0.017822415147564094,0.064331973119488572,3.9425288658996749,0.09068321957636305,0.082762570578057429,0,0,0
2.716107,2436,4023,4294967272,2437,4023,-24,0.015558796115337201,0.043982297150257102,0.029845130209103031,0.025041369987954018,0.082787565527723483,-0.038959177756377521,-1.2015532490752681,0.084675453330986708,0.094776458092909202,0,0,0
2.7210641999999998,2423,4021,4294967273,2424,4021,-23,0.015845695901861148,0.045553093477052005,0.029845130209103038,0.040127706088547918,0.19072521888349947,-0.020784257371728166,-1.4069731130275509,0.077640587765848951,0.10092311984594879,0,0,0
2.7260475,2407,4018,4294967274,2408,4018,-22,0.016198803331429087,0.047909287967244349,0.030630528372500489,0.054353417524574836,0.32158819082114198,0.062191365502027876,1.0649820495171867,0.082965498013434891,0.10704623736402162,0,0,0
2.7310843999999999,2389,4015,4294967276,2390,4015,-20,0.016596049189693013,0.050265482457436693,0.029845130209103034,0.066060885688434587,0.3914020279146635,-0.040101166427991698,-4.1507869186403639,0.062211563420233068,0.10016386785533613,0,0,0
2.7360308,2369,4012,4294967277,2370,4012,-19,0.017037433476652934,0.052621676947629037,0.030630528372500486,0.076424901056123512,0.42864687859743156,0.051886024563821395,-0.90969697335072652,0.057663078553479435,0.092413925737422561,0,0,0
2.7410093999999998,2350,4009,4294967278,2351,4009,-18,0.01745674854926486,0.054977871437821381,0.031415926535897934,0.079894869567950305,0.44851656289115471,0.10096009549087617,0.80903296526818824,0.061708243379820379,0.087607072003240027,0,0,0
2.7460195999999999,2332,4006,4294967280,2333,4006,-16,0.017853994407528787,0.057334065928013725,0.030630528372500482,0.079686946182749935,0.45911680283559592,-0.019418510672214291,-4.656861617252873,0.038423935293556019,0.072312309816966167,0,0,0
2.7510069000000001,2316,4003,4294967281,2317,4003,-15,0.018207101837096725,0.059690260418206069,0.031415926535897934,0.075457801007445313,0.46477190460866352,0.062919975101665512,-1.3460745160362673,0.03169356271337468,0.060045744544689285,0,0,0
2.7559675000000001,2301,4001,4294967282,2302,4001,-14,0.018538140052316666,0.061261056745000965,0.031415926535897934,0.071142492158204132,0.39450931476648621,0.033567057408487283,-2.4261433349485078,0.019562846038632141,0.044712466683814601,0,0,0
2.7605761000000002,2290,3999,4294967283,2291,3999,-13,0.018780901410144622,0.062831853071795868,0.031415926535897934,0.060603885226871185,0.3570250598364666,0.017907625380399358,-2.9025781408239699,0.0050499553345122912,0.02899753453377606,0,0,0
2.7665472000000002,2279,3998,4294967283,2280,3998,-13,0.019023662767972578,0.063617251235193309,0.032201324699295375,0.054981663932314906,0.26374813693585986,0.082833024172180206,0.27657833580635449,0.0064328470135440637,0.017150274300953783,0,0,0
2.7715065000000001,2273,3998,4294967283,2274,3998,-13,0.019156078054060555,0.063617251235193309,0.032201324699295375,0.041686724512587162,0.14070649010274677,0.044190431944919631,-0.5693474215175689,0.003586109905956219,0.0087437847733486083,0,0,0
2.7765650000000002,2269,3998,4294967283,2270,3998,-13,0.019244354911452537,0.063617251235193309,0.032201324699295375,0.030475812134943228,0.07506523680904359,0.023575069182786484,-0.92035278644323049,-0.0010156540262599334,0.0014307356300007545,0,0,0
2.7815337000000002,2267,3998,4294967283,2268,3998,-13,0.019288493340148531,0.063617251235193309,0.032201324699295375,0.020376703365763468,0.040046409892558289,0.012577018655665458,-1.0068966347597965,-0.0060501372000589162,-0.0047928787156027485,0,0,0
2.7864838000000001,2266,3998,4294967282,2267,3998,-14,0.019310562554496525,0.063617251235193309,0.033772121026090271,0.012929838844051248,0.021364282768632798,0.15326872825826215,5.3699671975373597,0.020799698787627885,0.0035053895608547665,0,0,0
2.7914910000000002,2265,3999,4294967282,2266,3999,-14,0.019332631768844522,0.062831853071795868,0.03298672286269283,0.0089570253057492596,-0.061881928860247896,0.0084875219704449584,-0.25101999084586263,0.019544598833398572,0.0068532228584531627,0,0,0
2.7964606000000001,2264,4000,4294967281,2265,4000,-15,0.019354700983192519,0.06204645490839842,0.033772121026090285,0.0068375765949396407,-0.1062927913927061,0.077807511186124126,3.0794152697087385,0.034941675181942265,0.017594303987627468,0,0,0
2.8014556000000002,2262,4000,4294967281,2263,4000,-15,0.01939883941188851,0.06204645490839842,0.033772121026090285,0.0077659862107647536,-0.056705938376839633,0.041509380615235028,1.4127843136376415,0.042005596750130471,0.027943390984681567,0,0,0
2.8064486,2259,4000,4294967280,2260,4000,-16,0.019465047054932499,0.06204645490839842,0.035342917352885181,0.010320391947182679,-0.030251942818189912,0.16870379881082978,6.845122394827774,0.076231208724269334,0.051440128637284727,0,0,0
2.8114176999999998,2253,4000,4294967280,2254,4000,-16,0.019597462341020475,0.06204645490839842,0.035342917352885181,0.017860467775538402,-0.016139051225873349,0.090001467587407125,3.4042985635776133,0.093252701542157396,0.073502686812387683,0,0,0
2.8164189999999998,2243,3999,4294967280,2244,3999,-16,0.019818154484500434,0.062831853071795868,0.036128315516282622,0.030119449486772462,0.064669527661504286,0.12129423043061999,4.2010778125710173,0.11425809060501249,0.097794473237604262,0,0,0
2.8213891000000002,2230,3997,4294967281,2231,3997,-15,0.020105054271024384,0.06440264939859075,0.036128315516282608,0.042836801026781751,0.18105946144793195,0.064709027452794582,0.97911844896305089,0.11915368284982775,0.11699211465669178,0,0,0
2.8263954,2211,3994,4294967282,2212,3994,-14,0.020524369343636308,0.066758843888783101,0.036913713679680063,0.061976018199919415,0.31643162433789207,0.10780101482417083,1.6894335677855925,0.12760085068875571,0.13278625054851981,0,0,0
2.8313931000000001,2189,3990,4294967283,2190,3990,-13,0.021009892059292219,0.069900436542372907,0.038484510006474973,0.078363893422756653,0.46193058039694845,0.20406959620026593,4.6919388960518216,0.15106054516901482,0.15368727398634546,0,0,0
2.8362946999999998,2163,3986,4294967285,2164,3986,-11,0.021583691632340116,0.073042029195962685,0.038484510006474966,0.095343070743309999,0.53955254072064018,0.10886869932661149,-0.30033951538476256,0.14955884759209101,0.16499897625397045,0,0,0
2.8412741000000001,2133,3980,4294967287,2134,3980,-9,0.022245768062779999,0.077754418176347387,0.040055306333269869,0.11263770069123208,0.72752197074451241,0.2046391931673599,2.3009959282097388,0.16106382723313969,0.17703189336504827,0,0,0
2.8462529999999999,2100,3974,4294967290,2101,3974,-6,0.022974052136263867,0.082466807156732075,0.040055306333269869,0.1280415105964377,0.82780142315142946,0.10917257252527839,-2.9563891026877993,0.14628188171970069,0.17652335759297327,0,0,0
2.8512488999999999,2065,3968,4294967293,2066,3968,-3,0.023746474638443728,0.087179196137116763,0.040055306333269869,0.14037748026373759,0.88129931679165674,0.058242267316015797,-6.1702466535077569,0.1154306484521619,0.16201401647557684,0,0,0
2.8557744,2033,3962,4294967295,2034,3962,-1,0.024452689497579602,0.091891585117501451,0.041626102660064758,0.1407812423851412,0.90983980594717651,0.17763059459527242,-1.6677364926909464,0.10709196598870717,0.15134427182326515,0,0,0
2.8617582000000001,1993,3955,3,1994,3955,3,0.025335458071499443,0.09738937226128358,0.040840704496667303,0.15746952677030884,0.99834533631757738,0.021484287537991878,-9.7010562298637364,0.058586684839388489,0.11291106270570914,0,0,0
2.8667525,1963,3949,5,1964,3949,5,0.025997534501939323,0.10210176124166827,0.042411500823462199,0.14578142512333073,0.97228246347387182,0.15802065013112965,-4.0228711001825141,0.038472329338475914,0.082420881150090108,0,0,0
2.8717431000000002,1939,3944,7,1940,3944,7,0.026527195646291229,0.10602875205865551,0.043196898986859647,0.12719130051088201,0.88509871190011702,0.15758165428344845,-3.6458958772382513,0.020242849952284658,0.05360971563999517,0,0,0
2.8767285999999999,1920,3941,8,1921,3941,8,0.026946510718903152,0.10838494654884787,0.043982297150257116,0.10697813910463752,0.69202818011483946,0.15734745522667404,-2.6540123586575772,0.0069727881589967712,0.027858028815004359,0,0,0
2.8817284000000001,1908,3939,9,1909,3939,9,0.027211341291079105,0.10995574287564276,0.043982297150257102,0.081780886372059422,0.51574783137474989,0.08394299352691989,-4.6671254064343239,-0.016362838873174849,0.0016943156248642732,0,0,0
2.8867318000000002,1902,3938,10,1903,3938,10,0.027343756577167082,0.1107411410390402,0.043196898986859647,0.055983790534692324,0.34842484533650792,-0.028496931914868316,-8.375955151451242,-0.05824261463043106,-0.032041696155299088,0,0,0
2.8917103000000002,1901,3937,9,1902,3937,9,0.027365825791515076,0.11152653920243766,0.045553093477051998,0.031925795807117623,0.25916002491930412,0.20463578406683544,2.4999606120938589,-0.045742811569961767,-0.046431816545262607,0,0,0
2.8967139,1905,3938,9,1906,3938,9,0.027277548934123094,0.1107411410390402,0.044767695313654543,0.0087955908108211332,0.064979267689304676,0.035891234518729595,-3.2604532303438321,-0.062045077721680927,-0.06432976805701425,0,0,0
2.9017249999999999,1912,3939,8,1913,3939,8,0.02712306443368712,0.10995574287564276,0.045553093477052012,-0.0097214288873612685,-0.038613853811951399,0.092427065482319118,0.14902016810847885,-0.061299976881138536,-0.074788794318363647,0,0,0
2.9066987000000002,1922,3941,7,1923,3941,7,0.026902372290207161,0.10838494654884787,0.045553093477051998,-0.02577736916700259,-0.16715906974384287,0.049308738729313531,-0.57159413274673376,-0.06415794754487221,-0.082775915949525061,0,0,0
2.9116852999999998,1935,3942,6,1936,3942,6,0.026615472503683211,0.10759954838545042,0.04633849164044946,-0.040520352885623473,-0.16245689231822369,0.099585144190829727,2.1354536793088417,-0.053480679148327999,-0.081699558659725571,0,0,0
2.9167084000000001,1949,3945,4,1950,3945,4,0.026306503502811267,0.10524335389525807,0.047123889803846901,-0.050444669389378194,-0.30650737524349375,0.12640700776741437,4.4756588958663857,-0.031102384668996071,-0.070662671808266797,0,0,0
2.9216579,1964,3947,3,1965,3947,3,0.025975465287591325,0.10367255756846318,0.047123889803846901,-0.057798284319070983,-0.31007707310802995,0.067436633274376157,2.485687246009384,-0.018673948438949151,-0.056538331911880763,0,0,0
2.9266391999999999,1977,3949,2,1978,3949,2,0.025688565501067379,0.10210176124166827,0.047123889803846887,-0.057603129785090315,-0.3119814644075547,0.035976640755156414,1.4258601188620315,-0.011544647844638992,-0.042854395497099587,0,0,0
2.931657,1987,3950,2,1988,3950,2,0.025467873357587417,0.10131636307827083,0.046338491640449446,-0.05132168637712755,-0.23971791519460972,-0.054086409891677574,-2.7247985669560704,-0.025168640679419346,-0.039376051682412136,0,0,0
2.9366284,1996,3950,2,1997,3950,2,0.025269250428455455,0.10131636307827083,0.046338491640449446,-0.045911500861395615,-0.12788665297751131,-0.028854455567082035,-2.1942351668490252,-0.03613981651366447,-0.039686341951520598,0,0,0
2.9415974999999999,2003,3950,2,2004,3950,2,0.025114765928019481,0.10131636307827083,0.046338491640449446,-0.038907010792718175,-0.06822600637300287,-0.015393508419955654,-2.0108307920372113,-0.046193970473850529,-0.044724376990621761,0,0,0
2.9465775999999999,2010,3950,2,2011,3950,2,0.024960281427583508,0.10131636307827083,0.046338491640449446,-0.035170198756912852,-0.036397761902702747,-0.0082122534221569666,-1.9114909079283331,-0.055751425013492194,-0.052674276063478645,0,0,0
2.9516032999999999,2019,3950,2,2020,3950,2,0.024761658498451546,0.10131636307827083,0.046338491640449446,-0.03729487456260569,-0.019417772517461372,-0.0043811394017429003,-1.7554303322597344,-0.064528576674790866,-0.061224821287777696,0,0,0
2.9565605000000001,2028,3951,2,2029,3951,2,0.024563035569319581,0.10053096491487339,0.045553093477052005,-0.038428363802372537,-0.083638669685598105,-0.075616804988256195,-4.507086780786544,-0.087064010578723594,-0.078208795956942342,0,0,0
2.9615415,2040,3951,2,2041,3951,2,0.024298204997143628,0.10053096491487339,0.045553093477052005,-0.045210397601330013,-0.044620234231969064,-0.040340664947593016,-3.0272498458212596,-0.10220025980782989,-0.095099817530124101,0,0,0
2.9665509999999999,2055,3952,2,2056,3952,2,0.023967166781923687,0.099745566751475931,0.04476769531365455,-0.055005862654613144,-0.097083882876468727,-0.094800783628254837,-4.9196941552055726,-0.12679873058385777,-0.11714843290111418,0,0,0
2.9715202000000001,2073,3954,1,2074,3954,1,0.023569920923659761,0.098174770424681035,0.04476769531365455,-0.066408957395400411,-0.19835213393551354,-0.050575089091778387,-2.2811906000745248,-0.13820468358423038,-0.13653379345882363,0,0,0
2.9765008000000002,2096,3956,1,2097,3956,1,0.023062328993655852,0.096603974097886139,0.043196898986859654,-0.082787923954797504,-0.25237753988113798,-0.17354024632036932,-6.8883291946346805,-0.17264632955740378,-0.16404684526600705,0,0,0
2.9815388999999999,2123,3960,0,2124,3960,0,0.022466460206259958,0.093462381444296347,0.041626102660064758,-0.099762348609497981,-0.4277584891535251,-0.23914069332096768,-8.5257238627245346,-0.21527494887102644,-0.19985300237522571,0,0,0
2.9864793999999999,2156,3964,4294967294,2157,3964,-2,0.02173817613277609,0.090320788790706555,0.041626102660064765,-0.1211726635922275,-0.52132213699459651,-0.12757871198200538,-2.7025386217627494,-0.2287876419798402,-0.22748747460257635,0,0,0
2.9914670000000001,2195,3969,4294967292,2196,3969,-4,0.020877476773204243,0.086393797973719322,0.040840704496667317,-0.14494947323834736,-0.64451674816886628,-0.14134124281115873,-1.9206951138189865,-0.23839111754893513,-0.25016551843257051,0,0,0
2.9964829000000002,2240,3976,4294967290,2241,3976,-6,0.019884362127544422,0.080896010829937165,0.038484510006474959,-0.16998877960501596,-0.85679864470097478,-0.29524242769582149,-6.7071999640306483,-0.27192711736908837,-0.27921827445049735,0,0,0
3.0004936,2280,3982,4294967288,2281,3982,-8,0.019001593553624581,0.076183621849552477,0.036913713679680063,-0.17305140004721214,-0.89676898916306946,-0.30406735774458088,-6.5977835709966763,-0.30491603522407174,-0.32020845948255111,0,0,0
3.0064449999999998,2349,3992,4294967283,2350,3992,-13,0.017478817763612854,0.068329640215577997,0.036913713679680063,-0.23439946919955484,-1.2112107690984741,-0.16221631424627206,2.8262875048775209,-0.29078459769968412,-0.32184613297577452,0,0,0
3.0114616999999999,2412,4003,4294967279,2413,4003,-17,0.016088457259689104,0.059690260418206069,0.034557519189487726,-0.25477327192743926,-1.452241233327519,-0.3063790297071286,-1.144746909953728,-0.29650833224945278,-0.33047758699065738,0,0,0
3.0164540999999998,2479,4014,4294967275,2480,4014,-21,0.014609819898373372,0.051050880620834134,0.032201324699295375,-0.27387889410388738,-1.5808281155838753,-0.38328812158485215,-2.7758964361830554,-0.31038781443036806,-0.33939429027961127,0,0,0
3.0214205000000001,2546,4025,4294967270,2547,4025,-26,0.013131182537057638,0.042411500823462206,0.031415926535897934,-0.2840715160079087,-1.6494276859381745,-0.27775916761421382,3.0116506080081802,-0.29532956139032718,-0.33788880504293306,0,0,0
3.0264199999999999,2616,4036,4294967265,2617,4036,-31,0.011586337532697916,0.033772121026090278,0.030630528372500486,-0.29568648919886037,-1.6860247397761596,-0.22146072740557771,6.7234177801312267,-0.26171247248967106,-0.32057404935496253,0,0,0
3.0313927999999999,2684,4047,4294967260,2685,4047,-36,0.010085630957034186,0.025132741228718346,0.029845130209103038,-0.29776471854913417,-1.7055488321677448,-0.19142618000726583,9.0745019420355995,-0.21633996277949305,-0.29004823226627813,0,0,0
3.0364601000000002,2750,4058,4294967255,2751,4058,-41,0.0086290628100664478,0.016493361431346415,0.02905973204570559,-0.29475520863262006,-1.7159647029480181,-0.17540310664895514,10.699250541011827,-0.16284371007443391,-0.24534451395362977,0,0,0
3.0413432999999999,2807,4067,4294967251,2808,4067,-45,0.0073711175922306742,0.0094247779607693795,0.028274333882308138,-0.27461767856765329,-1.5749624073836035,-0.16685498782961761,10.881587016453784,-0.10843577499216499,-0.1943067270851335,0,0,0
3.0463501000000002,2856,4075,4294967248,2857,4075,-48,0.0062897260891788681,0.0031415926535897933,0.026703537555513239,-0.24740166399223934,-1.4264598425914634,-0.23557418753028631,7.4062767247931678,-0.071404391368199149,-0.14502069704790332,0,0,0
3.0513425000000001,2894,4081,4294967246,2895,4081,-50,0.0054510959439550196,-0.0015707963267948967,0.025132741228718346,-0.21023203143936686,-1.2006764541943378,-0.27223506219990368,4.5189695066735087,-0.048809543834831604,-0.1040600866981897,0,0,0
3.0562996999999998,2921,4084,4294967245,2922,4084,-51,0.0048552271565591261,-0.0039269908169872417,0.024347343065320895,-0.1677522622322502,-0.86038514744222283,-0.21851368295311169,4.6796786650263034,-0.025411150509700085,-0.069062634191858471,0,0,0
3.0613016000000002,2940,4086,4294967245,2941,4086,-51,0.0044359120839472018,-0.0054977871437821377,0.022776546738525999,-0.12861692914618961,-0.60556426849612288,-0.26313348617997612,0.88593437877402614,-0.020981478615829954,-0.046248081563255654,0,0,0
3.0662881999999998,2952,4087,4294967245,2953,4087,-51,0.0041710815117712496,-0.0062831853071795866,0.021991148575128551,-0.093324923164848139,-0.39634084492499405,-0.21365810053631967,1.2608276859124548,-0.014677340186267681,-0.030231050318359175,0,0,0
3.0712640000000002,2960,4087,4294967245,2961,4087,-51,0.0039945277969872812,-0.0062831853071795866,0.021991148575128551,-0.066260617212203915,-0.21144312078047006,-0.11398405220127221,4.0537944167518853,0.0055916318974917455,-0.012054103155140614,0,0,0
3.0762618000000002,2964,4087,4294967246,2965,4087,-50,0.0039062509395952974,-0.0062831853071795866,0.020420352248333655,-0.043585691241939527,-0.11280238687951857,-0.20736817300771937,-1.0302950389334145,0.00044015670282467317,-0.0051758764197419437,0,0,0
3.0812474999999999,2965,4086,4294967247,2966,4086,-49,0.003884181725247301,-0.0054977871437821377,0.019634954084936207,-0.02531155748226922,0.013100789245142616,-0.18390797006295484,-1.2440164665113818,-0.005779925629732236,-0.0043112947161578563,0,0,0
3.0862053,2966,4085,4294967248,2967,4085,-48,0.0038621125108993051,-0.0047123889803846897,0.018849555921538759,-0.015562524746479178,0.080268634338194991,-0.17139223117734254,-1.5012810005119679,-0.013286330632292075,-0.0068027010982303175,0,0,0
3.0912316999999998,2966,4084,4294967248,2967,4084,-48,0.0038621125108993051,-0.0039269908169872417,0.019634954084936207,-0.0083024216195572327,0.11610187979959043,-0.018156194946628554,4.5401179664862159,0.0094142592001390038,0.00076009033007931072,0,0,0
3.0961880000000002,2966,4084,4294967249,2967,4084,-47,0.0038621125108993051,-0.0039269908169872417,0.018064157758141311,-0.0044292430612510938,0.061938970226372222,-0.15624515236758879,-1.4030824300902545,0.0023988470496877313,0.0006437283324564597,0,0,0
3.1011956999999999,2966,4083,4294967250,2967,4083,-46,0.0038621125108993051,-0.0031415926535897933,0.017278759594743866,-0.0023629484257253609,0.10632322228223305,-0.1566344473708402,-1.9236319316626567,-0.0072193126086255522,-0.0027706917698176146,0,0,0
3.1061827000000002,2966,4083,4294967250,2967,4083,-46,0.0038621125108993051,-0.0031415926535897933,0.017278759594743866,-0.0012606048449869504,0.056722172894003567,-0.083562612326979424,1.1910418754219481,-0.0012641032315158117,-0.0018981204908335679,0,0,0
3.1111393000000001,2966,4083,4294967250,2967,4083,-46,0.0038621125108993051,-0.0031415926535897933,0.017278759594743866,-0.00067251767237228434,0.030260603739761485,-0.044579658536906153,2.8526832591349729,0.012999313064159052,0.0042548330501807272,0,0,0
3.1161679000000002,2966,4083,4294967251,2967,4083,-45,0.0038621125108993051,-0.0031415926535897933,0.015707963267948967,-0.00035878016925892199,0.016143671724389658,-0.1703417555183816,-2.6335281288310401,-0.00016832757999614943,0.0018796071827733352,0,0,0
3.1211430999999998,2965,4083,4294967251,2966,4083,-45,0.003884181725247301,-0.0031415926535897933,0.015707963267948967,0.0018677053151013551,0.008612456611446058,-0.090875297984608805,0.57477767051998052,0.0027055607726037532,0.0022223606725821146,0,0,0
3.1260992000000001,2965,4083,4294967251,2966,4083,-45,0.003884181725247301,-0.0031415926535897933,0.015707963267948967,0.00099639854327412958,0.0045946430372453091,-0.048480889249144135,2.336940964555712,0.014390265595382312,0.008098786863680367,0,0,0
3.1311222999999999,2965,4083,4294967251,2966,4083,-45,0.003884181725247301,-0.0031415926535897933,0.015707963267948967,0.00053156675681727142,0.0024511873431850291,-0.025863977059925096,3.2770340964816445,0.030775436077790534,0.019297631988738861,0,0,0
3.1361081999999998,2963,4084,4294967251,2964,4084,-45,0.0039283201539432929,-0.0039269908169872417,0.014922565104551517,0.0044018050598232149,-0.071971840035394599,-0.08707764304174069,0.84015836799314592,0.034976227917756265,0.027612225797033547,0,0,0
3.1410904999999998,2961,4084,4294967251,2962,4084,-45,0.0039724585826392857,-0.0039269908169872417,0.014922565104551517,0.0064665311041616075,-0.038396119552796912,-0.046454885563050732,2.3332243273081277,0.046642349554296907,0.040187947985166478,0,0,0
3.1460465000000002,2957,4084,4294967251,2958,4084,-45,0.0040607354400312694,-0.0039269908169872417,0.014922565104551517,0.011686258385622981,-0.02048387252552741,-0.024783128220887587,3.027761758356299,0.061781158346078405,0.055499005646347063,0,0,0
3.1510642,2950,4084,4294967251,2951,4084,-45,0.0042152199404672415,-0.0039269908169872417,0.014922565104551517,0.020648251517187924,-0.010927902051797115,-0.013221503765827369,3.2450822998344226,0.07800656984525052,0.072293166901093261,0,0,0
3.1560465999999998,2940,4083,4294967251,2941,4083,-45,0.0044359120839472018,-0.0031415926535897933,0.015707963267948967,0.031606698913480044,0.067449613686773255,0.066226004486632087,6.0440083646737683,0.10822661166861935,0.096447630341854676,0,0,0
3.1610068999999998,2926,4082,4294967252,2927,4082,-44,0.0047448810848191459,-0.0023561944901923449,0.014922565104551515,0.045689341147132759,0.10926308494260606,-0.037948734577853131,1.0025503131647735,0.11323936323444322,0.11305355598521931,0,0,0
3.1660140999999999,2909,4080,4294967253,2910,4080,-43,0.0051200577287350791,-0.00078539816339744833,0.014922565104551519,0.059379593858045143,0.20484959319679003,-0.02024519796926149,0.85102440247791211,0.11749448524683279,0.12704625313445789,0,0,0
3.1710094,2887,4077,4294967254,2888,4077,-42,0.0056055804443909917,0.0015707963267948967,0.015707963267948967,0.076978731956947738,0.32912337631139565,0.062478947273634206,3.2493084885851866,0.13374102768975871,0.14212860576424102,0,0,0
3.1759688000000001,2863,4074,4294967255,2864,4074,-41,0.0061352415887428961,0.0039269908169872417,0.016493361431346415,0.090485883071621281,0.39542195963787641,0.10661129360640981,4.3656320126519459,0.15556918775301842,0.16119887963896376,0,0,0
3.1809829999999999,2834,4071,4294967257,2835,4071,-39,0.0067752488048347806,0.0062831853071795866,0.015707963267948967,0.10798733864947077,0.43079146429876508,-0.016403663777180284,-1.7274119597959894,0.14693212795403848,0.16700903998336772,0,0,0
3.1859719000000002,2803,4067,4294967259,2804,4067,-37,0.0074593944496226579,0.0094247779607693795,0.015707963267948967,0.1214423773024548,0.52294019311515738,-0.0087511592753881876,-2.4925295338398907,0.13446948028483902,0.16586117425061844,0,0,0
3.1909361999999999,2771,4062,4294967260,2772,4062,-36,0.0081656093087585317,0.013351768777756621,0.018064157758141311,0.13067959045171296,0.64537996183990343,0.21516991861938997,6.0510707221009792,0.16472483389534393,0.17883665526342321,0,0,0
3.1959167000000002,2737,4058,4294967262,2738,4058,-34,0.0089159625965903964,0.016493361431346415,0.018064157758141311,0.13972575418715352,0.6374206010384873,0.11479058914448639,1.3207941351260124,0.17132880457097399,0.18692988411628889,0,0,0
3.2009474,2701,4054,4294967264,2702,4054,-32,0.0097104543131182521,0.019634954084936207,0.018064157758141311,0.14866999533551245,0.6331743768382343,0.06123941227791517,-1.5119092420660123,0.16376925836064393,0.18803600340851034,0,0,0
3.2058876999999999,2664,4049,4294967266,2665,4049,-30,0.010527015243994107,0.023561944901923447,0.018849555921538759,0.15550075173472988,0.7041885860873135,0.10595001644770304,-0.44508712032101005,0.16154382275903889,0.18803751802492571,0,0,0
3.2118992,2618,4043,4294967269,2619,4043,-27,0.011542199104001923,0.028274333882308138,0.018849555921538759,0.1776768712913423,0.81535334031196638,0.056523072025756085,-4.0337793358797454,0.14137492607964017,0.17061388989528417,0,0,0
3.2159116999999999,2588,4040,4294967270,2589,4040,-26,0.012204275534441804,0.030630528372500482,0.019634954084936207,0.15656180277787729,0.65481985496383666,0.10343390508964255,-1.21122806617932,0.13531878574874356,0.16758888237028036,0,0,0
3.2209059,2553,4036,4294967272,2554,4036,-24,0.012976698036621666,0.033772121026090278,0.019634954084936207,0.15559271649697431,0.64245667160127873,0.055180756580371755,-3.5584658766678596,0.11752645636540426,0.15428280837631791,0,0,0
3.2258707000000002,2519,4032,4294967273,2520,4032,-23,0.013727051324453531,0.03691371367968007,0.021205750411731103,0.15301661024415203,0.63586106050937796,0.17599731507705935,1.4049692855818003,0.12455130279331326,0.14832534684712309,0,0,0
3.2318707999999998,2481,4028,4294967275,2482,4028,-21,0.014565681469677379,0.040055306333269862,0.021205750411731103,0.15987872928776858,0.63234238053838054,0.093892471657619839,-2.5437406993183242,0.11183259929672164,0.13182834369230292,0,0,0
3.2358158000000001,2458,4026,4294967275,2459,4026,-21,0.015073273399681288,0.041626102660064758,0.022776546738525999,0.13265293413637785,0.48390616809345866,0.1966495540564831,2.9746687639956697,0.1267059431167,0.13780050113183634,0,0,0
3.2418136,2425,4024,4294967276,2426,4024,-20,0.015801557473165157,0.043196898986859661,0.022776546738526002,0.13871939927983148,0.40471721646742442,0.10491019520751022,-0.88016094568446324,0.12230513838827768,0.13148454211417915,0,0,0
3.2467866999999999,2398,4022,4294967277,2399,4022,-19,0.016397426260561052,0.04476769531365455,0.022776546738525999,0.12960112461255952,0.36247085382894451,0.055968339777249312,-2.7391759772151207,0.10860925850220207,0.12499276932499799,0,0,0
3.2517955999999999,2372,4020,4294967277,2373,4020,-19,0.016971225833608945,0.046338491640449446,0.024347343065320895,0.12267752340355115,0.33993292246939993,0.17641748133333698,2.5865915350089326,0.12154221617724674,0.12826041697302537,0,0,0
3.2567618,2347,4019,4294967277,2348,4019,-19,0.017522956192308849,0.047123889803846894,0.025132741228718343,0.11692475434836111,0.25462968519923718,0.16739614464363928,2.7228142512084945,0.13515628743328922,0.1366689621619778,0,0,0
3.2617455,2321,4017,4294967278,2322,4017,-18,0.018096755765356746,0.04869468613064179,0.025132741228718343,0.11591483082934023,0.2824009432761036,0.089303849661945336,-0.75318141910278236,0.13139038033777531,0.14035128348548651,0,0,0
3.2667866999999999,2295,4016,4294967278,2296,4016,-18,0.01867055533840464,0.049480084294039245,0.025918139392115798,0.11537604865902945,0.22393705944271311,0.12092205957525573,0.82253969864936494,0.13550307883102214,0.14662284815136489,0,0,0
3.2707513000000001,2273,4014,4294967278,2274,4014,-18,0.019156078054060555,0.051050880620834134,0.027488935718910687,0.10685217373659436,0.26602679295068132,0.21106951731764123,4.7408831105222475,0.15920749438363338,0.16655987701157379,0,0,0
3.2766999000000001,2237,4012,4294967279,2238,4012,-17,0.01995056977058841,0.052621676947629037,0.02748893571891069,0.13113233165361385,0.28848116453438177,0.1126030738813093,-0.17048528441436073,0.15835506796156157,0.16938615063368323,0,0,0
3.2817162,2205,4009,4294967280,2206,4009,-16,0.020656784629724284,0.054977871437821381,0.028274333882308138,0.1358490657012727,0.37373982365923686,0.13335191822794717,0.14147583227460103,0.15906244712293457,0.17493207973800048,0,0,0
3.2866740999999999,2171,4006,4294967280,2172,4006,-16,0.021407137917556149,0.057334065928013725,0.030630528372500482,0.14248360766998386,0.41922430296474289,0.29098021817481545,6.5153112696953794,0.19163900347141147,0.19287359919274374,0,0,0
3.2916615,2135,4003,4294967281,2136,4003,-15,0.022201629634084005,0.059690260418206069,0.031415926535897934,0.15014127732557658,0.44348973100371003,0.22851400043137238,3.5640615196940617,0.20945931106988178,0.21071874313342415,0,0,0
3.2966719000000002,2097,3999,4294967282,2098,3999,-14,0.023040259779307855,0.062831853071795868,0.03298672286269283,0.15834477341778652,0.52971456717974474,0.26846853646175839,4.6603169033765566,0.23276089558676455,0.23352875203548928,0,0,0
3.3016619999999999,2055,3995,4294967284,2056,3995,-12,0.023967166781923687,0.06597344572538566,0.03298672286269283,0.17095768193917532,0.57571449043593992,0.14322476703500575,-1.3523422019504849,0.22599918457701212,0.24490252623209985,0,0,0
3.3066168,2008,3989,4294967286,2009,3989,-10,0.025004419856279502,0.070685834705770348,0.034557519189487726,0.18798206974296122,0.74681394026825887,0.22296774614650719,0.65042919514540287,0.22925133055273914,0.2535662231216893,0,0,0
3.3116329000000002,1958,3983,4294967288,1959,3983,-8,0.026107880573679302,0.075398223686155036,0.036128315516282622,0.20324170868255928,0.83809345914604072,0.2655096758506198,1.4427619111013232,0.23646514010824576,0.26108830031748814,0,0,0
3.3166213999999998,1906,3977,4294967291,1907,3977,-5,0.027255479719775096,0.080110612666539724,0.036128315516282622,0.21550076485662645,0.88678999542786285,0.14164625013576476,-4.7331942958910682,0.21279916862879042,0.2538923643583384,0,0,0
3.3215781,1854,3970,4294967293,1855,3970,-3,0.028403078865870891,0.085608399810321853,0.038484510006474959,0.22204082533350816,0.98604853690361716,0.29540514547119245,0.86992274509956147,0.21714878235428822,0.25217723233869987,0,0,0
3.3265893000000002,1801,3963,0,1802,3963,0,0.029572747226314679,0.09110618695410401,0.039269908169872421,0.22758897997566058,1.0390017867200072,0.23087464644793443,-2.6458820472937177,0.20391937211781963,0.24240647653893108,0,0,0
3.3315836000000001,1749,3957,2,1750,3957,2,0.030720346372410473,0.095818575934488698,0.040840704496667317,0.22848974414206027,0.99397219558960437,0.26972791299887589,-1.2034091924250863,0.1979023261556942,0.23290266785947772,0,0,0
3.3365493000000002,1699,3950,5,1700,3950,5,0.031823807089810273,0.10131636307827083,0.041626102660064758,0.22485207057227458,1.0432289642668491,0.21717614871177382,-3.9929784438728522,0.17793743393632994,0.21729681661084851,0,0,0
3.3415566000000001,1651,3945,7,1652,3945,7,0.032883129378514085,0.10524335389525807,0.042411500823462206,0.21879319451807616,0.92294782517775587,0.18914040829877876,-4.9484785792803052,0.1531950410399284,0.19622228214015203,0,0,0
3.3465055000000001,1607,3939,9,1608,3939,9,0.033854174809825908,0.10995574287564276,0.043982297150257102,0.20732441524688122,0.93205878918286833,0.24746319395554134,-2.5855363287660946,0.14026735939609791,0.17785427463336614,0,0,0
3.3515318000000001,1566,3934,10,1567,3934,10,0.034759012598093747,0.11388273369262999,0.046338491640449439,0.1950286272981846,0.8636398606859379,0.35185722483469956,2.2401297639733944,0.15146800821596487,0.17032226609950829,0,0,0
3.3560743999999998,1533,3931,11,1534,3931,11,0.035487296671577614,0.11623892818282235,0.047123889803846908,0.17199608875520797,0.68058013854357902,0.26099115850569599,-0.4318620016956114,0.14930869820748682,0.16795385178783331,0,0,0
3.3610389000000001,1498,3927,12,1499,3927,12,0.036259719173757476,0.11938052083641214,0.04869468613064179,0.16382672426037465,0.65619947611420049,0.28579471352689201,0.81401526280991021,0.15337877452153637,0.16733600470394588,0,0,0
3.3660473999999998,1464,3924,14,1465,3924,14,0.037010072461589341,0.12173671532660449,0.047909287967244349,0.15740935532787781,0.56991316376319845,0.07918855687137398,-7.701097161162231,0.11487328871572522,0.15007540568146813,0,0,0
3.371048,1432,3920,15,1433,3920,15,0.037716287320725211,0.12487830798019428,0.049480084294039245,0.14986754490081122,0.59715996299178808,0.18880519062560258,-3.1836143926602452,0.098955216752423997,0.13482135000488135,0,0,0
3.3758151999999999,1404,3917,16,1405,3917,16,0.038334225322469107,0.12723450247038662,0.050265482457436686,0.13760763780182272,0.53841628660857332,0.17400484002696093,-3.4276937474714249,0.081816748015066873,0.11887966866755093,0,0,0
3.3815021000000001,1373,3914,17,1374,3914,17,0.03901837096725698,0.12959069696057895,0.051050880620834127,0.13724445415479009,0.50707723483121847,0.16610902923861254,-3.7731058432653581,0.062951218798740077,0.095490072918944457,0,0,0
3.3860724000000002,1352,3912,17,1353,3912,17,0.039481824468564894,0.13116149328737386,0.052621676947629037,0.11645959737701281,0.41707870462989716,0.23517622750553896,0.022814959252981382,0.063065293595004984,0.084835418581129945,0,0,0
3.3910618000000001,1333,3910,17,1334,3910,17,0.039901139541176821,0.13273228961416877,0.054192473274423947,0.10125290328559355,0.36906556055178924,0.2720227552659723,2.2315712984667275,0.074223150087338624,0.082283004322676642,0,0,0
3.3960545999999998,1315,3909,17,1316,3909,17,0.04029838539944075,0.1335176877775662,0.054977871437821374,0.091081202820235171,0.27017160067825707,0.21840041973220101,0.7064015083600399,0.07775515762913883,0.081151639562369177,0,0,0
3.4010403,1299,3907,17,1300,3907,17,0.040651492829008685,0.13508848410436111,0.056548667764616284,0.081536501230379116,0.29069237009690652,0.26307306160046295,2.8705979777903838,0.092108147518090752,0.088307568526236752,0,0,0
3.4060307999999999,1283,3906,17,1284,3906,17,0.041004600258576621,0.13587388226775854,0.057334065928013711,0.076444516599172591,0.22836043690976224,0.21362586474273829,1.271513051536739,0.098465712775774442,0.096314210473919484,0,0,0
3.4110182,1266,3904,18,1267,3904,18,0.041379776902492553,0.13744467859455345,0.057334065928013725,0.075787113701125744,0.26838661215175469,0.11396685478929096,-3.128325364883314,0.082824085951357873,0.095517032674735602,0,0,0
3.4160154999999999,1247,3902,18,1248,3902,18,0.04179909197510448,0.13901547492134836,0.058904862254808635,0.079554617609410488,0.28974009997528322,0.20735899839323108,0.69172789171888738,0.086282725409952313,0.097278026179937652,0,0,0
3.4210037999999998,1228,3899,19,1229,3899,19,0.042218407047716407,0.1413716694115407,0.059690260418206062,0.081564536077619598,0.37441145072440962,0.18390307551538307,-0.72362326239873109,0.082664609097958655,0.096561999634992693,0,0,0
3.4259947999999998,1209,3896,20,1210,3896,20,0.042637722120328327,0.14372786390173303,0.060475658581603517,0.082636803644472581,0.41958260800566632,0.17138961999450236,-1.5396195546840463,0.074966511324538423,0.092912354947361303,0,0,0
3.4310082,1189,3893,21,1190,3893,21,0.043079106407288251,0.14608405839192537,0.061261056745000958,0.085267955884573296,0.44368088247602,0.16471384049571303,-2.0866512139611633,0.064533255254732608,0.084962392281521137,0,0,0
3.4359999999999999,1171,3890,22,1172,3890,22,0.04347635226555218,0.14844025288211773,0.062046454908398413,0.082553423745073184,0.45653702492180104,0.16115239163436007,-2.3380549908667714,0.052842980300398752,0.075324938844788969,0,0,0
3.4410191000000001,1154,3887,23,1155,3887,23,0.043851528909468113,0.15079644737231007,0.062831853071795868,0.079046142913045056,0.46339562381399346,0.15925240107979827,-2.4821014800229246,0.040432472900284129,0.063296667159087938,0,0,0
3.4459909,1139,3884,24,1140,3884,24,0.044182567124688051,0.15315264186250241,0.063617251235193309,0.073056829831604428,0.46705460464454873,0.15823877874575271,-2.5178763959430226,0.027843090920569018,0.049900945251418971,0,0,0
3.4510193999999998,1126,3881,25,1127,3881,25,0.044469466911212001,0.15550883635269477,0.064402649398590764,0.06574338210339882,0.46900662734318321,0.1576980233016767,-2.4954623357113919,0.015365779242012058,0.035369496967781307,0,0,0
3.4559742,1116,3879,26,1117,3879,26,0.044690159054691959,0.15707963267948966,0.064402649398590764,0.055664414047421562,0.39676848891442396,0.084130017420051828,-5.2276298429810133,-0.010772369972893008,0.014540912673689368,0,0,0
3.4609475000000001,1109,3877,26,1110,3877,26,0.044844643555127933,0.15865042900628457,0.065973445725385674,0.044110073830908411,0.3582303023400929,0.19144140098092,-0.26247794161171445,-0.01208475968095158,0.0012118587170089935,0,0,0
3.4659417000000001,1105,3875,27,1106,3875,27,0.044932920412519915,0.16022122533307945,0.06597344572538566,0.031768640136821354,0.33767063875043768,0.10213170756511619,-3.7488522965665156,-0.030829021163784158,-0.016842018836128687,0,0,0
3.4709303,1105,3874,27,1106,3874,27,0.044932920412519915,0.1610066234964769,0.066758843888783115,0.016948191183153029,0.25342278377650218,0.12776556900080627,-1.9708306975145211,-0.040683174651356763,-0.031508554427549101,0,0,0
3.4759210999999999,1107,3874,27,1108,3874,27,0.044888781983823921,0.1610066234964769,0.066758843888783115,0.0049234376363058536,0.13519803715591958,0.06816140951340878,-3.7142467736432119,-0.059254408519572824,-0.050014939347482745,0,0,0
3.4809092000000001,1111,3873,27,1112,3873,27,0.044800505126431939,0.16179202165987433,0.067544242052180542,-0.0056098457046834943,0.14540606205359066,0.10964281953940248,-1.70550688796071,-0.067781942959376368,-0.066440370804036378,0,0,0
3.4858978999999999,1118,3873,27,1119,3873,27,0.044646020625995965,0.16179202165987433,0.067544242052180542,-0.017406557715351906,0.077572402478044589,0.058493138497922155,-3.2741986952052811,-0.084152936435402781,-0.085285263722214552,0,0,0
3.4908779999999999,1129,3873,27,1130,3873,27,0.044403259268168009,0.16179202165987433,0.067544242052180542,-0.031936404137957286,0.041383952919362775,0.031205392799184016,-3.9064450662029122,-0.10368516176641734,-0.10555785648541242,0,0,0
3.4958684,1144,3874,27,1145,3874,27,0.044072221052948071,0.1610066234964769,0.066758843888783115,-0.04792434522068232,-0.051201673247260132,-0.056631813855830326,-6.875090309207236,-0.13806061331245353,-0.13320440075358667,0,0,0
3.5008762999999998,1164,3875,26,1165,3875,26,0.043630836765988147,0.16022122533307945,0.067544242052180556,-0.06674927270298614,-0.10059500221336887,0.043067121023042741,-1.8723229168961717,-0.1474222278969344,-0.15328270233434457,0,0,0
3.5058362999999999,1188,3877,25,1189,3877,25,0.043101175621636248,0.15865042900628457,0.067544242052180556,-0.085028588381330594,-0.20022527428814818,0.022975796183372595,-1.689371820331645,-0.15586908699859264,-0.17063979477720181,0,0,0
3.5118182,1224,3881,23,1225,3881,23,0.042306683905108389,0.15550883635269477,0.06754424205218057,-0.11948970876167075,-0.39993587653624474,0.012257313647166996,-0.1780656177162781,-0.15675941508717403,-0.17465987287257112,0,0,0
3.5168406000000001,1257,3884,21,1258,3884,21,0.041578399831624521,0.15315264186250241,0.068329640215577997,-0.13169697530207686,-0.43319958520822133,0.079818650151547113,3.5206986571419963,-0.13915592180146405,-0.17130785165870477,0,0,0
3.5218535000000002,1291,3888,20,1292,3888,20,0.040828046543792657,0.15001104920891262,0.066758843888783101,-0.14026851688887915,-0.52422489694225971,-0.10397673928121652,-3.4141100377240412,-0.15622647199008427,-0.17714632108435738,0,0,0
3.5258351000000001,1318,3890,19,1319,3890,19,0.040232177756396759,0.14844025288211773,0.066758843888783101,-0.1304275604086863,-0.42622677815618915,-0.055470352157013535,-1.7747339173833228,-0.16510014157700087,-0.189876550691882,0,0,0
3.5308592999999999,1354,3893,17,1355,3893,17,0.039437686039868906,0.14608405839192537,0.067544242052180542,-0.14370951968604251,-0.44722546812650948,0.043686747007619944,3.1986827411274215,-0.14910672787136375,-0.18606422976497997,0,0,0
3.5357786999999998,1391,3897,16,1392,3897,16,0.03862112510899305,0.14294246573833558,0.065973445725385646,-0.15285439704959045,-0.53170753844620455,-0.12325267931695885,-3.0554730149394147,-0.16438409294606082,-0.1902810954450338,0,0,0
3.5417163,1436,3900,14,1437,3900,14,0.037628010463333229,0.14058627124814324,0.066758843888783101,-0.17420596231929666,-0.50349819758046543,0.0075256826813493577,3.2452662911938788,-0.14815776149009144,-0.17648405981052678,0,0,0
3.5467194000000002,1473,3903,13,1474,3903,13,0.03681144953245738,0.13823007675795088,0.065973445725385632,-0.16912388601507389,-0.48844885017106665,-0.069264657204188507,0.080924265792223782,-0.14775314016113031,-0.1715559003255091,0,0,0
3.5517408000000001,1509,3906,12,1510,3906,12,0.036016957815929521,0.13587388226775854,0.065188047561988191,-0.16435354856603462,-0.48042020254945705,-0.11023138904395852,-1.5932288311250549,-0.15571928431675558,-0.17151721566704339,0,0,0
3.5567091,1544,3907,12,1545,3907,12,0.035244535313749659,0.13508848410436111,0.064402649398590764,-0.15974952008376553,-0.32957797607172612,-0.13208665261139724,-3.1716026043661891,-0.17157729733858654,-0.1783938829965831,0,0,0
3.5617291999999998,1578,3909,11,1579,3909,11,0.034494182025917794,0.1335176877775662,0.064402649398590764,-0.15523421545470995,-0.32238496390420979,-0.07046665616026801,-0.56440853864196106,-0.17439934003179633,-0.18488918915040417,0,0,0
3.5666794999999998,1614,3911,11,1615,3911,11,0.033699690309389935,0.13194689145077132,0.062831853071795882,-0.15694357473290177,-0.31854757757376384,-0.18415216046454724,-5.337183467476792,-0.20108525736918029,-0.20130322391285396,0,0,0
3.5716668,1651,3912,10,1652,3912,10,0.032883129378514085,0.13116149328737386,0.063617251235193309,-0.15991460781393332,-0.24322085837354007,-0.024963465264518786,1.2979910542302944,-0.19459530209802881,-0.20896403346616679,0,0,0
3.5766452000000002,1691,3914,10,1692,3914,10,0.032000360804594244,0.12959069696057895,0.062046454908398399,-0.16767694936906363,-0.27631447003127474,-0.1598767500150225,-4.0680166713925825,-0.21493538545499172,-0.22398780473369723,0,0,0
3.5816469,1734,3917,10,1735,3917,10,0.031051384587630414,0.12723450247038662,0.059690260418206062,-0.17799539693586922,-0.36724903703388501,-0.30513090005141424,-9.6932514464792892,-0.26340164268738819,-0.25391409682641369,0,0,0
3.5865939,1780,3920,9,1781,3920,9,0.030036200727622597,0.12487830798019428,0.058904862254808621,-0.18967749661946992,-0.41576154559830358,-0.23606322069335556,-6.2899248945038497,-0.29485126715990745,-0.2858691693343372,0,0,0
3.5915788000000002,1831,3924,8,1832,3924,8,0.0289106707958748,0.12173671532660449,0.057334065928013739,-0.20620530899321321,-0.51492191047839364,-0.27249595556854878,-6.9905136375919863,-0.32980383534786739,-0.32255722749665283,0,0,0
3.5966051999999999,1891,3929,7,1892,3929,7,0.027586517934995038,0.11780972450961724,0.054977871437821374,-0.23355469243087931,-0.64110230354218789,-0.36521190504236412,-9.7195862734053975,-0.37840176671489439,-0.36549067618062192,0,0,0
3.6015646000000001,1957,3936,5,1958,3936,5,0.026129949788027299,0.11231193736583511,0.052621676947629044,-0.26049992436988234,-0.85497707915494925,-0.41467475994084579,-10.188717284096567,-0.42934535313537725,-0.4153986457539719,0,0,0
3.6065402,2034,3944,2,2035,3944,2,0.024430620283231605,0.10602875205865551,0.051050880620834134,-0.29752509761095519,-1.0423562442211582,-0.3677830846885386,-6.2599960576121525,-0.460645333423438,-0.45841057469180002,0,0,0
3.6115547000000001,2121,3955,4294967294,2122,3955,-2,0.022510598634955949,0.09738937226128358,0.04869468613064179,-0.33786868923285918,-1.3621593551786253,-0.41604645366213705,-5.5637183447052188,-0.48846392514696407,-0.4968167884069003,0,0,0
3.6165384999999999,2218,3967,4294967290,2219,3967,-6,0.020369884843200334,0.087964594300514204,0.045553093477051998,-0.37998261754219409,-1.6060500256603372,-0.51507390553750465,-7.2319156926170152,-0.52462350361004917,-0.53479804467289616,0,0,0
3.6215307000000001,2322,3981,4294967285,2323,3981,-11,0.018074686551008749,0.076969020012949932,0.042411500823462213,-0.41686366860333313,-1.8827218324745889,-0.56790387180411006,-6.8192050116832164,-0.55871952866846519,-0.57259782220999167,0,0,0
3.6265361999999999,2434,3996,4294967279,2435,3996,-17,0.015602934544033192,0.065188047561988219,0.040055306333269869,-0.45301215223313906,-2.1036024658426671,-0.5228085103680723,-2.3070768869459499,-0.57025491310319498,-0.59982300978979308,0,0,0
3.6315344000000001,2551,4013,4294967273,2552,4013,-23,0.013020836465317657,0.051836278784231589,0.036128315516282622,-0.48259248907424546,-2.3679986918812324,-0.64530971066253184,-4.8246540072776369,-0.59437818313958313,-0.62902287516258482,0,0,0
3.6365211999999998,2675,4030,4294967266,2676,4030,-30,0.010284253886166149,0.038484510006474966,0.033772121026090278,-0.51278701834848373,-2.5090509298022381,-0.56410360357995737,0.96989370972457323,-0.58952871459096023,-0.6434352135399386,0,0,0
3.6414822,2803,4049,4294967258,2804,4049,-38,0.0074593944496226579,0.023561944901923447,0.031415926535897934,-0.53713188118327404,-2.7308596575388773,-0.5207811125275349,5.5610914734264725,-0.56172325722382788,-0.640687827434542,0,0,0
3.6464368,2931,4067,4294967250,2932,4067,-46,0.0046345350130791666,0.0094247779607693795,0.029845130209103038,-0.55011957558488112,-2.7759124529944259,-0.42438956018264962,11.546027814430147,-0.50399311815167713,-0.61550447390230056,0,0,0
3.6514571,3058,4086,4294967242,3059,4086,-54,0.0018317447908836704,-0.0054977871437821377,0.027488935718910694,-0.55498924561614849,-2.8732271021323417,-0.44624533421688567,12.593349396588703,-0.44102637116873361,-0.57252394273894058,0,0,0
3.6564540000000001,3179,4103,4294967235,3180,4103,-61,-0.00083863014522384915,-0.018849555921538759,0.025132741228718343,-0.54523249500904891,-2.7785842699520948,-0.45790512938572936,12.846910863937254,-0.37679181684904733,-0.51723895496747441,0,0,0
3.6614277,3291,4119,4294967229,3292,4119,-67,-0.0033103821521994043,-0.031415926535897934,0.021991148575128551,-0.52149539238792952,-2.654813926784783,-0.53740501054488543,9.5863785654729696,-0.32885992402168251,-0.46087231627146363,0,0,0
3.6664148000000001,3392,4133,4294967223,3393,4133,-73,-0.0055393728013470034,-0.042411500823462206,0.020420352248333662,-0.48618171793262788,-2.4422248840907281,-0.43325821180241852,13.413680792522563,-0.26179152005906969,-0.39457111153428692,0,0,0
3.6714038000000002,3481,4144,4294967219,3482,4144,-77,-0.0075035328783186498,-0.051050880620834134,0.018064157758141304,-0.44263297000540847,-2.1089726036409404,-0.4509766542400695,11.147202455657805,-0.20605550778078066,-0.32850148915044486,0,0,0
3.6763499999999998,3554,4153,4294967216,3555,4153,-80,-0.0091145855257223594,-0.058119464091411173,0.015707963267948967,-0.38645446740077816,-1.7846274421079928,-0.46042923227323751,8.7162832586986667,-0.16247409148728734,-0.27029426318980698,0,0,0
3.6813737999999998,3615,4160,4294967214,3616,4160,-82,-0.010460807600950119,-0.063617251235193309,0.013351768777756623,-0.3317745821332298,-1.4650341224431105,-0.46547207008404268,6.2971921771500909,-0.13098813060153688,-0.22025682766497351,0,0,0
3.6863505000000001,3665,4165,4294967212,3666,4165,-84,-0.01156426831834992,-0.067544242052180556,0.012566370614359168,-0.27995330163083765,-1.1479758538255904,-0.32160332541737779,10.205146506216877,-0.079962398070452495,-0.16640248233850491,0,0,0
3.6913173000000001,3703,4167,4294967212,3704,4167,-84,-0.012402898463573769,-0.069115038378975438,0.010995574287564286,-0.22759794246507198,-0.75899048546012637,-0.31813058274950046,7.6134483387394152,-0.041895156376755421,-0.1188345912396318,0,0,0
3.6963013,3732,4169,4294967212,3733,4169,-84,-0.013042905679665654,-0.070685834705770348,0.009424777960769376,-0.18113498948085285,-0.55147142382846792,-0.31627791589276655,5.6952748379506772,-0.013418782187002036,-0.076788799453295919,0,0,0
3.7013136000000002,3751,4168,4294967213,3752,4168,-83,-0.013462220752277577,-0.069900436542372907,0.0086393797973719211,-0.13575645475963946,-0.22092391789752575,-0.24201002089592219,6.2215425523819796,0.017688930574907863,-0.037927293365642767,0,0,0
3.7063136000000001,3764,4167,4294967215,3765,4167,-81,-0.013749120538801526,-0.069115038378975438,0.0062831853071795979,-0.099192885318384216,-0.044580759943499693,-0.34894802194873265,-0.31448172232247451,0.01611652196329549,-0.013658229449105417,0,0,0
3.7112607,3769,4164,4294967217,3770,4164,-79,-0.013859466610541507,-0.066758843888783101,0.0054977871437821429,-0.063213774351926835,0.19605525335440199,-0.25943913341146341,1.138585624512169,0.021809450085856337,0.0038465282371946633,0,0,0
3.7162655,3770,4161,4294967219,3771,4161,-77,-0.013881535824889503,-0.06440264939859075,0.004712388980384688,-0.035782906072393789,0.3244317007364742,-0.21168720733002933,1.4680898353163609,0.029149899262438141,0.017762110239068058,0,0,0
3.7212646,3768,4158,4294967222,3769,4158,-74,-0.01383739739619351,-0.06204645490839842,0.0023561944901923301,-0.014971533728812251,0.39291900659139145,-0.33277116202295626,-5.1245614987180428,0.0035270917688479259,0.014398586752745392,0,0,0
3.7262259000000002,3765,4155,4294967224,3766,4155,-72,-0.013771189753149522,-0.059690260418206069,0.001570796326794896,-0.0018098041615281545,0.42945616865590575,-0.25080897128981089,-2.7505777902133275,-0.010225797182218712,0.0072816373038558091,0,0,0
3.7312299000000002,3763,4152,4294967226,3764,4152,-70,-0.013727051324453531,-0.057334065928013725,0.000785398163397448,0.0031527115580588091,0.44894830949958908,-0.20708311861394152,-1.6775649518898108,-0.018613621941667768,-0.00099833402729685231,0,0,0
3.7362391000000001,3762,4150,4294967228,3763,4150,-68,-0.013704982110105535,-0.055763269601218829,-0.000785398163397448,0.0037410443335902516,0.38606761521754762,-0.25703541623057818,-4.1352270117052248,-0.039289757000193895,-0.016444254597548932,0,0,0
3.7412062000000001,3762,4149,4294967230,3763,4149,-66,-0.013704982110105535,-0.054977871437821381,-0.003141592653589792,0.0019958026002142521,0.27924199436652103,-0.35696389142370938,-8.5195469940738811,-0.081887491970563303,-0.046446192914317688,0,0,0
3.7461709000000001,3765,4148,4294967230,3766,4148,-66,-0.013771189753149522,-0.054192473274423933,-0.002356194490192344,-0.0051125938687788374,0.22225179781908494,-0.11715646573206957,1.7089578299567556,-0.073342702820779523,-0.062050748919978034,0,0,0
3.7512112000000002,3771,4148,4294967231,3772,4148,-65,-0.013903605039237498,-0.054192473274423933,-0.00392699081698724,-0.015082169519902822,0.11856868736006945,-0.20906061784641605,-1.847478239565258,-0.082580094018605818,-0.080143395333034259,0,0,0
3.7561423,3781,4149,4294967230,3782,4149,-66,-0.014124297182717458,-0.054977871437821381,-0.003141592653589792,-0.028637260453891859,-0.010024536609115717,-0.038251830645194149,6.1813832501070447,-0.051673177768070594,-0.07835993171464814,0,0,0
3.7611300000000001,3794,4151,4294967229,3795,4151,-67,-0.014411196969241407,-0.056548667764616277,-0.003141592653589792,-0.042046070828993955,-0.151907009483704,-0.020406896111644791,7.9257985558856614,-0.012044184988642286,-0.060712617969937717,0,0,0
3.7662016999999999,3807,4154,4294967228,3808,4154,-68,-0.014698096755765356,-0.058904862254808621,-0.00392699081698724,-0.049199511479809749,-0.30087913838887037,-0.084166355343712834,6.1225269894486711,0.018568449958601071,-0.035617374773916154,0,0,0
3.7707080999999998,3817,4156,4294967228,3818,4156,-68,-0.014918788899245316,-0.060475658581603517,-0.005497787143782136,-0.046838456089185007,-0.30707447577224833,-0.19146078683044682,1.531950947386485,0.026228204695533497,-0.014935610479706776,0,0,0
3.7766332999999999,3825,4158,4294967227,3826,4158,-69,-0.015095342614029283,-0.06204645490839842,-0.0054977871437821429,-0.041460640630438896,-0.3103796144865727,-0.10214204968497637,5.2695821824481737,0.052576115607774365,0.014228930886239858,0,0,0
3.7816744,3827,4159,4294967226,3828,4159,-70,-0.015139481042725276,-0.062831853071795868,-0.0047123889803846949,-0.026236978550788444,-0.2388633473380512,0.018787952185446329,9.8975670807986731,0.10206395101176774,0.05503773306651176,0,0,0
3.7866179,3825,4160,4294967226,3826,4160,-70,-0.015095342614029283,-0.063617251235193309,-0.005497787143782136,-0.0098788950776169879,-0.20071027049502443,-0.063256370545091672,5.9346162089268581,0.13173703205640203,0.095670732955560195,0,0,0
3.7915958000000001,3816,4160,4294967226,3817,4160,-70,-0.01489671968489732,-0.063617251235193309,-0.005497787143782136,0.013261719487438536,-0.10707653906876957,-0.033746520371452447,6.2580509163198315,0.1630272866380012,0.13757437128918998,0,0,0
3.7966088,3800,4158,4294967226,3801,4158,-70,-0.014543612255329384,-0.06204645490839842,-0.0039269908169872469,0.040020733617469675,0.089434980155593563,0.12855567185010019,11.746860173931644,0.22176158750765942,0.19239995345267408,0,0,0
3.8015905999999999,3775,4156,4294967227,3776,4156,-69,-0.013991881896629482,-0.060475658581603517,-0.00392699081698724,0.072828341349665732,0.19427153542401299,0.068582919974244885,7.9285189894250472,0.26140418245478464,0.24454572824974347,0,0,0
3.8065497000000001,3738,4151,4294967229,3739,4151,-67,-0.013175320965753629,-0.056548667764616277,-0.003141592653589792,0.1150401325246284,0.47003914704677935,0.10986769035053079,7.3143979004628834,0.29797617195709908,0.29292329459543393,0,0,0
3.8116341,3690,4144,4294967232,3691,4144,-64,-0.01211599867704982,-0.051050880620834134,-0.002356194490192344,0.16020983331002259,0.76371692234019639,0.13189262368971011,5.5642105266121771,0.32579722459015997,0.33450913357365103,0,0,0
3.8165539000000002,3632,4135,4294967236,3633,4135,-60,-0.010835984244866051,-0.043982297150257102,-0.001570796326794896,0.20489843338438535,1.0669495566613969,0.14364266333323766,3.1562169837593137,0.34157830950895651,0.36620934739928329,0,0,0
3.8215216999999999,3564,4125,4294967241,3565,4125,-55,-0.0093352776692023198,-0.036128315516282622,-0.0015707963267949029,0.24933037195879751,1.3020000751939578,0.076631650260890319,-2.5418431319840789,0.32886909384903612,0.37739939454746785,0,0,0
3.8265346,3490,4114,4294967246,3491,4114,-50,-0.0077021558074506146,-0.02748893571891069,-0.000785398163397448,0.28538894362866146,1.5006762469278847,0.11416159210686107,-3.5648984072761145,0.31104460181265553,0.37462747079002223,0,0,0
3.8315695999999999,3413,4103,4294967251,3414,4103,-45,-0.0060028263026549204,-0.018849555921538759,0,0.31080309298445097,1.6066676185315056,0.13418336914102746,-4.7363617948826748,0.28736279283824218,0.35946131725110936,0,0,0
3.8364341,3339,4092,4294967256,3340,4092,-40,-0.0043697044409032135,-0.010210176124166829,0.00078539816339744627,0.31818390822281339,1.663212753040449,0.14486474875123645,-5.6829359261699306,0.25894811320739253,0.33702446352048754,0,0,0
3.8414256,3266,4082,4294967261,3267,4082,-35,-0.0027586517934995035,-0.0023561944901923449,0.00078539816339744844,0.32006237499230283,1.620099389618098,0.077283618277689634,-9.4472974644442402,0.21171162588517134,0.2989290695250541,0,0,0
3.8464092999999999,3199,4073,4294967265,3200,4073,-31,-0.0012800144321837698,0.0047123889803846897,0.0015707963267948964,0.30870985306701193,1.5238194043733739,0.11450940927959513,-8.131402420029973,0.17105461378502146,0.25648734668744211,0,0,0
3.8513904999999999,3139,4065,4294967268,3140,4065,-28,4.4138428695992059e-05,0.010995574287564275,0.003141592653589792,0.28823964597697405,1.3991756595428695,0.20764844475257507,-3.9097244090779508,0.1515059917396317,0.21973514535139627,0,0,0
3.8563653000000002,3087,4060,4294967271,3088,4060,-25,0.0011917375747917856,0.014922565104551517,0.002356194490192344,0.260846152170505,1.1128411481707461,0.037498453117070701,-9.9884550427325021,0.10156371652596918,0.17267010707407676,0,0,0
3.8609086000000001,3048,4056,4294967272,3049,4056,-24,0.0020524369343636307,0.018064157758141311,0.0039269908169872417,0.21946361603600742,0.8868055769933112,0.16656401675632948,-3.0175702596619161,0.086475865227659598,0.14149645762633672,0,0,0
3.8668939,3007,4054,4294967272,3008,4054,-24,0.0029572747226314679,0.019634954084936207,0.0054977871437821377,0.20150474635454702,0.61965925302313996,0.23541895792783474,1.2768521751522002,0.092860126103420593,0.11654417365883241,0,0,0
3.8718849,2980,4054,4294967271,2981,4054,-25,0.0035531435100273605,0.019634954084936207,0.0070685834705770337,0.16309635957194174,0.33058083202225391,0.27215224905561131,5.0556929962532493,0.11813859108468684,0.11586920948477046,0,0,0
3.8768691,2957,4055,4294967270,2958,4055,-26,0.0040607354400312694,0.018849555921538759,0.0078539816339744835,0.13436950157451832,0.1030814177348439,0.21846950312684577,4.6189489853794869,0.14123333601158428,0.12705033330915602,0,0,0
3.8818636999999998,2935,4056,4294967269,2936,4056,-27,0.004546258155687182,0.018064157758141311,0.0086393797973719315,0.11698495467570702,-0.018286810517690523,0.18983039747677977,4.5752808089248509,0.16410974005620854,0.14702099653170986,0,0,0
3.8868486,2910,4056,4294967268,2911,4056,-28,0.0050979885143870828,0.018064157758141311,0.010210176124166827,0.11388783672433839,-0.0097557956352274273,0.24783129496498663,7.3752275298291439,0.20098587770535425,0.17773265360467672,0,0,0
3.8918449000000002,2881,4056,4294967267,2882,4056,-29,0.0057379957304789673,0.018064157758141311,0.011780972450961723,0.12047200223146129,-0.0052046007905123979,0.27877408304754087,8.8472462930081726,0.24522210917039511,0.2181925543506141,0,0,0
3.8968295999999998,2846,4055,4294967267,2847,4055,-29,0.0065104182326588284,0.018849555921538759,0.012566370614359171,0.1363392376956081,0.070502926751395287,0.22200217270272227,5.9725672910405416,0.27508494562559782,0.25817310367010138,0,0,0
3.9018467000000001,2803,4053,4294967268,2804,4053,-28,0.0074593944496226579,0.020420352248333658,0.012566370614359175,0.16127710095603404,0.18417151039297208,0.11843551533325306,0.53266616769196506,0.27774827646405764,0.28561090522131388,0,0,0
3.9068543999999998,2752,4049,4294967269,2753,4049,-27,0.008584924381370455,0.023561944901923447,0.014137166941154067,0.19105403612449479,0.39137138468097965,0.20974297557656196,2.7885930789823155,0.29169124185896922,0.30993283621038309,0,0,0
3.9118330000000001,2695,4043,4294967270,2696,4043,-26,0.0098428695992062287,0.028274333882308138,0.017278759594743863,0.21929433800238435,0.64846908867324005,0.4050134568281763,9.3366083721551529,0.33837428371974498,0.34540411475098992,0,0,0
3.9168454000000001,2631,4037,4294967273,2632,4037,-23,0.011255299317477974,0.03298672286269283,0.017278759594743863,0.24877397458210065,0.78562765199997653,0.21606985594947276,-0.21009408682365738,0.33732381328562672,0.36381715193845177,0,0,0
3.9218255000000002,2562,4029,4294967275,2563,4029,-21,0.012778075107489701,0.039269908169872414,0.020420352248333655,0.27479656094067628,1.005359150709989,0.40838877216088187,6.175121565353912,0.36819942111239629,0.3899094680490911,0,0,0
3.9267946999999999,2488,4021,4294967279,2489,4021,-17,0.014411196969241407,0.045553093477052005,0.020420352248333658,0.29897485217596936,1.1225832885093816,0.21787054648314871,-3.4595905411503196,0.35090146840664471,0.39646393052198542,0,0,0
3.9318057999999998,2409,4012,4294967283,2410,4012,-13,0.016154664902733092,0.052621676947629037,0.021205750411731103,0.32216923392653374,1.2584004893057963,0.18951086124028718,-6.4331390811513316,0.31873577300088807,0.38557208218392325,0,0,0
3.9367768999999999,2329,4002,4294967286,2330,4002,-10,0.017920202050572775,0.060475658581603517,0.024347343065320895,0.33660227063340142,1.4041368677880297,0.39421986477217974,0.76500743312372066,0.32256081016650667,0.37987144794043687,0,0,0
3.9417420000000001,2249,3993,4294967290,2250,3993,-6,0.019685739198412457,0.067544242052180556,0.02513274122871835,0.34430212383479608,1.4086059708550305,0.28359112241952067,-4.7487667272414082,0.29881697653029965,0.36193059453745452,0,0,0
3.9467273999999999,2172,3984,4294967294,2173,3984,-2,0.021385068703208152,0.074612825522757595,0.025918139392115805,0.34223257303272792,1.4109901841191341,0.22457200584199111,-7.9123912287567979,0.25925502038651566,0.33277802236146836,0,0,0
3.9517680999999998,2098,3976,1,2099,3976,1,0.023018190564959858,0.080896010829937165,0.02748893571891068,0.3349511615377545,1.338982614210136,0.26636552929317603,-6.2857566479674585,0.22782623714667838,0.29950776586180233,0,0,0
3.9567203000000002,2030,3969,4,2031,3969,4,0.024518897140623587,0.086393797973719322,0.028274333882308149,0.31871195364252847,1.2272879139032615,0.21538235704710679,-8.179799566988514,0.1869272393117358,0.25948713080333935,0,0,0
3.9616924999999998,1970,3963,5,1971,3963,5,0.025843050001503349,0.09110618695410401,0.031415926535897941,0.29357564751990761,1.0944206021595353,0.4080219996838314,0.85282418936886373,0.19119136025858011,0.23713545011528459,0,0,0
3.9667061000000001,1917,3959,6,1918,3959,6,0.02701271836194714,0.094247779607693788,0.032986722862692823,0.26575195571042465,0.876978435064933,0.36423391631853469,0.4136486686908718,0.19325960360203445,0.22294306337354797,0,0,0
3.9716871,1870,3956,7,1871,3956,7,0.028049971436302952,0.096603974097886139,0.033772121026090271,0.23855368590355214,0.68769610912690582,0.26759397601942875,-2.3776682616506459,0.18137126229378123,0.21025959612866127,0,0,0
3.9766566999999999,1827,3954,7,1828,3954,7,0.028998947653266782,0.098174770424681035,0.035342917352885167,0.21580729181242056,0.51343672309292598,0.28931723803811749,-0.19473189881786723,0.18039760279969189,0.20461807232269216,0,0,0
3.981671,1786,3952,7,1787,3952,7,0.02990378544153462,0.099745566751475931,0.036913713679680063,0.19955414092409562,0.42047141588295045,0.30090633962473962,1.14881525721683,0.18614167908577603,0.20495620851773952,0,0,0
3.9866492999999998,1746,3950,8,1747,3950,8,0.030786554015454461,0.10131636307827083,0.036913713679680077,0.18882416821974671,0.37087553160180264,0.16052994872361487,-4.3784756770968256,0.16424930070029189,0.19631176126488237,0,0,0
3.9916140000000002,1707,3948,8,1708,3948,8,0.031647253375026309,0.10288715940506574,0.038484510006474987,0.18104074530152353,0.34441671797067913,0.23219985449154928,-1.0124676518162783,0.1591869624412105,0.19090103513124337,0,0,0
3.9965963000000002,1669,3946,8,1670,3946,8,0.032485883520250156,0.10445795573186062,0.040055306333269869,0.17482927160400483,0.33030125599407323,0.27043489570836127,0.91230486137788347,0.16374848674809991,0.1898483628609425,0,0,0
4.0006405000000003,1638,3945,8,1639,3945,8,0.033170029165038036,0.10524335389525807,0.040840704496667324,0.15710175251920894,0.24949130583728962,0.2175533155678929,-0.46372275092420701,0.16142987299347888,0.19379055834842687,0,0,0
4.0066022999999999,1593,3943,9,1594,3943,9,0.034163143810697856,0.10681415022205297,0.04084070449666731,0.1764718758809688,0.27965967907899625,0.11606210303285429,-5.4079607314363045,0.13439006933629735,0.17407468371795612,0,0,0
4.0115663000000001,1556,3941,9,1557,3941,9,0.034979704741573706,0.10838494654884787,0.042411500823462206,0.17033272391566778,0.29575414693103824,0.20847678837905037,-1.3764810150764895,0.12750766426091489,0.16237813205135815,0,0,0
4.0165933000000003,1520,3939,9,1521,3939,9,0.035774196458101565,0.10995574287564276,0.043982297150257102,0.16499844919006107,0.30434035386255126,0.25777892245317746,0.90374010149330353,0.13202636476838142,0.15524920479945784,0,0,0
4.0215835000000002,1488,3938,8,1489,3938,8,0.036480411317237435,0.1107411410390402,0.046338491640449453,0.15391623609845856,0.23564147371613969,0.35736054313911886,5.9380926008045307,0.16171682777240406,0.16469444624863566,0,0,0
4.0265936,1456,3937,8,1457,3937,8,0.037186626176373312,0.11152653920243766,0.047123889803846908,0.14800400739115535,0.19899143928673541,0.263927113282586,2.4744019192568185,0.17408883736868816,0.17502851323721522,0,0,0
4.0316814000000001,1422,3936,8,1423,3936,8,0.037936979464205177,0.11231193736583511,0.047909287967244363,0.14896812430944301,0.1794390823805693,0.21408149114432984,0.56145659506551482,0.17689612034401572,0.18290084205681703,0,0,0
4.0364433999999996,1389,3934,8,1390,3934,8,0.038665263537689044,0.11388273369262999,0.049480084294039245,0.14742335894104816,0.24228765211038183,0.26076896463255816,2.4645763371162879,0.18921900202959716,0.19668184216044099,0,0,0
4.0414272999999996,1352,3932,9,1353,3932,9,0.039481824468564894,0.1154535300194249,0.049480084294039245,0.15483568606436196,0.27581661560334825,0.13911713715762689,-3.0164000021341861,0.17413700201892623,0.19784421858405613,0,0,0
4.0464127999999997,1313,3929,10,1314,3929,10,0.040342523828136745,0.11780972450961724,0.050265482457436686,0.16290829483736363,0.36698343762548924,0.14749685523229791,-3.31323591964098,0.15757082242072135,0.19196811912474551,0,0,0
4.0514048000000003,1274,3925,11,1275,3925,11,0.041203223187708589,0.12095131716320703,0.051836278784231596,0.16721493548179692,0.48889937076894119,0.22524685432385472,-0.69995534310142027,0.15407104570521424,0.1870141137602789,0,0,0
4.0563852000000002,1235,3922,12,1236,3922,12,0.042063922547280433,0.12330751165339937,0.052621676947629023,0.16951247697821098,0.48066054992321439,0.19344603362952414,-2.1645359171137519,0.14324836611964548,0.17756116403370931,0,0,0
4.0613796000000004,1197,3919,12,1198,3919,12,0.04290255269250428,0.12566370614359174,0.054977871437821388,0.16867907774261476,0.47626523711738855,0.32303971308621315,3.4123919950484911,0.16031032609488793,0.178522765746774,0,0,0
4.0663685999999997,1161,3916,13,1162,3916,13,0.043697044409032139,0.12801990063378407,0.055763269601218829,0.16411624864985888,0.47392039007885767,0.24561735917299793,0.23828300063448715,0.16150174109806037,0.17885261264505553,0,0,0
4.0713521000000004,1125,3913,14,1126,3913,14,0.044491536125559998,0.13037609512397644,0.056548667764616298,0.16168203366718958,0.47266944210837381,0.20431345537605949,-1.5196223949873708,0.15390362912312353,0.17582294195954951,0,0,0
4.0763426999999997,1089,3910,15,1090,3910,15,0.04528602784208785,0.13273228961416877,0.057334065928013739,0.16038340896277936,0.47200207626354351,0.18227831458481764,-2.5220000360934485,0.14129362894265629,0.16863265376842604,0,0,0
4.0813515000000002,1054,3906,16,1055,3906,16,0.046058450344267712,0.13587388226775854,0.058904862254808607,0.15763149788545966,0.54492556382494062,0.24380234867918937,-0.23369244690573154,0.14012516670812764,0.16419096514224879,0,0,0
4.0863262000000002,1020,3903,17,1021,3903,17,0.046808803632099577,0.13823007675795088,0.059690260418206048,0.15410427583524716,0.5105498567077611,0.20334516889240467,-1.8200034290266629,0.13102514956299433,0.15695649793165478,0,0,0
4.0913304999999998,987,3900,18,988,3900,18,0.047537087705583445,0.14058627124814324,0.060475658581603517,0.15016343461410409,0.4922108263379128,0.18176174527702593,-2.6796260646888435,0.1176270192395501,0.14646935374211098,0,0,0
4.0963621000000003,956,3897,19,957,3897,19,0.048221233350371324,0.14294246573833558,0.061261056745000944,0.14394282222830246,0.48242717203343799,0.17024724581324299,-3.1005713828509265,0.10212416232529548,0.13350751155317755,0,0,0
4.1013408,926,3895,20,927,3895,20,0.048883309780811207,0.14451326206513049,0.061261056745000972,0.1385650893384627,0.40392818968263344,0.090824878182427432,-6.174680365838876,0.071250760496101101,0.1107434223566561,0,0,0
4.1063136,900,3892,20,901,3892,20,0.049457109353859101,0.14686945655532285,0.063617251235193337,0.12745969183378122,0.43532943672772617,0.2682925487611782,1.4913961888902918,0.078707741440552564,0.10092162387132828,0,0,0
4.1113197000000001,877,3890,21,878,3890,21,0.04996470128386301,0.14844025288211773,0.063617251235193323,0.11535776373003916,0.37880210877967257,0.14313087969256641,-3.3516646713735465,0.061949418083684829,0.08566321940124999,0,0,0
4.1162942999999999,857,3889,22,858,3889,22,0.050406085570822934,0.14922565104551519,0.062831853071795868,0.1027241984192904,0.27536593320616964,0.0030791004913599679,-8.7249406138575196,0.018324715014397232,0.057296954085391844,0,0,0
4.1212887,841,3888,22,842,3888,22,0.050759193000390869,0.15001104920891262,0.063617251235193295,0.087747900727101202,0.22018396534969475,0.074922182735428375,-5.1634400694663212,-0.0074924853329343746,0.029630687371256601,0,0,0
4.1263038999999999,829,3888,22,830,3888,22,0.051024023572566822,0.15001104920891262,0.063617251235193295,0.071521783208800691,0.11746552336327828,0.039970092247902496,-5.8572423211233948,-0.036778696938551347,-0.0019612592042454156,0,0,0
4.1312669,823,3888,21,824,3888,21,0.051156438858654799,0.15001104920891262,0.065188047561988205,0.050510681171818728,0.062666457828092728,0.1678826067981041,0.44743971922757897,-0.034541498342413456,-0.020740653559126535,0,0,0
4.1362344999999996,823,3890,20,824,3890,20,0.051156438858654799,0.14844025288211773,0.065188047561988219,0.026946846878064906,-0.1131272296218824,0.089563371428120125,-1.3725786047317734,-0.041404391366072324,-0.036189318456426492,0,0,0
4.1412506999999996,825,3892,18,826,3892,18,0.051112300429958804,0.14686945655532285,0.066758843888783129,0.010257601376461579,-0.20691106836543566,0.19434003063890656,4.2308704546376763,-0.020250039092883941,-0.03761453378368728,0,0,0
4.1462007999999999,830,3894,17,831,3894,17,0.051001954358218825,0.14529866022852791,0.066758843888783087,-0.0048232431361011976,-0.25694362947193494,0.10367809196813291,1.287266820962258,-0.013813704988072651,-0.036168866332592246,0,0,0
4.1512060000000002,835,3896,16,836,3896,16,0.050891608286478845,0.14372786390173303,0.066758843888783101,-0.012868694087150055,-0.28363540498903506,0.05531102737204837,-0.18188042273469485,-0.014723107101746125,-0.035385069055805615,0,0,0
4.1561911,841,3898,15,842,3898,15,0.050759193000390869,0.14215706757493815,0.066758843888783115,-0.019219956619712972,-0.29787514935748505,0.029507774409003141,-0.81363869342845585,-0.018791300568888405,-0.034858379490307269,0,0,0
4.1611681000000003,847,3900,14,848,3900,14,0.050626777714302892,0.14058627124814324,0.066758843888783101,-0.022608279544228407,-0.30547188339823728,0.0157420462418047,-1.0492302769175477,-0.024037451953476143,-0.035578665163617171,0,0,0
4.1661606999999998,853,3901,13,854,3901,13,0.050494362428214916,0.13980087308474581,0.06754424205218057,-0.024415909473228373,-0.23624513124814475,0.081677713491427217,1.7633644719584214,-0.015220629593684035,-0.031183538184157623,0,0,0
4.1711342,858,3902,12,859,3902,12,0.050384016356474937,0.13901547492134836,0.068329640215578011,-0.023321148250728951,-0.19931348339115754,0.11685360674724392,3.3578087593018511,0.001568414202825219,-0.021638385458376232,0,0,0
4.1761504,864,3903,11,865,3903,11,0.05025160107038696,0.13823007675795088,0.069115038378975438,-0.024796216438657932,-0.17961088907508721,0.1356195268927127,4.4037386878807263,0.023587107642228849,-0.0043460108636169306,0,0,0
4.1811312000000003,867,3904,11,868,3904,11,0.050185393427342968,0.13744467859455345,0.068329640215578011,-0.01940581696230374,-0.16909978964385924,-0.00092811677534322679,-1.4185570414281266,0.016494322435088218,0.0031000535306498307,0,0,0
4.1861006999999999,868,3903,11,869,3903,11,0.050163324212994978,0.13823007675795088,0.069115038378975438,-0.01241188251000289,-0.016933204688994521,0.072784380045227581,1.0047641435944055,0.021518143153060245,0.011906539987497688,0,0,0
4.1911262000000002,868,3903,11,869,3903,11,0.050163324212994978,0.13823007675795088,0.069115038378975438,-0.0066215915071084937,-0.0090336630455866065,0.038829599971577852,-0.54653074196970075,0.018785489443211741,0.017232321795790432,0,0,0
4.1960721000000003,866,3901,12,867,3901,12,0.050207462641690966,0.13980087308474581,0.069115038378975466,0.00058568031232850322,0.14173968693028766,0.020715129166670815,-2.1747012179547394,0.0079119833534380436,0.015955883593232082,0,0,0
4.2010858000000004,865,3900,12,866,3900,12,0.050229531856038963,0.14058627124814324,0.069900436542372893,0.0023715637345345358,0.14889595430430483,0.084330794007847917,0.44272525822310094,0.010125609644553548,0.01812646970534092,0,0,0
4.2060667,863,3898,13,864,3898,13,0.050273670284734957,0.14215706757493815,0.069900436542372907,0.0053834215350792407,0.22599325701702702,0.044989474315445137,-1.7044491798511259,0.0016033637452979189,0.015029715436135904,0,0,0
4.2110304000000003,860,3896,14,861,3896,14,0.050339877927778942,0.14372786390173303,0.069900436542372893,0.0090493220664497973,0.26712374986950754,0.024001348771737752,-3.0013143880971618,-0.01340320819518789,0.0056064872205595813,0,0,0
4.2160447999999997,859,3894,15,860,3894,15,0.050361947142126939,0.14529866022852791,0.069900436542372879,0.0068868158176196622,0.28906637798701362,0.012804433739844875,-3.6924112947481116,-0.031865264668928445,-0.0077904935512922834,0,0,0
4.2210413999999998,858,3892,16,859,3892,16,0.050384016356474937,0.14686945655532285,0.069900436542372921,0.0057331444869586912,0.3007725087749491,0.0068310129133762436,-4.1614787415442738,-0.052672658376649813,-0.027097730352337451,0,0,0
4.2259886,859,3891,17,860,3891,17,0.050361947142126939,0.14765485471872028,0.069115038378975452,0.000999454045576313,0.23373807085104478,-0.069635255252643177,-7.2473641420576786,-0.088909479086938206,-0.057043705746519457,0,0,0
4.2310087999999997,863,3889,18,864,3889,18,0.050273670284734957,0.14922565104551519,0.069115038378975466,-0.0077032442199746103,0.27125551581767626,-0.037149579397373032,-6.0477056842759085,-0.11914800750831775,-0.091010241262421257,0,0,0
4.2355720000000003,872,3889,18,873,3889,18,0.050075047355602989,0.14922565104551519,0.069115038378975466,-0.022641581418609037,0.14471158733150469,-0.019818858197541919,-4.5540839347983297,-0.1419184271823094,-0.12462476446418465,0,0,0
4.2415324999999999,891,3889,18,892,3889,18,0.049655732282991069,0.14922565104551519,0.069115038378975466,-0.051202109041989408,0.077201908484247919,-0.010573124827411903,-3.2474908221712151,-0.15815588129316549,-0.15128412973974781,0,0,0
4.2461289999999998,912,3891,17,913,3891,17,0.049192278781683148,0.14765485471872028,0.069115038378975452,-0.070557030929783493,-0.10537273979818382,-0.0056406361810452214,-1.7458057062650691,-0.16688490982449083,-0.17537999623715442,0,0,0
4.2512537999999997,941,3893,16,942,3893,16,0.048552271565591262,0.14608405839192537,0.069115038378975438,-0.097355533362684987,-0.20277414039200792,-0.0030092122287665212,-0.4337529058536258,-0.16905367435375895,-0.19030514148209038,0,0,0
4.2557492000000003,971,3896,15,972,3896,15,0.047890195135151387,0.14372786390173303,0.068329640215577997,-0.11371132553243399,-0.32801614695642206,-0.074884898179629011,-2.4134816220095274,-0.18112108246380659,-0.20773386672281471,0,0,0
4.2617073000000003,1016,3901,14,1017,3901,14,0.046897080489491566,0.13980087308474581,0.065973445725385674,-0.15332359981616633,-0.5413903045469235,-0.25978875925745099,-8.3182809356301917,-0.22271248714195754,-0.2268251097717737,0,0,0
4.2667267000000004,1058,3906,12,1059,3906,12,0.04597017348687573,0.13587388226775854,0.065188047561988191,-0.16827894561941026,-0.65522287656805744,-0.21187372855520398,-5.2682138564329168,-0.24905355642412214,-0.25068368491525161,0,0,0
4.2717150000000004,1105,3911,9,1106,3911,9,0.044932920412519915,0.13194689145077132,0.06597344572538566,-0.18655299581719337,-0.71595119811959762,-0.0397525917072514,3.1515581034239273,-0.23329576590700249,-0.2571785015108175,0,0,0
4.2766674,1154,3917,7,1155,3917,7,0.043851528909468113,0.12723450247038662,0.06440264939859075,-0.20042020449915254,-0.82162855375131572,-0.16776657284986088,-1.1107117101488555,-0.23884932445774676,-0.26605790687601932,0,0,0
4.2816936999999999,1206,3923,4,1207,3923,4,0.042703929763372318,0.12252211349000193,0.06440264939859075,-0.21399552597581523,-0.8780061644788355,-0.089501468698568801,3.2646447359332056,-0.22252610077808072,-0.26297942394449181,0,0,0
4.2866702999999999,1260,3929,1,1261,3929,1,0.04151219218858053,0.11780972450961724,0.06440264939859075,-0.22535601884178957,-0.90808294840613724,-0.047747967685849602,6.0120106624039664,-0.19246604746606089,-0.24664343336100608,0,0,0
4.2916220999999997,1312,3935,4294967295,1313,3935,-1,0.040364593042484735,0.11309733552923255,0.062831853071795868,-0.22729848596927082,-0.92412855444967312,-0.17203201071823632,1.3154769451716257,-0.18588866274020277,-0.23392920775555662,0,0,0
4.2966820999999999,1362,3940,4294967293,1363,3940,-3,0.039261132325084935,0.10917034471224531,0.062046454908398413,-0.22421654852367645,-0.85940917489622248,-0.16505654829665375,1.6700384463298246,-0.17753847050855365,-0.22037784082998363,0,0,0
4.3016291999999998,1408,3944,4294967291,1409,3944,-5,0.038245948465077118,0.10602875205865551,0.062046454908398413,-0.21433593054808173,-0.75160263734963384,-0.088055702872868305,4.6606022175018991,-0.15423545942104416,-0.20173468286553881,0,0,0
4.3065936999999996,1451,3948,4294967290,1452,3948,-6,0.037296972248113291,0.10288715940506574,0.060475658581603531,-0.20288740773731898,-0.69408913342676171,-0.1935357074193646,-0.058843705520910561,-0.15452967794864872,-0.19079178926350393,0,0,0
4.3115845000000004,1491,3950,4294967289,1492,3950,-7,0.03641420367419345,0.10131636307827083,0.06047565858160351,-0.19060242636903058,-0.51684732542295642,-0.10324899510912504,2.9674614790306579,-0.13969237055349543,-0.17658665550847374,0,0,0
4.3165807000000003,1528,3952,4294967288,1529,3952,-8,0.035597642743317594,0.099745566751475931,0.060475658581603517,-0.17787120432161099,-0.42229093160946929,-0.055082109307841132,4.5383165218712467,-0.11700078794413919,-0.15835877818540781,0,0,0
4.3215614999999996,1562,3953,4294967288,1563,3953,-8,0.034847289455485729,0.09896016858807849,0.059690260418206076,-0.16490191818611385,-0.29856670228143578,-0.10266516863992801,1.7962240199053774,-0.10801966784461231,-0.14371844047967702,0,0,0
4.3265403999999998,1593,3954,4294967288,1594,3954,-8,0.034163143810697856,0.098174770424681035,0.058904862254808621,-0.1518056276947109,-0.23256129935550657,-0.12805016413127904,0.14496506044175561,-0.10729484254240353,-0.13392739222260897,0,0,0
4.3315666999999998,1621,3954,4294967288,1622,3954,-8,0.033545205808953968,0.098174770424681035,0.058904862254808621,-0.13864158189191614,-0.12406868365483582,-0.068313237626298512,1.9118478560802661,-0.097735603262002202,-0.12353164316656305,0,0,0
4.3365172999999997,1647,3953,4294967289,1648,3953,-7,0.032971406235906067,0.09896016858807849,0.058119464091411173,-0.12750049970010641,0.0070903540848133162,-0.10972381802952391,-0.77696712834204629,-0.10162043890371243,-0.11924869196157027,0,0,0
4.3414828999999999,1671,3952,4294967290,1672,3952,-6,0.032441745091554161,0.099745566751475931,0.057334065928013725,-0.11743864450346725,0.077062138757883425,-0.13181586951981528,-2.4508904301574783,-0.11387489105449983,-0.12230341385288583,0,0,0
4.3465014999999996,1695,3951,4294967291,1696,3951,-5,0.031912083947202262,0.10053096491487339,0.056548667764616284,-0.11207076458177646,0.11439125259335861,-0.14360171589765655,-3.4822403905478465,-0.13128609300723906,-0.13159178726515816,0,0,0
4.3514831000000003,1719,3949,4294967292,1720,3949,-4,0.031382422802850356,0.10210176124166827,0.056548667764616263,-0.10920706456914803,0.20758540956758381,-0.07660980529164968,-1.3339490029812859,-0.1379558380221455,-0.14106997620242376,0,0,0
4.3564508000000002,1745,3948,4294967293,1746,3948,-3,0.030808623229802459,0.10288715940506574,0.055763269601218843,-0.11179753524139453,0.1840238631805941,-0.1141499380759177,-3.0181623699183775,-0.15304664987173738,-0.15445729856453849,0,0,0
4.3610897,1770,3948,4294967294,1771,3948,-2,0.030256892871102555,0.10288715940506574,0.054192473274423947,-0.11112041023263836,0.098174539483425513,-0.20745667114632296,-6.9421947470521239,-0.18775762360699799,-0.1815192039495386,0,0,0
4.3660769000000004,1802,3947,4294967294,1803,3947,-2,0.029550678011966685,0.10367255756846318,0.054977871437821388,-0.12517294394333103,0.12565446695477717,-0.037396144181950253,0.34796572364931899,-0.1860177949887514,-0.19510468851259302,0,0,0
4.3710601999999996,1837,3948,4294967294,1838,3948,-2,0.028778255509786823,0.10288715940506574,0.054192473274423947,-0.13884713411580413,-0.0062443575792421741,-0.093229916865812668,-1.2340038829273263,-0.19218781440338803,-0.20815592145383011,0,0,0
4.3758233999999998,1874,3949,4294967294,1875,3949,-2,0.02796169457891097,0.10210176124166827,0.053407075111026478,-0.15026037225357469,-0.076610809697059121,-0.12301656967334361,-2.0122171623020062,-0.20224890021489805,-0.22194943658466049,0,0,0
4.3818035999999996,1925,3951,4294967294,1926,3951,-2,0.026836164647163173,0.10053096491487339,0.051836278784231596,-0.18517674255895117,-0.18742999320626058,-0.21218691351164048,-4.5886361770024138,-0.22519208109991012,-0.23059840389505382,0,0,0
4.3867612999999999,1970,3953,4294967294,1971,3953,-2,0.025843050001503349,0.09896016858807849,0.0502654824574367,-0.19144954872467293,-0.2465507078728604,-0.25975823002787213,-6.3435283094202273,-0.25690972264701128,-0.2528527212227335,0,0,0
4.3917859000000004,2017,3956,4294967293,2018,3956,-3,0.024805796927147537,0.096603974097886139,0.049480084294039245,-0.19891423663724922,-0.35137042437630422,-0.21185744157479086,-3.7193142371881418,-0.275506293832952,-0.27553631565477887,0,0,0
4.3967286999999997,2068,3959,4294967292,2069,3959,-4,0.02368026699539974,0.094247779607693788,0.048694686130641783,-0.2111329997932031,-0.40729049484243707,-0.18630294138119841,-2.0492844446891816,-0.2857527160563979,-0.29532861767799001,0,0,0
4.4017404999999998,2125,3963,4294967290,2126,3963,-6,0.022422321777563967,0.09110618695410401,0.048694686130641804,-0.23000622600109116,-0.51040270578110936,-0.099390400562111306,2.7499634117392704,-0.27200289899770153,-0.3007955715990896,0,0,0
4.4067055999999996,2184,3968,4294967289,2185,3968,-7,0.021120238131032198,0.087179196137116763,0.046338491640449446,-0.24419308794890945,-0.63869136165498375,-0.27286215294471317,-3.5851363765783208,-0.28992858088059315,-0.31381714227895741,0,0,0
4.4117234999999999,2246,3973,4294967287,2247,3973,-9,0.019751946841456446,0.083252205320129516,0.045553093477051998,-0.25793894063618572,-0.70713183178578043,-0.21884822839750068,-0.45693351893677558,-0.29221324847527702,-0.32100819207884546,0,0,0
4.4166965999999999,2310,3978,4294967285,2311,3978,-11,0.018339517123184702,0.079325214503142283,0.044767695313654564,-0.26939040987218144,-0.74364400754923554,-0.19003244289846813,1.4837673382820009,-0.284794411783867,-0.32177061752806752,0,0,0
4.4216768000000002,2374,3984,4294967282,2375,3984,-14,0.016927087404912954,0.074612825522757595,0.044767695313654557,-0.27549963233508157,-0.8364023377908818,-0.1013800452072835,6.2256504603082758,-0.25366615948232563,-0.30917283440022392,0,0,0
4.4266785000000004,2438,3989,4294967280,2439,3989,-16,0.015514657686641209,0.070685834705770348,0.043982297150257102,-0.27875882976486488,-0.81260828303227939,-0.12736456608438107,5.5337090394012165,-0.22599761428531953,-0.2893603125479246,0,0,0
4.4316680000000002,2499,3994,4294967278,2500,3994,-18,0.014168435611413451,0.066758843888783101,0.043196898986859654,-0.27432024199200711,-0.79991443817979535,-0.14122699852502013,5.1829155584075304,-0.20008303649328188,-0.26545058885981637,0,0,0
4.4366199999999996,2556,3998,4294967277,2557,3998,-19,0.012910490393577678,0.063617251235193309,0.041626102660064758,-0.2637158672230423,-0.71986290382881934,-0.22190196043767305,1.4268541655144986,-0.1929487656657094,-0.24696809014878712,0,0,0
4.4416460999999998,2608,4000,4294967276,2609,4000,-20,0.011762891247481883,0.06204645490839842,0.041626102660064765,-0.24776300825672948,-0.5305973249949687,-0.11838205328326706,4.8685370963840029,-0.16860608018378939,-0.22408555079628403,0,0,0
4.4465925999999998,2655,4002,4294967276,2656,4002,-20,0.01072563817312607,0.060475658581603517,0.040055306333269855,-0.22895679666574231,-0.42962639263364621,-0.20971445420957072,0.18931013347388514,-0.16765952951641996,-0.21075002763221817,0,0,0
4.4516090000000004,2698,4003,4294967276,2699,4003,-20,0.0097766619561622404,0.059690260418206069,0.039269908169872414,-0.21068746569252864,-0.30248008338049776,-0.18515968314249281,0.25014445926910334,-0.16640880722007445,-0.2018581394064918,0,0,0
4.4566058999999996,2738,4003,4294967276,2739,4003,-20,0.0088938933822423991,0.059690260418206069,0.039269908169872414,-0.19476366439795534,-0.1613695222757395,-0.098780485906722032,2.9329729207892203,-0.15174394261612834,-0.19046942312971141,0,0,0
4.4615735000000001,2777,4003,4294967277,2778,4003,-19,0.0080331940226705551,0.059690260418206069,0.037699111843077518,-0.18420939577967863,-0.086088718399167541,-0.19925725144746276,-2.0506837459771656,-0.16199736134601417,-0.18821755755529129,0,0,0
4.4665710000000001,2814,4003,4294967277,2815,4003,-19,0.0072166330917947013,0.059690260418206069,0.037699111843077518,-0.17446059863621033,-0.045927306043251431,-0.10630137071076688,1.3832788980556154,-0.15508096685573608,-0.18349488945213749,0,0,0
4.4715543000000002,2849,4002,4294967278,2850,4002,-18,0.006444210589614841,0.060475658581603517,0.03691371367968007,-0.16514151093226559,0.0487778484620459,-0.12999003463287173,-0.41424562483113103,-0.15715219497989175,-0.18338803099405462,0,0,0
4.4765366000000002,2885,4002,4294967278,2886,4002,-18,0.0056497188730869835,0.060475658581603517,0.03691371367968007,-0.16222899888509829,0.026022401263547976,-0.069348135437157149,2.0774404353420115,-0.1467649928031817,-0.17786730512861948,0,0,0
4.4815638,2921,4001,4294967279,2922,4001,-17,0.0048552271565591261,0.061261056745000965,0.036128315516282622,-0.16067520839277516,0.087162160467713912,-0.11027592368711325,-0.12142301792772248,-0.14737210789282032,-0.17466443099838477,0,0,0
4.4865066999999996,2955,4000,4294967280,2956,4000,-16,0.0041048738687272613,0.06204645490839842,0.035342917352885181,-0.15572805914362886,0.11977949389531477,-0.13211041131316259,-1.5318261065288583,-0.15503123842546462,-0.17674541976520275,0,0,0
4.4915092999999997,2990,4000,4294967281,2991,4000,-15,0.0033324513665474002,0.06204645490839842,0.033772121026090285,-0.15514792419707968,0.063900933550069941,-0.21703836972875359,-5.2065063398125542,-0.1810637701245274,-0.18853297816182379,0,0,0
4.4964712000000002,3025,3999,4294967282,3026,3999,-14,0.0025600288643675396,0.062831853071795868,0.03298672286269283,-0.15483842911186987,0.10736990635058324,-0.18906690485213551,-4.5093481784044229,-0.20361051101654951,-0.20581556275198903,0,0,0
4.5005119000000002,3056,3999,4294967282,3057,3999,-14,0.0018758832195796625,0.062831853071795868,0.03298672286269283,-0.1464368761187767,0.05728056637960318,-0.10086494215806903,-0.94069885569220713,-0.20831400529501054,-0.22488129613845195,0,0,0
4.5064720999999999,3106,4000,4294967282,3107,4000,-14,0.00077242250217986099,0.06204645490839842,0.032201324699295389,-0.18107784264198296,-0.042721019277545264,-0.12708976474193914,-0.90218174017105124,-0.21282491399586578,-0.22802959499597714,0,0,0
4.5114410999999999,3150,4001,4294967282,3151,4001,-14,-0.00019862292913196426,0.061261056745000965,0.031415926535897934,-0.18720372416967518,-0.096070674315861498,-0.14108039528141217,-1.2189516772699882,-0.21891967238221571,-0.23658729884792146,0,0,0
4.5164673999999998,3198,4003,4294967282,3199,4003,-14,-0.0012579452178357736,0.059690260418206069,0.029845130209103034,-0.19870825006301651,-0.19781159923463804,-0.22182374935309318,-4.0555408110272753,-0.23919737643735209,-0.24909853503811519,0,0,0
4.5208943000000001,3241,4004,4294967282,3242,4004,-14,-0.0022069214347996031,0.058904862254808621,0.029059732045705586,-0.19455022630716018,-0.17880965176338237,-0.19161984789307002,-3.0622515046885583,-0.25450863396079487,-0.2687917757348704,0,0,0
4.5255871000000001,3289,4007,4294967281,3290,4007,-15,-0.0032662437235034124,0.056548667764616277,0.028274333882308138,-0.20262752146454011,-0.31523137766396281,-0.1755064261596585,-1.6135281207577039,-0.26257627456458338,-0.28497620125223561,0,0,0
4.5314743000000002,3353,4010,4294967280,3354,4010,-16,-0.0046786734417751585,0.054192473274423933,0.02748893571891069,-0.23988242644276056,-0.3880107437980172,-0.16691010755815489,0.039013656357640869,-0.26238120628279515,-0.28430987662224338,0,0,0
4.5361219000000004,3407,4014,4294967279,3408,4014,-17,-0.0058704110165669439,0.051050880620834134,0.025918139392115788,-0.2391663719561653,-0.50011718819971196,-0.23560359324904545,-2.353512204893863,-0.27414876730726445,-0.29600217415903174,0,0,0
4.5410982999999998,3466,4018,4294967277,3467,4018,-19,-0.0071724946630987094,0.047909287967244349,0.025918139392115798,-0.24907991672859761,-0.55992464122258179,-0.12569171121663703,3.0218051357459403,-0.25903974162853477,-0.2941872642008056,0,0,0
4.5460829,3525,4022,4294967276,3526,4022,-20,-0.0084745783096304757,0.04476769531365455,0.024347343065320892,-0.25436867480518877,-0.59183120516877463,-0.21361406966697288,-0.27027303545659898,-0.26039110680581778,-0.29510459011909995,0,0,0
4.5510833999999996,3585,4026,4294967274,3586,4026,-22,-0.0097987311705102376,0.041626102660064758,0.024347343065320898,-0.25924927451843266,-0.6088529770617046,-0.11396056225683467,4.4230761211103298,-0.23827572620026613,-0.2845824556158118,0,0,0
4.5560643000000001,3644,4030,4294967272,3645,4030,-24,-0.011100814817042002,0.038484510006474966,0.024347343065320895,-0.25979390608011016,-0.61793388965585205,-0.060796602818067882,7.0892829655395246,-0.20282931137256852,-0.26272362669468802,0,0,0
4.5610518000000004,3701,4034,4294967271,3702,4034,-25,-0.012358760034877776,0.035342917352885174,0.022776546738525999,-0.2559662400068563,-0.62277844838106899,-0.17899330216626902,2.2503585109254285,-0.19157751881794138,-0.2440023292070338,0,0,0
4.5660447,3753,4037,4294967270,3754,4037,-26,-0.01350635918097357,0.03298672286269283,0.021991148575128554,-0.24362867442649877,-0.55208344347554672,-0.16877031438279261,2.2775107714301477,-0.18018996496079065,-0.22704487976146984,0,0,0
4.5710350000000002,3801,4039,4294967270,3802,4039,-26,-0.014565681469677379,0.031415926535897934,0.020420352248333658,-0.22881028906543976,-0.44108898096680649,-0.23659599143695539,-1.3790060715090942,-0.18708499531833611,-0.21968746527910066,0,0,0
4.5760242,3845,4040,4294967269,3846,4040,-27,-0.015536726900989204,0.030630528372500482,0.021205750411731103,-0.2126684158952335,-0.30859523774931891,-0.052941624539491652,5.6003228923831401,-0.1590833808564204,-0.20308475238611343,0,0,0
4.5810319000000002,3886,4041,4294967269,3887,4041,-27,-0.016441564689257043,0.029845130209103034,0.020420352248333655,-0.19787958800286365,-0.23791140359870633,-0.10152324550685231,2.9515451314088708,-0.14432565519937604,-0.18863078893153037,0,0,0
4.5860114999999997,3924,4041,4294967269,3925,4041,-27,-0.017280194834480889,0.029845130209103034,0.020420352248333655,-0.18381259365292613,-0.12692290055467889,-0.054161442446824068,4.1884004319344665,-0.12338365303970371,-0.17107747356020805,0,0,0
4.5909987000000001,3960,4041,4294967270,3961,4041,-26,-0.018074686551008749,0.029845130209103034,0.018849555921538759,-0.17218979916434773,-0.067711855932661574,-0.17545352312573081,-1.6178771256030382,-0.13147303866771889,-0.1636321406471051,0,0,0
4.5960204999999998,3993,4040,4294967270,3994,4040,-26,-0.018802970624492616,0.030630528372500482,0.019634954084936207,-0.15981184593132958,0.037156050526265576,-0.020322845835537881,4.1626380724182663,-0.11065984830562756,-0.14884275860493237,0,0,0
4.6010229000000002,4023,4039,4294967271,4024,4039,-25,-0.019465047054932499,0.031415926535897934,0.018849555921538759,-0.14703102450127012,0.093101829759759336,-0.084121515522356874,0.7717950604750663,-0.10680087300325222,-0.13958655000345069,0,0,0
4.6060150000000002,4052,4037,4294967272,4053,4037,-24,-0.020105054271024384,0.03298672286269283,0.018849555921538759,-0.1381534982112507,0.19622775601965686,-0.044877826735712785,1.6118230995888947,-0.098741757505307753,-0.12909269395541959,0,0,0
4.6109847000000004,4078,4036,4294967273,4079,4036,-23,-0.020678853844072281,0.033772121026090278,0.018064157758141311,-0.12724011286901518,0.17796469027003448,-0.097221305409569692,-1.0231849712760743,-0.10385768236168813,-0.12566471355419215,0,0,0
4.6159935000000001,4104,4033,4294967275,4105,4033,-21,-0.021252653417120175,0.036128315516282622,0.017278759594743863,-0.121417951755444,0.31478060076983116,-0.1251459279283535,-3.2658398617896967,-0.12018688167063661,-0.12931956950734769,0,0,0
4.6209762000000003,4128,4031,4294967276,4129,4031,-20,-0.021782314561472081,0.037699111843077518,0.01727875959474386,-0.11419367761149918,0.31449074040124192,-0.066763862198322421,-1.266062698292775,-0.1265171951621005,-0.13508674502038362,0,0,0
4.6259664999999996,4153,4030,4294967277,4154,4030,-19,-0.022334044920171981,0.038484510006474966,0.016493361431346415,-0.11239872365164769,0.24105658405450325,-0.10889724469006919,-3.0802906832455035,-0.141918648578328,-0.14615247807828152,0,0,0
4.6309502,4180,4028,4294967278,4181,4028,-18,-0.022929913707567876,0.040055306333269862,0.016493361431346415,-0.11555935761545161,0.27515985545621302,-0.058095383194785792,-1.2478736117131741,-0.14815801663689387,-0.15550828815112808,0,0,0
4.6359344,4208,4027,4294967279,4209,4027,-17,-0.023547851709311764,0.040840704496667317,0.01570796326794897,-0.11930462845815951,0.22007402532425663,-0.10427271437380912,-3.1507451408131852,-0.16391174234095979,-0.16971373077452861,0,0,0
4.6408912000000004,4239,4027,4294967280,4240,4027,-16,-0.02423199735409964,0.040840704496667317,0.014137166941154074,-0.12748001663881686,0.11740687166897279,-0.20218728992820528,-6.9878654697873603,-0.19885106968989658,-0.19380142414861043,0,0,0
4.6469009000000003,4281,4027,4294967280,4282,4027,-16,-0.025158904356715472,0.040840704496667317,0.014137166941154074,-0.15449170176317162,0.062635167847658435,-0.10786451134668169,-2.2837562429282663,-0.2102698509045379,-0.20605480171303089,0,0,0
4.6509064999999996,4312,4028,4294967280,4313,4028,-16,-0.025843050001503349,0.040055306333269862,0.013351768777756619,-0.14625190120739051,-0.039864403161799497,-0.13082395154683352,-3.1606556373883175,-0.22607312909147947,-0.23193428741542499,0,0,0
4.6559024999999998,4354,4029,4294967280,4355,4029,-16,-0.026769957004119185,0.039269908169872414,0.012566370614359171,-0.16450627862784284,-0.094546703637291549,-0.14307253947173221,-3.1065206846183706,-0.24160573251457132,-0.25226122064531681,0,0,0
4.6608714999999998,4401,4032,4294967278,4402,4032,-18,-0.027807210078474996,0.03691371367968007,0.013351768777756623,-0.18454032290553934,-0.27027809831846594,-0.0030479766783136075,4.2136386232149814,-0.22053753939849641,-0.25458206636753633,0,0,0
4.6658559000000004,4451,4036,4294967277,4452,4036,-19,-0.0289106707958748,0.033772121026090278,0.011780972450961727,-0.20140557773224455,-0.43730822390371993,-0.14818509784383771,-0.68463918360354459,-0.22396073531651414,-0.25825238831172542,0,0,0
4.6718327999999998,4514,4041,4294967275,4515,4041,-21,-0.03030103129979855,0.029845130209103034,0.010995574287564275,-0.2371714237508768,-0.59969632604892165,-0.15233450426887468,0.92247083467419433,-0.21934838114314317,-0.2461720907730767,0,0,0
4.6768257999999996,4566,4045,4294967273,4567,4045,-23,-0.031448630445894341,0.026703537555513242,0.010995574287564275,-0.23360186377968789,-0.61304892538625499,-0.081268643889711473,4.228543964398785,-0.19820566132114925,-0.23345194733612637,0,0,0
4.681819,4616,4049,4294967271,4617,4049,-25,-0.03255209116329414,0.023561944901923447,0.010995574287564274,-0.22757932551918189,-0.62017237811783377,-0.04335585369428499,6.1021619964287392,-0.16769485133900555,-0.21287525039758398,0,0,0
4.6867701000000004,4662,4052,4294967270,4663,4052,-26,-0.033567275023301958,0.021205750411731103,0.010210176124166827,-0.21612993202817898,-0.55069313602556413,-0.096409350917006101,3.5737456601690849,-0.14982612303816012,-0.19381774170450722,0,0,0
4.6918005999999997,4706,4054,4294967269,4707,4054,-27,-0.034538320454613788,0.019634954084936207,0.010210176124166827,-0.20590359642507208,-0.44034726849928552,-0.051433240584045893,5.026826635284575,-0.12469198986173724,-0.16920720436920994,0,0,0
4.6961092999999998,4739,4056,4294967268,4740,4056,-28,-0.035266604528097656,0.018064157758141311,0.010210176124166827,-0.17779775527538588,-0.38147906227289935,-0.027439021337812106,5.3529676752941535,-0.09792715148526647,-0.14788352184505649,0,0,0
4.7003804000000002,4768,4057,4294967268,4769,4057,-28,-0.035906611744189541,0.01727875959474386,0.009424777960769376,-0.1545671826810476,-0.27679405601521051,-0.087917910406934766,1.895196265433905,-0.088451170158096948,-0.13250802489195018,0,0,0
4.7060202000000002,4801,4057,4294967268,4802,4057,-28,-0.036634895817673409,0.01727875959474386,0.009424777960769376,-0.15041038990362315,-0.14766633256891856,-0.046903158195714272,3.0533871379683175,-0.073184234468255366,-0.10965713720016579,0,0,0
4.7110221000000001,4825,4056,4294967269,4826,4056,-27,-0.037164556962025315,0.018064157758141311,0.0086393797973719315,-0.12966079809524816,-0.0054987105885990484,-0.098301795623992327,-0.31457762232393627,-0.074757122579875046,-0.098851191196614091,0,0,0
4.7160074999999999,4846,4054,4294967270,4847,4054,-26,-0.037628010463333229,0.019634954084936207,0.0086393797973719315,-0.11241380718231631,0.14362554196865984,-0.052442837298271434,0.43480545167774087,-0.072583095321486338,-0.09081003245200775,0,0,0
4.7204762000000002,4863,4052,4294967270,4864,4052,-26,-0.038003187107249162,0.021205750411731103,0.010210176124166827,-0.094976301872228275,0.22318155480081947,0.11858140942237785,6.9084591988805393,-0.038040799327083638,-0.07235858444164206,0,0,0
4.7259738999999996,4880,4050,4294967272,4881,4050,-24,-0.038378363751165094,0.022776546738526002,0.0086393797973719332,-0.08567360045095844,0.26562374022146795,-0.083297268832396923,-2.2930482334060995,-0.04950604049411414,-0.066331572919188161,0,0,0
4.7309574000000003,4894,4047,4294967273,4895,4047,-23,-0.038687332752037042,0.025132741228718346,0.0094247779607693795,-0.074533389239573061,0.3615456599952811,0.028841418349518956,1.5719303515730869,-0.041646388736248707,-0.058042583484924172,0,0,0
4.7359363999999999,4906,4044,4294967274,4907,4044,-22,-0.038952163324212995,0.02748893571891069,0.010210176124166831,-0.064471998700617858,0.41271886186920659,0.088666072511662114,3.4784107861339502,-0.024254334805578957,-0.045864294822755051,0,0,0
4.7409265999999999,4916,4041,4294967276,4917,4041,-20,-0.039172855467692953,0.029845130209103034,0.009424777960769376,-0.054986146142827028,0.44001915565194683,-0.025977225523225678,-2.0330488780449238,-0.034419579195803574,-0.043848519197701497,0,0,0
4.7459097000000003,4925,4038,4294967278,4926,4038,-18,-0.039371478396824915,0.032201324699295375,0.008639379797371928,-0.047866446506678782,0.4545835372683269,-0.087138059748245747,-5.2656162902823898,-0.060747660647215526,-0.05334704761140726,0,0,0
4.7508982,4934,4035,4294967280,4935,4035,-16,-0.039570101325956883,0.034557519189487719,0.0078539816339744765,-0.044068171538648677,0.46235346141477218,-0.11976663644849145,-7.2318514677259156,-0.096906917985845109,-0.074805864967349034,0,0,0
4.7554571000000001,4944,4032,4294967281,4945,4032,-15,-0.039790793469436841,0.03691371367968007,0.0086393797973719315,-0.044100947339235294,0.46649862341558257,0.0093854450367097941,-2.0990521525843335,-0.10740217874876677,-0.093780444741142832,0,0,0
4.7614200000000002,4961,4030,4294967282,4962,4030,-14,-0.040165970113352774,0.038484510006474966,0.0086393797973719315,-0.058532204677568908,0.3954304986866406,0.0050070231566747775,-1.8968389089003628,-0.11688637329326859,-0.10864559896449204,0,0,0
4.7664235000000001,4979,4028,4294967283,4980,4028,-13,-0.040563215971616703,0.040055306333269862,0.008639379797371928,-0.068290218869761748,0.35751650048757289,0.0026711872259030539,-1.8347055496870119,-0.12605990104170364,-0.12413820559103995,0,0,0
4.7714179000000003,5001,4028,4294967284,5002,4028,-12,-0.041048738687272615,0.040055306333269862,0.007068583470577032,-0.081732444284876998,0.19073079537868676,-0.14513399200994004,-7.3684095509850724,-0.162901948796629,-0.15026593983037884,0,0,0
4.7763743999999999,5026,4028,4294967284,5027,4028,-12,-0.041600469045972518,0.040055306333269862,0.007068583470577032,-0.095081042249765435,0.10175260793886343,-0.077427256349814344,-3.9776031093031778,-0.1827899643431449,-0.17512444396028423,0,0,0
4.7813903,5056,4029,4294967283,5057,4029,-13,-0.042262545476412394,0.039269908169872414,0.00785398163397448,-0.11249791161039885,-0.018995714719171303,0.031973000103533038,1.6264554076307711,-0.17465768730499104,-0.18730873704604242,0,0,0
4.7863731999999999,5091,4032,4294967282,5092,4032,-14,-0.043034967978592256,0.03691371367968007,0.0070685834705770355,-0.13208515531199011,-0.22997254546049289,-0.056222304500327197,-0.65372700994449984,-0.17792632235471353,-0.19674850259024135,0,0,0
4.7913341999999997,5129,4035,4294967280,5130,4035,-16,-0.04387359812381611,0.034557519189487719,0.0078539816339744765,-0.14871204735225055,-0.34252617215713199,0.043285589387394054,4.7191946036185399,-0.15433034933662082,-0.19102532841551775,0,0,0
4.7963228000000004,5169,4038,4294967279,5170,4038,-17,-0.044756366697735951,0.032201324699295375,0.0070685834705770285,-0.16170051677302782,-0.40257219160890201,-0.050187172837982824,1.5662175354012939,-0.14649926165961435,-0.18317346925729505,0,0,0
4.8013382,5208,4042,4294967277,5209,4042,-19,-0.045617066057307795,0.029059732045705586,0.0070685834705770355,-0.16657060026779269,-0.50788554719586276,-0.026774259034594076,3.4346097348242375,-0.12932621298549316,-0.16914972090067468,0,0,0
4.8063077999999999,5245,4045,4294967276,5246,4045,-20,-0.046433626988183645,0.026703537555513242,0.006283185307179584,-0.1650505112894276,-0.49078944894233234,-0.087563267634761646,1.0026229785902516,-0.1243130980925419,-0.15752187467289003,0,0,0
4.8112785000000002,5279,4047,4294967274,5280,4047,-22,-0.047183980276015509,0.025132741228718346,0.007853981633974487,-0.15806223113390933,-0.40838936482793342,0.099845078083866279,8.8271180004834768,-0.080177508090124514,-0.12980648367862629,0,0,0
4.8162989999999999,5310,4049,4294967274,5311,4049,-22,-0.047868125920803389,0.023561944901923447,0.0062831853071795875,-0.1481567361055704,-0.36442990124799668,-0.093292878472230348,0.39787247066353215,-0.078188145736806852,-0.11233986816056397,0,0,0
4.8212612000000004,5336,4050,4294967273,5337,4050,-23,-0.048441925493851283,0.022776546738526002,0.0070685834705770355,-0.13257672115798566,-0.2676985316453297,0.023508879643472542,4.7765907295540604,-0.054305192089036551,-0.089712026345914325,0,0,0
4.8262330999999996,5357,4050,4294967273,5358,4050,-23,-0.048905378995159204,0.022776546738526002,0.0070685834705770355,-0.11396941741082531,-0.14281397863535825,0.012541707324686664,3.4718397232795501,-0.0369459934726388,-0.069140360806141221,0,0,0
4.8312606000000002,5374,4050,4294967273,5375,4050,-23,-0.049280555639075137,0.022776546738526002,0.0070685834705770355,-0.095806201403517338,-0.076189556843302877,0.0066908514996703965,2.5771219100044922,-0.024060383922616339,-0.050718959248609349,0,0,0
4.8362638999999996,5387,4048,4294967274,5388,4048,-22,-0.04956745542559908,0.024347343065320895,0.0070685834705770355,-0.077879900916820205,0.10591281734262292,0.0035694895943332054,1.2012921271609185,-0.018053923286811747,-0.036711516461667724,0,0,0
4.8411426999999998,5395,4046,4294967275,5396,4046,-21,-0.049744009140383051,0.025918139392115794,0.0070685834705770355,-0.058020881776244121,0.20306226533023092,0.0019042801898503784,0.11599927333933124,-0.017473926920115092,-0.029234062749811184,0,0,0
4.8461252999999997,5402,4044,4294967276,5403,4044,-20,-0.049898493640819025,0.02748893571891069,0.007068583470577032,-0.04536722130127574,0.25489033888769402,0.0010159108033855585,-0.61222784942637376,-0.02053506616724696,-0.02535804481360146,0,0,0
4.8511214000000002,5407,4041,4294967277,5408,4041,-19,-0.050008839712559004,0.029845130209103034,0.0078539816339744835,-0.034498423603728394,0.35581951820681135,0.073821495607234319,1.6358737269872012,-0.012355697532310955,-0.019863606005588796,0,0,0
4.8561034000000003,5411,4038,4294967278,5412,4038,-18,-0.050097116569950986,0.032201324699295375,0.008639379797371928,-0.02664093920488772,0.40966403341715857,0.11266240806501039,2.7286303653166781,0.0012874542942724367,-0.011281519623821862,0,0,0
4.8610911000000003,5414,4035,4294967280,5415,4035,-16,-0.050163324212994978,0.034557519189487719,0.0078539816339744765,-0.020389954589451968,0.43838944105245292,-0.013175466275688018,-3.1678667303783556,-0.014551879357619341,-0.013681496599346008,0,0,0
4.8656155999999999,5415,4032,4294967281,5416,4032,-15,-0.050185393427342968,0.03691371367968007,0.0086393797973719315,-0.012936908214081125,0.45371410393762052,0.066250564939365639,-0.28544963152242619,-0.015979127515231471,-0.016101348826593538,0,0,0
4.8716030000000003,5418,4029,4294967283,5419,4029,-13,-0.05025160107038696,0.039269908169872414,0.00785398163397448,-0.013079017255913237,0.46188962908684261,-0.037935631868807981,-5.0754731119196874,-0.041356493074829907,-0.028278613470898977,0,0,0
4.8765834000000003,5421,4026,4294967284,5422,4026,-12,-0.050317808713430945,0.041626102660064758,0.008639379797371928,-0.013154830737366389,0.46625117439236841,0.0530413114619918,-1.5011974199625144,-0.048862480174642481,-0.03925711007026822,0,0,0
4.8815857999999999,5426,4024,4294967285,5427,4024,-11,-0.050428154785170924,0.043196898986859661,0.0086393797973719419,-0.017313496852307327,0.3952984875796044,0.028296908000827955,-2.3858540438077283,-0.060791750393681121,-0.052394947265176739,0,0,0
4.8865810999999999,5433,4022,4294967286,5434,4022,-10,-0.050582639285606898,0.04476769531365455,0.008639379797371928,-0.023650316224893945,0.3574460741340767,0.01509606343314098,-2.8553330547293889,-0.075068415667328067,-0.067707006376824808,0,0,0
4.8915733000000001,5443,4021,4294967286,5444,4021,-10,-0.050803331429086857,0.045553093477052005,0.009424777960769383,-0.033208264683725938,0.26397274304981522,0.081333089355954236,0.48373283106157006,-0.072649751512020216,-0.076200417549919103,0,0,0
4.8966032000000004,5456,4020,4294967287,5457,4020,-9,-0.051090231215610807,0.046338491640449446,0.008639379797371928,-0.044484647149937655,0.21410583408174461,-0.029889284708967491,-3.9098049093637908,-0.092198776058839166,-0.090572307929831813,0,0,0
4.9015757999999998,5471,4020,4294967287,5472,4020,-9,-0.051421269430830752,0.046338491640449446,0.008639379797371928,-0.054618683431691656,0.11422291271573841,-0.015945577443465569,-2.7569781304374343,-0.10598366671102634,-0.10509800720193016,0,0,0
4.9065424999999996,5489,4020,4294967287,5490,4020,-9,-0.051818515289094674,0.046338491640449446,0.008639379797371928,-0.066202401890853579,0.060936563663584992,-0.0085067756716598018,-1.9864012692404689,-0.11591567305722869,-0.11822328223651871,0,0,0
4.9115641999999999,5510,4021,4294967286,5511,4021,-10,-0.052281968790402596,0.045553093477052005,0.009424777960769383,-0.078559508527531574,-0.040770588265478913,0.068741255777603621,2.1167320400540506,-0.10533201285695844,-0.12132252037481328,0,0,0
4.9165495999999997,5533,4023,4294967285,5534,4023,-11,-0.052789560720406505,0.043982297150257102,0.009424777960769383,-0.089270098283982996,-0.16830966189044633,0.036672641323999028,1.7183846613694282,-0.096740089550111291,-0.11986496566527416,0,0,0
4.9215078999999999,5557,4025,4294967284,5558,4025,-12,-0.053319221864758404,0.042411500823462206,0.009424777960769376,-0.097043180630332293,-0.2363502388181572,0.019564417415208302,1.6617317976402033,-0.088431430561910274,-0.11464507970658118,0,0,0
4.9264897000000003,5581,4027,4294967283,5582,4027,-13,-0.05384888300911031,0.040840704496667317,0.009424777960769383,-0.10119002749318079,-0.27264907632005841,0.010437383700149662,1.7367985309275067,-0.079747437907272734,-0.10654602940523852,0,0,0
4.9315331999999996,5604,4029,4294967282,5605,4029,-14,-0.054356474939114219,0.039269908169872414,0.0094247779607693795,-0.1013432106473682,-0.29201407384777511,0.0055682199061779158,1.8313520524696494,-0.070590677644924493,-0.09656705567960229,0,0,0
4.9364792,5626,4030,4294967281,5627,4030,-15,-0.05484199765477013,0.038484510006474966,0.010210176124166827,-0.099365821773162194,-0.22906555012080299,0.076250098300539332,4.7729239755202899,-0.04672605776732304,-0.078414617817414559,0,0,0
4.9414709999999999,5645,4031,4294967281,5646,4031,-15,-0.055261312727382057,0.037699111843077518,0.0094247779607693795,-0.092133577569155606,-0.19548326236069763,-0.032600999904153286,-0.034650274953787141,-0.046899309142091977,-0.067534354546286965,0,0,0
4.9464663,5661,4031,4294967281,5662,4031,-15,-0.055614420156949992,0.037699111843077518,0.0094247779607693795,-0.08209793062629317,-0.10428799247706989,-0.017392245206527976,0.045811613842825727,-0.046670251072877846,-0.059734067064121529,0,0,0
4.9514477000000001,5675,4031,4294967280,5676,4031,-16,-0.05592338915782194,0.037699111843077518,0.010995574287564275,-0.072625811970440338,-0.055636402030315356,0.13728048288901498,6.3632653047222236,-0.014853924549266727,-0.040113700044208167,0,0,0
4.9564180000000002,5686,4031,4294967281,5687,4031,-15,-0.056166150515649896,0.037699111843077518,0.0094247779607693795,-0.061395218681978697,-0.029681357914330124,-0.073321535823508519,-2.9744044269356289,-0.029725946683944869,-0.036261467380904189,0,0,0
4.9614326999999996,5694,4030,4294967281,5695,4030,-15,-0.05634270423043386,0.038484510006474966,0.010210176124166827,-0.049226500118534453,0.057444868317309203,0.034163353109665492,0.91681283588883655,-0.025141882504500685,-0.031123858414235085,0,0,0
4.9664038000000001,5701,4029,4294967281,5702,4029,-15,-0.056497188730869834,0.039269908169872414,0.010995574287564275,-0.040675523418377602,0.10392567243359808,0.091505261327763751,2.9869549837382294,-0.010207107585809538,-0.021748302460105534,0,0,0
4.9713842000000001,5706,4027,4294967282,5707,4027,-14,-0.056607534802609813,0.040840704496667317,0.010995574287564282,-0.031995458656204893,0.20200214718599419,0.048816967190541884,0.49873635084921442,-0.007713425831563466,-0.016305702538879144,0,0,0
4.9764111,5710,4026,4294967282,5711,4026,-14,-0.056695811660001802,0.041626102660064758,0.011780972450961723,-0.025305637212966109,0.18104525919057646,0.099322789931355571,2.5572651156134589,0.0050728997465038289,-0.0070061268155531282,0,0,0
4.9814053999999999,5713,4024,4294967283,5714,4024,-13,-0.056762019303045787,0.043196898986859661,0.011780972450961727,-0.019677586878750913,0.24314452831070932,0.052987525602321867,0.11299385742816836,0.0056378690336446706,-0.0010823083076797043,0,0,0
4.9862789000000003,5714,4022,4294967284,5715,4022,-12,-0.056784088517393784,0.04476769531365455,0.01178097245096172,-0.012556868523944926,0.27627374885176043,0.028268213885223006,-1.3920845612985258,-0.0013225537728479581,-0.00058364873391727372,0,0,0
4.9912789999999996,5714,4019,4294967285,5715,4019,-11,-0.056784088517393784,0.047123889803846894,0.012566370614359175,-0.0066989398189213388,0.36722731276955956,0.088360274756200285,0.49107800460837492,0.0011328362501939167,0.00091847384198713729,0,0,0
4.9962523000000001,5714,4017,4294967286,5715,4017,-10,-0.056784088517393784,0.04869468613064179,0.012566370614359168,-0.003573804616330526,0.34247043666998189,0.047139154307970048,-1.3979765007457619,-0.005857046253534893,-0.0015187045871955739,0,0,0
5.0012455999999998,5714,4015,4294967287,5715,4015,-9,-0.056784088517393784,0.050265482457436693,0.012566370614359175,-0.0019065822026987451,0.32926293809823987,0.025148177447408548,-2.5059263694690586,-0.018386678100880186,-0.0085237642466804361,0,0,0
5.0062458999999997,5715,4013,4294967288,5716,4013,-8,-0.056806157731741781,0.051836278784231589,0.012566370614359175,-0.0030762491625467864,0.32221689489711208,0.013416253180838321,-3.1463821685371425,-0.034118588943565897,-0.019526399886466379,0,0,0
5.0113262000000001,5716,4011,4294967289,5717,4011,-7,-0.056828226946089778,0.053407075111026485,0.012566370614359168,-0.0037002525561684518,0.31845791475999696,0.0071574112990397312,-3.5880058062919029,-0.052058617975025409,-0.035700043164368568,0,0,0
5.0164128000000003,5719,4009,4294967289,5720,4009,-7,-0.056894434589133763,0.054977871437821381,0.014137166941154064,-0.0081513714609069195,0.31645254362219805,0.15037743227511258,2.5506905202143724,-0.039305165373953545,-0.041014744649845294,0,0,0
5.0212174999999997,5724,4008,4294967290,5725,4008,-6,-0.057004780660873743,0.055763269601218829,0.013351768777756623,-0.01464421091405689,0.24210318270994752,0.0069450499956151129,-3.1950951242016696,-0.055280640994961897,-0.053693455281904154,0,0,0
5.0261752,5732,4008,4294967290,5733,4008,-6,-0.057181334375657714,0.055763269601218829,0.013351768777756623,-0.024285394227841157,0.1291591647910105,0.0037051014646929817,-2.7146019750466244,-0.068853650870195016,-0.066434613356400496,0,0,0
5.0311724,5742,4007,4294967290,5743,4007,-6,-0.057402026519137672,0.056548667764616277,0.014137166941154071,-0.033547071235212195,0.14218439556329443,0.075256146799714901,0.48184914167197901,-0.066444405161835127,-0.073216127427757127,0,0,0
5.0361488000000003,5754,4008,4294967290,5755,4008,-6,-0.057666857091313625,0.055763269601218829,0.013351768777756623,-0.042606286147618452,0.0025741624799872909,-0.03313126119296525,-3.3395508952510617,-0.083142159638090435,-0.085535750391677379,0,0,0
5.0411323000000001,5768,4008,4294967290,5769,4008,-6,-0.057975826092185573,0.055763269601218829,0.013351768777756623,-0.051557489943463652,0.0013732850276067601,-0.01767513328927578,-2.4805524014931337,-0.0955449216455561,-0.098033637429334033,0,0,0
5.0461150000000004,5785,4010,4294967289,5786,4010,-7,-0.058351002736101505,0.054192473274423933,0.013351768777756616,-0.062510181357638181,-0.14582640737613206,-0.009429473118277196,-1.1679380893397355,-0.10138461209225477,-0.10760939355353485,0,0,0
5.0511087999999997,5804,4012,4294967288,5805,4012,-8,-0.058770317808713425,0.052621676947629037,0.013351768777756623,-0.072471532317936946,-0.22435569028580027,-0.0050305116138639272,-0.26231136225651347,-0.10269616890353733,-0.11421308248482402,0,0,0
5.0560980000000004,5826,4014,4294967287,5827,4014,-9,-0.059255840524369337,0.051050880620834134,0.013351768777756616,-0.083963125214597548,-0.26625012752003302,-0.0026837180380925394,0.47740376431294917,-0.10030915008197258,-0.11612835908973472,0,0,0
5.0610849,5848,4016,4294967285,5849,4016,-11,-0.059741363240025248,0.049480084294039245,0.014922565104551526,-0.090093753172633101,-0.28860031086745863,0.14512730697086654,7.3495732331653034,-0.063561283916146072,-0.10124646344818806,0,0,0
5.0660818000000001,5871,4019,4294967284,5872,4019,-12,-0.060248955170029157,0.047123889803846894,0.014137166941154064,-0.095423480441875985,-0.37380338680903114,0.0041441706690618502,2.1486864222508815,-0.052817851804891666,-0.086849775027712781,0,0,0
5.0710723,5892,4021,4294967283,5893,4021,-13,-0.060712408671337079,0.045553093477052005,0.014137166941154071,-0.094148605943339694,-0.34597869385617269,0.0022108656993941943,2.1711213412407426,-0.041962245098687956,-0.071034925802276674,0,0,0
5.0760562,5909,4022,4294967282,5910,4022,-14,-0.061087585315253011,0.04476769531365455,0.014922565104551515,-0.0852320345298518,-0.2578550322355404,0.074458989813645293,4.9214393231069744,-0.017355048483153085,-0.04988382703329957,0,0,0
5.0810623000000001,5923,4023,4294967282,5924,4023,-14,-0.061396554316124952,0.043982297150257102,0.014137166941154067,-0.074297819079230359,-0.21084210821759036,-0.033556534951763466,0.010764919570508846,-0.017301223885300542,-0.03645321668443692,0,0,0
5.0860516999999996,5933,4023,4294967281,5934,4023,-15,-0.061617246459604917,0.043982297150257102,0.015707963267948963,-0.060228104300017724,-0.11248175383462611,0.1286570268089858,6.357048881176782,0.014484020520583372,-0.01309214765007379,0,0,0
5.0910418999999996,5940,4022,4294967281,5941,4022,-15,-0.061771730960040884,0.04476769531365455,0.016493361431346411,-0.04654474823209636,0.013271843156202924,0.14191651092979973,6.2434183936567988,0.045701112488867365,0.014970307206651686,0,0,0
5.0960489999999998,5942,4021,4294967282,5943,4021,-14,-0.061815869388736878,0.045553093477052005,0.01570796326794897,-0.028949289410098614,0.080359889562680864,0.0024312492182321926,-0.39900520085659785,0.043706086484584378,0.031060971429485558,0,0,0
5.1010612000000002,5940,4019,4294967283,5941,4019,-13,-0.061771730960040884,0.047123889803846894,0.01570796326794896,-0.011325880620395877,0.18943008266711986,0.0012970425044004585,-1.451992161288258,0.036446125678143086,0.039480406602785151,0,0,0
5.1060141000000003,5935,4016,4294967284,5936,4016,-12,-0.061661384888300905,0.049480084294039245,0.016493361431346415,0.004253328881502442,0.32089725107336331,0.073971476021754273,0.57014664562993422,0.03929685890629276,0.046651033980203788,0,0,0
5.1110052000000001,5929,4013,4294967285,5930,4013,-11,-0.061528969602212928,0.051836278784231589,0.01727875959474387,0.014623761882099316,0.39103341978756212,0.11274242083005465,1.5402179312711635,0.046997948562648578,0.054911582581988694,0,0,0
5.1160335999999997,5922,4009,4294967287,5923,4009,-9,-0.061374485101776961,0.054977871437821381,0.017278759594743863,0.022215374650096039,0.50172974984336061,0.060146738873615047,-1.5870311225128058,0.039062792950084552,0.056665567214484666,0,0,0
5.1210107000000002,5912,4006,4294967288,5913,4006,-8,-0.061153792958296996,0.057334065928013725,0.018064157758141311,0.032442740442160389,0.48750540436360223,0.10536708819905694,-0.073711647428251759,0.038694234712943296,0.056446204342339032,0,0,0
5.1259863000000001,5902,4002,4294967290,5903,4002,-6,-0.060933100814817037,0.060475658581603517,0.018064157758141311,0.037898918295458606,0.55319640473860254,0.0562120867471428,-2.861214975973664,0.024388159833074977,0.049241094065525473,0,0,0
5.1309933000000001,5892,3998,4294967292,5893,3998,-4,-0.060712408671337079,0.063617251235193309,0.018064157758141304,0.040809724203068221,0.58824177113052634,0.029988478854980068,-4.550775285151853,0.0016342834073157127,0.034044082230665892,0,0,0
5.1359538000000002,5883,3995,4294967294,5884,3995,-2,-0.06051378574220511,0.06597344572538566,0.01727875959474387,0.040303494227535472,0.53365853745652581,-0.057281022952946473,-8.4406481433383664,-0.040568957309376125,0.0047030583822911289,0,0,0
5.1409225000000003,5877,3992,4294967295,5878,3992,-1,-0.060381370456117134,0.068329640215577997,0.018064157758141304,0.033856095776073118,0.50453903231820241,0.042720775701102623,-4.2363649572525617,-0.061750782095638931,-0.023762995383335202,0,0,0
5.1459042999999998,5876,3990,0,5877,3990,0,-0.060359301241769144,0.069900436542372907,0.018064157758141318,0.020120934170094924,0.41572460381642556,0.022791025078713723,-4.6344911568511442,-0.084923237879894656,-0.053823634788922346,0,0,0
5.1509251000000003,5879,3989,1,5880,3989,1,-0.060425508884813128,0.070685834705770348,0.017278759594743863,0.0045569479732120565,0.29506364460164641,-0.061120778828765203,-7.5809621505839884,-0.1228280486328146,-0.092238932292636217,0,0,0
5.1558871000000002,5888,3988,1,5889,3988,1,-0.06062413181394509,0.071471232869167789,0.018064157758141304,-0.016100914889055188,0.23069245980093245,0.040672311668656889,-2.618307086294883,-0.13591958406428903,-0.12322803403240665,0,0,0
5.1618583999999998,5906,3990,0,5907,3990,0,-0.061021377672209019,0.069900436542372907,0.018064157758141318,-0.045653631077954143,-0.023487358575722178,0.021698193912375464,-1.6063425493603924,-0.14395129681109098,-0.14589462316077612,0,0,0
5.1668735000000003,5929,3993,4294967295,5930,3993,-1,-0.061528969602212928,0.067544242052180556,0.017278759594743863,-0.071715204537730143,-0.23236878396738594,-0.061703791241579861,-3.545379184636603,-0.161678192734274,-0.16868438801725624,0,0,0
5.1708492000000001,5951,3995,4294967293,5952,3995,-3,-0.06201449231786884,0.06597344572538566,0.018849555921538766,-0.083559633350895848,-0.27052501757195568,0.11364080078148028,4.6406752839373606,-0.13847481631458719,-0.17720288247553947,0,0,0
5.1768147999999998,5989,4001,4294967290,5990,4001,-6,-0.062853122463092687,0.061261056745000965,0.018849555921538759,-0.12282425927202632,-0.58399899096895247,0.060626013878975628,5.1373373829077567,-0.1127881294000484,-0.16280189109968493,0,0,0
5.1818448000000004,6023,4006,4294967288,6024,4006,-8,-0.063603475750924551,0.057334065928013725,0.018064157758141311,-0.13553502855121408,-0.67795410335124195,-0.040936262877259551,1.9719289537394946,-0.10292848463135093,-0.14993544971270253,0,0,0
5.1868096000000001,6056,4011,4294967285,6057,4011,-11,-0.064331759824408433,0.053407075111026485,0.018849555921538766,-0.14025696232754792,-0.7280780369043196,0.05144051055322485,6.7694049358085913,-0.069081459952307966,-0.12377565154941993,0,0,0
5.1918005999999997,6087,4015,4294967283,6088,4015,-13,-0.065015905469196306,0.050265482457436693,0.018849555921538759,-0.13865783723870007,-0.68153903924151127,0.02744289977979103,6.042227739934849,-0.038870321252633719,-0.091682859783233275,0,0,0
5.1961731000000002,6109,4018,4294967282,6110,4018,-14,-0.065501428184852217,0.047909287967244349,0.018064157758141314,-0.11927273068314917,-0.58343151892506939,-0.058639059074491517,1.8683377599867774,-0.029528632452699832,-0.069259768457023016,0,0,0
5.2011558999999998,6129,4020,4294967281,6130,4020,-15,-0.065942812471812134,0.046338491640449446,0.018064157758141308,-0.10481278666578914,-0.45781280589775286,-0.03128323968902956,2.4384495672721034,-0.017336384616339316,-0.046049325216251477,0,0,0
5.2061118999999998,6142,4020,4294967280,6143,4020,-16,-0.066229712258336085,0.046338491640449446,0.019634954084936204,-0.082684806895639493,-0.24423767989545397,0.12986980275918816,8.1652169345006875,0.023489700056164124,-0.014016549456840818,0,0,0
5.2111244000000001,6150,4020,4294967281,6151,4020,-15,-0.066406265973120049,0.046338491640449446,0.018064157758141308,-0.060584241894756002,-0.13029789361994568,-0.077275045419656602,-1.5893587032418992,0.015542906539954628,0.0011292560874543167,0,0,0
5.2161030999999998,6153,4019,4294967281,6154,4019,-15,-0.066472473616164041,0.047123889803846894,0.018849555921538756,-0.038498302346797311,0.0037671447515205264,0.032054202822106088,1.9772350555077001,0.025429081817493128,0.016193692243137103,0,0,0
5.2210752999999999,6152,4017,4294967282,6153,4017,-14,-0.066450404401816043,0.04869468613064179,0.018849555921538756,-0.018479275566520278,0.14856876544638656,0.017100535475012432,0.18493267724162021,0.026353745203701227,0.024861622440164502,0,0,0
5.2261059999999997,6149,4015,4294967283,6150,4015,-13,-0.066384196758772052,0.050265482457436693,0.018849555921538759,-0.0036811426585670855,0.22581870565778928,0.0091229320272004002,-0.97318287073914933,0.021487830850005482,0.028117716780382284,0,0,0
5.2310657999999997,6146,4012,4294967284,6147,4012,-12,-0.066317989115728074,0.052621676947629037,0.019634954084936207,0.0042134850182080075,0.34031014809008875,0.078146494884362025,1.1450095404251361,0.027212878552131163,0.033937028639104645,0,0,0
5.2360242000000001,6141,4009,4294967285,6142,4009,-11,-0.066207643043988088,0.054977871437821381,0.020420352248333662,0.012543395392808561,0.40138996915956315,0.11496974367333662,2.1159676131478382,0.037792716617870356,0.041159332354276282,0,0,0
5.2410427999999998,6135,4007,4294967286,6136,4007,-10,-0.066075227757900118,0.056548667764616277,0.020420352248333655,0.019046413640233652,0.36069580701408616,0.061334989085521159,-0.31158962714278804,0.036234768482156413,0.044349214212630404,0,0,0
5.2455426999999997,6128,4004,4294967288,6129,4004,-8,-0.065920743257464137,0.058904862254808621,0.019634954084936207,0.024574806694105132,0.41226547542456082,-0.040558033047688659,-5.2947316389578658,0.0097611102873670814,0.034589146958052187,0,0,0
5.2510672999999999,6120,4000,4294967289,6121,4000,-7,-0.065744189542680173,0.06204645490839842,0.021205750411731103,0.029583248813935807,0.5130567986750838,0.12492181095501269,0.9604327847238423,0.014563274210986292,0.030496623739937754,0,0,0
5.2560785000000001,6113,3997,4294967291,6114,3997,-5,-0.065589705042244206,0.06440264939859075,0.020420352248333648,0.030196082777063794,0.49354825002253266,-0.0066352208299842591,-4.8765149484145072,-0.009819300531086244,0.015193296679801151,0,0,0
5.2610536000000003,6108,3994,4294967292,6109,3994,-4,-0.06547935897050422,0.066758843888783101,0.021205750411731096,0.026404801872768516,0.4831406716419272,0.069739707997460765,-1.7613296874683031,-0.018625948968427758,0.0021322277967298336,0,0,0
5.2660356000000004,6105,3992,4294967293,6106,3992,-3,-0.065413151327460228,0.068329640215577997,0.021205750411731103,0.02026397813490435,0.40430883322675926,0.037205303692816938,-2.8926151138977945,-0.033089024537916734,-0.013771088254624324,0,0,0
5.2710290000000004,6104,3990,4294967294,6105,3990,-2,-0.065391082113112231,0.069900436542372907,0.021205750411731117,0.012869701275822739,0.36225298623345031,0.019848586445546979,-3.4953771788241186,-0.050565910432037328,-0.032713573042053558,0,0,0
5.2759773000000001,6107,3989,4294967295,6108,3989,-1,-0.065457289756156223,0.070685834705770348,0.020420352248333655,0.00068850157838912501,0.26653717340975147,-0.062690534798326703,-6.551018969719431,-0.083321005280634491,-0.059099441021199378,0,0,0
5.2809989000000002,6112,3989,4294967295,6113,3989,-1,-0.065567635827896209,0.070685834705770348,0.020420352248333655,-0.0099282439208357824,0.14219440784718668,-0.033444653739039695,-4.6865775407322658,-0.10675389298429583,-0.087549271865132144,0,0,0
5.2859971999999997,6121,3989,4294967295,6122,3989,-1,-0.06576625875702817,0.070685834705770348,0.020420352248333655,-0.023828592261699092,0.075859023206225423,-0.017842324480443216,-3.4877155962977286,-0.12419247096578448,-0.11528440045054777,0,0,0
5.2909443999999999,6136,3990,4294967295,6137,3990,-1,-0.066097296972248101,0.069900436542372907,0.019634954084936214,-0.043598924139890916,-0.032809633809691451,-0.082798186919716077,-5.3783456445142814,-0.15108419918835589,-0.14558727605562163,0,0,0
5.2959212000000004,6157,3992,4294967294,6158,3992,-2,-0.06656075047355603,0.068329640215577997,0.019634954084936207,-0.066500822330150922,-0.1640625874945657,-0.044171846685604331,-2.5865220583060431,-0.16401680947988612,-0.17012212076427877,0,0,0
5.3009982000000004,6186,3996,4294967292,6187,3996,-4,-0.067200757689647908,0.065188047561988219,0.019634954084936214,-0.09519159437979903,-0.38064351379000971,-0.023565154168271284,0.1128092844028431,-0.1634527630578719,-0.18328676898245924,0,0,0
5.3059270999999999,6219,4001,4294967289,6220,4001,-7,-0.067929041763131776,0.061261056745000965,0.020420352248333648,-0.11873422064337882,-0.56946637801812872,0.060707790178517101,5.4983683584747745,-0.13596092126549802,-0.17875177390035976,0,0,0
5.3108851000000001,6255,4006,4294967286,6256,4006,-10,-0.068723533479659635,0.057334065928013725,0.021205750411731103,-0.13747126217616956,-0.67020112740954119,0.10566640238871397,8.8746878845271198,-0.091587481842862417,-0.15500326663839009,0,0,0
5.3168956999999999,6297,4013,4294967283,6298,4013,-13,-0.069650440482275464,0.051836278784231589,0.020420352248333655,-0.15982191227251608,-0.87050095515294046,-0.016907751989197584,5.6584230104431832,-0.063295366790646498,-0.11982540163154407,0,0,0
5.3208691000000004,6322,4016,4294967281,6323,4016,-15,-0.070202170840975367,0.049480084294039245,0.021205750411731106,-0.13674084346081081,-0.68424045073357531,0.064259434958658504,8.3200841614628427,-0.021694945983332284,-0.08542952595341527,0,0,0
5.3268380999999998,6352,4020,4294967280,6353,4020,-16,-0.070864247271415257,0.046338491640449446,0.019634954084936204,-0.13472291943371559,-0.65815220907723981,-0.11227739529334702,1.0334199683561653,-0.016527846141551457,-0.052950004517887547,0,0,0
5.3318485999999998,6369,4022,4294967279,6370,4022,-17,-0.071239423915331182,0.04476769531365455,0.019634954084936204,-0.10687794758116378,-0.49767540425204337,-0.059898653287728927,2.1795263194473984,-0.0056302145443144647,-0.028663637843894887,0,0,0
5.3368383000000001,6379,4022,4294967279,6380,4022,-17,-0.071460116058811141,0.04476769531365455,0.019634954084936204,-0.077609214862016385,-0.26550390139741575,-0.031955218201398343,1.8402615666490652,0.003571093288930861,-0.010357091122601504,0,0,0
5.3417991000000002,6384,4021,4294967279,6385,4021,-17,-0.071570462130551127,0.045553093477052005,0.020420352248333658,-0.051699143201420217,-0.068363650241730189,0.056231790933353967,4.2443206495074319,0.024792696536468019,0.0094517812922776945,0,0,0
5.3467829,6385,4019,4294967280,6386,4019,-16,-0.071592531344899124,0.047123889803846894,0.020420352248333652,-0.029639987480292024,0.1100878453165529,0.029998990803668368,1.8322472473993778,0.033953932773464909,0.024300514253648434,0,0,0
5.3517934,6383,4017,4294967281,6384,4017,-15,-0.07154839291620313,0.04869468613064179,0.020420352248333652,-0.011694359815383672,0.20528959303429445,0.016004104338508601,0.29313457210540023,0.035419605633991907,0.034054893060191202,0,0,0
5.3567648999999999,6379,4015,4294967282,6380,4015,-14,-0.071460116058811141,0.050265482457436693,0.020420352248333658,0.0019976393564415046,0.25607859169276986,0.0085379990731744449,-0.73012097516609642,0.031769000758161428,0.038971491910077566,0,0,0
5.3617458999999998,6373,4012,4294967283,6374,4012,-13,-0.071327700772723171,0.052621676947629037,0.021205750411731103,0.013420378383279712,0.35645343692752485,0.077834440119302128,1.3582358534944556,0.038560180025633703,0.044925557596827273,0,0,0
5.3663939000000003,6367,4009,4294967284,6368,4009,-12,-0.071195285486635188,0.054977871437821381,0.021991148575128551,0.019514273621740769,0.41000222150537924,0.11480326617240827,2.4142040226542649,0.050631200138905028,0.054403010233927476,0,0,0
5.3713759000000003,6358,4006,4294967286,6359,4006,-10,-0.070996662557503226,0.057334065928013725,0.021205750411731103,0.028942624947977516,0.43856986037006751,-0.012033343970675077,-3.6056242855981528,0.032603078710914266,0.050449167654159445,0,0,0
5.3763446000000004,6349,4002,4294967288,6350,4002,-8,-0.070798039628371265,0.060475658581603517,0.021205750411731103,0.033972538099147825,0.52708987478698699,-0.0064196457043580839,-4.225840266213984,0.011473877379844344,0.039665888653144271,0,0,0
5.3813513000000004,6339,3998,4294967289,6340,3998,-7,-0.070577347484891306,0.063617251235193309,0.022776546738525992,0.038715047127240471,0.57431424830162636,0.14313423405173417,1.5629283350382774,0.01928851905503573,0.034973709950126761,0,0,0
5.3863237000000002,6331,3995,4294967291,6332,3995,-5,-0.070400793770107328,0.06597344572538566,0.021991148575128558,0.03712689869017971,0.5262283698889082,0.0030808900020311558,-4.472479348210566,-0.0030738776860170999,0.020380135633835041,0,0,0
5.3912941999999999,6324,3992,4294967293,6325,3992,-3,-0.070246309269671361,0.068329640215577997,0.021205750411731103,0.034220530149400796,0.50057512640606705,-0.071635901165972377,-7.8868451237778654,-0.042508103304906425,-0.0069116096728877828,0,0,0
5.3963035000000001,6321,3990,4294967294,6322,3990,-2,-0.07018010162662737,0.069900436542372907,0.021205750411731117,0.024433576093691661,0.41360990721809576,-0.038216900166624247,-6.2145092651960248,-0.073580649630886549,-0.037206857227172679,0,0,0
5.4009375000000004,6322,3988,4294967294,6323,3988,-2,-0.070202170840975367,0.071471232869167789,0.022776546738525999,0.010975911606032019,0.36721499844218297,0.12617077746672106,1.1526726114350394,-0.067817286573711347,-0.055021235777633112,0,0,0
5.4057053000000002,6327,3988,4294967295,6328,3988,-1,-0.070312516912715353,0.071471232869167789,0.021205750411731096,-0.0044400331829171002,0.19590482853894267,-0.079248431361833252,-6.673426029559181,-0.10118441672150724,-0.084373432697644885,0,0,0
5.4112200000000001,6337,3988,4294967295,6338,3988,-1,-0.070533209056195312,0.071471232869167789,0.021205750411731096,-0.022959807454341917,0.10451289301277042,-0.042278094369188744,-4.4076494724281776,-0.12322266408364813,-0.11207772914388645,0,0,0
5.4162412,6352,3989,4294967294,6353,3989,-2,-0.070864247271415257,0.070685834705770348,0.021991148575128558,-0.043135437791446282,-0.017523135504224761,0.050724659432030278,0.59301363977757116,-0.12025759588476027,-0.12873538609260263,0,0,0
5.4212237999999999,6373,3992,4294967293,6374,3992,-3,-0.071327700772723171,0.068329640215577997,0.021205750411731103,-0.066253557882871114,-0.22918694198613127,-0.046218517560377488,-1.9614943515215073,-0.1300650676423678,-0.14356857702757961,0,0,0
5.4262090000000001,6398,3995,4294967292,6399,3995,-4,-0.071879431131423074,0.06597344572538566,0.020420352248333655,-0.086823240690943271,-0.34210706205923896,-0.097936547998363419,-3.0598070629316778,-0.1453641029570262,-0.15842589329060752,0,0,0
5.4312050000000003,6426,3999,4294967290,6427,3999,-6,-0.072497369133166956,0.062831853071795868,0.020420352248333662,-0.10397425229473217,-0.47562812065483695,-0.052247982039698465,0.10465493530516534,-0.14484082828050038,-0.16627849727630828,0,0,0
5.4361873000000003,6457,4003,4294967287,6458,4003,-9,-0.073181514777954829,0.059690260418206069,0.021991148575128551,-0.11930144352368116,-0.54686001532546658,0.11868536238231239,8.5241940588268648,-0.10221985798636606,-0.15123580010707821,0,0,0
5.4411775999999996,6490,4008,4294967285,6491,4008,-11,-0.073909798851438696,0.055763269601218829,0.02120575041173111,-0.13159653803964297,-0.65814090213011966,-0.0099622918742206801,4.3016795815253399,-0.080711460078739361,-0.13141220042138829,0,0,0
5.4461775000000001,6520,4013,4294967283,6521,4013,-13,-0.074571875281878586,0.051836278784231589,0.020420352248333655,-0.13197849375458715,-0.71750793000645918,-0.078594283366888049,2.0607430112071969,-0.070407745022703375,-0.11286467752500327,0,0,0
5.4511675999999998,6547,4016,4294967281,6548,4016,-15,-0.07516774406927447,0.049480084294039245,0.021205750411731106,-0.12600493179167047,-0.60262049379792593,0.03135040508794297,6.5499858293024635,-0.037657815876191054,-0.084191210134776609,0,0,0
5.4561536999999998,6569,4019,4294967280,6570,4019,-16,-0.075653266784930395,0.047123889803846894,0.020420352248333652,-0.1125225563094584,-0.54132941476468521,-0.05655445152671814,2.5677377137908093,-0.02481912730723701,-0.060627147948563276,0,0,0
5.4611678000000001,6586,4020,4294967279,6587,4020,-17,-0.076028443428846321,0.046338491640449446,0.0212057504117311,-0.095034318236474499,-0.36207231542629298,0.043108392904323806,5.9245721518115415,0.0048037334518206964,-0.031486641909230298,0,0,0
5.4661698999999997,6597,4021,4294967279,6598,4021,-17,-0.076271204786674276,0.045553093477052005,0.020420352248333658,-0.073349889914048283,-0.26644078768572521,-0.050281705051483383,1.1851149103342453,0.010729308003491922,-0.011621852150230339,0,0,0
5.4711569999999998,6602,4020,4294967279,6603,4020,-17,-0.076381550858414263,0.046338491640449446,0.0212057504117311,-0.049426844065592002,-0.068863467919251117,0.046454828447294601,3.9846908656293989,0.030652762331638918,0.0092797151033663337,0,0,0
5.4761604999999998,6604,4019,4294967280,6605,4019,-16,-0.076425689287110243,0.047123889803846894,0.020420352248333652,-0.030486853214650531,0.036541679245862289,-0.048496421541705116,-1.0024310697454275,0.02564060698291178,0.020122743040767811,0,0,0
5.4811478999999999,6602,4017,4294967281,6603,4017,-15,-0.076381550858414263,0.04869468613064179,0.020420352248333652,-0.012146152599418349,0.16605358929017244,-0.025872263353033723,-1.1723343078631887,0.019778935443595835,0.024386089824562973,0,0,0
5.4861060999999998,6599,4014,4294967282,6600,4014,-14,-0.076315343215370271,0.051050880620834134,0.0212057504117311,-0.00030249697620265276,0.30842617024529118,0.059476974903600724,1.4224872445791479,0.026891371666491574,0.030876814866032828,0,0,0
5.4911307999999996,6595,4012,4294967283,6596,4012,-13,-0.076227066357978282,0.052621676947629037,0.021205750411731103,0.0080750625164878621,0.31110072739073469,0.031730257805195734,-0.13833078649675401,0.026199717734007803,0.034138013358231842,0,0,0
5.4960778000000001,6590,4009,4294967284,6591,4009,-12,-0.07611672028623831,0.054977871437821381,0.021991148575128551,0.014603501000964945,0.3858070910687878,0.090207233958339447,1.7140269069535146,0.034769852268775374,0.039950433489592943,0,0,0
5.5010982000000004,6583,4006,4294967285,6584,4006,-11,-0.075962235785802329,0.057334065928013725,0.022776546738526006,0.022204565711297135,0.42566204641975008,0.12140400433906071,2.5427379423507181,0.047483541980528968,0.047696029582541398,0,0,0
5.5056374000000003,6577,4004,4294967287,6578,4004,-9,-0.075829820499714359,0.058904862254808621,0.021205750411731103,0.024200532951150149,0.37364467117843903,-0.081791448058373142,-6.2322429611802104,0.016322327174627914,0.039600621254644662,0,0,0
5.5116484999999997,6567,4000,4294967289,6568,4000,-7,-0.075609128356234401,0.06204645490839842,0.021205750411731103,0.033501798754702758,0.49245305954141705,-0.043634763492238611,-5.7312576399838173,-0.012333961025291173,0.020392606393421393,0,0,0
5.516648,6560,3997,4294967290,6561,3997,-6,-0.07545464385579842,0.06440264939859075,0.021991148575128544,0.032286582504810007,0.48255640056277371,0.050000892611330214,-1.9782551172995233,-0.022225236611788789,0.0041127245513508399,0,0,0
5.5216481000000002,6555,3994,4294967292,6556,3994,-4,-0.075344297784058448,0.066758843888783101,0.021205750411731096,0.027520058581949017,0.47727665085607962,-0.046604638539947188,-6.3055411667127972,-0.053752942445352773,-0.022647998469947181,0,0,0
5.5265721000000001,6555,3993,4294967292,6556,3993,-4,-0.075344297784058448,0.067544242052180556,0.021991148575128551,0.014681623519599316,0.32790092867958254,0.048416499641350363,-1.533184817813352,-0.061418866534419532,-0.042264078809341347,0,0,0
5.5316121000000003,6558,3992,4294967293,6559,3992,-3,-0.075410505427102439,0.068329640215577997,0.021205750411731103,0.0016551405174270008,0.24821075980028684,-0.047449893321039903,-5.164216071228382,-0.087239946890561443,-0.068568779933212753,0,0,0
5.5365811000000003,6565,3991,4294967293,6566,3991,-3,-0.075564989927538406,0.069115038378975438,0.021991148575128544,-0.013530774083914364,0.20569700372614375,0.047965566281698291,-0.66833384934738937,-0.090581616137298385,-0.087240543123797643,0,0,0
5.5415314000000002,6576,3992,4294967293,6577,3992,-3,-0.075807751285366362,0.068329640215577997,0.021205750411731103,-0.029868719726939528,0.036457382569003632,-0.04769046089828935,-3.6955758420792639,-0.10905949534769471,-0.10900724058352836,0,0,0
5.5464837999999999,6592,3994,4294967292,6593,3994,-4,-0.076160858714934304,0.066758843888783101,0.021205750411731096,-0.048880370473991033,-0.12710945915111818,-0.025442292947883936,-1.5617600030315937,-0.11686829536285268,-0.12534746717178019,0,0,0
5.5515128999999996,6612,3996,4294967291,6613,3996,-5,-0.076602243001894221,0.065188047561988219,0.021205750411731117,-0.067259300790408039,-0.21437042130618533,-0.013573160297745298,-0.11667763534427822,-0.11745168353957407,-0.13569621292890977,0,0,0
5.5564939000000004,6636,3999,4294967290,6637,3999,-6,-0.077131904146246127,0.062831853071795868,0.020420352248333662,-0.085300682292092797,-0.33420262472508405,-0.080520638669335343,-1.8750077327648438,-0.12682672220339827,-0.14534830199414736,0,0,0
5.5614561,6663,4003,4294967288,6664,4003,-8,-0.077727772933642011,0.059690260418206069,0.020420352248333655,-0.10110287525823394,-0.47141119747029009,-0.04295680181714083,0.93712915950908604,-0.12214107640585284,-0.14734080532654087,0,0,0
5.5664566999999998,6692,4007,4294967286,6693,4007,-10,-0.078367780149733904,0.056548667764616277,0.020420352248333655,-0.11365137754423665,-0.54461033702546424,-0.022916942200805299,2.7450320182362837,-0.10841591631467141,-0.14119797156666511,0,0,0
5.5714568,6721,4011,4294967284,6722,4011,-12,-0.079007787365825782,0.053407075111026485,0.020420352248333655,-0.1203458540748473,-0.58366120625626539,-0.012225915748352766,3.9160472643909432,-0.088835679992716701,-0.12796077625102811,0,0,0
5.5764085999999997,6749,4015,4294967282,6750,4015,-14,-0.079625725367569677,0.050265482457436693,0.020420352248333658,-0.1218581673172975,-0.60449437993765365,-0.0065223804544290512,4.6965065057580926,-0.065353147463926231,-0.10820534865179453,0,0,0
5.5814177999999997,6774,4018,4294967280,6775,4018,-16,-0.080177455726269581,0.047909287967244349,0.021205750411731106,-0.11648763763398176,-0.54232911070429002,0.069799906994013713,8.0036631054744181,-0.025334831936554142,-0.07735748966155892,0,0,0
5.5864115999999999,6795,4021,4294967279,6796,4021,-17,-0.080640909227577495,0.045553093477052005,0.020420352248333658,-0.10538608295419849,-0.50916467988881831,-0.036042100151444073,3.4411427367048453,-0.0081291182530299141,-0.049999360571570027,0,0,0
5.5913795000000004,6811,4022,4294967278,6812,4022,-18,-0.080994016657145423,0.04476769531365455,0.021205750411731103,-0.089167984426333613,-0.34491281241691601,0.054051488083308424,6.4881951474086215,0.024311857484013197,-0.01643968535812431,0,0,0
5.5963602000000003,6820,4023,4294967278,6821,4023,-18,-0.081192639586277399,0.043982297150257102,0.020420352248333655,-0.066102050162532802,-0.25728639718118129,-0.044443694093819264,1.5324751447937415,0.031974233207981907,0.0072682706147448907,0,0,0
5.6013757999999996,6823,4022,4294967278,6824,4022,-18,-0.081258847229321376,0.04476769531365455,0.021205750411731103,-0.041441987346578966,-0.063979709603878818,0.049569337768868418,4.2162501112489945,0.053055483764226877,0.032138401607914868,0,0,0
5.6063356999999998,6821,4020,4294967279,6822,4020,-17,-0.081214708800625382,0.046338491640449446,0.0212057504117311,-0.017990586195106548,0.11242662543889756,0.026444651382963417,1.9021903725857732,0.062566435627155748,0.051379516627987849,0,0,0
5.6113206,6816,4017,4294967280,6817,4017,-16,-0.08110436272888541,0.04869468613064179,0.021991148575128548,0.0006977878267651668,0.27981682366926297,0.087387425877883854,3.2515618703182207,0.078824244978746849,0.072036158418372395,0,0,0
5.6163555000000001,6807,4014,4294967282,6808,4014,-14,-0.080905739799753448,0.051050880620834134,0.0212057504117311,0.01890425386017312,0.36911750099054197,-0.026659368275059457,-2.6623096137576763,0.065512696909958465,0.078947195503419096,0,0,0
5.6213157999999996,6794,4010,4294967284,6795,4010,-12,-0.080618840013229498,0.054192473274423933,0.021205750411731103,0.036853627720733979,0.4900378681598313,-0.014222455490755865,-3.4291350829722678,0.048367021495097126,0.07573870295292115,0,0,0
5.6263014,6780,4006,4294967286,6781,4006,-10,-0.08030987101235755,0.057334065928013725,0.021205750411731103,0.048488515180605901,0.5545474440150101,-0.0075875106303915267,-4.0921129382224342,0.027906456803984955,0.06440436580405634,0,0,0
5.6312945000000001,6765,4001,4294967288,6766,4001,-8,-0.079978832797137606,0.061261056745000965,0.021991148575128551,0.056754699344353551,0.66224205378710321,0.069231672729675967,-1.8630668960934624,0.018591122323517645,0.050935526652471953,0,0,0
5.6362627999999999,6753,3997,4294967290,6754,3997,-6,-0.079714002224961653,0.06440264939859075,0.021991148575128544,0.054987279366316505,0.64641632628320078,0.036934272927598176,-3.5186116875215312,0.00099806388590998815,0.033509823550039487,0,0,0
5.6412372,6743,3994,4294967292,6744,3994,-4,-0.079493310081481694,0.066758843888783101,0.021205750411731096,0.049926161330635724,0.5646939698350002,-0.053575524532034832,-7.3399810051859085,-0.03570184114001955,0.0046952812247177851,0,0,0
5.6462263999999998,6737,3991,4294967293,6738,3991,-3,-0.079360894795393724,0.069115038378975438,0.021991148575128544,0.038989674080110587,0.52109606589398172,0.044697614980217154,-3.0485816385304192,-0.050944749332671645,-0.020362168866316272,0,0,0
5.6512444000000004,6735,3989,4294967294,6736,3989,-2,-0.07931675636669773,0.070685834705770348,0.021991148575128558,0.024918747322703987,0.42455758405289939,0.023845645292122446,-3.4510164413705118,-0.068199831539524206,-0.046077333140018155,0,0,0
5.6561972999999997,6739,3989,4294967295,6740,3989,-1,-0.079405033224089719,0.070685834705770348,0.020420352248333655,0.0050574138906878431,0.22649641507463195,-0.13383767079630471,-9.1352677406559053,-0.11387617024280373,-0.08283610180488829,0,0,0
5.6611874999999996,6747,3989,4294967295,6748,3989,-1,-0.079581586938873683,0.070685834705770348,0.020420352248333655,-0.013774812019364108,0.12083314011714359,-0.071400803509200098,-5.7778388725180534,-0.14276536460539399,-0.11947380532457327,0,0,0
5.6662097999999999,6762,3990,4294967294,6763,3990,-2,-0.079912625154093628,0.069900436542372907,0.021205750411731117,-0.038235352110159472,-0.0088164780303776058,0.035188040925524189,-0.093651537771183513,-0.14323362229424991,-0.1435047274419286,0,0,0
5.6712237999999999,6784,3993,4294967293,6785,3993,-3,-0.080398147869749539,0.067544242052180556,0.020420352248333662,-0.065698530789299325,-0.22454204391062446,-0.054507118509424128,-2.2327234482555767,-0.15439723953552778,-0.16451945774459509,0,0,0
5.6761609000000002,6811,3997,4294967291,6812,3997,-5,-0.080994016657145423,0.06440264939859075,0.020420352248333648,-0.090645360871730057,-0.41290858354364307,-0.029078898604470514,0.47743293597522651,-0.15201007485565166,-0.1761678114630387,0,0,0
5.6811854000000004,6843,4002,4294967289,6844,4002,-7,-0.081700231516281308,0.060475658581603517,0.0196349540849362,-0.11424974894478523,-0.58667940848991385,-0.088792765399547724,-0.45355357016603559,-0.15427784270648184,-0.18313480513869629,0,0,0
5.6861090000000001,6878,4008,4294967286,6879,4008,-10,-0.082472654018461156,0.055763269601218829,0.019634954084936207,-0.13301973966741273,-0.75266359346984379,-0.047369882915704237,2.9018325868968935,-0.13976867977199736,-0.17896677130865396,0,0,0
5.6911035999999999,6914,4013,4294967283,6915,4013,-13,-0.083267145734989015,0.051836278784231589,0.020420352248333655,-0.14509241645054705,-0.76793466017408218,0.048008250880108877,7.8874758450213474,-0.10033130054689063,-0.15760945993318337,0,0,0
5.6960743999999996,6949,4019,4294967281,6950,4019,-15,-0.084039568237168877,0.047123889803846894,0.018849555921538756,-0.1494739354792205,-0.84936111169106887,-0.12094720846538226,1.6384365247044519,-0.092139117923368374,-0.13986579289570808,0,0,0
5.7010541000000003,6980,4024,4294967278,6981,4024,-18,-0.084723713881956764,0.043196898986859661,0.019634954084936214,-0.14357498265102511,-0.81952163458317018,0.0087556239250234646,7.4322312164473541,-0.054977961841131601,-0.11031740069130935,0,0,0
5.7060339999999998,7007,4027,4294967276,7008,4027,-20,-0.085319582669352648,0.040840704496667317,0.020420352248333658,-0.13219152051639033,-0.65704359031768722,0.077950540386089048,9.9714188323100839,-0.0051208676795811772,-0.069083070660526075,0,0,0
5.7105715000000004,7027,4030,4294967275,7028,4030,-21,-0.085760966956312565,0.038484510006474966,0.019634954084936207,-0.11170480719313214,-0.57036348863827957,-0.031693834301922727,4.8472713932037381,0.019115489286437515,-0.033086654755345363,0,0,0
5.7165479000000001,7043,4031,4294967275,7044,4031,-21,-0.086114074385880507,0.037699111843077518,0.018849555921538759,-0.092538948558694697,-0.37756164807371495,-0.09018780245310748,1.272595529910916,0.025478466935992095,-0.0035264711490588449,0,0,0
5.7215277999999996,7048,4031,4294967275,7049,4031,-21,-0.086224420457620493,0.037699111843077518,0.018849555921538759,-0.059663978331759647,-0.20142464290005713,-0.048114118570409835,1.6038805690208768,0.033497869781096479,0.017153225712682792,0,0,0
5.7265478999999999,7048,4030,4294967275,7049,4030,-21,-0.086224420457620493,0.038484510006474966,0.019634954084936207,-0.031830021907111407,-0.034178128947441627,0.047611210021358048,4.3646015272796159,0.055320877417494557,0.039601997748441364,0,0,0
5.7315529999999999,7045,4028,4294967276,7046,4028,-20,-0.086158212814576501,0.040055306333269862,0.019634954084936204,-0.01080360683845058,0.12832541381479778,0.02540001354883159,2.1925185832943477,0.066283470333966296,0.058604020597599886,0,0,0
5.7365222999999999,7038,4025,4294967277,7039,4025,-19,-0.086003728314140521,0.042411500823462206,0.020420352248333655,0.0086501762499015394,0.28829863793058341,0.08683012403387165,3.5666352714688054,0.084116646691310332,0.078688258405198816,0,0,0
5.7415317000000003,7028,4022,4294967279,7029,4022,-17,-0.085783036170660562,0.04476769531365455,0.019634954084936204,0.025205868642367887,0.37364244788980311,-0.026956682171983409,-2.2836782813043053,0.072698255284788807,0.086475867714834648,0,0,0
5.7464925999999998,7014,4018,4294967281,7015,4018,-15,-0.085474067169788628,0.047909287967244349,0.01963495408493621,0.042274574424398012,0.49245187344340674,-0.014381068914080359,-3.0168100416876662,0.057614205076350476,0.084830071912577493,0,0,0
5.7515010000000002,6998,4013,4294967283,6999,4013,-13,-0.085120959740220686,0.051836278784231589,0.020420352248333655,0.055498746214891759,0.62911480637764572,0.065607390289194351,-0.8759743206075532,0.05323433347331271,0.081049952661515462,0,0,0
5.7564928000000002,6981,4009,4294967285,6982,4009,-11,-0.084745783096304747,0.054977871437821381,0.020420352248333662,0.064612794642383842,0.62874333429962725,0.035000761406851925,-2.7819281509064719,0.039324692718780349,0.070077901089378128,0,0,0
5.7610770000000002,6966,4005,4294967287,6967,4005,-9,-0.084414744881084816,0.058119464091411173,0.020420352248333655,0.065356810414635647,0.6285451583698316,0.018672489389675945,-3.9011200391221945,0.019819092523169376,0.054137786384466945,0,0,0
5.7660590999999997,6952,4001,4294967289,6953,4001,-7,-0.084105775880212869,0.061261056745000965,0.020420352248333648,0.063694623705996475,0.6284394338713446,0.0099615507204164535,-4.6509404676030197,-0.0034356098148457248,0.032125970520551883,0,0,0
5.7710249999999998,6942,3998,4294967291,6943,3998,-5,-0.08388508373673291,0.063617251235193309,0.019634954084936207,0.054571425840884508,0.5551035118184483,-0.067965150613874176,-7.8879759088170509,-0.042875489358930978,0.00035830071438650024,0,0,0
5.7760392999999999,6936,3995,4294967292,6937,3995,-4,-0.083752668450644926,0.06597344572538566,0.020420352248333655,0.041467867376297748,0.51597967075404338,0.037020920830301937,-3.2848413778542707,-0.059299696248202333,-0.027446658180671751,0,0,0
5.7810281999999997,6936,3994,4294967293,6937,3994,-3,-0.083752668450644926,0.066758843888783101,0.019634954084936207,0.022122613408200122,0.34854852888440696,-0.053529298907824353,-6.2562372093828476,-0.090580882295116572,-0.060025069794754256,0,0,0
5.7859914000000003,6940,3994,4294967293,6941,3994,-3,-0.083840945308036915,0.066758843888783101,0.019634954084936207,0.0035657097462040831,0.18594648932715455,-0.028557243491780293,-4.2459245399574117,-0.11181050499490364,-0.091657737201655709,0,0,0
5.7910088000000002,6951,3995,4294967293,6952,3995,-3,-0.084083706665864871,0.06597344572538566,0.018849555921538766,-0.020747949204039724,0.025920718344219537,-0.088514468609270064,-5.6539396948336478,-0.14008020346907188,-0.12458953296752082,0,0,0
5.7959657,6967,3997,4294967292,6968,3997,-4,-0.084436814095432813,0.06440264939859075,0.018849555921538745,-0.044014548018449215,-0.13273064403486748,-0.047221414892304817,-2.6562856210149395,-0.15336163157414656,-0.15231591479987883,0,0,0
5.8009797000000001,6990,4000,4294967290,6991,4000,-6,-0.084944406025436722,0.06204645490839842,0.019634954084936214,-0.070840773245175098,-0.29064877579150394,0.04808745680250226,2.9378374570889272,-0.13867244428870193,-0.16315769172944039,0,0,0
5.8059589000000003,7019,4005,4294967288,7020,4005,-8,-0.085584413241528601,0.058119464091411173,0.018849555921538759,-0.097506906508884356,-0.52145525703506124,-0.047625433757024827,0.80180460173674417,-0.13466342128001821,-0.16766842258861581,0,0,0
5.8109330000000003,7050,4010,4294967285,7051,4010,-11,-0.086268558886316474,0.054192473274423933,0.019634954084936214,-0.1158511915659631,-0.64458776612514046,0.047871917549596681,6.299723884980601,-0.1031648018551152,-0.15527137455993015,0,0,0
5.8159299999999998,7082,4016,4294967282,7083,4016,-14,-0.086974773745452358,0.049480084294039245,0.01963495408493621,-0.12769675944621717,-0.78355701264288169,0.025539097910404696,6.7971546444245625,-0.069179028632992384,-0.13122194584193161,0,0,0
5.8209216000000001,7112,4020,4294967280,7113,4020,-16,-0.087636850175892234,0.046338491640449446,0.019634954084936204,-0.12989800831710116,-0.71113641210396716,0.01362480459240994,6.5692783616729642,-0.036332636824627562,-0.099650720216698963,0,0,0
5.8258808000000002,7138,4024,4294967278,7139,4024,-18,-0.088210649748940134,0.043196898986859661,0.019634954084936214,-0.12283590732436377,-0.67250088416678899,0.007268670993495048,6.4513071779036189,-0.0040761009351094682,-0.063050574210179788,0,0,0
5.8319232999999997,7161,4028,4294967276,7162,4028,-20,-0.088718241678944043,0.040055306333269862,0.019634954084936204,-0.11289102975849342,-0.65188929011928809,0.0038777494130879755,6.4418983412550057,0.028133390771165563,-0.020966350121899006,0,0,0
5.8358105,7170,4029,4294967276,7171,4029,-20,-0.088916864608076004,0.039269908169872414,0.018849555921538756,-0.078758012331653152,-0.42105469228049042,-0.07121078615989905,1.6962944350932729,0.036614862946631931,0.0055670480579906572,0,0,0
5.8417883000000002,7176,4029,4294967276,7177,4029,-20,-0.089049279894163974,0.039269908169872414,0.018849555921538756,-0.054371123233266483,-0.22462766402967074,-0.037990106373541305,1.8076798584488116,0.045653262238875988,0.029810903970363456,0,0,0
5.8467653999999998,7174,4027,4294967277,7175,4027,-19,-0.089005141465467993,0.040840704496667317,0.018849555921538766,-0.024888126218754244,0.026722854894591933,-0.020267269329567537,0.7631073815434225,0.0494687991465931,0.045267130999784119,0,0,0
5.8517606999999998,7169,4025,4294967277,7170,4025,-19,-0.088894795393728007,0.042411500823462206,0.020420352248333655,-0.0029819676336738325,0.16081536343025377,0.13574669175777312,6.3255763704022971,0.081096680998604592,0.069718276318546893,0,0,0
5.8562760000000003,7162,4023,4294967278,7163,4023,-18,-0.08874031089329204,0.043982297150257102,0.020420352248333655,0.012822927618459929,0.23235211983856208,0.072419243457786789,2.9043707088715989,0.095618534542962583,0.091842142680762962,0,0,0
5.8612598,7149,4020,4294967280,7150,4020,-16,-0.08845341110676809,0.046338491640449446,0.019634954084936204,0.033609312592740179,0.34379564674969676,-0.034644715341460783,-2.8630048336032656,0.08130351037494625,0.098401322436345223,0,0,0
5.8662511999999998,7133,4016,4294967282,7134,4016,-14,-0.088100303677200148,0.049480084294039245,0.01963495408493621,0.050875932221516026,0.47652896047799564,-0.018482543053909926,-3.5017471769168176,0.063794774490362166,0.095629845856528894,0,0,0
5.871245,7114,4011,4294967284,7115,4011,-12,-0.087680988604588228,0.053407075111026485,0.020420352248333655,0.06626479895502882,0.62062012193511873,0.063419302679677159,-1.3617672552480662,0.056985938214121831,0.089128966914728436,0,0,0
5.8762373999999999,7095,4006,4294967286,7096,4006,-10,-0.087261673531976294,0.057334065928013725,0.021205750411731103,0.074474576092747241,0.69749104060397926,0.10711296201692685,-0.38119854541029863,0.055079945487070341,0.082071578075537097,0,0,0
5.8812262000000004,7077,4002,4294967288,7078,4002,-8,-0.086864427673712372,0.060475658581603517,0.021205750411731103,0.076795284163509961,0.66522124097303204,0.057143489637524157,-2.8052139842992538,0.04105387556557407,0.069478977715487791,0,0,0
5.8862169,7061,3998,4294967290,7062,3998,-6,-0.08651132024414443,0.063617251235193309,0.021205750411731103,0.073915133756720652,0.64800568716802565,0.030485371205007005,-4.2009992617625231,0.020048879256761454,0.051672616738134607,0,0,0
5.8912087,7048,3995,4294967292,7049,3995,-4,-0.086224420457620493,0.06597344572538566,0.020420352248333655,0.066201277025983774,0.56554187493950026,-0.057015936801654121,-7.8338606865153757,-0.019120424175815425,0.02297377700731763,0,0,0
5.8962082999999996,7039,3992,4294967293,7040,3992,-3,-0.086025797528488518,0.068329640215577997,0.021205750411731103,0.053849585272872244,0.52154841316960787,0.042862196005931552,-3.4425356757547316,-0.036333102554589082,-0.0022505262987161153,0,0,0
5.9012437000000002,7034,3990,4294967294,7035,3990,-2,-0.085915451456748546,0.069900436542372907,0.021205750411731117,0.039023663766874717,0.42479890593748343,0.02286647112717843,-3.7923024093098103,-0.055294614601138131,-0.028460867755378857,0,0,0
5.9061943000000001,7035,3990,4294967294,7036,3990,-2,-0.085937520671096543,0.069900436542372907,0.021205750411731117,0.018759549627650283,0.22662515742617717,0.01219899003162825,-3.0764197148496075,-0.070676713175386166,-0.051729895910502935,0,0,0
5.9111820000000002,7039,3990,4294967294,7040,3990,-2,-0.086025797528488518,0.069900436542372907,0.021205750411731117,0.0017715552697022165,0.12090182262851203,0.0065080159052127527,-2.5419389877735763,-0.083386408114254046,-0.073952452128736704,0,0,0
5.9161815000000004,7047,3991,4294967294,7048,3991,-2,-0.086202351243272496,0.069115038378975438,0.020420352248333648,-0.015527778462670273,-0.0087798367284989132,-0.069807570309956463,-4.8896450526951885,-0.10783463337772999,-0.10016210343140144,0,0,0
5.9211590999999997,7060,3992,4294967293,7061,3992,-3,-0.086489251029796446,0.068329640215577997,0.021205750411731103,-0.035052318306304113,-0.077963457628394794,0.036038011863651,0.44289016212229559,-0.10562018256711851,-0.11530240846405719,0,0,0
5.9261425000000001,7078,3995,4294967292,7079,3995,-4,-0.086886496888060369,0.06597344572538566,0.020420352248333655,-0.055763979110519037,-0.26143113406108481,-0.054053669136159291,-1.9857794440112091,-0.11554907978717456,-0.12950348820160557,0,0,0
5.9311625000000001,7100,3999,4294967290,7101,3999,-6,-0.087372019603716281,0.062831853071795868,0.020420352248333662,-0.07504984454716912,-0.43258847383009846,-0.028836988763919057,0.51824120781375171,-0.1129578737481058,-0.13580078322022909,0,0,0
5.9361438,7124,4003,4294967288,7125,4003,-8,-0.087901680748068187,0.059690260418206069,0.020420352248333655,-0.089456844609448985,-0.52389887629970155,-0.015384190088479419,2.1606992685232864,-0.10215437740548937,-0.13469122772227868,0,0,0
5.9411094000000002,7150,4007,4294967286,7151,4007,-10,-0.088475480321116087,0.056548667764616277,0.020420352248333655,-0.10126102809646559,-0.57261188860996981,-0.0082072822032855566,3.3439513283697333,-0.085434620763640695,-0.1252837885192202,0,0,0
5.9461237999999996,7176,4012,4294967284,7177,4012,-12,-0.089049279894163974,0.052621676947629037,0.019634954084936207,-0.10755841941184191,-0.67187921985068932,-0.077658006607693786,1.3442456177370774,-0.078713392674955307,-0.11515227980752972,0,0,0
5.9511012000000001,7200,4016,4294967282,7201,4016,-14,-0.08957894103851588,0.049480084294039245,0.01963495408493621,-0.10679978215809549,-0.65155763960999202,-0.041429621703078519,3.1752753896878083,-0.06283701572651626,-0.10056113972595865,0,0,0
5.9560629,7222,4019,4294967280,7223,4019,-16,-0.090064463754171792,0.047123889803846894,0.020420352248333652,-0.10227683769232221,-0.56743679926741142,0.05117730949501445,7.0928281419853949,-0.027372875016589283,-0.0747676544795631,0,0,0
5.9611292999999996,7242,4022,4294967279,7243,4022,-17,-0.090505848041131723,0.04476769531365455,0.019634954084936204,-0.095745680157725513,-0.52255933273206789,-0.045977034142343137,2.9568738758594408,-0.012588505637292078,-0.050829639226999984,0,0,0
5.9660596000000004,7256,4024,4294967278,7257,4024,-18,-0.090814817042003657,0.043196898986859661,0.019634954084936214,-0.079906723815652378,-0.42533821948510497,-0.02452820017862815,3.3436603610026703,0.0041297961677212742,-0.027981496648159857,0,0,0
5.9710203000000002,7266,4025,4294967277,7267,4025,-19,-0.091035509185483615,0.042411500823462206,0.020420352248333655,-0.063220388180962706,-0.30019239407321502,0.060194016600819564,6.2868597300893532,0.035564094818168038,0.0013449471044417252,0,0,0
5.9759989999999998,7270,4025,4294967277,7271,4025,-19,-0.091123786042875604,0.042411500823462206,0.020420352248333655,-0.04196376525958339,-0.16014906727418771,0.032112791011477411,4.1620733936394592,0.056374461786365335,0.027815942335275116,0,0,0
5.9810219,7270,4025,4294967277,7271,4025,-19,-0.091123786042875604,0.042411500823462206,0.020420352248333655,-0.022387169023330298,-0.085437620190127087,0.017131791576320624,2.8262437570165799,0.070505680571448237,0.051916843784654686,0,0,0
5.9859815999999997,7265,4023,4294967278,7266,4023,-18,-0.091013439971135632,0.043982297150257102,0.020420352248333655,-0.0016477367535878452,0.10097908568143638,0.0091396067850219326,1.1606692810355042,0.076309026976625755,0.070276674536190673,0,0,0
5.9909711000000003,7257,4021,4294967279,7258,4021,-17,-0.090836886256351654,0.045553093477052005,0.020420352248333658,0.015593834166473862,0.20043017824434911,0.0048758713770649699,0.018522749163005475,0.076401640722440781,0.083607970014937347,0,0,0
5.9959860000000003,7244,4017,4294967280,7245,4017,-16,-0.090549986469827703,0.04869468613064179,0.021991148575128548,0.035087558237631968,0.40004519035669472,0.14916025789738951,4.7270818692518723,0.10003705006870015,0.10188983615884398,0,0,0
6.0009758,7229,4013,4294967282,7230,4013,-14,-0.090218948254607773,0.051836278784231589,0.021991148575128554,0.04960544840605103,0.50653742212163877,0.079575221252335654,0.74845415026628936,0.10377932082003159,0.11457717021554296,0,0,0
6.0059341000000002,7209,4009,4294967285,7210,4009,-11,-0.089777563967647842,0.054977871437821381,0.020420352248333662,0.067646121232276313,0.56334975956194944,-0.10410660569997295,-8.2042228077106696,0.062758206781478254,0.10262631167816734,0,0,0
6.0109826999999996,7188,4004,4294967287,7189,4004,-9,-0.089314110466339927,0.058904862254808621,0.021205750411731103,0.079329715603057849,0.66693798430542151,0.017739884947163616,-4.2129963711386109,0.041693224925785199,0.086569715474538289,0,0,0
6.0161417000000004,7168,3999,4294967289,7169,3999,-7,-0.08887272617938001,0.062831853071795868,0.021991148575128551,0.08350366379828808,0.72220106858333322,0.082743536648655108,-2.1944530250357892,0.030720959800606254,0.069592066997490543,0,0,0
6.0208702000000001,7151,3996,4294967291,7152,3996,-5,-0.088497549535464085,0.065188047561988219,0.021205750411731117,0.079553084665112322,0.60512422733852911,-0.029136827875197946,-6.800203073656693,-0.0032800555676772147,0.041818040612317989,0,0,0
6.0268217999999996,7136,3992,4294967293,7137,3992,-3,-0.08816651132024414,0.068329640215577997,0.021205750411731103,0.073327277219209827,0.61594464608387745,-0.015544150683590694,-6.5661665715610456,-0.036110888425482442,0.0074808313141085762,0,0,0
6.0318054999999999,7129,3990,4294967294,7130,3990,-2,-0.088012026819808159,0.069900436542372907,0.021205750411731117,0.053533000987629725,0.47515817204110827,-0.0082926192758199738,-5.5395623999346411,-0.063808700425155643,-0.025624064505600237,0,0,0
6.0367886000000004,7127,3989,4294967294,7128,3989,-2,-0.087967888391112178,0.070685834705770348,0.021991148575128558,0.032677439032708956,0.32677074546056528,0.068855505664413869,-1.3037775253248602,-0.070327588051779938,-0.050854820439318868,0,0,0
6.0417776999999999,7131,3989,4294967295,7132,3989,-1,-0.088056165248504153,0.070685834705770348,0.020420352248333655,0.0091965835204240592,0.17432830122017379,-0.10982544630601385,-7.9059746298232234,-0.10985746120089605,-0.085888235688704906,0,0,0
6.0467611999999997,7139,3990,4294967294,7140,3990,-2,-0.088232718963288131,0.069900436542372907,0.021205750411731117,-0.011566614314895163,0.019722553349089011,0.014688951588994512,-1.5024177618464969,-0.11736955001012854,-0.11206982870172232,0,0,0
6.0517526000000004,7154,3992,4294967293,7155,3992,-3,-0.088563757178508062,0.068329640215577997,0.021205750411731103,-0.037057304932049284,-0.13603729124638736,0.0078363807433410159,-0.4223743048976864,-0.11948142153461697,-0.13011615274773577,0,0,0
6.0567428999999997,7174,3996,4294967292,7175,3996,-4,-0.089005141465467993,0.065188047561988219,0.019634954084936214,-0.060951836123593832,-0.36569235199230643,-0.14237842278020529,-5.1625688415856112,-0.14529426574254503,-0.1532339050878016,0,0,0
6.0617273999999997,7199,4000,4294967289,7200,4000,-7,-0.089556871824167883,0.06204645490839842,0.021205750411731103,-0.083994835270088969,-0.48821059195906003,0.070601845602459606,5.3257070158715312,-0.11866573066318738,-0.15365417068328471,0,0,0
6.0667214999999999,7227,4005,4294967287,7228,4005,-9,-0.090174809825911778,0.058119464091411173,0.020420352248333655,-0.10246533168593017,-0.62685213321478217,-0.035614275454052012,2.2563408541644541,-0.10738402639236511,-0.14962682213042269,0,0,0
6.0717113999999999,7257,4010,4294967284,7258,4010,-12,-0.090836886256351654,0.054192473274423933,0.021205750411731103,-0.11643734208576258,-0.7008157444052252,0.054279727464442054,7.256124242835952,-0.071103405178185336,-0.12834118547485468,0,0,0
6.0766977999999998,7285,4016,4294967282,7286,4016,-14,-0.091454824258095549,0.049480084294039245,0.01963495408493621,-0.119773022717234,-0.81355396944143621,-0.11760145039408317,0.96256232197622449,-0.066290593568304218,-0.11243420100120016,0,0,0
6.0817003999999999,7311,4020,4294967280,7312,4020,-16,-0.09202862383114345,0.046338491640449446,0.019634954084936204,-0.11743434808436572,-0.72713943132497016,-0.06273897328028516,3.2968358432987097,-0.049806414351810671,-0.091628468068357755,0,0,0
6.0867011,7333,4024,4294967278,7334,4024,-18,-0.092514146546799361,0.043196898986859661,0.019634954084936214,-0.10795025196791058,-0.68103830434269608,-0.03347049509231409,4.54488630514125,-0.027081982826104422,-0.067410775026404898,0,0,0
6.0917142999999996,7351,4026,4294967276,7352,4026,-20,-0.092911392405063284,0.041626102660064758,0.0212057504117311,-0.094654158584135353,-0.50988486352774143,0.12870292804936026,10.886267183337814,0.027349353090584654,-0.027065483218306,0,0,0
6.0966838000000001,7363,4028,4294967276,7364,4028,-20,-0.093176222977239237,0.040055306333269862,0.019634954084936204,-0.075206189529532771,-0.41857654110369646,-0.077897559181145173,1.5100267259648938,0.034899486720409122,0.00052143899271825389,0,0,0
6.1017079000000001,7368,4029,4294967275,7369,4029,-21,-0.093286569048979223,0.039269908169872414,0.020420352248333655,-0.050417157803949966,-0.29658511918094477,0.031722099143811945,5.2779062507970762,0.061289017974394504,0.030970196367983722,0,0,0
6.1066940000000001,7368,4028,4294967275,7369,4028,-21,-0.093286569048979223,0.040055306333269862,0.021205750411731103,-0.026896953275068188,-0.084945109785852582,0.09020288140965195,6.4796286741010558,0.09368716134489978,0.065125936306867305,0,0,0
6.1116441999999997,7363,4027,4294967276,7364,4027,-20,-0.093176222977239237,0.040840704496667317,0.020420352248333658,-0.004053652945278919,0.027962314824838956,-0.0251573562778643,0.53743435880144763,0.096374333138907017,0.088613389413156746,0,0,0
6.1166660000000004,7352,4024,4294967277,7353,4024,-19,-0.092933461619411281,0.043196898986859661,0.02120575041173111,0.020487637318204403,0.23475611983444283,0.059858369314440718,2.5917835719917268,0.10933325099886565,0.11051687807430083,0,0,0
6.1216496999999999,7336,4020,4294967279,7337,4020,-17,-0.092580354189843339,0.046338491640449446,0.0212057504117311,0.043875674727386606,0.41835767141049857,0.031933727181386283,-0.1612207655449347,0.10852714717114098,0.1236178302114713,0,0,0
6.1266334999999996,7315,4016,4294967281,7316,4016,-15,-0.092116900688535425,0.049480084294039245,0.021205750411731106,0.06664846547278104,0.51630691268217455,0.017036263155422494,-2.0875786581281579,0.098089253880500188,0.12612891995506914,0,0,0
6.1316274999999996,7291,4010,4294967284,7292,4010,-12,-0.091587239544183519,0.054192473274423933,0.021205750411731103,0.084974808924520945,0.71512070501605629,0.0090886435101117172,-4.1714359061517081,0.07723207434974165,0.116985347483029,0,0,0
6.1366002000000002,7267,4005,4294967286,7268,4005,-10,-0.091057578399831612,0.058119464091411173,0.021991148575128551,0.094751694909269601,0.74790597627882494,0.07812820236883404,-2.0529217111220612,0.066967465794131348,0.10587613660467704,0,0,0
6.1415692999999996,7244,4000,4294967289,7245,4000,-7,-0.090549986469827703,0.06204645490839842,0.021205750411731103,0.097908436887367778,0.76539652806070402,-0.031599053749888306,-7.4067663936034682,0.029933633826114005,0.080288636467837723,0,0,0
6.1465557000000004,7224,3996,4294967291,7225,3996,-5,-0.090108602182867786,0.065188047561988219,0.021205750411731117,0.093415190351168242,0.7014480098509317,-0.016857718865311788,-6.9234843194063389,-0.0046837877709176926,0.048379560863924732,0,0,0
6.1515649000000003,7209,3993,4294967292,7210,3993,-4,-0.089777563967647842,0.067544242052180556,0.021991148575128551,0.08072254552016693,0.59405271765107737,0.064286127034410043,-3.0804950780690192,-0.020086263161262788,0.020673413019256834,0,0,0
6.1565345000000002,7199,3990,4294967294,7200,3990,-2,-0.089556871824167883,0.069900436542372907,0.021205750411731117,0.063655619344774872,0.53675860822320709,-0.038983636096788121,-7.209131665280422,-0.056131921487664896,-0.015085394792683714,0,0,0
6.1615136000000001,7196,3989,4294967294,7197,3989,-2,-0.089490664181123905,0.070685834705770348,0.021991148575128558,0.040136845639626842,0.35963384456973252,0.052482213686950635,-2.230298550827575,-0.067283414241802772,-0.041862754389487881,0,0,0
6.1665523000000002,7198,3989,4294967294,7199,3989,-2,-0.089534802609819886,0.070685834705770348,0.021991148575128558,0.017294308637262567,0.19186037323126115,0.027998635996086669,-2.1144087291523332,-0.077855457887564442,-0.065344502547002706,0,0,0
6.1714897999999998,7204,3990,4294967294,7205,3990,-2,-0.089667217895907869,0.069900436542372907,0.021205750411731117,-0.0031283538746909832,0.029075704979155764,-0.05834258042130943,-4.6858554383707141,-0.10128473507941801,-0.09238791611466099,0,0,0
6.1764842,7215,3992,4294967293,7216,3992,-3,-0.089909979253735825,0.068329640215577997,0.021205750411731103,-0.024319152426793431,-0.13104749623757739,-0.031125071858294839,-2.3099466966594191,-0.11283446856271512,-0.11455165975897488,0,0,0
6.1815221999999999,7231,3995,4294967292,7232,3995,-4,-0.090263086683303767,0.06597344572538566,0.020420352248333655,-0.045919742408654485,-0.28975083648610406,-0.089884374462772129,-3.5228311760671107,-0.13044862444305066,-0.13665689976998727,0,0,0
6.1864483000000003,7253,3998,4294967290,7254,3998,-6,-0.090748609398959679,0.063617251235193309,0.021205750411731103,-0.069798061500842432,-0.37441717852507372,0.025327275940954783,2.5677731998527191,-0.11760975844378707,-0.14295696462812105,0,0,0
6.1914349,7278,4003,4294967288,7279,4003,-8,-0.091300339757659568,0.059690260418206069,0.020420352248333655,-0.088714191159959002,-0.5661447023031434,-0.059767719197739405,0.54404136937157022,-0.11488955159692922,-0.14612977137502761,0,0,0
6.1964344999999996,7305,4008,4294967285,7306,4008,-11,-0.091896208545055466,0.055763269601218829,0.02120575041173111,-0.10292394158807572,-0.66842905297312993,0.041394152868346565,6.1010171495484489,-0.084384465849186976,-0.13307544241387304,0,0,0
6.2014370999999997,7333,4013,4294967283,7334,4013,-13,-0.092514146546799361,0.051836278784231589,0.020420352248333655,-0.11256378448157348,-0.72299653596055413,-0.051196231695950126,3.0932579291677733,-0.068918176203348114,-0.11677202432167161,0,0,0
6.2063857000000002,7359,4018,4294967280,7360,4018,-16,-0.093087946119847248,0.047909287967244349,0.021205750411731106,-0.11358830533980091,-0.75210763829516125,0.045966939373487059,7.9227716948987217,-0.029304317728854508,-0.086700439386826297,0,0,0
6.2113908999999996,7381,4022,4294967278,7382,4022,-18,-0.09357346883550316,0.04476769531365455,0.021205750411731103,-0.10589843396585794,-0.69435854541719222,0.024522814739661763,7.1096223445474678,0.0062437939938828346,-0.051407554574913292,0,0,0
6.2163873000000001,7398,4025,4294967277,7399,4025,-19,-0.093948645479419099,0.042411500823462206,0.020420352248333655,-0.091500427852234445,-0.59027057280346407,-0.060196889668374068,3.0910802209676733,0.021699195098721202,-0.020653325279736595,0,0,0
6.2213548999999997,7408,4026,4294967276,7409,4026,-20,-0.094169337622899058,0.041626102660064758,0.0212057504117311,-0.069405491216114099,-0.38818184040418913,0.041165195533214051,6.3259156886064316,0.05332877354175336,0.014201161730131751,0,0,0
6.2263362000000004,7411,4027,4294967276,7412,4027,-20,-0.094235545265943049,0.040840704496667317,0.020420352248333658,-0.043204333808287337,-0.28036990832547853,-0.051318377707609983,1.4690935668955261,0.060674241376230995,0.038854352906748858,0,0,0
6.2313599999999996,7409,4026,4294967276,7410,4026,-20,-0.094191406837247055,0.041626102660064758,0.0212057504117311,-0.018930777044804507,-0.076294487899930805,0.04590177593089128,4.2551312794843579,0.081949897773652788,0.065552513041841343,0,0,0
6.2363057,7402,4024,4294967277,7403,4024,-19,-0.094036922336811088,0.043196898986859661,0.02120575041173111,0.0043144277305400026,0.10585683787352729,0.02448805081906371,1.9945590449794883,0.091922692998550229,0.086817710945123625,0,0,0
6.2413039000000001,7391,4022,4294967278,7392,4022,-18,-0.093794160978983132,0.04476769531365455,0.021205750411731103,0.024951908704043388,0.20303240095012187,0.01306408348600358,0.48377686536540465,0.094341577325377249,0.10227357407648202,0,0,0
6.2463116000000003,7375,4019,4294967279,7376,4019,-17,-0.09344105354941519,0.047123889803846894,0.021991148575128548,0.04625731034713048,0.32815392588857506,0.080249052252819544,2.1581960629386034,0.10513255764007026,0.11627729500646485,0,0,0
6.2513002000000002,7356,4014,4294967281,7357,4014,-15,-0.09302173847680327,0.051050880620834134,0.022776546738525996,0.063800819187791263,0.54146380796643234,0.1160914329902439,2.1398393524435289,0.11583175440228791,0.12909367134025918,0,0,0
6.2562737999999998,7333,4009,4294967284,7334,4009,-12,-0.092514146546799361,0.054977871437821381,0.021991148575128551,0.081396513281118327,0.65526208976701739,-0.01134612231402074,-4.6068522978515745,0.092797492913030036,0.12485854383601006,0,0,0
6.2612766999999998,7308,4004,4294967286,7309,4004,-10,-0.091962416188099458,0.058904862254808621,0.022776546738525999,0.094901827059831897,0.7159721178942583,0.067226498157423903,-2.2837216116248071,0.081378884854906006,0.1167210435100493,0,0,0
6.2662649000000004,7284,3999,4294967289,7285,3999,-7,-0.091432755043747552,0.062831853071795868,0.021991148575128551,0.10004764086450341,0.74836019490994787,-0.037414983119273347,-7.5286195234249549,0.04373578723778123,0.093814838974910969,0,0,0
6.2712193000000003,7262,3995,4294967291,7263,3995,-5,-0.09094723232809164,0.06597344572538566,0.021991148575128558,0.098674650722826357,0.6923593289991421,-0.019960447922506341,-7.0382133832365152,0.0085447203215986561,0.063392503947168499,0,0,0
6.2762289000000004,7244,3991,4294967293,7245,3991,-3,-0.090549986469827703,0.069115038378975438,0.021991148575128544,0.089705735782174403,0.6624835339449362,-0.010648661259502581,-6.7784761220627621,-0.025347660288715157,0.027841863187489175,0,0,0
6.2812295000000002,7232,3989,4294967294,7233,3989,-2,-0.09028515589765175,0.070685834705770348,0.021991148575128558,0.072566264895002938,0.49998611448760744,-0.0056809339680065204,-5.8403700696092979,-0.054549510636761646,-0.0086506245090447638,0,0,0
6.2861943,7227,3987,4294967295,7228,3987,-1,-0.090174809825911778,0.072256631032565244,0.021991148575128551,0.049008789450048967,0.41329567637408549,-0.0030307106182070531,-5.0871393996820613,-0.079985207635171945,-0.043817083601676549,0,0,0
6.2911657999999999,7228,3987,4294967295,7229,3987,-1,-0.090196879040259775,0.072256631032565244,0.021991148575128551,0.024086495267671666,0.22048832144501726,-0.0016168480223568184,-3.782820725959557,-0.09889931126496973,-0.075941777066025409,0,0,0
6.2961792000000001,7235,3988,4294967294,7236,3988,-2,-0.090351363540695742,0.071471232869167789,0.022776546738525999,-0.0015639134576189862,0.044348374423566178,0.07241695012698543,0.75377688795943687,-0.095130426825172545,-0.095909262905549075,0,0,0
6.3011952999999998,7247,3991,4294967294,7248,3991,-2,-0.090616194112871695,0.069115038378975438,0.020420352248333648,-0.02554365235778468,-0.19617922826182985,-0.18120497739016658,-8.473475371025561,-0.13749780368030035,-0.12944665859452148,0,0,0
6.3061268999999998,7264,3994,4294967292,7265,3994,-4,-0.090991370756787635,0.066758843888783101,0.021205750411731096,-0.048632108802100955,-0.32449783987317982,-0.023391178192069512,-0.52416128554816777,-0.14011861010804119,-0.15046383694414178,0,0,0
6.3111506000000004,7288,3999,4294967290,7289,3999,-6,-0.091521031901139541,0.062831853071795868,0.020420352248333662,-0.075363297195863363,-0.53951332961721365,-0.085758434294074717,-1.3542258817843789,-0.14688973951696307,-0.1661831657535674,0,0,0
6.3161217000000001,7317,4004,4294967287,7318,4004,-9,-0.092161039117231419,0.058904862254808621,0.021205750411731103,-0.099919619178250846,-0.65422153279577822,0.027528415885508625,4.9916956063244893,-0.12193126148534063,-0.16321364517395986,0,0,0
6.3211031999999996,7348,4010,4294967284,7349,4010,-12,-0.092845184762019292,0.054192473274423933,0.021205750411731103,-0.11713834504229476,-0.78869651243401739,0.014686082041522001,5.9918821101731536,-0.091971850934474852,-0.14792662721016475,0,0,0
6.326098,7379,4016,4294967281,7380,4016,-15,-0.093529330406807179,0.049480084294039245,0.021205750411731106,-0.12632433023452586,-0.86043731262073653,0.0078348498739392296,6.8325794679421055,-0.057808953594764324,-0.12162467666167961,0,0,0
6.3310915000000003,7408,4021,4294967278,7409,4021,-18,-0.094169337622899058,0.045553093477052005,0.021991148575128558,-0.12710672341407755,-0.82543065587368059,0.07745931839525054,10.32345929203991,-0.0061916571345647722,-0.079545664631055946,0,0,0
6.3360589999999997,7431,4026,4294967276,7432,4026,-20,-0.094676929552902966,0.041626102660064758,0.0212057504117311,-0.115169459281596,-0.80675502139021293,-0.031955895384117791,5.8584015284492423,0.023100350507681441,-0.039088962156193396,0,0,0
6.3410716000000003,7447,4029,4294967275,7448,4029,-21,-0.095030036982470908,0.039269908169872414,0.020420352248333655,-0.094387299187664087,-0.65023275421567794,-0.090327608919596694,2.5837928721897696,0.036019314868630289,-0.0052945515929308587,0,0,0
6.3459636000000001,7455,4030,4294967274,7456,4030,-22,-0.095206590697254873,0.038484510006474966,0.021205750411731106,-0.066827382168636554,-0.42017095010344957,0.02509081563667797,6.1645102464781001,0.066841866101020789,0.031383419598281954,0,0,0
6.3509510999999996,7456,4030,4294967274,7457,4030,-22,-0.09522865991160287,0.038484510006474966,0.021205750411731106,-0.037710722808482311,-0.22415619810262452,0.013385651337930135,4.3286207443162033,0.088484969822601803,0.064111016593731474,0,0,0
6.3564610000000004,7449,4029,4294967275,7450,4029,-21,-0.095074175411166889,0.039269908169872414,0.020420352248333655,-0.0057044496857176288,-0.046305142939991356,-0.066138433711733904,-0.59270429115356604,0.085521448366833966,0.082447446043784567,0,0,0
6.3614423000000002,7437,4026,4294967276,7438,4026,-20,-0.094809344838990936,0.041626102660064758,0.0212057504117311,0.021666067179089098,0.19513531556129438,0.037995452543388299,2.0566231922768687,0.095804564328218308,0.099389108111433422,0,0,0
6.3664322999999996,7422,4023,4294967277,7423,4023,-19,-0.094478306623771005,0.043982297150257102,0.021991148575128551,0.042445242761632682,0.32394092487930604,0.093549640739532161,3.2582282371784697,0.11209570551411066,0.11738688686320525,0,0,0
6.3714228000000004,7403,4019,4294967279,7404,4019,-17,-0.094058991551159071,0.047123889803846894,0.021991148575128548,0.061767126528495066,0.46593670280821542,0.049907619260391195,0.10022432677608739,0.1125968271479911,0.12772316884653245,0,0,0
6.3764088000000001,7380,4015,4294967281,7381,4015,-15,-0.093551399621155162,0.050265482457436693,0.021991148575128554,0.0803115624664444,0.54168975931850616,0.026625120530128329,-1.9920530385510693,0.10263656195523575,0.12862007250497925,0,0,0
6.3813994999999997,7355,4010,4294967283,7356,4010,-13,-0.092999669262455273,0.054192473274423933,0.022776546738525999,0.09432301872078247,0.65538263212251402,0.087483704018705394,-0.57822852728649199,0.099745419318803291,0.12704165286610616,0,0,0
6.3863931999999997,7330,4005,4294967286,7331,4005,-10,-0.092447938903755369,0.058119464091411173,0.021991148575128551,0.10179796377131708,0.71603642580538773,-0.02660800503349877,-6.3590145027012817,0.06795034680529688,0.11083419312375332,0,0,0
6.3913715,7306,4000,4294967288,7307,4000,-8,-0.091918277759403463,0.06204645490839842,0.022776546738526006,0.10372664767461692,0.7483945024146984,0.059084465478953921,-3.3686598786849422,0.051107047411872164,0.093247944059401844,0,0,0
6.3963676999999999,7284,3996,4294967290,7285,3996,-6,-0.091432755043747552,0.065188047561988219,0.022776546738526013,0.10063735704306498,0.69237763164436217,0.031520858701505963,-4.670762871666585,0.027753233053539238,0.069921616311409307,0,0,0
6.4013665,7266,3992,4294967292,7267,3992,-4,-0.091035509185483615,0.068329640215577997,0.022776546738525992,0.090752816230330949,0.66249329818819658,0.016816002738216866,-5.3673078862111341,0.00091669362248356784,0.042614503455992617,0,0,0
6.4063559999999997,7253,3990,4294967293,7254,3990,-3,-0.090748609398959679,0.069900436542372907,0.022776546738526013,0.075183980107228265,0.49999132359510534,0.0089711372005960247,-4.9901510876914905,-0.024034061815973885,0.014136886659964178,0,0,0
6.4113560999999999,7245,3988,4294967294,7246,3988,-2,-0.090572055684175701,0.071471232869167789,0.022776546738525999,0.056582640129802783,0.4132984553708996,0.0047859948600610623,-4.6379619512911381,-0.047223871572429577,-0.014716796059864,0,0,0
6.4163902999999998,7242,3988,4294967294,7243,3988,-2,-0.090505848041131723,0.071471232869167789,0.022776546738525999,0.036363495459904333,0.22048980400672277,0.0025532712618658083,-3.5990192796945077,-0.065218967970902111,-0.041743732497325076,0,0,0
6.4213699000000002,7244,3988,4294967294,7245,3988,-2,-0.090549986469827703,0.071471232869167789,0.022776546738525999,0.015281271252864135,0.11762868464459802,0.0013621398115305626,-2.7914765683276812,-0.079176350812540514,-0.065964819009212,0,0,0
6.4263300000000001,7250,3989,4294967294,7251,3989,-2,-0.090682401755915687,0.070685834705770348,0.021991148575128558,-0.0042022853461887288,-0.010526016863412382,-0.072552833924163715,-4.9939346977268544,-0.10414602430117478,-0.093937129567182878,0,0,0
6.43133,7261,3992,4294967292,7262,3992,-4,-0.090925163113743643,0.068329640215577997,0.022776546738525992,-0.024892082077485424,-0.2254540625193063,0.034573446418563761,1.1146662122535127,-0.098572693239907222,-0.10910353157837521,0,0,0
6.4363115999999998,7277,3995,4294967291,7278,3995,-5,-0.091278270543311571,0.06597344572538566,0.021991148575128558,-0.046225393554330356,-0.34011561531820933,-0.054834997359735585,-1.4992522146704794,-0.10606895431325962,-0.12277062391065746,0,0,0
6.4412881999999998,7297,3999,4294967289,7298,3999,-7,-0.091719654830271502,0.062831853071795868,0.021991148575128551,-0.065842902221648625,-0.47456570753445548,-0.029253818066431674,0.90551301614750224,-0.10154138923252211,-0.12806310212894326,0,0,0
6.4462846000000003,7320,4004,4294967286,7321,4004,-10,-0.092227246760275411,0.058904862254808621,0.022776546738525999,-0.082485940260700413,-0.61957274986994115,0.057672955734629931,6.0812173138507308,-0.071135302663268452,-0.11652958754814163,0,0,0
6.4512938000000002,7344,4008,4294967284,7345,4008,-12,-0.092756907904627317,0.055763269601218829,0.022776546738525999,-0.093423913116831528,-0.62365276078824849,0.030767835062449421,5.7060356582988838,-0.042605124371774036,-0.09570424738040352,0,0,0
6.4562473000000002,7366,4013,4294967282,7367,4013,-14,-0.093242430620283229,0.051836278784231589,0.021991148575128554,-0.095140970850813703,-0.69910891731670421,-0.056865245697544628,2.7729286422865305,-0.028740481160341384,-0.074971408993801322,0,0,0
6.4612435000000001,7384,4016,4294967280,7385,4016,-16,-0.093639676478547151,0.049480084294039245,0.022776546738526002,-0.087820559652726032,-0.59280483964010755,0.042942587915407338,6.8404131975759768,0.0054615848275385015,-0.044946532121967288,0,0,0
6.4662446999999998,7398,4019,4294967279,7399,4019,-17,-0.093948645479419099,0.047123889803846894,0.021991148575128548,-0.075678766405774534,-0.53609288016522028,-0.050370160038515105,2.6820229041355494,0.01887169934821625,-0.019189608539119055,0,0,0
6.4712098999999998,7407,4021,4294967278,7408,4021,-18,-0.09414726840855106,0.045553093477052005,0.021991148575128558,-0.058905712990431736,-0.43255820587090832,-0.026871880526899827,3.106341940332348,0.034403409049877987,0.0057804125433019785,0,0,0
6.4761933999999997,7410,4021,4294967277,7411,4021,-19,-0.094213476051595052,0.045553093477052005,0.023561944901923454,-0.037602827165788118,-0.23076465153586334,0.13222321033771001,8.8037640517888853,0.078422229308822422,0.041196045989620969,0,0,0
6.4812095999999997,7408,4021,4294967277,7409,4021,-19,-0.094169337622899058,0.045553093477052005,0.023561944901923454,-0.015942439958863464,-0.12311019343917137,0.070539508081002344,5.4040734412704055,0.10544259651517446,0.074934802237508147,0,0,0
6.4861624000000004,7401,4020,4294967278,7402,4020,-18,-0.094014853122463091,0.046338491640449446,0.022776546738525999,0.0059086699780554405,0.0076016972002963534,-0.035647531779378253,-0.199809789832323,0.10444354756601285,0.097426190586762135,0,0,0
6.4911612999999999,7389,4017,4294967279,7390,4017,-17,-0.093750022550287138,0.04869468613064179,0.023561944901923444,0.027861528220127947,0.22389397280448972,0.054261985610926745,2.0853810247512747,0.11487045268976923,0.11884392863226839,0,0,0
6.4961678999999997,7371,4014,4294967280,7372,4014,-16,-0.093352776692023201,0.051050880620834134,0.024347343065320892,0.051927778234009375,0.33928332603432165,0.10222764241440321,2.9403713489433754,0.12957230943448611,0.1381223612679475,0,0,0
6.5011694000000002,7348,4009,4294967282,7349,4009,-14,-0.092845184762019292,0.054977871437821381,0.025132741228718346,0.07506238732723873,0.54740121040517642,0.12781674910042151,2.3828636155434042,0.14148662751220314,0.15403725373509569,0,0,0
6.5061397999999997,7321,4004,4294967285,7322,4004,-11,-0.092249315974623408,0.058904862254808621,0.024347343065320902,0.095640866821406295,0.6584296232601019,-0.0050908058049623228,-4.6523134472240466,0.11822506027608291,0.15224377755640658,0,0,0
6.5111499000000004,7292,3998,4294967288,7293,3998,-8,-0.091609308758531516,0.063617251235193309,0.024347343065320895,0.11073746108974997,0.79094147858296804,-0.0027158842710055045,-6.0197822106447649,0.088126149222859093,0.13800353239446389,0,0,0
6.5161524000000002,7262,3992,4294967291,7263,3992,-5,-0.09094723232809164,0.068329640215577997,0.024347343065320895,0.12085042461066499,0.86163497532610445,-0.0014488919153630793,-7.1067769468545219,0.052592264488586483,0.11135739647556894,0,0,0
6.5211288999999999,7236,3987,4294967293,7237,3987,-3,-0.090373432755043739,0.072256631032565244,0.02513274122871835,0.11800912916383016,0.82606959466413898,0.072506552709893271,-4.2545944245298113,0.031319292365937432,0.084633438738491329,0,0,0
6.5260603000000001,7214,3983,4294967295,7215,3983,-1,-0.089887910039387828,0.075398223686155036,0.025132741228718343,0.10825689082878936,0.73381636833384101,0.038681382396796776,-5.5292698732781353,0.0036729429995467529,0.053174832838952829,0,0,0
6.5310914000000002,7198,3980,1,7199,3980,1,-0.089534802609819886,0.077754418176347387,0.024347343065320902,0.090699526239239686,0.61132085142987846,-0.052643462436384236,-8.9464506460269284,-0.041059310230587884,0.012708467036794107,0,0,0
6.5361425000000004,7187,3978,2,7188,3978,2,-0.08929204125199193,0.079325214503142283,0.024347343065320902,0.071037330006166494,0.47269143265754776,-0.028084660283612829,-7.2267557223205108,-0.077193088842190435,-0.030278630880397551,0,0,0
6.5410323000000004,7185,3978,2,7186,3978,2,-0.089247902823295949,0.079325214503142283,0.024347343065320902,0.042015790106638737,0.25217525008359398,-0.014982831803646731,-5.2557698780709945,-0.10347193823254541,-0.069066633240326178,0,0,0
6.5460364000000002,7190,3978,2,7191,3978,2,-0.089358248895035922,0.079325214503142283,0.024347343065320902,0.012119372346072648,0.13453249278751814,-0.0079931623380665659,-3.8492114468644427,-0.12271799546686762,-0.10355565765509617,0,0,0
6.551037,7201,3981,1,7202,3981,1,-0.089601010252863877,0.076969020012949932,0.023561944901923447,-0.016184672071798481,-0.14806707510911099,-0.077543776209534079,-4.9308876227469192,-0.14737243358060223,-0.1383194241277286,0,0,0
6.5559775,7220,3984,4294967295,7221,3984,-1,-0.090020325325475797,0.074612825522757595,0.024347343065320902,-0.04775742480021114,-0.29883057912945299,0.0319108381459976,1.3302144637230477,-0.14072136126198698,-0.15653939846394305,0,0,0
6.5609925999999996,7245,3989,4294967293,7246,3989,-3,-0.090572055684175701,0.070685834705770348,0.023561944901923454,-0.076955773960107998,-0.52582015167950646,-0.056255467164391573,-0.45084779611096493,-0.1429756002425418,-0.1695148117279186,0,0,0
6.5660014999999996,7275,3995,4294967290,7276,3995,-6,-0.09123413211461559,0.06597344572538566,0.023561944901923454,-0.10282829683003671,-0.72019590472883632,-0.0300116217909695,2.5511053317722379,-0.13022007358368062,-0.16995754253622025,0,0,0
6.5709553999999999,7307,4002,4294967287,7308,4002,-9,-0.091940346973751461,0.060475658581603517,0.022776546738525999,-0.12074920019306612,-0.89717257346953661,-0.089290362111830127,1.7242396275731591,-0.12159887544581482,-0.1654093765843013,0,0,0
6.5759464000000003,7340,4008,4294967283,7341,4008,-13,-0.092668631047235328,0.055763269601218829,0.024347343065320895,-0.13236889898155757,-0.91830799935165774,0.09892369374816036,10.807438928276957,-0.067561680804430035,-0.13609318685909913,0,0,0
6.5809449999999998,7372,4014,4294967280,7373,4014,-16,-0.093374845906371198,0.051050880620834134,0.024347343065320892,-0.13650875964456272,-0.92958349735990875,0.052774612541386656,9.7240523982589089,-0.018941418813135491,-0.094853182756839821,0,0,0
6.5858936999999997,7398,4019,4294967278,7399,4019,-18,-0.093948645479419099,0.047123889803846894,0.023561944901923447,-0.12636266443072919,-0.86231932197641437,-0.045124891989239718,5.6128566022675983,0.0091228641982025009,-0.055046816223477457,0,0,0
6.5914865999999996,7418,4023,4294967276,7419,4023,-20,-0.094390029766379016,0.043982297150257102,0.023561944901923444,-0.10859518188674799,-0.75315516616023981,-0.02407359248803204,6.1142953667557025,0.039694341031981009,-0.012703926063257112,0,0,0
6.5964501999999996,7428,4025,4294967275,7429,4025,-21,-0.094610721909858975,0.042411500823462206,0.023561944901923447,-0.078525338913658663,-0.54835835047426307,-0.012842974902145012,5.3795588479767824,0.066592135271864916,0.025906823194857272,0,0,0
6.6014621,7430,4025,4294967275,7431,4025,-21,-0.094654860338554969,0.042411500823462206,0.023561944901923447,-0.046010553684771215,-0.29254264962838078,-0.0068515741644762911,3.9846069404796318,0.086515169974263076,0.059422253488028459,0,0,0
6.6065192000000001,7425,4024,4294967276,7426,4024,-20,-0.094544514266814997,0.043196898986859661,0.022776546738526002,-0.01425053114173081,-0.08278850042096067,-0.076934752513992261,-0.65048540059213567,0.0832627429713024,0.079448596580267233,0,0,0
6.6114420999999997,7415,4022,4294967276,7416,4022,-20,-0.094323822123335024,0.04476769531365455,0.024347343065320892,0.012988613971371325,0.10239235953016007,0.10551526432677719,5.6878123529938662,0.11170180473627173,0.10631714308412644,0,0,0
6.6164278000000003,7400,4019,4294967278,7401,4019,-18,-0.093992783908115093,0.047123889803846894,0.023561944901923447,0.037815924814314957,0.27446366230411007,-0.01698838234535114,-1.0087596544321955,0.10665800646411075,0.11952770548885248,0,0,0
6.6214364999999997,7380,4015,4294967279,7381,4015,-17,-0.093551399621155162,0.050265482457436693,0.025132741228718346,0.061356550796447501,0.43954117244456153,0.13749593891588716,4.1274645542999151,0.12729532923561032,0.13680858108951249,0,0,0
6.6264064999999999,7357,4010,4294967282,7358,4010,-14,-0.093043807691151253,0.054192473274423933,0.024347343065320898,0.080092525202906023,0.60088757750347965,7.2926692998590004e-05,-3.2111299705155063,0.11123967938303279,0.13895582035152024,0,0,0
6.6314136000000001,7330,4005,4294967284,7331,4005,-12,-0.092447938903755369,0.058119464091411173,0.025132741228718343,0.098324385474621093,0.68696396314277375,0.073318424814254088,-1.3053405151612822,0.10471297680722638,0.13622419869876984,0,0,0
6.636374,7303,4000,4294967287,7304,4000,-9,-0.091852070116359472,0.06204645490839842,0.024347343065320902,0.10805086580801937,0.73288468980550303,-0.034165012796053364,-6.8240964328964244,0.070592494642744252,0.11821798523452706,0,0,0
6.6413608000000002,7277,3994,4294967289,7278,3994,-7,-0.091278270543311571,0.066758843888783101,0.025918139392115784,0.11118071697139842,0.83066236990633469,0.12833241112536309,-0.85754315217255161,0.066304778881881493,0.10476631990399396,0,0,0
6.6463118999999997,7254,3990,4294967292,7255,3990,-4,-0.090770678613307676,0.069900436542372907,0.024347343065320902,0.1066731245057852,0.73626655923061168,-0.078095225547644087,-9.6877377371891598,0.017866090195935692,0.072880823320674734,0,0,0
6.6513377,7234,3986,4294967293,7235,3986,-3,-0.090329294326347745,0.073042029195962685,0.025918139392115791,0.098091046817728872,0.68590751838622044,0.10489616578329158,-1.8928321374603705,0.0084019295086338406,0.04850598670735487,0,0,0
6.6563409,7220,3983,4294967295,7221,3983,-1,-0.090020325325475797,0.075398223686155036,0.025132741228718343,0.081157948998007587,0.58576205052495223,-0.017318664045512862,-6.656990336590515,-0.024883022174318738,0.016931590795445126,0,0,0
6.6609680000000004,7211,3982,0,7212,3982,0,-0.089821702396343836,0.076183621849552477,0.024347343065320888,0.061828791652301748,0.38577659746018356,-0.082518820313906421,-8.4923005702547236,-0.06734452502559235,-0.022109026898588485,0,0,0
6.6655645999999997,7208,3981,0,7209,3981,0,-0.089755494753299858,0.076969020012949932,0.025132741228718343,0.039162254821216991,0.27908673985867194,0.029256711363661952,-2.939418760540228,-0.082041618828293486,-0.053399573038847258,0,0,0
6.6716274000000002,7212,3982,0,7213,3982,0,-0.089843771610691833,0.076183621849552477,0.024347343065320888,0.012656155516512658,0.075609932804024588,-0.057671412195014246,-5.2525488226573298,-0.10830436294158013,-0.086015109088077135,0,0,0
6.6764606999999998,7220,3983,4294967295,7221,3983,-1,-0.090020325325475797,0.075398223686155036,0.025132741228718343,-0.0097209738547083223,-0.032942520572870691,0.042512507689571322,0.046793467324171889,-0.10807039560495928,-0.10849945555323336,0,0,0
6.6808278000000003,7233,3986,4294967294,7234,3986,-2,-0.090307225111999748,0.073042029195962685,0.024347343065320895,-0.031954457200663471,-0.23741300029220186,-0.050599602717211742,-2.4006526219840363,-0.12007365871487946,-0.13045020031958537,0,0,0
6.6864127,7255,3990,4294967292,7256,3990,-4,-0.090792747827655659,0.069900436542372907,0.024347343065320902,-0.06234774815368848,-0.41977508549416509,-0.026994285463572847,0.34620278719181052,-0.11834264477892041,-0.13978644752838087,0,0,0
6.6913976999999996,7279,3995,4294967290,7280,3995,-6,-0.091322408972007565,0.06597344572538566,0.023561944901923454,-0.082680427451635813,-0.59034260550797246,-0.087680649114346795,-0.71862582360305671,-0.12193577389693569,-0.14737227203622408,0,0,0
6.6963873999999999,7306,4000,4294967287,7307,4000,-9,-0.091918277759403463,0.06204645490839842,0.024347343065320902,-0.099705000505227612,-0.68133834616228151,0.026502937170375288,5.400483762288748,-0.094933355085491944,-0.13815906923718904,0,0,0
6.7013822999999997,7334,4005,4294967284,7335,4005,-12,-0.092536215761147345,0.058119464091411173,0.025132741228718343,-0.11084651774794881,-0.72988349014137066,0.087418520651347309,9.0652935106977441,-0.049606887532003222,-0.11146013181556597,0,0,0
6.7063679,7360,4010,4294967282,7361,4010,-14,-0.093110015334195245,0.054192473274423933,0.024347343065320898,-0.11267216398818651,-0.75578174633451689,-0.026642779583721223,4.8959477922650843,-0.025127148570677799,-0.083088008316557257,0,0,0
6.7113614000000004,7381,4015,4294967280,7382,4015,-16,-0.09357346883550316,0.050265482457436693,0.02356194490192345,-0.10335057320229477,-0.76959815759358685,-0.08749312491349745,2.5803121910954303,-0.012225587615200647,-0.057839867577516482,0,0,0
6.7159433999999996,7397,4018,4294967278,7398,4018,-18,-0.093926576265071102,0.047909287967244349,0.024347343065320902,-0.088082064214394462,-0.63041000987788376,0.026602979098320122,6.9262126540627458,0.022405475655113079,-0.024522972041915021,0,0,0
6.7203581000000003,7407,4019,4294967278,7408,4019,-18,-0.09414726840855106,0.047123889803846894,0.023561944901923447,-0.067581834924307596,-0.4095957520664934,-0.059087146755518322,2.115353421746065,0.032982242763843407,0.00084310574124157878,0,0,0
6.7263308000000004,7412,4020,4294967277,7413,4020,-19,-0.094257614480291046,0.046338491640449446,0.024347343065320895,-0.046349655419806728,-0.29179397518099537,0.041757230161395646,5.6264126552845024,0.061114306040265923,0.031100354414407089,0,0,0
6.7313624000000001,7411,4020,4294967277,7412,4020,-19,-0.094235545265943049,0.046338491640449446,0.024347343065320895,-0.022667878929922339,-0.15566861081119399,0.022276985008054806,3.8035043408619083,0.08013182774457546,0.058016709355118018,0,0,0
6.7363299999999997,7405,4018,4294967278,7406,4018,-18,-0.094103129979855066,0.047909287967244349,0.024347343065320902,0.00026161811691605835,0.06351168855956689,0.011884506207212932,1.8778655002370257,0.089521155245760584,0.079679553861688443,0,0,0
6.7413058000000001,7395,4016,4294967279,7396,4016,-17,-0.093882437836375107,0.049480084294039245,0.024347343065320898,0.020730672776994714,0.18044176807564999,0.0063402425300460715,0.54597998817994819,0.092251055186660325,0.095797009262845956,0,0,0
6.7463004,7381,4013,4294967280,7382,4013,-16,-0.09357346883550316,0.051836278784231589,0.025132741228718346,0.039887110724922577,0.3161020922798331,0.076661963176425901,2.3668361661606445,0.10408523601746354,0.11181249681074959,0,0,0
6.7512873000000004,7363,4010,4294967282,7364,4010,-14,-0.093176222977239237,0.054192473274423933,0.024347343065320898,0.058343283288749541,0.38847525967632296,-0.032381274897729087,-3.2974270713901577,0.087598100660512754,0.11342150207538566,0,0,0
6.7562648999999997,7342,4005,4294967284,7343,4005,-12,-0.092712769475931323,0.058119464091411173,0.025132741228718343,0.074366762346835869,0.57364452118092724,0.05600449475973094,-1.0453925583939485,0.082371137868543012,0.1117576039332365,0,0,0
6.7612800000000002,7320,4001,4294967286,7321,4001,-10,-0.092227246760275411,0.061261056745000965,0.025132741228718343,0.084974207864893375,0.59915059773775081,0.029877731001890555,-2.8930916105282023,0.067905679815901995,0.1026359787172831,0,0,0
6.7658155999999998,7300,3997,4294967288,7301,3997,-8,-0.09178586247331548,0.06440264939859075,0.025132741228718336,0.086514933200234512,0.6127577858312736,0.015939413678331422,-3.9822737214102193,0.0479943112088509,0.088374033869978913,0,0,0
6.7717634999999996,7277,3992,4294967290,7278,3992,-6,-0.091278270543311571,0.068329640215577997,0.025918139392115791,0.093514222606442349,0.6932965779244229,0.081783006668382091,-2.0834528139460087,0.037577047139120856,0.070136016868133297,0,0,0
6.7767796000000002,7260,3989,4294967292,7261,3989,-4,-0.090903093899395646,0.070685834705770348,0.025132741228718343,0.084893598574429782,0.58970402579294645,-0.029649259180810864,-6.6013622853067568,0.0045702357125870716,0.044059195164421944,0,0,0
6.7817878,7247,3986,4294967293,7248,3986,-3,-0.090616194112871695,0.073042029195962685,0.025918139392115791,0.072058157264695555,0.5344386329050681,0.057461992609380841,-2.6830546299078435,-0.0088450374369521464,0.022110962863812166,0,0,0
6.7867267,7239,3984,4294967294,7240,3984,-2,-0.090439640398087731,0.074612825522757595,0.025918139392115805,0.05491505086844975,0.43167568465789896,0.030655288747470963,-3.2352412037641636,-0.025021243455772967,0.0007022054642085232,0,0,0
6.7917173999999996,7234,3983,4294967294,7235,3983,-2,-0.090329294326347745,0.075398223686155036,0.026703537555513246,0.039592076973583898,0.30357335627060394,0.089633750767751222,0.05649582295903377,-0.024738764340977798,-0.013858140148984149,0,0,0
6.7967189000000001,7233,3983,4294967295,7234,3983,-1,-0.090307225111999748,0.075398223686155036,0.025132741228718343,0.023181011829690061,0.16195277034292391,-0.098740499989611347,-7.1515487338800909,-0.060496508010378251,-0.039933472640393784,0,0,0
6.8017078,7236,3983,4294967295,7237,3983,-1,-0.090373432755043739,0.075398223686155036,0.025132741228718343,0.0061894629624193497,0.086399874297162324,-0.052676880852838864,-4.6081138749982999,-0.083537077385369751,-0.065248462225686588,0,0,0
6.8066759000000001,7242,3984,4294967295,7243,3984,-1,-0.090505848041131723,0.074612825522757595,0.024347343065320902,-0.009052656795624385,-0.027186215282711951,-0.10138200790283085,-5.935064573783154,-0.11321240025428553,-0.095969569519482045,0,0,0
6.8112475000000003,7251,3986,4294967294,7252,3986,-2,-0.090704470970263684,0.073042029195962685,0.024347343065320895,-0.023361476957686117,-0.16106256067920108,-0.054086093867065026,-2.9968001273285418,-0.12819640089092824,-0.124396531466882,0,0,0
6.8162083999999998,7268,3989,4294967292,7269,3989,-4,-0.09107964761417961,0.070685834705770348,0.025132741228718343,-0.047467944213475118,-0.30576351591904233,0.044425232320302245,2.6149275056660302,-0.11512176336259808,-0.13597046377600375,0,0,0
6.8211823000000003,7290,3993,4294967290,7291,3993,-6,-0.091565170329835521,0.067544242052180556,0.02513274122871835,-0.070624008726319992,-0.45623927160102207,0.02370033238683748,3.2730564015550883,-0.098756481354822637,-0.13645238901198781,0,0,0
6.8261984,7315,3998,4294967288,7316,3998,-8,-0.092116900688535425,0.063617251235193309,0.024347343065320895,-0.089154824168622318,-0.60979581454731036,-0.060635674208739068,1.1447011184921361,-0.093032975762361955,-0.13313371215604014,0,0,0
6.8312252000000004,7342,4003,4294967285,7343,4003,-11,-0.092712769475931323,0.059690260418206069,0.02513274122871835,-0.10315901405073924,-0.69171640151827407,0.040931109206375396,6.6458615326677783,-0.059803668099023065,-0.11292573919089473,0,0,0
6.8362014000000002,7367,4008,4294967283,7368,4008,-13,-0.093264499834631226,0.055763269601218829,0.024347343065320895,-0.10651186205278562,-0.73542005908247621,-0.051443259975266956,3.455973334875468,-0.042523801424645721,-0.091935074179540693,0,0,0
6.8411784000000004,7389,4012,4294967281,7390,4012,-15,-0.093750022550287138,0.052621676947629037,0.024347343065320898,-0.10212323574495369,-0.68545592063808458,-0.027444366563708203,4.6010571849713822,-0.019518515499788811,-0.066280800982281673,0,0,0
6.8461482,7406,4015,4294967279,7407,4015,-17,-0.094125199194203063,0.050265482457436693,0.025132741228718346,-0.089486404559872418,-0.58552112850435756,0.058638276562739802,7.9998864312503528,0.020480916656462952,-0.031664356079060436,0,0,0
6.8511360999999997,7419,4017,4294967278,7420,4017,-18,-0.094412098980727013,0.04869468613064179,0.025132741228718343,-0.074508364562621138,-0.45892758772333297,0.031282822228327914,6.3213989254488894,0.052087911283707405,0.0055098502328470439,0,0,0
6.8556666000000002,7424,4018,4294967278,7425,4018,-18,-0.094522445052467,0.047909287967244349,0.024347343065320902,-0.05004487649443657,-0.31811192201558214,-0.05659050617748336,1.5867720546054134,0.060021771556734473,0.03225251220353488,0,0,0
6.8612554000000001,7423,4018,4294967278,7424,4018,-18,-0.094500375838119002,0.047909287967244349,0.024347343065320902,-0.024639235367186228,-0.16970892202941482,-0.030190361114504887,1.5508066887756109,0.067775805000612532,0.054027283719833535,0,0,0
6.8662697000000001,7418,4016,4294967279,7419,4016,-17,-0.094390029766379016,0.049480084294039245,0.024347343065320898,-0.0028491873283807718,0.056021349729432596,-0.016106198120328607,0.62926467880085801,0.070922128394616826,0.070589668528978688,0,0,0
6.871416,7408,4014,4294967280,7409,4014,-16,-0.094169337622899058,0.051050880620834134,0.024347343065320892,0.0190710951182275,0.17644576151153546,-0.0085924648899498718,-0.21751748930546783,0.069834540948089482,0.080154382322277007,0,0,0
6.8763871999999999,7395,4011,4294967281,7396,4011,-15,-0.093882437836375107,0.053407075111026485,0.025132741228718346,0.036942635545008651,0.31397027036595682,0.06869554160011096,1.9129195937381551,0.079399138916780257,0.090122388590199082,0,0,0
6.8813931999999998,7380,4008,4294967282,7381,4008,-14,-0.093551399621155162,0.055763269601218829,0.025918139392115794,0.050595110057591132,0.38733795807294291,0.10992777264672966,2.8882731469552549,0.093840504651556536,0.10194064555056462,0,0,0
6.8863652999999996,7363,4004,4294967284,7364,4004,-12,-0.093176222977239237,0.058904862254808621,0.025918139392115791,0.061996763149418932,0.49975826502752807,0.058645157587200278,-0.28886514361893934,0.092396178933461845,0.10783621162647017,0,0,0
6.8908109,7345,4001,4294967286,7346,4001,-10,-0.092778977118975314,0.061261056745000965,0.025132741228718343,0.07013851955538189,0.48645364069258867,-0.041993026119084585,-5.0754070699757712,0.067019143583582991,0.10096059759803293,0,0,0
6.8967457999999997,7321,3996,4294967289,7322,3996,-7,-0.092249315974623408,0.065188047561988219,0.024347343065320902,0.086836711214852383,0.62591482063749293,-0.095682298635425628,-8.8801481123517974,0.022618403021824003,0.072623846586093957,0,0,0
6.9017514000000002,7303,3992,4294967290,7304,3992,-6,-0.091852070116359472,0.068329640215577997,0.025918139392115791,0.083390336031613416,0.62703618001559325,0.095513671733811284,-1.0456219627148298,0.017390293208249856,0.054483122790325467,0,0,0
6.9067128000000002,7289,3989,4294967292,7290,3989,-4,-0.091543101115487524,0.070685834705770348,0.025132741228718343,0.073315294863040448,0.55435489259762794,-0.022324112885643746,-5.889783785313365,-0.012058625718316968,0.027944866236920066,0,0,0
6.9116970999999996,7278,3986,4294967293,7279,3986,-3,-0.091300339757659568,0.073042029195962685,0.025918139392115791,0.061763049594191904,0.51558029131497252,0.06136987092335261,-2.1956708502671876,-0.023036979969652906,0.0051521586378342338,0,0,0
6.9166702000000004,7273,3985,4294967294,7274,3985,-2,-0.091189993685919596,0.07382742735936014,0.02513274122871835,0.04324540274157309,0.34833546470983728,-0.04053942400260957,-5.6530873308281517,-0.051302416623793666,-0.022130354755088739,0,0,0
6.9216715999999998,7272,3985,4294967294,7273,3985,-2,-0.091167924471571599,0.07382742735936014,0.02513274122871835,0.025130017619788555,0.18583282212738347,-0.021627299925085032,-3.9031293427521767,-0.070818063337554554,-0.048288383700127127,0,0,0
6.9266436999999996,7275,3985,4294967294,7276,3985,-2,-0.09123413211461559,0.07382742735936014,0.02513274122871835,0.0072292343409045027,0.099139597538810353,-0.011537906952488375,-2.7666250943503732,-0.084651188809306416,-0.072363919545400279,0,0,0
6.9316585000000002,7282,3986,4294967294,7283,3986,-2,-0.091388616615051557,0.073042029195962685,0.024347343065320895,-0.010557061410464643,-0.020389724649497468,-0.079434855247287439,-4.7933724707012217,-0.10861805116281252,-0.099952888766918851,0,0,0
6.9366342999999997,7295,3988,4294967293,7296,3988,-3,-0.091675516401575508,0.071471232869167789,0.024347343065320895,-0.032400499954768937,-0.15743671386516761,-0.042377549291973488,-2.0758753829497514,-0.11899742807756128,-0.12127052826675279,0,0,0
6.9415906999999999,7312,3991,4294967291,7313,3991,-5,-0.092050693045491433,0.069115038378975438,0.025132741228718336,-0.052290155337517415,-0.30382916982363617,0.05067160141512228,3.2157940632612454,-0.10291845776125505,-0.1284658172953321,0,0,0
6.9465743,7334,3996,4294967289,7335,3996,-7,-0.092536215761147345,0.065188047561988219,0.024347343065320902,-0.073196600933723599,-0.52848684028708937,-0.046246823380532875,0.866339605390962,-0.098586759734300242,-0.13077829431931881,0,0,0
6.9508660999999998,7355,4000,4294967287,7356,4000,-9,-0.092999669262455273,0.06204645490839842,0.024347343065320902,-0.082290830423624173,-0.57505951275959677,-0.024672129524307886,2.5607118714800112,-0.085783200376900182,-0.12777963221418923,0,0,0
6.9560754999999999,7381,4004,4294967285,7382,4004,-11,-0.09357346883550316,0.058904862254808621,0.024347343065320902,-0.097438044867736856,-0.59990547889396595,-0.013162287283075464,3.9233706141651239,-0.066166347306074569,-0.11307874171985149,0,0,0
6.9611409000000002,7405,4009,4294967283,7406,4009,-13,-0.094103129979855066,0.054977871437821381,0.023561944901923447,-0.10140068286143389,-0.6864400252303211,-0.080301442809058279,1.9178081360556973,-0.056577306625796082,-0.098537127974913694,0,0,0
6.9656549999999999,7425,4012,4294967281,7426,4012,-15,-0.094544514266814997,0.052621676947629037,0.024347343065320898,-0.095278261989494656,-0.58604613658470384,0.030439655855951424,6.4805540374995489,-0.024174536438298339,-0.074608659199290148,0,0,0
6.9716366000000001,7447,4016,4294967279,7448,4016,-17,-0.095030036982470908,0.049480084294039245,0.024347343065320898,-0.096130243891107692,-0.60576671186595754,0.016239193896061647,6.4273525993237692,0.0079622265583205107,-0.040565718096262804,0,0,0
6.9766214,7461,4018,4294967278,7462,4018,-18,-0.095339005983342842,0.047909287967244349,0.024347343065320902,-0.08011188398767731,-0.46972836534393803,0.0086634165524685485,5.4987176150431614,0.035455814633536323,-0.0072968983976137505,0,0,0
6.9816178999999998,7468,4020,4294967278,7469,4020,-18,-0.095493490483778823,0.046338491640449446,0.022776546738525999,-0.057152507901343214,-0.39715352754271649,-0.14193720902513116,-1.6217102494185358,0.027347263386443645,0.009925812930071878,0,0,0
6.9865997000000002,7470,4020,4294967278,7471,4020,-18,-0.095537628912474817,0.046338491640449446,0.022776546738525999,-0.03460840286679831,-0.21187667727886172,-0.075721810697616132,-0.085723082554675312,0.026918647973670266,0.022403026976481104,0,0,0
6.9915855999999996,7468,4019,4294967278,7469,4019,-18,-0.095493490483778823,0.047123889803846894,0.023561944901923447,-0.014344950255678574,-0.039754164816208679,0.032882835048983879,3.3678350904498187,0.043757823425919357,0.037474405981915829,0,0,0
6.9965827000000003,7464,4018,4294967278,7465,4018,-18,-0.095405213626386834,0.047909287967244349,0.024347343065320902,0.00058358092218425018,0.052071145791297374,0.090822120191963687,5.1515703716732748,0.069515675284285733,0.058035349182173873,0,0,0
7.0005825000000002,7459,4017,4294967279,7460,4017,-17,-0.095294867554646862,0.04869468613064179,0.023561944901923444,0.010606884785775775,0.10105885546114213,-0.024826999761960525,-0.27784558505066959,0.06812644735903238,0.071511375354961076,0,0,0
7.0065637000000001,7448,4014,4294967280,7449,4014,-16,-0.095052106196818906,0.051050880620834134,0.024347343065320892,0.028308859606713865,0.27375225376386747,0.0600346105814894,2.0500647758089725,0.078376771238077236,0.083688414325888402,0,0,0
7.0115673000000003,7434,4011,4294967281,7435,4011,-15,-0.094743137195946958,0.053407075111026485,0.025132741228718346,0.043929983150641186,0.36588212516842461,0.10530726909053417,3.0804113041595045,0.093778827758874764,0.097108170305948122,0,0,0
7.0166038999999998,7418,4007,4294967283,7419,4007,-13,-0.094390029766379016,0.056548667764616277,0.025132741228718343,0.056381887056230789,0.48831183368852693,0.056180173965125896,-0.067175198474139552,0.093442951766504065,0.10481285739608905,0,0,0
7.0216191999999999,7399,4003,4294967285,7400,4003,-11,-0.093970714693767096,0.059690260418206069,0.02513274122871835,0.069202160289434628,0.55362662517975658,0.029971453765821762,-2.1024698808601801,0.082930602362203162,0.1043196646809857,0,0,0
7.0265553000000001,7379,3999,4294967287,7380,3999,-9,-0.093529330406807179,0.062831853071795868,0.02513274122871835,0.078100733646603665,0.5884712886124267,0.01598941365675351,-3.4434430989325504,0.065713386867540413,0.096274239057308905,0,0,0
7.0316274999999999,7359,3995,4294967289,7360,3995,-7,-0.093087946119847248,0.06597344572538566,0.025132741228718343,0.082848016560355231,0.60706050159183322,0.0085301617694068001,-4.3634337269012295,0.043896218233034266,0.080975652230245859,0,0,0
7.0365612999999998,7341,3991,4294967291,7342,3991,-5,-0.092690700261583325,0.069115038378975438,0.025132741228718336,0.081262414934439142,0.6169776253391015,0.0045507397190584949,-4.957267060259416,0.019109882931737186,0.060018336527947747,0,0,0
7.0415374999999996,7326,3988,4294967293,7327,3988,-3,-0.092359662046363381,0.071471232869167789,0.024347343065320895,0.074239184561637223,0.54898877346413077,-0.07085175384624337,-8.1627240544313686,-0.021703737340419655,0.0280314774325085,0,0,0
7.0465220000000004,7315,3985,4294967294,7316,3985,-2,-0.092116900688535425,0.07382742735936014,0.02513274122871835,0.062255933745875028,0.51271753066187697,0.035480952382128533,-3.5438112511026869,-0.039422793595933092,-0.00045422392893491523,0,0,0
7.0515052999999996,7310,3984,4294967295,7311,3984,-1,-0.092006554616795452,0.074612825522757595,0.024347343065320902,0.04350835056678358,0.3468082159937666,-0.054350853735580906,-6.5078580152923635,-0.071962083672394914,-0.03411374841503978,0,0,0
7.0564742999999996,7310,3984,4294967295,7311,3984,-1,-0.092006554616795452,0.074612825522757595,0.024347343065320902,0.023211186890395894,0.18501805312522557,-0.028995533208566817,-4.4439091109105906,-0.094181629226947866,-0.066155837504792342,0,0,0
7.0614865,7315,3984,4294967295,7316,3984,-1,-0.092116900688535425,0.074612825522757595,0.024347343065320902,0.0020873404725136342,0.098704927979168924,-0.015468771661607005,-3.0888967092189445,-0.10962611277304259,-0.095296184564170758,0,0,0
7.0664674999999999,7325,3986,4294967294,7326,3986,-2,-0.092337592832015383,0.073042029195962685,0.024347343065320895,-0.019477531343067817,-0.09390113497514363,-0.0082524054652755221,-1.4120200034532111,-0.11668621279030864,-0.118931669631229,0,0,0
7.0714337,7341,3989,4294967293,7342,3989,-3,-0.092690700261583325,0.070685834705770348,0.023561944901923454,-0.043336795218911275,-0.2699336951252278,-0.077682079330595982,-2.9472593918255865,-0.13142250974943656,-0.14107267850946204,0,0,0
7.0764680999999996,7363,3993,4294967291,7364,3993,-5,-0.093176222977239237,0.067544242052180556,0.023561944901923454,-0.068420089935197187,-0.43712448890159361,-0.041442464214067304,0.1345363564026647,-0.13074982796742324,-0.15326563200846924,0,0,0
7.0814652999999996,7389,3998,4294967289,7390,3998,-7,-0.093750022550287138,0.063617251235193309,0.022776546738525992,-0.090038170002547158,-0.59959830561337102,-0.095388580415692426,-0.65003747604837603,-0.13400001534766512,-0.16182910956797161,0,0,0
7.0863940999999997,7418,4003,4294967286,7419,4003,-10,-0.094390029766379016,0.059690260418206069,0.023561944901923447,-0.10774848905889332,-0.68627615194322233,0.022390847614159694,5.6190120777877928,-0.10590495495872615,-0.15308638706077515,0,0,0
7.0914105999999997,7449,4009,4294967283,7450,4009,-13,-0.095074175411166889,0.054977871437821381,0.023561944901923447,-0.12131495389031935,-0.80579727001363977,0.011945250551589839,6.5781883201627833,-0.07301401335791223,-0.13168279995922202,0,0,0
7.0963623,7478,4014,4294967281,7479,4014,-15,-0.095714182627258781,0.051050880620834134,0.022776546738525996,-0.12443428079065116,-0.79628084384608466,-0.066906870377644714,3.7595979404026769,-0.054216023655898844,-0.10877875354441675,0,0,0
7.1016034000000001,7506,4019,4294967278,7507,4019,-18,-0.096332120629002663,0.047123889803846894,0.023561944901923447,-0.12403929428147628,-0.79120394381594561,0.037585500733367763,8.7410287685401418,-0.010510879813198135,-0.070330253317947011,0,0,0
7.1065773999999999,7526,4023,4294967276,7527,4023,-20,-0.096773504915962594,0.043982297150257102,0.023561944901923444,-0.10735569158092632,-0.71521595881818933,0.020051417038947309,7.8062165505760666,0.028520202939682202,-0.029621215387963237,0,0,0
7.1115335999999996,7540,4025,4294967275,7541,4025,-21,-0.097082473916834527,0.042411500823462206,0.023561944901923447,-0.086100526647361689,-0.52811823517184298,0.010697192199779947,6.5083934293077244,0.061062170086220821,0.012144337128439361,0,0,0
7.1165570999999996,7546,4026,4294967275,7547,4026,-21,-0.097214889202922511,0.041626102660064758,0.022776546738525999,-0.058288267179364223,-0.35502430844424587,-0.067572694645321757,1.9770601649284281,0.070947470910862967,0.043811133856996753,0,0,0
7.1215279999999996,7544,4025,4294967275,7545,4025,-21,-0.097170750774226516,0.042411500823462206,0.023561944901923447,-0.026977875865085703,-0.11612172131084279,0.037230291415802273,4.7850312341762482,0.09487262708174421,0.075381427326829314,0,0,0
7.1265283000000004,7536,4024,4294967276,7537,4024,-20,-0.096994197059442552,0.043196898986859661,0.022776546738526002,0.0020805066048074777,0.011329963855683037,-0.053417602193834846,-0.35145998652427823,0.093115327149122823,0.094414006041341841,0,0,0
7.1315340999999997,7523,4020,4294967277,7524,4020,-19,-0.096707297272918602,0.046338491640449446,0.024347343065320895,0.027878358912469776,0.2991624779575669,0.1180613839589808,5.0197013315208734,0.11821383380672719,0.11867870204578092,0,0,0
7.1364580999999996,7504,4017,4294967279,7505,4017,-17,-0.096287982200306682,0.04869468613064179,0.023561944901923444,0.053995867470658029,0.37943817716771766,-0.010295176932166861,-1.6454083208452046,0.10998679220250117,0.12761423269414399,0,0,0
7.1414754,7482,4012,4294967281,7483,4012,-15,-0.09580245948465077,0.052621676947629037,0.024347343065320898,0.074106578043583712,0.56882334528437917,0.067787165003030794,0.072472858222629721,0.11034915649361432,0.133845026544926,0,0,0
7.1464432000000002,7457,4006,4294967284,7458,4006,-12,-0.095250729125950867,0.057334065928013725,0.024347343065320895,0.091012733425781783,0.74313759639592103,0.036163645257944216,-2.8609774557584911,0.09604426921482187,0.12958555352898854,0,0,0
7.1514528999999998,7431,4001,4294967287,7432,4001,-9,-0.094676929552902966,0.061261056745000965,0.023561944901923447,0.10209107625104097,0.76285265417937564,-0.053986645216460502,-7.619386060261772,0.057947338913513009,0.10881519528507373,0,0,0
7.1564338999999997,7406,3996,4294967289,7407,3996,-7,-0.094125199194203063,0.065188047561988219,0.024347343065320902,0.10594212995462056,0.77337040272202295,0.044478286991075491,-4.0838189748763671,0.037528244039131173,0.085974819343858533,0,0,0
7.1613996000000002,7385,3992,4294967291,7386,3992,-5,-0.093661745692895149,0.068329640215577997,0.024347343065320895,0.099760180192749515,0.70570197702259652,0.023728636421870467,-4.993703206983052,0.012559728004215912,0.059049115323806495,0,0,0
7.1664193999999997,7369,3988,4294967293,7370,3988,-3,-0.093308638263327207,0.071471232869167789,0.024347343065320895,0.086166632301465318,0.66960167776907065,0.012658944948898503,-5.4300064447682308,-0.014590304219625243,0.029404575283251803,0,0,0
7.1713985999999998,7358,3986,4294967294,7359,3986,-2,-0.093065876905499251,0.073042029195962685,0.024347343065320895,0.06861908507218481,0.50378355944845554,0.0067533963760152268,-4.9135863763167551,-0.039158236101209019,-0.00095897067097912292,0,0,0
7.1763684000000003,7353,3985,4294967295,7354,3985,-1,-0.092955530833759278,0.07382742735936014,0.023561944901923447,0.04690301602118041,0.34204204874525557,-0.069676662750995058,-7.2727266371921147,-0.075521869287169585,-0.03665025124852573,0,0,0
7.1813700999999996,7353,3984,4294967295,7354,3984,-1,-0.092955530833759278,0.074612825522757595,0.024347343065320902,0.025022200483554972,0.25575487895001414,0.036107849487390715,-2.0492311944144337,-0.085768025259241751,-0.064469373477281253,0,0,0
7.1863713999999996,7358,3985,4294967295,7359,3985,-1,-0.093065876905499251,0.07382742735936014,0.023561944901923447,0.0030534946572681101,0.063162662866261599,-0.054016411595584707,-4.6390119850536893,-0.1089630851845102,-0.09493459377237809,0,0,0
7.1913179999999999,7369,3987,4294967294,7370,3987,-2,-0.093308638263327207,0.072256631032565244,0.023561944901923454,-0.021021209854064235,-0.11286251014328118,-0.028817112309719173,-2.2223138999379257,-0.12007465468419982,-0.11934565957441899,0,0,0
7.1962972000000001,7385,3990,4294967293,7386,3990,-3,-0.093661745692895149,0.069900436542372907,0.022776546738526013,-0.044160329321001106,-0.2800493629681397,-0.088653105528886375,-3.4134377503959565,-0.13714184343617961,-0.14335772085682491,0,0,0
7.2013346,7408,3994,4294967291,7409,3994,-5,-0.094169337622899058,0.066758843888783101,0.022776546738525999,-0.070918545833990279,-0.44252107722922168,-0.047295376037905026,-0.09727641261434905,-0.13762822549925136,-0.15664040416546027,0,0,0
7.2062838999999999,7434,3999,4294967289,7435,3999,-7,-0.094743137195946958,0.062831853071795868,0.021991148575128551,-0.091371066470669587,-0.60247732121868058,-0.098511039171914852,-0.80738935158046932,-0.14166517225715369,-0.16726500942963113,0,0,0
7.2112809000000002,7465,4005,4294967286,7466,4005,-10,-0.095427282840734831,0.058119464091411173,0.021991148575128551,-0.11257779397673556,-0.76109159177473806,-0.052554466239225758,2.7661161757610864,-0.12783459137834827,-0.16507762921878971,0,0,0
7.2162803000000002,7497,4011,4294967283,7498,4011,-13,-0.096133497699870701,0.053407075111026485,0.021991148575128551,-0.12595044081495665,-0.84571041619349629,-0.028037181872276384,5.0304326352583288,-0.10268242820205661,-0.15186080001069444,0,0,0
7.2212677000000003,7529,4017,4294967280,7530,4017,-16,-0.096839712559006572,0.04869468613064179,0.021991148575128548,-0.1330845886495147,-0.89085355130303356,-0.014957502636615138,6.5457419605705187,-0.069953718399204029,-0.12764015066837661,0,0,0
7.2262211000000001,7559,4022,4294967277,7560,4022,-19,-0.097501788989446461,0.04476769531365455,0.022776546738525999,-0.13277235103389456,-0.84165735698647071,0.065299869762919377,10.396732926073522,-0.017970053768836418,-0.087342673544156368,0,0,0
7.2312453999999997,7583,4027,4294967275,7584,4027,-21,-0.098031450133798367,0.040840704496667317,0.021991148575128558,-0.12025111440804598,-0.81541177319157998,-0.038442816423698845,6.1240038585050298,0.01264996552368873,-0.048201601082586226,0,0,0
7.2362311999999998,7601,4030,4294967273,7602,4030,-23,-0.09842869599206229,0.038484510006474966,0.022776546738525999,-0.10121652220609745,-0.65485102820923935,0.052770734541971551,9.3756752877193286,0.059528341962285375,0.00021139340547380106,0,0,0
7.2411913999999999,7610,4032,4294967273,7611,4032,-23,-0.098627318921194251,0.03691371367968007,0.021205750411731103,-0.072529801583096756,-0.49591426357242729,-0.11840648014776224,0.9922970111916749,0.064489827018243753,0.03293615072576813,0,0,0
7.2461636,7610,4031,4294967272,7611,4031,-24,-0.098627318921194251,0.037699111843077518,0.023561944901923447,-0.038693785393782772,-0.19128483452608752,0.15667011080920473,10.861319762834654,0.11879642583241702,0.079143212629316756,0,0,0
7.2511868000000002,7603,4030,4294967273,7604,4030,-23,-0.098472834420758285,0.038484510006474966,0.022776546738525999,-0.0062289018677739501,-0.028768661933983003,0.010302119054617268,3.2555405702245848,0.13507412868353993,0.11438133835669204,0,0,0
7.2561385999999999,7589,4027,4294967274,7590,4027,-22,-0.098163865419886337,0.040840704496667317,0.023561944901923457,0.025504498711056835,0.20449081933764579,0.078775577120659024,4.3711756335072831,0.15693000685107636,0.14808827152046433,0,0,0
7.2610013999999996,7567,4022,4294967276,7568,4022,-20,-0.097678342704230425,0.04476769531365455,0.024347343065320892,0.058906772111451379,0.47549101331418075,0.11530535155471608,3.8012213825205023,0.17593611376367888,0.17709488379876318,0,0,0
7.2658240000000003,7538,4016,4294967279,7539,4016,-17,-0.097038335488138547,0.049480084294039245,0.024347343065320898,0.091140259024975037,0.69334590877605939,0.061514031893514703,-0.55589808023767517,0.17315662336249049,0.19293696625324419,0,0,0
7.2717581999999998,7495,4008,4294967284,7496,4008,-12,-0.096089359271174707,0.055763269601218829,0.022776546738525999,0.13716398410577149,0.95612793967490206,-0.11374203513384593,-10.969710796957095,0.11830806937770502,0.1696888590448615,0,0,0
7.2767454999999996,7458,4000,4294967288,7459,4000,-8,-0.095272798340298864,0.06204645490839842,0.022776546738526006,0.14936243176770148,1.0963190237121698,-0.060680021200372018,-10.444569130473351,0.06608522372533826,0.13560818007685002,0,0,0
7.2817635999999997,7425,3993,4294967291,7426,3993,-5,-0.094544514266814997,0.067544242052180556,0.023561944901923454,0.14763371727425745,1.0978297782311865,0.040907450614462847,-6.8339886570849462,0.031915280439913526,0.098524780949020646,0,0,0
7.2867230000000003,7399,3988,4294967293,7400,3988,-3,-0.093970714693767096,0.071471232869167789,0.024347343065320895,0.13229769684006445,0.95207670919160936,0.095103157031729724,-4.1175321520836006,0.011327619679495523,0.064917564856946525,0,0,0
7.2917259000000003,7380,3984,4294967295,7381,3984,-1,-0.093551399621155162,0.074612825522757595,0.024347343065320902,0.10970234073464866,0.8010396633270005,0.050736401701595574,-5.3122636703750175,-0.015233698672379566,0.030470961012686239,0,0,0
7.2967079000000004,7368,3982,0,7369,3982,0,-0.093286569048979223,0.076183621849552477,0.024347343065320888,0.083234215499400049,0.57390415946061424,0.027067266092614332,-5.099529033126732,-0.040731343838013225,-0.0028250535958846516,0,0,0
7.3017259000000001,7363,3981,1,7364,3981,1,-0.093176222977239237,0.076969020012949932,0.023561944901923447,0.054700014053844268,0.3794505537919049,-0.058839455173212589,-7.5701114974834018,-0.078581901325430234,-0.040488114835823791,0,0,0
7.3066643999999998,7364,3981,1,7365,3981,1,-0.093198292191587234,0.076969020012949932,0.023561944901923447,0.02712269581752114,0.20243235160590534,-0.031390148621197725,-5.192121217645413,-0.1045425074136573,-0.075746711521584686,0,0,0
7.3116687000000002,7371,3982,1,7372,3982,1,-0.093352776692023201,0.076183621849552477,0.022776546738525992,5.5863377889967328e-05,0.034715729541299825,-0.09002578975900645,-6.4554098659622188,-0.13681955674346841,-0.11364091399458381,0,0,0
7.3166627000000002,7384,3984,0,7385,3984,0,-0.093639676478547151,0.074612825522757595,0.022776546738526006,-0.026738630968536181,-0.12803861030020963,-0.048027686727500046,-3.330616638764976,-0.15347263993729329,-0.14603364240868003,0,0,0
7.3216457000000004,7405,3988,4294967294,7406,3988,-2,-0.094103129979855066,0.071471232869167789,0.022776546738525999,-0.057506056710927227,-0.36142515096308581,-0.025622198911776167,-0.4553594827996772,-0.15574943735129168,-0.16743104208246776,0,0,0
7.3266080999999996,7432,3993,4294967291,7433,3993,-5,-0.094698998767250964,0.067544242052180556,0.023561944901923454,-0.086274773514347258,-0.55921361031969485,0.05961038130501764,5.1239124888875534,-0.1301298749068539,-0.16948202919383012,0,0,0
7.3316403000000001,7464,4000,4294967288,7465,4000,-8,-0.095405213626386834,0.06204645490839842,0.022776546738526006,-0.11191809263854688,-0.81129043652573718,-0.041478090760390343,3.0301892461538849,-0.11497892867608447,-0.16296548716007087,0,0,0
7.3365735000000001,7497,4006,4294967285,7498,4006,-11,-0.096133497699870701,0.057334065928013725,0.022776546738526006,-0.12765760827007688,-0.87249090205468616,-0.022128067461864173,5.0648578590994271,-0.089654639380587334,-0.14531320067304379,0,0,0
7.3415946999999999,7529,4012,4294967282,7530,4012,-14,-0.096839712559006572,0.052621676947629037,0.022776546738526002,-0.13399534215631964,-0.9051406215836113,-0.011805060469765398,6.4070824356281202,-0.057619227202446735,-0.11778448334390909,0,0,0
7.3465835000000004,7558,4017,4294967280,7559,4017,-16,-0.097479719775098464,0.04869468613064179,0.021991148575128548,-0.13119911692097369,-0.84927933883774109,-0.079577378467247828,3.7422734229478571,-0.038907860087707448,-0.090001118460636409,0,0,0
7.3515671999999999,7581,4022,4294967277,7582,4022,-19,-0.097987311705102373,0.04476769531365455,0.022776546738525999,-0.11735270248158365,-0.81947800973974583,0.030825935559491015,8.5518245384707026,0.0038512626046460635,-0.052071760401820946,0,0,0
7.3565497999999998,7598,4025,4294967276,7599,4025,-20,-0.098362488349018298,0.042411500823462206,0.021991148575128548,-0.097611143697532599,-0.65702031698324459,-0.05683424977428711,4.0899750287067214,0.024301137748179671,-0.019027947466771781,0,0,0
7.3611658000000002,7608,4026,4294967275,7609,4026,-21,-0.098583180492498257,0.041626102660064758,0.022776546738525999,-0.072665485347622363,-0.42379203400747972,0.042959123871337934,7.0883112851235639,0.059742694173797489,0.018611522657638949,0,0,0
7.3661553,7610,4027,4294967275,7611,4027,-21,-0.098627318921194251,0.040840704496667317,0.021991148575128558,-0.042884391591753113,-0.29936752253428262,-0.050361338302950032,2.0545356025566059,0.070015372186580521,0.045582944044033513,0,0,0
7.3711177000000001,7607,4026,4294967275,7608,4026,-21,-0.098561111278150274,0.041626102660064758,0.022776546738525999,-0.01670098141972674,-0.086429488839470922,0.046412345055982282,4.7459570071393493,0.093745157222277276,0.074961748952835264,0,0,0
7.3761327000000003,7598,4024,4294967276,7599,4024,-20,-0.098362488349018298,0.043196898986859661,0.022776546738526002,0.0096222176675288488,0.10044993556908549,0.024760433366977915,2.3839103603601841,0.10566470902407819,0.098300565107721741,0,0,0
7.3811131000000003,7584,4021,4294967277,7585,4021,-19,-0.098053519348146365,0.045553093477052005,0.023561944901923454,0.033960882213601128,0.27342740225302675,0.086488915623554832,3.6046174835583593,0.12368779644186999,0.12139002806626385,0,0,0
7.3860695999999999,7565,4017,4294967279,7566,4017,-17,-0.097634204275534431,0.04869468613064179,0.023561944901923444,0.057240821215597044,0.43898834004803389,0.046140806496548795,0.40623394693882298,0.12571896617656411,0.13605434873761063,0,0,0
7.3911049999999996,7541,4012,4294967281,7542,4012,-15,-0.097104543131182525,0.052621676947629037,0.024347343065320898,0.079955942748091674,0.60059264800356338,0.097895090071265442,1.0784666064395676,0.13111129920876194,0.14674819305193817,0,0,0
7.3959906000000002,7514,4006,4294967284,7515,4006,-12,-0.096508674343786641,0.057334065928013725,0.024347343065320895,0.098251520361525652,0.76008614105887395,0.052225864729310692,-2.4132521214241112,0.11904503860164138,0.1468973120970696,0,0,0
7.400436,7489,4001,4294967287,7490,4001,-9,-0.095956943985086737,0.061261056745000965,0.023561944901923447,0.10389377261248543,0.77189450091838674,-0.045417642411994856,-7.3175655132425099,0.082457211035428829,0.13350802610417331,0,0,0
7.4056376999999998,7459,3995,4294967290,7460,3995,-6,-0.095294867554646862,0.06597344572538566,0.023561944901923454,0.11719939830890695,0.85147363957077271,-0.02422977135223282,-7.7001686475966862,0.043956367797445398,0.1044072434578858,0,0,0
7.4116017000000003,7430,3989,4294967293,7431,3989,-3,-0.094654860338554969,0.070685834705770348,0.023561944901923454,0.12223868089974413,0.89392816234110772,-0.012926294466276588,-8.1603948937544768,0.0031543933286730108,0.064003059542966853,0,0,0
7.4164569,7411,3986,4294967294,7412,3986,-2,-0.094235545265943049,0.073042029195962685,0.024347343065320895,0.10433597552239088,0.69673858677598577,0.066383495132320974,-3.9699158342697127,-0.016695185842675552,0.030974208691479762,0,0,0
7.4211817,7399,3983,0,7400,3983,0,-0.093970714693767096,0.075398223686155036,0.023561944901923447,0.080371323566216235,0.59154029652468532,-0.037864715193919533,-7.8124574079437794,-0.055757472882394452,-0.0084981406646830945,0,0,0
7.4253131999999997,7394,3982,0,7395,3982,0,-0.09386036862202711,0.076183621849552477,0.024347343065320888,0.05317269530140991,0.38885922288843594,0.053079144663503927,-2.6814233920746973,-0.069164589842767937,-0.039046735618813208,0,0,0
7.4308984999999996,7395,3982,0,7396,3982,0,-0.093882437836375107,0.076183621849552477,0.024347343065320888,0.026307889451797288,0.20745176452192154,0.028317091563281233,-2.4339795351503106,-0.081334487518519488,-0.06546509392950374,0,0,0
7.4364366000000004,7402,3984,0,7403,3984,0,-0.094036922336811088,0.074612825522757595,0.022776546738526006,-0.00037882611477022161,-0.035885992735751729,-0.13145220746068581,-7.6707254502622986,-0.11968811476983099,-0.099778645969624075,0,0,0
7.4414246000000004,7413,3985,4294967295,7414,3985,-1,-0.094279683694639044,0.07382742735936014,0.023561944901923447,-0.022852312110751307,-0.092424269053523037,0.0031513320641033959,-1.1369188077800712,-0.12537270880873133,-0.12443715252580415,0,0,0
7.4464082999999999,7431,3989,4294967293,7432,3989,-3,-0.094676929552902966,0.070685834705770348,0.023561944901923454,-0.049255421093953936,-0.34242532403592252,0.0016811981272733545,0.71225745710744415,-0.12181142152319412,-0.13863368131332582,0,0,0
7.4514050000000003,7454,3993,4294967291,7455,3993,-5,-0.095184521482906875,0.067544242052180556,0.023561944901923454,-0.073636716617876879,-0.47579790962924479,0.00089689917966499961,2.1568612177650981,-0.11102711543436862,-0.1423992807034839,0,0,0
7.4563968000000003,7480,3998,4294967289,7481,3998,-7,-0.095758321055954776,0.063617251235193309,0.022776546738525992,-0.092821178213424865,-0.6202301150133287,-0.072801034260757638,0.4482945996119283,-0.10878564243630898,-0.1428530178168132,0,0,0
7.4613832000000002,7508,4004,4294967286,7509,4004,-10,-0.096376259057698657,0.058904862254808621,0.022776546738525999,-0.10717408053408457,-0.77056249584777825,-0.038838484797228956,3.336784835251092,-0.092101718260053519,-0.13319685123338007,0,0,0
7.4663798000000003,7536,4009,4294967284,7537,4009,-12,-0.096994197059442552,0.054977871437821381,0.021991148575128551,-0.11483118299475167,-0.77748351143631245,-0.093999388407361509,1.6483875192664548,-0.08385978066372124,-0.12197274539374196,0,0,0
7.4713911,7562,4014,4294967281,7563,4014,-15,-0.097567996632490453,0.051050880620834134,0.022776546738525996,-0.11479793544434044,-0.78117579083105193,0.023131965006842212,7.1817651488319507,-0.047950954919561486,-0.097466456577176938,0,0,0
7.4763687000000001,7585,4018,4294967279,7586,4018,-17,-0.098075588562494348,0.047909287967244349,0.022776546738526002,-0.10860286748397452,-0.70986605862510821,0.012340627854687099,6.794902835702489,-0.013976440741049041,-0.066917021037320681,0,0,0
7.4814293999999997,7604,4022,4294967277,7605,4022,-19,-0.098494903635106282,0.04476769531365455,0.022776546738525999,-0.097061431452738794,-0.67182316571434286,0.0065835779970623938,6.5906186637838706,0.018976652577870311,-0.031732640037273163,0,0,0
7.4863697,7617,4024,4294967276,7618,4024,-20,-0.098781803421630232,0.043196898986859661,0.022776546738526002,-0.0785495511996602,-0.50496869681176015,0.003512260458202529,5.6823098646756058,0.047388201901248345,0.0040524937326260439,0,0,0
7.4913419000000001,7623,4025,4294967276,7624,4025,-20,-0.098914218707718202,0.042411500823462206,0.021991148575128548,-0.054259911701892871,-0.34267430541488569,-0.07140577016475641,1.4093482099814905,0.0544349429511558,0.03029638276833441,0,0,0
7.4963224000000004,7622,4025,4294967276,7623,4025,-20,-0.098892149493370204,0.042411500823462206,0.021991148575128548,-0.026887906453893884,-0.18281266106175709,-0.038094128018085954,1.5691053815350104,0.062280469858830852,0.050857078271511778,0,0,0
7.5019119999999999,7616,4023,4294967276,7617,4023,-20,-0.098759734207282235,0.043982297150257102,0.023561944901923444,-0.0019897163112007309,0.049030661006912335,0.12623627494588521,7.0738722441367878,0.09764983107951479,0.07964456686104332,0,0,0
7.5058898000000003,7608,4022,4294967277,7609,4022,-19,-0.098583180492498257,0.04476769531365455,0.022776546738525999,0.015411392145090784,0.099436793037529642,-0.0059339699446847166,0.78483337214983173,0.10157399794026395,0.10048262093854245,0,0,0
7.5108692000000001,7594,4019,4294967278,7595,4019,-18,-0.098274211491626323,0.047123889803846894,0.023561944901923447,0.03704933785462898,0.27288690277786382,0.07011381699363517,2.6535040730478956,0.11484151830550343,0.11997983309830478,0,0,0
7.5168803000000004,7570,4014,4294967281,7571,4014,-15,-0.097744550347274417,0.051050880620834134,0.022776546738525996,0.069184026833551043,0.51197950930681113,-0.035874632904971941,-3.9889600071782736,0.09489671826961206,0.11754795176337485,0,0,0
7.5208915999999997,7552,4010,4294967283,7553,4010,-13,-0.09734730448901048,0.054192473274423933,0.022776546738525999,0.073972839138399221,0.56625304826591905,-0.01913868942706724,-4.0410025818901971,0.074691705360161079,0.11324315710467669,0,0,0
7.5259026000000002,7528,4005,4294967285,7529,4005,-11,-0.096817643344658574,0.058119464091411173,0.023561944901923454,0.08888227504982954,0.66848685425398857,0.063069256403586071,-1.7408048462031029,0.065987681129145562,0.10281119392045178,0,0,0
7.5308644999999999,7506,4000,4294967287,7507,4000,-9,-0.096332120629002663,0.06204645490839842,0.024347343065320902,0.092718061028022131,0.7230273722555427,0.10692621649730147,-0.57426219743878804,0.063116370141951622,0.093611459927443172,0,0,0
7.5358542000000002,7486,3997,4294967289,7487,3997,-7,-0.095890736342042746,0.06440264939859075,0.023561944901923433,0.09064618664192059,0.60556505050727572,-0.016235656165279555,-5.6857559010344305,0.034687590636779467,0.073758396084622341,0,0,0
7.5402849999999999,7471,3993,4294967291,7472,3993,-5,-0.095559698126822801,0.067544242052180556,0.023561944901923454,0.07924531501709621,0.61617981999468341,-0.0086615292152245494,-5.5698165435021139,0.0068385079192688977,0.051247880171525456,0,0,0
7.5457732000000002,7456,3990,4294967292,7457,3990,-4,-0.09522865991160287,0.069900436542372907,0.024347343065320902,0.073163085777192632,0.54856315381387488,0.068658696605057024,-2.1756520543716422,-0.0040397523525893143,0.029539828290732505,0,0,0
7.5517890000000003,7445,3988,4294967293,7446,3988,-3,-0.094985898553774914,0.071471232869167789,0.024347343065320895,0.061681847859536232,0.4392109483551121,0.036628596988634438,-3.0586741948022573,-0.019333123326600601,0.0069796021203316766,0,0,0
7.5567526999999997,7440,3987,4294967294,7441,3987,-2,-0.094875552482034928,0.072256631032565244,0.023561944901923454,0.043202082583159648,0.30759332971629955,-0.053738599005204432,-6.1644002082864215,-0.050155124368032711,-0.020448446194200252,0,0,0
7.5617473000000004,7439,3987,4294967294,7440,3987,-2,-0.094853483267686931,0.072256631032565244,0.023561944901923454,0.025106906831170804,0.16409737830270499,-0.028668902601196776,-4.2268195442746741,-0.071289222089406079,-0.04702240695724523,0,0,0
7.5667441000000002,7442,3988,4294967294,7443,3988,-2,-0.094919690910730922,0.071471232869167789,0.022776546738525999,0.0072169050104012094,0.01426447781174707,-0.088574037414406878,-5.8270569552966496,-0.10042450686588933,-0.078109739095872127,0,0,0
7.5717452999999999,7449,3989,4294967294,7450,3989,-2,-0.095074175411166889,0.070685834705770348,0.021991148575128558,-0.010563638961459277,-0.06566959025381601,-0.12053271343246025,-6.5202858941838606,-0.13302593633680865,-0.11384231877704705,0,0,0
7.5767027999999996,7462,3991,4294967292,7463,3991,-4,-0.095361075197690839,0.069115038378975438,0.023561944901923433,-0.032404008999893118,-0.18159298293127851,0.082256271380917872,3.2813046770457914,-0.11661941295157968,-0.12969603702774313,0,0,0
7.5817091000000003,7482,3995,4294967290,7483,3995,-6,-0.09580245948465077,0.06597344572538566,0.023561944901923454,-0.058469358159465842,-0.38999577098761384,0.043882741199279568,3.4818513664086899,-0.099210156119536236,-0.13287062339847122,0,0,0
7.5866727000000003,7505,4000,4294967288,7506,4000,-8,-0.096310051414654679,0.06204645490839842,0.022776546738526006,-0.078552242314390383,-0.57445569585787015,-0.049868599457768427,1.1089540442422812,-0.093665385898324835,-0.13233819437842903,0,0,0
7.5916515000000002,7531,4005,4294967286,7532,4005,-10,-0.096883850987702566,0.058119464091411173,0.021991148575128551,-0.095443552633965825,-0.67286286905971227,-0.099883823222129353,0.15733358183413326,-0.092878717989154175,-0.12846365294315559,0,0,0
7.5967228000000002,7557,4010,4294967283,7558,4010,-13,-0.097457650560750467,0.054192473274423933,0.022776546738525999,-0.10445486553238487,-0.72536192404083388,0.019992689110361991,6.1849136035812089,-0.061954149971248131,-0.10980000117671015,0,0,0
7.6012937000000003,7580,4014,4294967281,7581,4014,-15,-0.097965242490754376,0.051050880620834134,0.022776546738525996,-0.1030849628606248,-0.68009002537478302,0.010665861549264582,6.06170238126934,-0.031645638064901428,-0.085302433819639256,0,0,0
7.6055818000000004,7598,4018,4294967279,7599,4018,-17,-0.098362488349018298,0.047909287967244349,0.022776546738526002,-0.092058584785683129,-0.65593800657536039,0.0056901101177598062,5.9472888783884015,-0.0019091936729594208,-0.057594286282143803,0,0,0
7.6110933999999997,7617,4021,4294967278,7618,4021,-18,-0.098781803421630232,0.045553093477052005,0.021991148575128558,-0.088235253657555746,-0.56977367287804359,-0.070243913307194844,2.6053635344995993,0.011117623999538577,-0.029112381736741622,0,0,0
7.6160503000000004,7628,4023,4294967277,7629,4023,-19,-0.099024564779458188,0.043982297150257102,0.021991148575128551,-0.069722669930635792,-0.45052650768170888,-0.037474291221024969,3.3139732067915704,0.02768749003349643,-0.0031613277311591005,0,0,0
7.6210100000000001,7633,4024,4294967276,7634,4024,-20,-0.09913491085119816,0.043196898986859661,0.022776546738526002,-0.047491765400672466,-0.31363004586107252,0.053287431203520627,6.3266522455860112,0.05932075126142649,0.027370475973241635,0,0,0
7.6260314999999999,7633,4024,4294967276,7634,4024,-20,-0.09913491085119816,0.043196898986859661,0.022776546738526002,-0.025336291266151261,-0.16731789447523876,0.028428209951914713,4.2886480805485432,0.080763991664169199,0.055889350292708029,0,0,0
7.6310133999999996,7628,4023,4294967276,7629,4023,-20,-0.099024564779458188,0.043982297150257102,0.023561944901923444,-0.0032210583493047142,-0.015982584836961425,0.088445630752400445,5.784313010977657,0.10968555671905748,0.08759927614601333,0,0,0
7.6359655000000002,7618,4021,4294967277,7619,4021,-19,-0.098803872635978229,0.045553093477052005,0.023561944901923454,0.018872706357142686,0.1380325199086625,0.047184690715447668,2.8347011922826932,0.12385906268047095,0.11451994577920585,0,0,0
7.6410062999999999,7601,4018,4294967279,7602,4018,-17,-0.09842869599206229,0.047909287967244349,0.022776546738526002,0.045073238554446629,0.29347726343061808,-0.048107048713509043,-2.7325097711639077,0.11019651382465141,0.12492787551259894,0,0,0
7.6459510000000002,7580,4013,4294967281,7581,4013,-15,-0.097965242490754376,0.051836278784231589,0.02356194490192345,0.067287351512839058,0.52296422150632638,0.04761498170582034,-0.47926938322318047,0.10780016690853551,0.13143645289202546,0,0,0
7.6509602000000001,7555,4008,4294967283,7556,4008,-13,-0.097413512132054472,0.055763269601218829,0.024347343065320895,0.087374757281177023,0.64539278070044004,0.098681544989592584,0.35815886286883325,0.10959096122287967,0.13414143789456631,0,0,0
7.6559200000000001,7529,4003,4294967286,7530,4003,-10,-0.096839712559006572,0.059690260418206069,0.023561944901923447,0.10015025930222081,0.71070695903994174,-0.020634090229598417,-5.7809117038815687,0.080686402703471827,0.12138378571562278,0,0,0
7.6609365,7503,3998,4294967288,7504,3998,-8,-0.096265912985958685,0.063617251235193309,0.024347343065320895,0.1069658374881567,0.74555129536346643,0.062271477884026954,-3.0326953812941611,0.065522925797001016,0.10623796964237754,0,0,0
7.6659148000000004,7480,3993,4294967291,7481,3993,-5,-0.095758321055954776,0.067544242052180556,0.023561944901923454,0.10442453649609282,0.76414033383404067,-0.040058427426244964,-7.9494607627818912,0.025775621983091558,0.078305682215935007,0,0,0
7.6708797999999998,7461,3989,4294967293,7462,3989,-3,-0.095339005983342842,0.070685834705770348,0.023561944901923454,0.094832341630066985,0.7007778451909088,-0.021370693979738925,-7.1822180385256322,-0.010135468209536605,0.045226972400453605,0,0,0
7.6768888999999998,7444,3986,4294967294,7445,3986,-2,-0.094963829339426917,0.073042029195962685,0.024347343065320895,0.085596799376174149,0.59369519278588501,0.061878508555473305,-3.3398776257799621,-0.026834856338436415,0.013526933100007504,0,0,0
7.6808848000000003,7437,3985,4294967295,7438,3985,-1,-0.094809344838990936,0.07382742735936014,0.023561944901923447,0.06007864494174861,0.390008834381324,-0.040268071883193035,-6.5163624634285764,-0.059416668655579298,-0.020008259990160149,0,0,0
7.6854279999999999,7434,3984,4294967295,7435,3984,-1,-0.094743137195946958,0.074612825522757595,0.024347343065320902,0.038228572393474623,0.28134458785477645,0.051796982491133667,-1.7801220480204636,-0.068317278895681621,-0.04644473662276144,0,0,0
7.6907492,7437,3985,4294967295,7438,3985,-1,-0.094809344838990936,0.07382742735936014,0.023561944901923447,0.014217157323171838,0.076814467821440247,-0.045646445978543448,-4.5797046168087476,-0.091215801979725356,-0.07471131507701706,0,0,0
7.6963002999999999,7445,3986,4294967294,7446,3986,-2,-0.094985898553774914,0.073042029195962685,0.024347343065320895,-0.0088881979806852487,-0.032299915485778513,0.048927683961830684,0.51069141148571262,-0.088662344922296799,-0.09163174852622076,0,0,0
7.7012881000000002,7457,3989,4294967293,7458,3989,-3,-0.095250729125950867,0.070685834705770348,0.023561944901923454,-0.029451070926603415,-0.23707017813096232,-0.047177182573710515,-2.09900906822722,-0.099157390263432899,-0.10864024577830395,0,0,0
7.7062730000000004,7474,3992,4294967292,7475,3992,-4,-0.095625905769866792,0.068329640215577997,0.022776546738525992,-0.050716670075472703,-0.34631267466176657,-0.098447984366323585,-3.1779054823265707,-0.11504691767506575,-0.12504171971749151,0,0,0
7.7112562999999996,7494,3996,4294967290,7495,3996,-6,-0.09606729005682671,0.065188047561988219,0.022776546738526013,-0.068238944759473855,-0.47787176489402694,-0.052520827251354804,-0.0047946456072134325,-0.11507089090310182,-0.13453665091419734,0,0,0
7.7162448000000001,7518,4001,4294967288,7519,4001,-8,-0.096596951201178616,0.061261056745000965,0.021991148575128551,-0.085823310683098633,-0.62133649209973729,-0.10129875516486916,-0.74108034703789505,-0.1187762926382913,-0.140935742488181,0,0,0
7.7212364000000004,7544,4006,4294967285,7545,4006,-11,-0.097170750774226516,0.057334065928013725,0.022776546738526006,-0.099322581018182185,-0.69787321555561621,0.019237839769206559,5.5025189202955103,-0.091263698036813751,-0.13137770839463053,0,0,0
7.7262198,7570,4011,4294967282,7571,4011,-14,-0.097744550347274417,0.053407075111026485,0.02356194490192345,-0.10652428098036867,-0.73870464605046071,0.083542677707207205,9.1827446924873932,-0.045349974574376783,-0.1052998694485805,0,0,0
7.7312152000000003,7595,4016,4294967280,7596,4016,-16,-0.09829628070597432,0.049480084294039245,0.022776546738526002,-0.10830719188308566,-0.76048772796167441,-0.028710495637359751,5.0719799060450166,-0.019990075044151699,-0.076568542024138764,0,0,0
7.7362013999999997,7616,4020,4294967278,7617,4020,-18,-0.098759734207282235,0.046338491640449446,0.022776546738525999,-0.1010219125662786,-0.69882922345655252,-0.015316707511854826,5.6750030146147727,0.0083849400289221637,-0.043232539387306534,0,0,0
7.7411889,7631,4022,4294967277,7632,4022,-19,-0.099090772422502166,0.04476769531365455,0.022776546738525999,-0.084780641234165149,-0.51937610700454828,-0.0081712810523001944,5.197810416724697,0.034373992112545645,-0.0093061878484228117,0,0,0
7.7461736999999999,7639,4024,4294967276,7640,4024,-20,-0.099267326137286144,0.043196898986859661,0.022776546738526002,-0.061702344555260538,-0.42364000646821842,-0.0043592811303602092,4.6911126576704412,0.057829555400897847,0.023035333129440519,0,0,0
7.7512091999999999,7640,4024,4294967276,7641,4024,-20,-0.099289395351634141,0.043196898986859661,0.022776546738526002,-0.034976576275352236,-0.22600689836055249,-0.0023256245687653348,3.4681733796837455,0.075170422299316572,0.051085740495932973,0,0,0
7.7561676000000004,7636,4023,4294967276,7637,4023,-20,-0.099201118494242152,0.043982297150257102,0.023561944901923444,-0.010423145859156989,-0.047292469487775796,0.072038826280231172,5.3988794114341818,0.10216481935648748,0.081923865099532603,0,0,0
7.7611621,7627,4021,4294967277,7628,4021,-19,-0.099002495565110191,0.045553093477052005,0.023561944901923454,0.012971368176919761,0.12132906931401691,0.038431855916685104,2.6815705300425856,0.11557267200670041,0.10782861808411788,0,0,0
7.7661926000000001,7612,4018,4294967278,7613,4018,-18,-0.098671457349890246,0.047909287967244349,0.024347343065320902,0.037806724388354938,0.28456617145824603,0.093782456742097647,3.6619654337438168,0.1338824991754195,0.13259448204893642,0,0,0
7.7711855999999999,7591,4014,4294967280,7592,4014,-16,-0.098208003848582331,0.051050880620834134,0.024347343065320892,0.063410752741484333,0.44493074076843064,0.050031823825174675,0.28438045114912014,0.13530440143116509,0.14765298449762113,0,0,0
7.7761418999999998,7565,4009,4294967283,7566,4009,-13,-0.097634204275534431,0.054977871437821381,0.023561944901923447,0.087365748265441634,0.60376284802038627,-0.046588137105717867,-5.5120933857517809,0.10774393450240619,0.14388231154011263,0,0,0
7.7811586999999998,7536,4003,4294967286,7537,4003,-10,-0.096994197059442552,0.059690260418206069,0.023561944901923447,0.10632278388777452,0.76177740501422586,-0.024854216332020021,-6.2692990872799106,0.076397439066006628,0.12674783284766347,0,0,0
7.7861634000000004,7508,3997,4294967288,7509,3997,-8,-0.096376259057698657,0.06440264939859075,0.025132741228718336,0.11437702637195948,0.8460762893894751,0.13329961015749869,-0.55648037346286383,0.073615037198692307,0.11379149978761147,0,0,0
7.7911111999999996,7483,3993,4294967291,7484,3993,-5,-0.095824528698998754,0.067544242052180556,0.023561944901923454,0.11249653803186989,0.74448970171190432,-0.0754452840179205,-9.5224667094489881,0.026002703651447363,0.082206432367609425,0,0,0
7.7960868000000003,7463,3989,4294967293,7464,3989,-3,-0.095383144412038837,0.070685834705770348,0.023561944901923454,0.10119776858339261,0.69029446697133667,-0.040249160552546528,-8.0715409545649202,-0.014355001121377241,0.045776576188939044,0,0,0
7.8011018999999999,7447,3986,4294967294,7448,3986,-2,-0.095030036982470908,0.073042029195962685,0.024347343065320895,0.086933568587762938,0.58810243535133944,0.051807071460818976,-3.7631093812781367,-0.033170548027767921,0.012529222258808731,0,0,0
7.8060632999999999,7439,3984,4294967295,7440,3984,-1,-0.094853483267686931,0.074612825522757595,0.024347343065320902,0.06285090565938925,0.46030468418565035,0.027638455658653339,-3.9554584183812125,-0.052947840119673989,-0.017961472350974179,0,0,0
7.8110704999999996,7436,3984,4294967295,7437,3984,-1,-0.094787275624642953,0.074612825522757595,0.024347343065320902,0.039707540471735581,0.24556706728649577,0.014744786950041071,-3.2070203774932358,-0.068982942007140169,-0.04602841522623688,0,0,0
7.8160657000000002,7439,3984,4294967295,7440,3984,-1,-0.094853483267686931,0.074612825522757595,0.024347343065320902,0.015006169180027951,0.13100710596151316,0.0078661682435224225,-2.5036743788995977,-0.081501313901638159,-0.069892495766788992,0,0,0
7.8210243000000004,7446,3985,4294967294,7447,3985,-2,-0.095007967768122911,0.07382742735936014,0.02513274122871835,-0.0064081592886020711,-0.0033887884132400986,0.077476026372455223,1.6111707547601635,-0.073445460127837342,-0.082687934189744974,0,0,0
7.8260116999999996,7457,3987,4294967294,7458,3987,-2,-0.095250729125950867,0.072256631032565244,0.023561944901923454,-0.026068889556211124,-0.14836691684572509,-0.10522650116926888,-5.0550293552938363,-0.098720606904306521,-0.10331449284532555,0,0,0
7.8310366,7472,3990,4294967292,7473,3990,-4,-0.095581767341170798,0.069900436542372907,0.024347343065320902,-0.044794096067016703,-0.29899054112514867,0.017142434051027992,1.4160402924124629,-0.091640405442244208,-0.11131802294152077,0,0,0
7.8359322000000002,7490,3994,4294967291,7491,3994,-5,-0.095979013199434735,0.066758843888783101,0.022776546738525999,-0.060961101531916653,-0.4526259702072209,-0.13741375416549662,-3.9420548359764909,-0.11135067962212666,-0.12556099739457433,0,0,0
7.8419140000000001,7516,3999,4294967288,7517,3999,-8,-0.096552812772482635,0.062831853071795868,0.023561944901923454,-0.08605888851781035,-0.6078681612841933,-2.9082107395286827e-05,3.5316670547995757,-0.093692344348128787,-0.1199259284619798,0,0,0
7.8468970999999996,7540,4004,4294967286,7541,4004,-10,-0.097082473916834527,0.058904862254808621,0.022776546738525999,-0.0953300384620831,-0.69068802145864883,-0.073295034249976868,1.3939032231053945,-0.086722828232601815,-0.11467866180925591,0,0,0
7.8518843,7563,4008,4294967284,7564,4008,-12,-0.097590065846838436,0.055763269601218829,0.022776546738525999,-0.098216976285353086,-0.66159191127553352,-0.039102027908477194,3.2016372984815842,-0.070714641740193901,-0.10385190910524091,0,0,0
7.8568686000000003,7585,4012,4294967282,7586,4012,-14,-0.098075588562494348,0.052621676947629037,0.022776546738526002,-0.097698012971067338,-0.64606948299576694,-0.020860466226684221,4.3204963089323449,-0.049112160195532176,-0.086938695574378735,0,0,0
7.8613843000000001,7604,4016,4294967280,7605,4016,-16,-0.098494903635106282,0.049480084294039245,0.022776546738526002,-0.091243821435021744,-0.63778845236369563,-0.011128810306544196,4.9700668891491393,-0.02426182574978648,-0.065542251015619196,0,0,0
7.8663751,7621,4019,4294967278,7622,4019,-18,-0.098870080279022207,0.047123889803846894,0.023561944901923447,-0.083682366587477602,-0.56009110184750877,0.067342431525463431,8.2562567794802852,0.017019458147614946,-0.032283189108169907,0,0,0
7.8713568,7632,4021,4294967278,7633,4021,-18,-0.099112841636850163,0.045553093477052005,0.021991148575128558,-0.067293758898666428,-0.44536097134577357,-0.11063265334008056,0.043432144618101631,0.017236618870705454,-0.012370847564269209,0,0,0
7.8763610999999996,7639,4022,4294967277,7640,4022,-19,-0.099267326137286144,0.04476769531365455,0.022776546738525999,-0.05031419081623982,-0.3108742937417539,0.014258316249273005,4.5841186094834887,0.040157211918122895,0.013125815667707074,0,0,0
7.8813566000000002,7641,4022,4294967277,7642,4022,-19,-0.099311464565982138,0.04476769531365455,0.022776546738525999,-0.030960242138790825,-0.1658477335375832,0.0076066419179979155,3.3617155905801499,0.056965789871023645,0.036407677579938298,0,0,0
7.8863402000000002,7638,4022,4294967277,7639,4022,-19,-0.099245256922938146,0.04476769531365455,0.022776546738525999,-0.010339589690179569,-0.088477790776751206,0.0040580528764462762,2.4560852781244393,0.069246216261645843,0.056394604496493125,0,0,0
7.8913342999999996,7632,4020,4294967277,7633,4020,-19,-0.099112841636850163,0.046338491640449446,0.024347343065320895,0.0068386136098454184,0.099357190878586965,0.14872396146663608,7.4936213206166302,0.106714322864729,0.087013228589862157,0,0,0
7.8963720000000004,7621,4018,4294967278,7622,4018,-18,-0.098870080279022207,0.047909287967244349,0.024347343065320902,0.026298531810353153,0.19956491668202639,0.079342462302343139,3.639804348614609,0.12491334460780204,0.11341226668283513,0,0,0
7.9013562999999998,7605,4015,4294967280,7606,4015,-16,-0.098516972849454279,0.050265482457436693,0.02356194490192345,0.046975717737533548,0.32630406432550035,-0.030951260535872466,-2.308434890404333,0.11337117015578038,0.12553955396750541,0,0,0
7.9063122999999997,7584,4010,4294967282,7585,4010,-14,-0.098053519348146365,0.054192473274423933,0.024347343065320898,0.068302301500564655,0.54047692885236476,0.056767390391870995,-0.30903890735390194,0.11182597561901088,0.13317402588552177,0,0,0
7.9113303000000004,7559,4005,4294967285,7560,4005,-11,-0.097501788989446461,0.058119464091411173,0.023561944901923454,0.087916221012681678,0.65473560151231514,-0.042994792555633994,-5.9797109061019826,0.081927421088500957,0.12264480457832014,0,0,0
7.9163087000000001,7534,4000,4294967287,7535,4000,-9,-0.096950058630746558,0.06204645490839842,0.024347343065320902,0.098380013492015528,0.71569124268027595,0.050342309484653833,-2.9813958349880036,0.067020441913560935,0.1096109813543681,0,0,0
7.9212889000000004,7510,3996,4294967289,7511,3996,-7,-0.096420397486394652,0.065188047561988219,0.024347343065320902,0.10190321190466803,0.67493083203618864,0.026857022588085516,-4.3302497629732422,0.045369193098694721,0.089815395775801957,0,0,0
7.9262769999999998,7489,3991,4294967292,7490,3991,-4,-0.095956943985086737,0.069115038378975438,0.023561944901923433,0.097605465512206946,0.72646515766159947,-0.05895161757911057,-8.6387884291196322,0.0021752509530965566,0.057047922609277456,0,0,0
7.9312718999999996,7473,3988,4294967293,7474,3988,-3,-0.095603836555518795,0.071471232869167789,0.024347343065320895,0.085017117679696691,0.60739906808113575,0.041829533363005877,-3.9600114110150439,-0.017624806101978665,0.028036495528163414,0,0,0
7.9362389999999996,7462,3986,4294967294,7463,3986,-2,-0.095361075197690839,0.073042029195962685,0.024347343065320895,0.068005832710936159,0.4705992079451542,0.022315557905061623,-4.1071377080681053,-0.038160494642319187,-0.0012628055000999221,0,0,0
7.9412631999999999,7457,3985,4294967295,7458,3985,-1,-0.095250729125950867,0.07382742735936014,0.023561944901923447,0.046575853189620757,0.32433859240766311,-0.06137443490361269,-6.8202720528269172,-0.072261854906453774,-0.035629835219747497,0,0,0
7.9462044000000001,7457,3985,4294967295,7458,3985,-1,-0.095250729125950867,0.07382742735936014,0.023561944901923447,0.02484766300907025,0.17303077653073959,-0.032742530118523516,-4.6224643607719216,-0.095374176710313383,-0.068338875636176716,0,0,0
7.9512225000000001,7463,3986,4294967295,7464,3986,-1,-0.095383144412038837,0.073042029195962685,0.022776546738525992,0.00090127073046063384,0.019030339379377897,-0.09074726918244172,-5.9820919645061856,-0.1252846365328443,-0.1034826027551749,0,0,0
7.9562106999999997,7474,3988,4294967294,7475,3988,-2,-0.095625905769866792,0.071471232869167789,0.022776546738525999,-0.022169395688377357,-0.13640657915571383,-0.048412587407870696,-2.9596921614622786,-0.1400830973401557,-0.13383030519108027,0,0,0
7.9611717999999998,7492,3991,4294967292,7493,3991,-4,-0.096023151628130729,0.069115038378975438,0.023561944901923433,-0.048891093315408182,-0.29260984340210094,0.047451980451009582,2.6465640154221273,-0.12685027726304507,-0.14768747167019677,0,0,0
7.9661793000000003,7516,3996,4294967290,7517,3996,-6,-0.096552812772482635,0.065188047561988219,0.022776546738526013,-0.07550146234948979,-0.52250146325113656,-0.047964452822712958,0.51593557071138929,-0.12427059940948812,-0.15560093023662136,0,0,0
7.9711473000000002,7544,4002,4294967287,7545,4002,-9,-0.097170750774226516,0.060475658581603517,0.022776546738525999,-0.097934218379593541,-0.71842542397426046,-0.025588464376619709,3.2804015631845811,-0.10786859159356521,-0.15129295351210895,0,0,0
7.9761521000000002,7574,4008,4294967284,7575,4008,-12,-0.097832827204666392,0.055763269601218829,0.022776546738525999,-0.11402004709744755,-0.82294852377944683,-0.013651141014235547,5.1632480418846542,-0.082052351384141936,-0.13511930326260649,0,0,0
7.9811386000000004,7603,4013,4294967281,7604,4013,-15,-0.098472834420758285,0.051836278784231589,0.02356194490192345,-0.12054253489103448,-0.8054308334774235,0.065996798131117335,9.2606723686437942,-0.035748989540922961,-0.10271639308345133,0,0,0
7.9861021000000001,7629,4018,4294967279,7630,4018,-17,-0.099046633993806185,0.047909287967244349,0.022776546738526002,-0.1178448736650379,-0.79608535431787197,-0.038071013438922316,5.2715510182898102,-0.0093912344494739078,-0.069175093599467607,0,0,0
7.9911139000000002,7649,4022,4294967277,7650,4022,-19,-0.099488018280766102,0.04476769531365455,0.022776546738525999,-0.10405104195084594,-0.71782013318869475,-0.020310432285434728,5.8381150457519908,0.019799340779286047,-0.032964076429709735,0,0,0
7.9960746,7662,4025,4294967276,7663,4025,-20,-0.099774918067290053,0.042411500823462206,0.021991148575128548,-0.0822784251617657,-0.60278705047764936,-0.084114893041209018,2.4536381008948358,0.032067531283760227,-0.0038014649206468201,0,0,0
8.0010881000000005,7669,4026,4294967275,7670,4026,-21,-0.099929402567726019,0.041626102660064758,0.022776546738525999,-0.058308331816576617,-0.39485923218577468,0.028405225571130399,6.0766690760213997,0.062450876663867227,0.029957906735358239,0,0,0
8.0060921,7669,4026,4294967275,7670,4026,-21,-0.099929402567726019,0.041626102660064758,0.022776546738525999,-0.031106800635532103,-0.21065269802848766,0.015153849566954552,4.2631396853846306,0.083766575090790385,0.059914268285723472,0,0,0
8.0109233,7663,4024,4294967276,7664,4024,-20,-0.09979698728163805,0.043196898986859661,0.022776546738526002,-0.0042404461146782688,0.034178332829626165,0.0080843982781566501,2.2919340314033105,0.095226245247806943,0.083997071768103782,0,0,0
8.0159491000000003,7653,4022,4294967277,7654,4022,-19,-0.099576295138158091,0.04476769531365455,0.022776546738525999,0.018328875124111924,0.16479277212198704,0.0043129302050336701,0.93573916707159022,0.099904941083164889,0.10280229700443028,0,0,0
8.0207870000000003,7637,4019,4294967278,7638,4019,-18,-0.099223187708590149,0.047123889803846894,0.023561944901923447,0.04272400080534057,0.30775353930102106,0.075580416194109573,2.6420584988782334,0.11311523357755605,0.11979465987929769,0,0,0
8.0267285000000008,7613,4014,4294967280,7614,4014,-16,-0.098693526564238243,0.051050880620834134,0.024347343065320892,0.07221139193871158,0.53058044466831755,0.11360077125128332,2.3867998895174116,0.12504923302514312,0.13090126646919309,0,0,0
8.0317486000000002,7589,4009,4294967283,7590,4009,-13,-0.098163865419886337,0.054977871437821381,0.023561944901923447,0.0879425639457104,0.64945594505645521,-0.012674860690692465,-4.284208363178907,0.10362819120924859,0.12844898734222759,0,0,0
8.0367099999999994,7564,4004,4294967285,7565,4004,-11,-0.097612135061186434,0.058904862254808621,0.024347343065320902,0.098394067133070778,0.71287460883602183,0.066517632057294468,-1.8701311281364084,0.094277535568566551,0.12377313523076382,0,0,0
8.0416889999999999,7539,4000,4294967288,7540,4000,-8,-0.097060404702486544,0.06204645490839842,0.022776546738526006,0.10396981961752694,0.67342819142331489,-0.1110726740338876,-9.9541303099883507,0.044506884018624793,0.097755789892868622,0,0,0
8.0466757999999992,7516,3995,4294967290,7517,3995,-6,-0.096552812772482635,0.06597344572538566,0.023561944901923454,0.10282619664141571,0.72566351678944341,0.014023570449293948,-5.3481909335742932,0.017765929350753325,0.070181998019872932,0,0,0
8.0516693000000004,7497,3992,4294967292,7498,3992,-4,-0.096133497699870701,0.068329640215577997,0.022776546738525992,0.093979646352080448,0.60697140222250734,-0.065798111462742864,-8.5234530368109613,-0.024851335833301482,0.032018904148770296,0,0,0
8.0566548999999998,7485,3989,4294967293,7486,3989,-3,-0.095868667127694748,0.070685834705770348,0.023561944901923454,0.074846345286436203,0.54365057259462735,0.038177010410359966,-3.736934236859331,-0.043536007017598133,0.00013642240532359476,0,0,0
8.0616409999999998,7479,3988,4294967293,7480,3988,-3,-0.095736251841606779,0.071471232869167789,0.024347343065320895,0.052284295448329715,0.36331062548610937,0.093646499699404473,-0.23910161062746926,-0.044731515070735479,-0.02221186891352956,0,0,0
8.0666391999999991,7478,3988,4294967293,7479,3988,-3,-0.095714182627258781,0.071471232869167789,0.024347343065320895,0.02995215923549344,0.19382189206369924,0.049959292361998871,-0.91394898415795778,-0.049301259991525265,-0.040413061672256237,0,0,0
8.0716266000000001,7481,3989,4294967293,7482,3989,-3,-0.095780390270302773,0.070685834705770348,0.023561944901923454,0.0098017894664378727,0.030122151916712414,-0.046626831777551239,-3.9078856420411694,-0.068840688201731115,-0.061536561162068917,0,0,0
8.0766162999999995,7487,3990,4294967293,7488,3990,-3,-0.095912805556390743,0.069900436542372907,0.022776546738526013,-0.0071255236245964491,-0.057209709966413232,-0.098154378770648157,-5.3954205798082313,-0.095817791100772265,-0.087292435546077615,0,0,0
8.0816689999999998,7498,3992,4294967292,7499,3992,-4,-0.096155566914218699,0.068329640215577997,0.022776546738525992,-0.026451594886437602,-0.17707973754589276,-0.052364192162588141,-2.4412578162341911,-0.10802408018194322,-0.1080354457833435,0,0,0
8.0866308999999994,7513,3995,4294967290,7514,3995,-6,-0.096486605129438643,0.06597344572538566,0.023561944901923454,-0.044998264803090909,-0.31430848903032227,0.045343846373671441,2.9762425683718572,-0.093142867340083937,-0.11501746957179936,0,0,0
8.0916239000000001,7532,3999,4294967288,7533,3999,-8,-0.096905920202050563,0.062831853071795868,0.023561944901923454,-0.063129133383904829,-0.46079791299458361,0.024190402044618222,3.4795421109369302,-0.075745156785399281,-0.11202865164581312,0,0,0
8.0965799000000001,7554,4003,4294967286,7555,4003,-10,-0.097391442917706475,0.059690260418206069,0.023561944901923447,-0.078979066641069184,-0.53894827615031338,0.012905291409509051,4.1047822625386958,-0.0552212454727058,-0.099066747907780611,0,0,0
8.1015201000000001,7575,4008,4294967284,7576,4008,-12,-0.097854896419014389,0.055763269601218829,0.022776546738525999,-0.085375707015634433,-0.65392008350035646,-0.066394700012983601,1.7557450336008351,-0.046442520304701626,-0.085823221698166252,0,0,0
8.1064909000000007,7594,4011,4294967282,7595,4011,-14,-0.098274211491626323,0.053407075111026485,0.02356194490192345,-0.084670017953017304,-0.56869713494879104,0.037858737523524255,6.2361782702808339,-0.015261628953297454,-0.061597420256260221,0,0,0
8.1114972999999999,7611,4014,4294967281,7612,4014,-15,-0.098649388135542249,0.051050880620834134,0.022776546738525996,-0.080175320716655007,-0.52323170680886177,-0.05308233367947357,2.3998729674406047,-0.00326226411609443,-0.039480054805957523,0,0,0
8.1164860000000001,7623,4017,4294967280,7624,4017,-16,-0.098914218707718202,0.04869468613064179,0.021991148575128548,-0.067481901954393103,-0.4989764423398505,-0.10159831215734033,0.15982545962741668,-0.0024631368179573467,-0.024065960682662341,0,0,0
8.1214569999999995,7630,4018,4294967279,7631,4018,-17,-0.099068703208154182,0.047909287967244349,0.022776546738526002,-0.050414562895891496,-0.33947750901533319,0.019078029681120122,4.4439662680145036,0.019756694522115172,-0.0041922725691177706,0,0,0
8.1264268000000008,7634,4019,4294967279,7635,4019,-17,-0.099156980065546158,0.047123889803846894,0.021991148575128548,-0.035132009973403266,-0.25438672754497055,-0.063101617655657458,0.3494311701379913,0.021503850372805128,0.0086630382514348032,0,0,0
8.1314759999999993,7635,4019,4294967279,7636,4019,-17,-0.099179049279894155,0.047123889803846894,0.021991148575128548,-0.020801619199625272,-0.13571228967687893,-0.033663961547877361,0.8070855961283645,0.025539278353446951,0.019321987287999789,0,0,0
8.1364063000000009,7633,4018,4294967279,7634,4018,-17,-0.09913491085119816,0.047909287967244349,0.022776546738526002,-0.0069791955929706063,0.0008786289346966597,0.055320196707276253,3.7359364511466935,0.044218960609180416,0.034019796019414753,0,0,0
8.1413901000000006,7630,4018,4294967279,7631,4018,-17,-0.099068703208154182,0.047909287967244349,0.022776546738526002,0.0024540130539156611,0.00046873807314873063,0.029512666140149146,2.4536945523787201,0.056487433371074015,0.049119167045748827,0,0,0
8.1464013000000008,7624,4017,4294967279,7625,4017,-17,-0.098936287922066199,0.04869468613064179,0.023561944901923444,0.013663848315970683,0.073529585471882195,0.089024175214133569,4.4534766759521993,0.078754816750835011,0.068684087184349277,0,0,0
8.1513916000000002,7615,4015,4294967280,7616,4015,-16,-0.098737664992934238,0.050265482457436693,0.02356194490192345,0.025821492719531144,0.18578619677614922,0.047493337295948672,1.8741597819341815,0.088125615660505918,0.085004568189512339,0,0,0
8.1563514999999995,7603,4012,4294967281,7604,4012,-15,-0.098472834420758285,0.052621676947629037,0.024347343065320898,0.038484782012713332,0.31895328134523493,0.09861664914557855,3.0805239119153067,0.10352823522008245,0.10305938000345299,0,0,0
8.1613743000000003,7586,4009,4294967283,7587,4009,-13,-0.098097657776842345,0.054977871437821381,0.023561944901923447,0.055536047358271307,0.389996335088164,-0.020668711389541544,-2.9619201822036851,0.088718634309064015,0.10628372255398326,0,0,0
8.1663531999999996,7567,4005,4294967285,7568,4005,-11,-0.097678342704230425,0.058119464091411173,0.023561944901923454,0.068750914883601147,0.50117647750677885,-0.011026511384518817,-3.6974790363893351,0.070231239127117345,0.10097700281242288,0,0,0
8.1713223999999993,7547,4001,4294967286,7548,4001,-10,-0.097236958417270508,0.061261056745000965,0.025132741228718343,0.077859999596431931,0.56048975945292268,0.14067652607411213,2.027618609288651,0.080369332173560598,0.10183974410829784,0,0,0
8.1758279999999992,7529,3998,4294967288,7530,3998,-8,-0.096839712559006572,0.063617251235193309,0.024347343065320895,0.078601367286026957,0.51885316972270246,0.0017697320645888998,-4.0438936766400397,0.0601498637903604,0.093084887671364733,0,0,0
8.1812369,7508,3994,4294967290,7509,3994,-6,-0.096376259057698657,0.066758843888783101,0.024347343065320895,0.085174208907706619,0.56992006424000075,0.00094413098088024926,-4.8459578037157041,0.035920074771781878,0.074241797939418583,0,0,0
8.186185,7491,3991,4294967292,7492,3991,-4,-0.096001082413782732,0.069115038378975438,0.023561944901923433,0.080444300586617612,0.52388412502196735,-0.072775836657288526,-8.1123604702575136,-0.0046417275795056917,0.044818829409129547,0,0,0
8.1911991999999998,7477,3988,4294967293,7478,3988,-3,-0.095692113412910784,0.071471232869167789,0.024347343065320895,0.071743620037202915,0.49932449968695392,0.034454477116163507,-3.5771728866848145,-0.022527592012929764,0.017712269056472038,0,0,0
8.1961674999999996,7468,3987,4294967294,7469,3987,-2,-0.095493490483778823,0.072256631032565244,0.023561944901923454,0.056806359266098366,0.33966319346503088,-0.054898466065772186,-6.6373111784947447,-0.055714147905403494,-0.015953141001679924,0,0,0
8.2011749999999992,7465,3986,4294967294,7466,3986,-2,-0.095427282840734831,0.073042029195962685,0.024347343065320895,0.03648284695486851,0.25448578798758381,0.043991841426757841,-1.7378605514353642,-0.064403450662580311,-0.041098283638661567,0,0,0
8.2061522,7467,3986,4294967294,7468,3986,-2,-0.095471421269430826,0.073042029195962685,0.024347343065320895,0.01534494385408015,0.13576513724331132,0.023469123506343559,-1.6643203414256629,-0.072725052369708623,-0.062570248368225723,0,0,0
8.2111558999999996,7473,3988,4294967294,7474,3988,-2,-0.095603836555518795,0.071471232869167789,0.022776546738525999,-0.0041683167717098957,-0.074129954679378177,-0.13403854068505341,-7.0951961867841637,-0.10820103330362944,-0.093532371487307545,0,0,0
8.2161352999999995,7483,3990,4294967293,7484,3990,-3,-0.095824528698998754,0.069900436542372907,0.022776546738526013,-0.022814849984808861,-0.18610648659860418,-0.07150796520270504,-3.5020053634800297,-0.12571106012102959,-0.12110977707286134,0,0,0
8.2211032999999993,7499,3993,4294967291,7500,3993,-5,-0.096177636128566696,0.067544242052180556,0.023561944901923454,-0.045117214970456454,-0.31912415215121304,0.035130871438216207,2.357763286485012,-0.11392224368860453,-0.13355072217150823,0,0,0
8.2261042999999994,7521,3997,4294967289,7522,3997,-7,-0.096663158844222608,0.06440264939859075,0.023561944901923433,-0.069369922669789932,-0.46336701192028673,0.018741901541938985,3.1987894685332652,-0.097928296345938193,-0.13401708515650829,0,0,0
8.2310970000000001,7545,4002,4294967287,7546,4002,-9,-0.097192819988574514,0.060475658581603517,0.022776546738525999,-0.086426673929539372,-0.6135983791240267,-0.063280938014989269,1.1172236614126132,-0.092342178038875122,-0.13153855474400272,0,0,0
8.2360614999999999,7571,4007,4294967284,7572,4007,-12,-0.097766619561622414,0.056548667764616277,0.023561944901923447,-0.099644468124760383,-0.69374502443555719,0.03951989246794594,6.6431320131785121,-0.059126517972982559,-0.11224068643602227,0,0,0
8.2410742999999993,7596,4012,4294967282,7597,4012,-14,-0.098318349920322318,0.052621676947629037,0.022776546738526002,-0.10463689365568316,-0.73650230525016125,-0.052196127299166541,3.517016902873177,-0.041541433458616675,-0.09114096037466235,0,0,0
8.2460229999999992,7618,4017,4294967280,7619,4017,-16,-0.098803872635978229,0.04869468613064179,0.021991148575128548,-0.10112296243392735,-0.75931280537219126,-0.10112553160719823,1.8592868130212912,-0.032244999393510221,-0.071503059841946603,0,0,0
8.2510501000000005,7636,4020,4294967278,7637,4020,-18,-0.099201118494242152,0.046338491640449446,0.022776546738525999,-0.091011880923324379,-0.62492289695509173,0.019330252474320117,6.6071697700697776,0.00079084945683866731,-0.042589864518148321,0,0,0
8.2560421999999996,7650,4023,4294967277,7651,4023,-19,-0.0995100874951141,0.043982297150257102,0.021991148575128551,-0.077381298298484488,-0.55322748125174515,-0.062967059799182878,2.8117639211652294,0.014849669062664815,-0.017610420674060483,0,0,0
8.2609923999999992,7658,4024,4294967276,7659,4024,-20,-0.099686641209898064,0.043196898986859661,0.022776546738526002,-0.057754883217174521,-0.368419792204149,0.039687342758131905,6.2157829103106259,0.045928583614217942,0.012445565275059245,0,0,0
8.2660018999999991,7660,4025,4294967275,7661,4025,-21,-0.099730779638594058,0.042411500823462206,0.023561944901923447,-0.034929762924161556,-0.26982709095519003,0.094452244020530804,7.872252127263538,0.085289844250535624,0.047881364474022331,0,0,0
8.2710030000000003,7657,4024,4294967275,7658,4024,-21,-0.099664571995550066,0.043196898986859661,0.024347343065320902,-0.01245728175651346,-0.070670020386332189,0.1236686666538017,7.9469212240672178,0.1250244503708717,0.088108614639900162,0,0,0
8.2753914999999996,7650,4023,4294967276,7651,4023,-20,-0.0995100874951141,0.043982297150257102,0.023561944901923444,0.007767960374577644,0.035577905018742646,-0.007303758391099327,1.4536003573319829,0.13229245215753163,0.11939792415930015,0,0,0
8.2812021999999992,7631,4020,4294967277,7632,4020,-19,-0.099090772422502166,0.046338491640449446,0.024347343065320895,0.043267209343597936,0.23881894650952062,0.069383051170159124,2.9087984487205931,0.14683644440113461,0.14358967141425993,0,0,0
8.2863295000000008,7608,4015,4294967280,7609,4015,-16,-0.098583180492498257,0.050265482457436693,0.02356194490192345,0.070442076962130132,0.49380466034983816,-0.036264487769172161,-3.6506125090372863,0.12858338185594817,0.15111079630612143,0,0,0
8.2912871999999993,7580,4009,4294967283,7581,4009,-13,-0.097965242490754376,0.054977871437821381,0.023561944901923447,0.095235096527196833,0.70311602137402784,-0.019346672354372641,-4.915763103187591,0.10400456634001021,0.14459162284100019,0,0,0
8.2962703999999992,7551,4003,4294967285,7552,4003,-11,-0.097325235274662483,0.059690260418206069,0.02513274122871835,0.11052098747007069,0.8147811398105036,0.13623781928073536,0.42471865386490393,0.10612815960933472,0.1410363457373626,0,0,0
8.3013571000000006,7522,3998,4294967288,7523,3998,-8,-0.096685228058570605,0.063617251235193309,0.024347343065320895,0.11867582824980996,0.80107363139462384,-0.0005982651495234359,-6.0556347267375088,0.075849985975647183,0.12255542572892181,0,0,0
8.3062533999999992,7496,3993,4294967291,7497,3993,-5,-0.096111428485522704,0.067544242052180556,0.023561944901923454,0.11684900790238395,0.79376083889622162,-0.07359868662460195,-9.7104549263649371,0.027297711343822494,0.089965993886918477,0,0,0
8.3112197999999999,7473,3989,4294967293,7474,3989,-3,-0.095603836555518795,0.070685834705770348,0.023561944901923454,0.10969709021430699,0.71658003189368602,-0.039264022834171207,-8.3214045959328296,-0.014309311635841655,0.050282346434892655,0,0,0
8.3162350000000007,7456,3985,4294967294,7457,3985,-2,-0.09522865991160287,0.07382742735936014,0.02513274122871835,0.093526965722929539,0.67540499049703251,0.12561214999367451,-1.1082196776745841,-0.019850410024214574,0.021583679681704559,0,0,0
8.3212159000000003,7446,3984,4294967295,7447,3984,-1,-0.095007967768122911,0.074612825522757595,0.024347343065320902,0.07048662503627505,0.43360003838568428,-0.0062669331740422413,-5.4322887802214934,-0.04701185392532204,-0.010882708216528193,0,0,0
8.3261752999999992,7442,3983,0,7443,3983,0,-0.094919690910730922,0.075398223686155036,0.023561944901923447,0.045840216088939789,0.30459997606742417,-0.076622853508032954,-7.5800211571076783,-0.084911959710860435,-0.048571461113350825,0,0,0
8.3311914999999992,7444,3983,0,7445,3983,0,-0.094963829339426917,0.075398223686155036,0.023561944901923447,0.020336988851050647,0.16250045977860586,-0.040877379851953749,-5.0295805097831643,-0.11005986225977626,-0.083714652469258896,0,0,0
8.3361519000000008,7452,3985,4294967295,7453,3985,-1,-0.095140383054210881,0.07382742735936014,0.023561944901923447,-0.0056233407410767357,-0.05986697849531894,-0.021807595346024732,-2.6648140949414394,-0.12338393273448346,-0.11323548566634307,0,0,0
8.3408359999999995,7465,3987,4294967294,7466,3987,-2,-0.095427282840734831,0.072256631032565244,0.023561944901923454,-0.029768418732880459,-0.17849735866089383,-0.011634092412437316,-1.0474478222267314,-0.12862117184561711,-0.13652231800826137,0,0,0
8.3468029000000001,7489,3992,4294967291,7490,3992,-5,-0.095956943985086737,0.068329640215577997,0.024347343065320895,-0.065299743189900714,-0.46162381159688992,0.067072869539327687,4.711808304869411,-0.10506213032127006,-0.13662189665708499,0,0,0
8.3518180999999991,7514,3997,4294967289,7515,3997,-7,-0.096508674343786641,0.06440264939859075,0.023561944901923433,-0.086314391911135852,-0.61266840251110954,-0.037496942157479764,1.8113221687922056,-0.096005519477309023,-0.13382567437821644,0,0,0
8.3567806999999998,7541,4003,4294967286,7542,4003,-10,-0.097104543131182525,0.059690260418206069,0.023561944901923447,-0.10164367726781791,-0.76652841227958901,-0.020004172093346102,4.063723845466618,-0.07568690024997593,-0.12040072175827637,0,0,0
8.3617609000000002,7566,4008,4294967284,7567,4008,-12,-0.097656273489882428,0.055763269601218829,0.022776546738525999,-0.10570344792510479,-0.77533137589421719,-0.083951506875954124,1.9341990715483242,-0.066015904892234314,-0.10721354725669621,0,0,0
8.3668449000000003,7590,4013,4294967281,7591,4013,-15,-0.098185934634234334,0.051836278784231589,0.02356194490192345,-0.10581017696060768,-0.78002765214892955,0.028492390144542933,7.2823834319298815,-0.029603987732584908,-0.080064519850002652,0,0,0
8.3703573999999996,7605,4015,4294967280,7606,4015,-16,-0.098516972849454279,0.050265482457436693,0.02356194490192345,-0.087335123265536552,-0.56269450172724156,0.015200350828835174,5.792586012681129,-0.00064105766917926105,-0.054769304392685979,0,0,0
8.3763293000000001,7624,4019,4294967278,7625,4019,-18,-0.098936287922066199,0.047123889803846894,0.023561944901923447,-0.085715343187829168,-0.59330889276199428,0.0081092061475900225,6.0033052022668789,0.029375468342155136,-0.018583371011537345,0,0,0
8.3813101000000003,7634,4021,4294967277,7635,4021,-19,-0.099156980065546158,0.045553093477052005,0.023561944901923454,-0.066319217441700107,-0.46308226721100587,0.0043261649079426876,5.1640436099339375,0.055195686391824823,0.015381989638151692,0,0,0
8.3862711000000001,7637,4021,4294967277,7638,4021,-19,-0.099223187708590149,0.045553093477052005,0.023561944901923454,-0.04155784350379068,-0.24704887475253973,0.0023079574584836632,3.7641128685919774,0.074016250734784711,0.045517649355476135,0,0,0
8.3912489000000008,7634,4021,4294967277,7635,4021,-19,-0.099156980065546158,0.045553093477052005,0.023561944901923454,-0.015993283812537815,-0.13179763259793748,0.0012312678188459237,2.7132032728732955,0.087582267099151193,0.071323310302792625,0,0,0
8.3962497000000003,7626,4019,4294967278,7627,4019,-18,-0.098980426350762193,0.047123889803846894,0.023561944901923447,0.0079406556503357536,0.076246571159033147,0.00065686671829737078,1.1989891737880161,0.093577212968091267,0.091216161931678585,0,0,0
8.4012516999999995,7613,4017,4294967279,7614,4017,-17,-0.098693526564238243,0.04869468613064179,0.023561944901923444,0.031004678640278005,0.18723567628390855,0.00035043057164541817,0.03538243237937222,0.093754125129988125,0.10403883253485213,0,0,0
8.4062114999999995,7597,4013,4294967280,7598,4013,-16,-0.098340419134670301,0.051836278784231589,0.025132741228718346,0.049486391026225901,0.39300608069292275,0.14674598912076173,4.8329924294155528,0.11791908727706589,0.12353864547958232,0,0,0
8.4111940000000001,7576,4009,4294967282,7577,4009,-14,-0.097876965633362387,0.054977871437821381,0.025132741228718346,0.069641715800702553,0.50278214094413143,0.078287237611310984,0.74887907659266739,0.12166348266002923,0.13463055524112813,0,0,0
8.4162093999999996,7552,4005,4294967285,7553,4005,-11,-0.09734730448901048,0.058119464091411173,0.023561944901923454,0.086571672328121602,0.56134636177505071,-0.10479372963397976,-8.1597872582637585,0.080864546368710433,0.12269843052471428,0,0,0
8.4211880000000008,7526,4000,4294967287,7527,4000,-9,-0.096773504915962594,0.06204645490839842,0.024347343065320902,0.099721823043630003,0.66586919544439338,0.017373312511267953,-4.1967204889450755,0.059880943923985054,0.10579731759356809,0,0,0
8.4261560000000006,7503,3995,4294967289,7504,3995,-7,-0.096265912985958685,0.06597344572538566,0.025132741228718343,0.10055994105824589,0.72163088245408313,0.082547974619581882,-2.0927003468039751,0.049417442189965174,0.089954551344377839,0,0,0
8.4311795000000007,7483,3991,4294967291,7484,3991,-5,-0.095824528698998754,0.069115038378975438,0.025132741228718336,0.094829736249811392,0.67809955912088393,0.044038361403236935,-3.8166544918595413,0.030334169730667469,0.070137196207053595,0,0,0
8.4361271999999996,7466,3988,4294967293,7467,3988,-3,-0.095449352055082828,0.071471232869167789,0.024347343065320895,0.085595409436835038,0.58159659724117074,-0.049785577932223365,-7.6254448617926975,-0.0077930545782960194,0.039721589373690525,0,0,0
8.4411266000000005,7453,3985,4294967294,7454,3985,-2,-0.095162452268558878,0.07382742735936014,0.02513274122871835,0.072432565001987137,0.53011341632332509,0.04671950635708845,-3.3288306106169472,-0.024437207631380756,0.012940115211398557,0,0,0
8.4461294000000002,7445,3984,4294967295,7446,3984,-1,-0.094985898553774914,0.074612825522757595,0.024347343065320902,0.055114792937507165,0.35608871382813168,-0.048355219028855215,-6.5160312434993166,-0.057017363848877338,-0.020082796268468241,0,0,0
8.4511219999999998,7443,3984,4294967295,7444,3984,-1,-0.094941760125078919,0.074612825522757595,0.024347343065320902,0.033521306200553644,0.18996908819925612,-0.025796933493996161,-4.5209892942690679,-0.079622310320222683,-0.050813635481268382,0,0,0
8.4560890999999998,7446,3984,4294967295,7447,3984,-1,-0.095007967768122911,0.074612825522757595,0.024347343065320902,0.011705886867651446,0.10134624622973859,-0.013762356805716157,-3.2031653137705831,-0.095638136889075603,-0.078752595198055816,0,0,0
8.4610973000000005,7454,3986,4294967295,7455,3986,-1,-0.095184521482906875,0.073042029195962685,0.022776546738525992,-0.010227930862213012,-0.092492023143683127,-0.15390109204523147,-7.9192328469054871,-0.13523430112360305,-0.11568353753947046,0,0,0
8.4660702000000008,7467,3988,4294967293,7468,3988,-3,-0.095471421269430826,0.071471232869167789,0.024347343065320895,-0.032224912726862405,-0.19590243145211164,0.06445463877198794,2.4791884055671396,-0.12283835909576735,-0.13395844175842747,0,0,0
8.4710278999999993,7487,3992,4294967292,7488,3992,-4,-0.095912805556390743,0.068329640215577997,0.022776546738525992,-0.058373812430643865,-0.39762969136356074,-0.11217325638360021,-3.3745401220703313,-0.139711059706119,-0.15424978268598841,0,0,0
8.4760646000000008,7512,3997,4294967289,7513,3997,-7,-0.096464535915090646,0.06440264939859075,0.023561944901923433,-0.082619490331350756,-0.57852830146677625,0.013436422872456569,3.6828424895360605,-0.1212968472584387,-0.15701388879359246,0,0,0
8.4810429999999997,7541,4003,4294967286,7542,4003,-10,-0.097104543131182525,0.059690260418206069,0.023561944901923447,-0.10379071180269038,-0.74831507494379024,0.0071681715893209888,5.1632983638253496,-0.095480355439311951,-0.14631230418319635,0,0,0
8.4859971999999999,7571,4009,4294967283,7572,4009,-13,-0.097766619561622414,0.054977871437821381,0.023561944901923447,-0.11714441659422439,-0.83889429661856063,0.0038241341778003342,6.3105703781303211,-0.063927503548660336,-0.12386055745810062,0,0,0
8.4910180000000004,7599,4015,4294967280,7600,4015,-16,-0.098384557563366296,0.050265482457436693,0.02356194490192345,-0.12015023854701118,-0.88721723268235175,0.0020401300425912697,7.1279543172530655,-0.028287731962395007,-0.092101473843224868,0,0,0
8.4959655999999999,7623,4019,4294967278,7624,4019,-18,-0.098914218707718202,0.047123889803846894,0.023561944901923447,-0.11351736771188137,-0.76643790501490772,0.0010883850819993039,6.9683463868804809,0.006553999972007396,-0.054604609570705835,0,0,0
8.5009805000000007,7641,4023,4294967277,7642,4023,-19,-0.099311464565982138,0.043982297150257102,0.021991148575128551,-0.097624148535270849,-0.70200357205433539,-0.14597839810426616,0.41126803834975245,0.008610340163756159,-0.028411935839243653,0,0,0
8.5060000999999996,7652,4025,4294967276,7653,4025,-20,-0.099554225923810094,0.042411500823462206,0.021991148575128548,-0.07473153353640305,-0.52106958417843718,-0.077877736945182408,2.2487397502919952,0.019854038915216136,-0.0049706362018398786,0,0,0
8.5109958999999993,7658,4026,4294967275,7659,4026,-21,-0.099686641209898064,0.041626102660064758,0.022776546738525999,-0.052223044746969705,-0.35126393708100639,0.031732674070636874,5.9144372918413559,0.049426225374422914,0.023746132311495347,0,0,0
8.5160011000000004,7657,4026,4294967275,7658,4026,-21,-0.099664571995550066,0.041626102660064758,0.022776546738525999,-0.025801262190305374,-0.18739512726249152,0.016929003715160217,4.1234563156656421,0.070043506952751119,0.048579409804020098,0,0,0
8.5209866000000005,7653,4025,4294967275,7654,4025,-21,-0.099576295138158091,0.042411500823462206,0.023561944901923447,-0.0055282250627653219,-0.026693549431023977,0.082310941168092011,5.8522595811960105,0.099304804858731166,0.078502214822943353,0,0,0
8.5259120999999993,7644,4023,4294967276,7645,4023,-20,-0.099377672209026116,0.043982297150257102,0.023561944901923444,0.015582750128630186,0.132318347853631,0.043911906879677186,3.0272379784675163,0.11444099475106875,0.10411847951717133,0,0,0
8.5309073000000009,7630,4021,4294967277,7631,4021,-19,-0.099068703208154182,0.045553093477052005,0.023561944901923454,0.037140755298160633,0.21714930139679683,0.023426479377410239,1.1641173535392126,0.12026158151876482,0.12372836728440427,0,0,0
8.5359041999999992,7610,4017,4294967279,7611,4017,-17,-0.098627318921194251,0.04869468613064179,0.023561944901923444,0.060996355900111432,0.40896464345201117,0.012497747764038714,-0.9366980886397589,0.11557809107556602,0.1333283993936501,0,0,0
8.5408752999999997,7586,4012,4294967281,7587,4012,-15,-0.098097657776842345,0.052621676947629037,0.024347343065320898,0.081959475777959687,0.58457536341905281,0.079946918889592766,0.3716444359100235,0.11743631325511614,0.13946826392678868,0,0,0
8.5458440000000007,7560,4007,4294967284,7561,4007,-12,-0.097523858203794458,0.056548667764616277,0.023561944901923447,0.097261271110347144,0.67826159118940343,-0.030628790144993215,-5.566769328861862,0.089602466610806827,0.12963597115610737,0,0,0
8.5518564999999995,7528,4000,4294967287,7529,4000,-9,-0.096817643344658574,0.06204645490839842,0.024347343065320902,0.11777925826881515,0.87480111658816884,0.056939424505135221,-3.715214313255454,0.071026395044529553,0.10997576751509611,0,0,0
8.5568042999999996,7504,3996,4294967289,7505,3996,-7,-0.096287982200306682,0.065188047561988219,0.024347343065320902,0.11225247796925061,0.75981405494105658,0.030376504887070579,-4.7230153258310059,0.04741131841537452,0.089212761096223267,0,0,0
8.5618023999999995,7483,3992,4294967291,7484,3992,-5,-0.095824528698998754,0.068329640215577997,0.024347343065320895,0.10312667570919633,0.69846982692276172,0.016205503606222204,-5.3137651679875271,0.020842492575436883,0.063856287405729212,0,0,0
8.5668112999999995,7466,3989,4294967293,7467,3989,-3,-0.095449352055082828,0.070685834705770348,0.023561944901923454,0.090021727830920759,0.59246389252580911,-0.064634076107962887,-8.4674341800474089,-0.021494678324800162,0.028485057599731491,0,0,0
8.5717993000000003,7455,3987,4294967294,7456,3987,-2,-0.095206590697254873,0.072256631032565244,0.023561944901923454,0.07067573262716785,0.46263146964803248,-0.034481509882274206,-6.5565885126476005,-0.054277620888038162,-0.0076709983740814447,0,0,0
8.5767453000000007,7449,3986,4294967294,7450,3986,-2,-0.095074175411166889,0.073042029195962685,0.024347343065320895,0.050059323262057552,0.32008789891321687,0.054884044406982878,-1.8499260928471513,-0.063527251352273911,-0.036293353317793528,0,0,0
8.5817765000000001,7450,3986,4294967294,7451,3986,-2,-0.095096244625514886,0.073042029195962685,0.024347343065320895,0.024646942545666784,0.1707630821725741,0.02927998408204064,-1.7783090711192617,-0.072418796707870214,-0.059527352551305507,0,0,0
8.5867570000000004,7455,3987,4294967294,7456,3987,-2,-0.095206590697254873,0.072256631032565244,0.023561944901923454,0.0028532990163160632,0.017820551445063407,-0.057658996476910605,-4.3735884824821003,-0.09428673912028071,-0.085768536647137406,0,0,0
8.5917142000000002,7465,3989,4294967293,7466,3989,-3,-0.095427282840734831,0.070685834705770348,0.023561944901923454,-0.019068901581679738,-0.13705198661141632,-0.030760387964695688,-2.0106078941565979,-0.10433977859106371,-0.10665522443677276,0,0,0
8.5966921000000003,7479,3992,4294967292,7480,3992,-4,-0.095736251841606779,0.068329640215577997,0.022776546738525992,-0.039000575582103812,-0.29295416059361962,-0.089689819948525554,-3.2813871281654539,-0.12074671423189098,-0.12809222896748787,0,0,0
8.6017142,7499,3996,4294967290,7500,3996,-6,-0.096177636128566696,0.065188047561988219,0.022776546738526013,-0.061988547873163491,-0.44940563308035342,-0.047848450834641711,-0.058932418242501727,-0.12104137632310349,-0.13995169681299918,0,0,0
8.6066797000000008,7523,4001,4294967287,7524,4001,-9,-0.096707297272918602,0.061261056745000965,0.023561944901923447,-0.08248879837965914,-0.60615014977771287,0.047752940594576188,5.6037835268902843,-0.093022458688652068,-0.13406233483105681,0,0,0
8.6116401000000007,7549,4006,4294967285,7550,4006,-11,-0.097281096845966503,0.057334065928013725,0.022776546738526006,-0.097543658414700446,-0.68977148277958333,-0.047803894170229053,2.7025784015406593,-0.079509566680948773,-0.12405093469524982,0,0,0
8.6166756000000007,7575,4011,4294967282,7576,4011,-14,-0.097854896419014389,0.053407075111026485,0.02356194490192345,-0.10557524695643708,-0.73438246809724483,0.047776711044420071,7.6900782230344671,-0.041059175565776436,-0.098264839081527847,0,0,0
8.6216342000000008,7598,4016,4294967280,7599,4016,-16,-0.098362488349018298,0.049480084294039245,0.022776546738526002,-0.10368267300783635,-0.75818189749605724,-0.047791212918318102,4.1751604774537512,-0.020183373178507678,-0.072303047008648855,0,0,0
8.6266307999999992,7618,4020,4294967278,7619,4020,-18,-0.098803872635978229,0.046338491640449446,0.022776546738525999,-0.096495676556587612,-0.69759909036307077,-0.025496042950722324,5.1464175533252998,0.0055487145881188207,-0.041412944962810123,0,0,0
8.6317204000000007,7632,4023,4294967276,7633,4023,-20,-0.099112841636850163,0.043982297150257102,0.023561944901923444,-0.080306837962806521,-0.59199936494073568,0.059677684007859055,8.4013008562995708,0.047555218869616674,-0.0022430097942668439,0,0,0
8.6366083000000007,7639,4024,4294967276,7640,4024,-20,-0.099267326137286144,0.043196898986859661,0.022776546738526002,-0.057256513525385522,-0.38910413042139486,-0.041442185569925565,2.9571855326075065,0.062341146532654206,0.028560767002014865,0,0,0
8.6415801000000005,7639,4024,4294967276,7640,4024,-20,-0.099267326137286144,0.043196898986859661,0.022776546738526002,-0.030545668103189857,-0.20758241977417363,-0.022108912470342856,2.4923598595261414,0.074802945830284906,0.054440064461631354,0,0,0
8.6465654000000001,7634,4024,4294967276,7635,4024,-20,-0.099156980065546158,0.043196898986859661,0.022776546738526002,-0.0060001988538693502,-0.11074274886939599,-0.0117948415099035,1.9904606579203568,0.084755249119886689,0.076317265541796117,0,0,0
8.6515807000000002,7625,4022,4294967276,7626,4022,-20,-0.098958357136414196,0.04476769531365455,0.024347343065320892,0.015330957731767774,0.087479100887517869,0.14026663110219287,7.1921710107107737,0.12071610417344056,0.10740460080527278,0,0,0
8.6565396999999997,7610,4019,4294967277,7611,4019,-19,-0.098627318921194251,0.047123889803846894,0.025132741228718343,0.039065537315729308,0.26650761641889897,0.14811009656250618,6.2113500808136122,0.15177285457750861,0.13915356721357239,0,0,0
8.6615354999999994,7589,4015,4294967279,7590,4015,-17,-0.098163865419886337,0.050265482457436693,0.025132741228718346,0.064082314447150096,0.43529671671262704,0.079014972686450718,1.7874798069348985,0.16071025361218311,0.16234882273071694,0,0,0
8.6665331000000005,7562,4010,4294967282,7563,4010,-14,-0.097567996632490453,0.054192473274423933,0.024347343065320898,0.089783128700566622,0.59862321091732917,-0.031125972345906736,-4.6179588208665345,0.13762045950785043,0.16648259254428874,0,0,0
8.6715055000000003,7531,4003,4294967285,7532,4003,-11,-0.096883850987702566,0.059690260418206069,0.02513274122871835,0.11173064808699316,0.83231498911923185,0.056674183721845073,-2.9142016023097335,0.12304945149630175,0.16296533453316653,0,0,0
8.6764965000000007,7498,3997,4294967288,7499,3997,-8,-0.096155566914218699,0.06440264939859075,0.025132741228718336,0.12755760883408307,0.88370725048383281,0.030235002087912313,-5.2074828025872524,0.097012037483365496,0.14718244281166806,0,0,0
8.6815461999999997,7467,3991,4294967291,7468,3991,-5,-0.095471421269430826,0.069115038378975438,0.025132741228718336,0.13188288338538035,0.91112440989608956,0.016130013548015864,-6.6368900665470836,0.063827587150630083,0.12205576234915959,0,0,0
8.6865024000000002,7439,3986,4294967294,7440,3986,-2,-0.094853483267686931,0.073042029195962685,0.024347343065320895,0.1280130350610359,0.85247161864205845,-0.064674349155011746,-10.391055566588427,0.011872309317687943,0.082042389086908044,0,0,0
8.6915102999999991,7416,3981,0,7417,3981,0,-0.094345891337683022,0.076969020012949932,0.025132741228718343,0.11565296575206543,0.82118105299878041,0.038776524218750268,-6.1170279331719968,-0.018712830348172043,0.042483111475603824,0,0,0
8.6964752999999995,7400,3978,1,7401,3978,1,-0.093992783908115093,0.079325214503142283,0.025918139392115798,0.094645244131623729,0.65792887028055314,0.093966333176626671,-2.9443315763999518,-0.033434488230171804,0.0090330752108385808,0,0,0
8.7014761000000007,7391,3977,2,7392,3977,2,-0.093794160978983132,0.080110612666539724,0.025132741228718343,0.069024102987116948,0.42427673637171476,-0.023149599578788475,-6.6302019969173092,-0.066585498214758343,-0.028936893504882107,0,0,0
8.7063590000000008,7390,3977,2,7391,3977,2,-0.093772091764635135,0.080110612666539724,0.025132741228718343,0.038882647204593508,0.22634658618130937,-0.012350035688811272,-4.7998400351571,-0.090584698390543839,-0.062787470806356355,0,0,0
8.7113390000000006,7394,3977,2,7395,3977,2,-0.09386036862202711,0.080110612666539724,0.025132741228718343,0.012506988182865664,0.12075320818685463,-0.0065885969645309243,-3.5696571762016909,-0.10843298427155229,-0.093906336203719715,0,0,0
8.7163231999999997,7404,3980,1,7405,3980,1,-0.094081060765507069,0.077754418176347387,0.024347343065320902,-0.013918773376230329,-0.1554181593473187,-0.076794457309592598,-4.7456413100527328,-0.13216119082181596,-0.12534622901243803,0,0,0
8.7213080000000005,7421,3983,0,7422,3983,0,-0.094456237409423008,0.075398223686155036,0.023561944901923447,-0.042430374305066437,-0.30275229502714562,-0.11424844772848942,-4.9585264126251705,-0.15695382288494181,-0.15559814573317654,0,0,0
8.7262951999999991,7444,3988,4294967293,7445,3988,-3,-0.094963829339426917,0.071471232869167789,0.024347343065320895,-0.069995635434865811,-0.52791234040756807,0.012329333003223475,2.36478444508084,-0.1451299006595376,-0.16879434433990126,0,0,0
8.7312923999999992,7474,3993,4294967290,7475,3993,-6,-0.095625905769866792,0.067544242052180556,0.02513274122871835,-0.099115145814474309,-0.64803254320755466,0.079857071620333883,6.9758707575266774,-0.11025054687190421,-0.16028110707530382,0,0,0
8.7362745999999998,7505,4000,4294967287,7506,4000,-9,-0.096310051414654679,0.06204645490839842,0.024347343065320902,-0.11670916808312129,-0.85867427948483033,-0.030676722593159553,4.1631368749955815,-0.089434862496926296,-0.14600329737117868,0,0,0
8.7412638000000005,7536,4006,4294967284,7537,4006,-12,-0.096994197059442552,0.057334065928013725,0.024347343065320895,-0.12609536943783481,-0.89776961798349331,-0.016365666177156658,5.7632241355113925,-0.060618741819369333,-0.1214481899483843,0,0,0
8.7462660000000003,7565,4011,4294967282,7566,4011,-14,-0.097634204275534431,0.053407075111026485,0.02356194490192345,-0.12698457555571613,-0.84534699619768783,-0.082010407300302235,3.2865521513785065,-0.044185981062476801,-0.095974615397750387,0,0,0
8.7512633999999991,7589,4016,4294967279,7590,4016,-17,-0.098163865419886337,0.049480084294039245,0.024347343065320898,-0.11716340511652865,-0.81738015177118761,0.029527943651774871,8.2472561792413188,-0.0029497001662702055,-0.059482195178917167,0,0,0
8.7562438999999994,7607,4019,4294967278,7608,4019,-18,-0.098561111278150274,0.047123889803846894,0.023561944901923447,-0.099569266070322876,-0.65590113474021883,-0.05752671299938629,3.8662586387577478,0.016381593027518532,-0.027862775475935055,0,0,0
8.7608105999999992,7618,4021,4294967277,7619,4021,-19,-0.098803872635978229,0.045553093477052005,0.023561944901923454,-0.075769230577125798,-0.4964744829010812,-0.0306898163047877,4.0711060258860492,0.036737123156948784,0.0018939290667870576,0,0,0
8.7668123999999992,7623,4022,4294967276,7624,4022,-20,-0.098914218707718202,0.04476769531365455,0.024347343065320892,-0.050717533497635012,-0.33814274345035805,0.056906867775638234,6.815033884804734,0.070812292580972463,0.036331207130027,0,0,0
8.7717785999999993,7622,4022,4294967276,7623,4022,-20,-0.098892149493370204,0.04476769531365455,0.024347343065320892,-0.024998089867781629,-0.1803951267196402,0.030359136259599059,4.5828701177202209,0.093726643169573576,0.067881968302687501,0,0,0
8.7767952000000005,7615,4021,4294967277,7616,4021,-19,-0.098737664992934238,0.045553093477052005,0.023561944901923454,0.0010775885945573643,-0.022959132503780885,-0.057083281641707839,-0.44872180388467497,0.091483034150150203,0.08719396685598034,0,0,0
8.7817813999999998,7603,4018,4294967278,7604,4018,-18,-0.098472834420758285,0.047909287967244349,0.024347343065320902,0.025284203834939793,0.20759013410350127,0.042826268335766457,2.1417796089509,0.1021919321949047,0.10552946441795784,0,0,0
8.7867406999999993,7587,4015,4294967279,7588,4015,-17,-0.098119726991190342,0.050265482457436693,0.025132741228718346,0.046434585842191275,0.33058542224827403,0.096126823435020103,3.2612175976276929,0.11849802018304317,0.1241146187665475,0,0,0
8.7917386000000004,7566,4011,4294967281,7567,4011,-15,-0.097656273489882428,0.053407075111026485,0.025132741228718346,0.068013614078689999,0.46948146302584604,0.05128251553700041,0.0083808025195204472,0.11853992419564077,0.13388004013782201,0,0,0
8.7967092000000005,7542,4006,4294967284,7543,4006,-12,-0.097126612345530522,0.057334065928013725,0.024347343065320895,0.085703099448343006,0.61686036597240201,-0.045920907971833139,-5.6199732657387962,0.090440057866946783,0.12691693560514258,0,0,0
8.8017202000000001,7516,4001,4294967286,7517,4001,-10,-0.096552812772482635,0.061261056745000965,0.025132741228718343,0.099258449756023409,0.6954852555724611,0.048781261756953506,-2.7004364882889798,0.076937875425501887,0.11602002464105921,0,0,0
8.8066998999999999,7492,3996,4294967289,7493,3996,-7,-0.096023151628130729,0.065188047561988219,0.024347343065320902,0.10237184719029879,0.73743069783744675,-0.047255297076283787,-7.5765884954640041,0.039054932948181867,0.091545116611600461,0,0,0
8.8116748000000005,7470,3992,4294967291,7471,3992,-5,-0.095537628912474817,0.068329640215577997,0.024347343065320895,0.099914587118876796,0.6865285724693464,-0.025210138231170281,-6.8894608065195166,0.0046076289155842845,0.06005402998369988,0,0,0
8.8166802000000004,7453,3988,4294967292,7454,3988,-4,-0.095162452268558878,0.071471232869167789,0.025918139392115784,0.088308116820456972,0.65937289477423977,0.13310973006294349,-0.10131361586560761,0.0041010608362562467,0.039316107267402201,0,0,0
8.8216701000000004,7441,3986,4294967293,7442,3986,-3,-0.094897621696382925,0.073042029195962685,0.025918139392115791,0.071820651823043577,0.49832662553435814,0.071012455796932425,-1.9168672579330184,-0.0054832754534088462,0.01968661007015474,0,0,0
8.8266287999999999,7434,3985,4294967294,7435,3985,-2,-0.094743137195946958,0.07382742735936014,0.02513274122871835,0.052729234281038317,0.33913083948821343,-0.035395219805219529,-5.5710854608376792,-0.03333870275759724,-0.0051292546874698204,0,0,0
8.8316770000000009,7430,3984,4294967294,7431,3984,-2,-0.094654860338554969,0.074612825522757595,0.025918139392115805,0.036366859592169745,0.25420178348070799,0.054396591044381069,-1.1404941546273277,-0.039041173530733879,-0.023570640925822051,0,0,0
8.8366536999999994,7431,3984,4294967294,7432,3984,-2,-0.094676929552902966,0.074612825522757595,0.025918139392115805,0.017342176240084054,0.13561362422107687,0.029019933518130262,-1.3172984993009478,-0.045627666027238618,-0.038333623983994605,0,0,0
8.8416210999999993,7434,3985,4294967294,7435,3985,-2,-0.094743137195946958,0.07382742735936014,0.02513274122871835,0.0030745137095256449,-0.00093126578036914487,-0.057797730355839606,-4.1466758474450067,-0.066361045264463653,-0.058245053914171709,0,0,0
8.8465837000000001,7439,3986,4294967294,7440,3986,-2,-0.094853483267686931,0.073042029195962685,0.024347343065320895,-0.0086553348636742508,-0.073776338495485247,-0.10411392012895283,-5.5972044013047535,-0.09434706727098742,-0.084307932882144554,0,0,0
8.8516118000000006,7449,3988,4294967293,7450,3988,-3,-0.095074175411166889,0.071471232869167789,0.024347343065320895,-0.025208620701382169,-0.18591783657568151,-0.055543536505606644,-2.6235128632349429,-0.10746463158716213,-0.10589862594742916,0,0,0
8.8565515000000001,7464,3990,4294967292,7465,3990,-4,-0.095405213626386834,0.069900436542372907,0.024347343065320902,-0.044335152877830172,-0.24574399031858074,-0.029631815262824449,-0.68086490768537189,-0.11086895612558899,-0.12103275544948024,0,0,0
8.8615545999999998,7483,3994,4294967290,7484,3994,-6,-0.095824528698998754,0.066758843888783101,0.024347343065320895,-0.062775371068717736,-0.42421956946023953,-0.015808220560129083,1.3610230126759921,-0.10406384106220903,-0.12763648236195471,0,0,0
8.8665527999999991,7505,3998,4294967288,7506,3998,-8,-0.096310051414654679,0.063617251235193309,0.024347343065320895,-0.078790338658841358,-0.51943416548290089,-0.0084334974101703958,2.8070817409233388,-0.090028432357592336,-0.12526169992756422,0,0,0
8.8715407000000006,7530,4003,4294967286,7531,4003,-10,-0.096861781773354569,0.059690260418206069,0.023561944901923447,-0.09351146393554198,-0.64350953785105802,-0.077778689726590564,1.099077640038931,-0.08453304415739768,-0.11919855416162412,0,0,0
8.8764882000000007,7554,4008,4294967283,7555,4008,-13,-0.097391442917706475,0.055763269601218829,0.024347343065320895,-0.099305898695402517,-0.70970227140716402,0.031785514582210989,6.6721382596327929,-0.051172352859233716,-0.099154574095414116,0,0,0
8.8815363999999999,7577,4012,4294967281,7578,4012,-15,-0.097899034847710384,0.052621676947629037,0.024347343065320898,-0.10033805037167171,-0.67173578718409599,0.01695719349881249,6.4075870641092445,-0.019134417538687491,-0.071276977571081618,0,0,0
8.8864865999999996,7595,4015,4294967280,7596,4015,-16,-0.09829628070597432,0.050265482457436693,0.02356194490192345,-0.090593139685558516,-0.57820160069847404,-0.064233058502073059,2.6819292135378121,-0.0057247714709984313,-0.047702865784466739,0,0,0
8.8914557999999992,7610,4018,4294967278,7611,4018,-18,-0.098627318921194251,0.047909287967244349,0.024347343065320902,-0.079217015097607119,-0.5283022260985003,0.03901194752680321,6.9753698685072081,0.029152077871537611,-0.014213080226972426,0,0,0
8.8964362000000001,7618,4020,4294967278,7619,4020,-18,-0.098803872635978229,0.046338491640449446,0.022776546738525999,-0.058734216268123626,-0.42840198470450408,-0.12574662916821414,-0.75130990802130437,0.025395528331431088,0.0041388681083811447,0,0,0
8.9014612,7621,4020,4294967277,7622,4020,-19,-0.098870080279022207,0.046338491640449446,0.024347343065320895,-0.037511335706774285,-0.2285473570396459,0.079474709427942589,6.8341400520079594,0.059566228591470885,0.032680418014671621,0,0,0
8.9064146999999991,7620,4019,4294967277,7621,4019,-19,-0.09884801106467421,0.047123889803846894,0.025132741228718343,-0.017952740617763793,-0.048647773938980524,0.11567833031475019,7.3293099851222427,0.096212778517082098,0.066580940051668133,0,0,0
8.9114131000000008,7614,4018,4294967278,7615,4018,-18,-0.09871559577858624,0.047909287967244349,0.024347343065320902,0.0027770882542987527,0.047326511237479406,-0.011566507671794173,1.0099646399624638,0.10126260171689441,0.090349627665563925,0,0,0
8.9164435999999991,7602,4016,4294967279,7603,4016,-17,-0.098450765206410287,0.049480084294039245,0.024347343065320898,0.026190866664225206,0.17180716872211854,-0.006170594098416398,0.026058456912135319,0.10139289400145508,0.10646314754405013,0,0,0
8.9213731999999997,7586,4012,4294967281,7587,4012,-15,-0.098097657776842345,0.052621676947629037,0.024347343065320898,0.046918279664250009,0.3847751556453981,-0.0032919384664621917,-1.5037110735496086,0.093874338633707033,0.11405700915960441,0,0,0
8.9263665999999997,7566,4008,4294967283,7567,4008,-13,-0.097656273489882428,0.055763269601218829,0.024347343065320895,0.066212548709771904,0.49839104045261357,-0.0017562099684626123,-2.7267037158336236,0.080240820054538919,0.11191764065024731,0,0,0
8.9313790999999991,7544,4003,4294967285,7545,4003,-11,-0.097170750774226516,0.059690260418206069,0.02513274122871835,0.080624031997307083,0.63228328124805866,0.072342602188387367,-0.8484850852182988,0.07599839462844743,0.10731101499220241,0,0,0
8.9363338999999993,7523,3999,4294967287,7524,3999,-9,-0.096707297272918602,0.062831853071795868,0.02513274122871835,0.086253276443444798,0.63043367790991467,0.038593916746045849,-2.794256053243374,0.062027114362230559,0.097241856782050745,0,0,0
8.9413131999999997,7503,3995,4294967289,7504,3995,-7,-0.096265912985958685,0.06597344572538566,0.025132741228718343,0.087197301054579235,0.62944693655577177,0.020589394972576315,-3.9863287208270433,0.042095470758095346,0.081306742323251552,0,0,0
8.9463571999999996,7484,3991,4294967291,7485,3991,-5,-0.095846597913346751,0.069115038378975438,0.025132741228718336,0.085641816679596902,0.62892052179434832,0.01098419702063985,-4.7760986302363637,0.018214977606913527,0.059082994193911137,0,0,0
8.9513210999999995,7469,3988,4294967293,7470,3988,-3,-0.09551555969812682,0.071471232869167789,0.024347343065320895,0.076575543238781185,0.55536016649613917,-0.067419580991306613,-8.0355150968372548,-0.021962597877272748,0.026877661724769873,0,0,0
8.9562872000000002,7458,3986,4294967294,7459,3986,-2,-0.095272798340298864,0.073042029195962685,0.024347343065320895,0.063502353276648701,0.44283707367609659,-0.035967543565214199,-6.2822251521051626,-0.053373723637798562,-0.0079797074858416923,0,0,0
8.9612613999999997,7453,3985,4294967294,7454,3985,-2,-0.095162452268558878,0.07382742735936014,0.02513274122871835,0.044173300542955991,0.30952782439184867,0.054091263134175428,-1.6088327859144447,-0.061417887567370787,-0.034458048290888235,0,0,0
8.9662796,7454,3985,4294967294,7455,3985,-2,-0.095184521482906875,0.07382742735936014,0.02513274122871835,0.021506819521134427,0.16512940817438959,0.028857044714157818,-1.6055352990808029,-0.069445564062774801,-0.056380207043788572,0,0,0
8.9712422000000007,7459,3985,4294967294,7460,3985,-2,-0.095294867554646862,0.07382742735936014,0.02513274122871835,0.0011780807781670739,0.08809457274995873,0.015394889699086667,-1.4004262460444954,-0.076447695292997275,-0.074940377230708871,0,0,0
8.9762211000000001,7467,3987,4294967294,7468,3987,-2,-0.095471421269430826,0.072256631032565244,0.023561944901923454,-0.015844390036269321,-0.099561633132172173,-0.13834604826591015,-6.8112546567666046,-0.1105039685768303,-0.10356454788115171,0,0,0
8.9812404000000008,7480,3989,4294967293,7481,3989,-3,-0.095758321055954776,0.070685834705770348,0.023561944901923454,-0.035221226810320819,-0.19967398418962926,-0.073805969199378055,-3.1561573364838789,-0.1262847552592497,-0.12750441154586875,0,0,0
8.9861930999999995,7499,3993,4294967291,7500,3993,-5,-0.096177636128566696,0.067544242052180556,0.023561944901923454,-0.05791320004861672,-0.39964176983394845,-0.039374605619304962,-0.099557358433923993,-0.12678254205141931,-0.14210418032632272,0,0,0
8.9911908,7522,3997,4294967289,7523,3997,-7,-0.096685228058570605,0.06440264939859075,0.023561944901923433,-0.078255538585488643,-0.50632220207705259,-0.021005883189309977,1.9386222165933964,-0.11708943096845233,-0.1471829503381519,0,0,0
8.9962019000000009,7549,4002,4294967286,7550,4002,-10,-0.097281096845966503,0.060475658581603517,0.024347343065320895,-0.097344374990736476,-0.636514461523215,0.062073130767670626,6.9701825525240668,-0.082238518205832001,-0.13339521415601147,0,0,0
9.0011960000000002,7577,4008,4294967284,7578,4008,-12,-0.097899034847710384,0.055763269601218829,0.022776546738525999,-0.10958715214844197,-0.77925000078200357,-0.11344376254274097,0.84528432710853441,-0.078012096570289333,-0.12190549336712556,0,0,0
9.0061706000000008,7603,4013,4294967281,7604,4013,-15,-0.098472834420758285,0.051836278784231589,0.02356194490192345,-0.11200030743851981,-0.78211819186001685,0.012758622966898045,6.8053790765369078,-0.043985201187604794,-0.09698220555828127,0,0,0
9.0111979000000009,7627,4017,4294967279,7628,4017,-17,-0.099002495565110191,0.04869468613064179,0.023561944901923444,-0.10916947652228831,-0.71036881835109433,0.0068065734115608997,6.6969493132356375,-0.010500454621426604,-0.064823864828058214,0,0,0
9.0163758999999999,7646,4020,4294967277,7647,4020,-19,-0.099421810637722111,0.046338491640449446,0.024347343065320895,-0.097363710626982486,-0.59881186274881903,0.076910745148222409,9.4274713559731929,0.036636902158439365,-0.02228401301677348,0,0,0
9.0211793,7658,4022,4294967276,7659,4022,-20,-0.099686641209898064,0.04476769531365455,0.024347343065320892,-0.0766517032765833,-0.46601803616460924,0.041030966613519182,7.2405251527683898,0.072839527922281322,0.020866930721339667,0,0,0
9.0261169999999993,7662,4023,4294967276,7663,4023,-20,-0.099774918067290053,0.043982297150257102,0.023561944901923444,-0.049129211910789138,-0.32189459181949914,-0.051389987237747861,2.234427931435262,0.084011667579457633,0.053871904876155077,0,0,0
9.0311187999999998,7658,4022,4294967276,7659,4022,-20,-0.099686641209898064,0.04476769531365455,0.024347343065320892,-0.017973408428214148,-0.098447412030317469,0.045863573099354724,4.7886907023424197,0.10795512109116973,0.086574384851633407,0,0,0
9.0361008999999992,7649,4020,4294967277,7650,4020,-19,-0.099488018280766102,0.046338491640449446,0.024347343065320895,0.0089433930117168471,0.094038516667120597,0.024467670063392351,2.4040419154104873,0.11997533066822216,0.1138716214835717,0,0,0
9.0410868999999998,7633,4017,4294967279,7634,4017,-17,-0.09913491085119816,0.04869468613064179,0.023561944901923444,0.037716957869229226,0.27000698662183209,-0.060226308696451208,-2.8615543080705357,0.10566755912786949,0.12446364327178887,0,0,0
9.0460414,7612,4012,4294967281,7613,4012,-15,-0.098671457349890246,0.052621676947629037,0.024347343065320898,0.063362863372552064,0.51044310833422801,0.041149500832084379,-0.49797640576404878,0.10317767709904924,0.13014920122215734,0,0,0
9.0510543999999999,7587,4007,4294967284,7588,4007,-12,-0.098119726991190342,0.056548667764616277,0.023561944901923447,0.085281089594705636,0.6387129159359215,-0.051326750643756872,-5.9743616875983738,0.073305868661057372,0.11759368533124614,0,0,0
9.0560241999999995,7562,4002,4294967286,7563,4002,-10,-0.097567996632490453,0.060475658581603517,0.024347343065320895,0.096974202262064019,0.70714333073797209,0.045897309069170084,-2.8723969667536573,0.058943883827289087,0.10263558180365412,0,0,0
9.0610102999999995,7539,3997,4294967288,7540,3997,-8,-0.097060404702486544,0.06440264939859075,0.025132741228718336,0.099094118092446004,0.74365014210328984,0.097765187093546285,-1.2783348701910109,0.05255220947633403,0.088537180244663199,0,0,0
9.0660255000000003,7520,3993,4294967290,7521,3993,-6,-0.09664108962987461,0.067544242052180556,0.02513274122871835,0.091988626891188557,0.68984657191838106,0.052156563037701872,-3.2235615114020133,0.036434401919323962,0.07191532255822429,0,0,0
9.0709792999999994,7503,3990,4294967292,7504,3990,-4,-0.096265912985958685,0.069900436542372907,0.024347343065320902,0.084079711428522275,0.5878634886745302,-0.045454614039160623,-7.2009684804236391,0.00042955951720576729,0.044272514693067491,0,0,0
9.0759951000000001,7490,3987,4294967293,7491,3987,-3,-0.095979013199434735,0.072256631032565244,0.02513274122871835,0.071623958164861778,0.53345672827118185,0.049030024016982331,-2.9943091768218641,-0.014541986366903554,0.020554866997810072,0,0,0
9.0809788000000005,7482,3985,4294967294,7483,3985,-2,-0.09580245948465077,0.07382742735936014,0.02513274122871835,0.054683410819525949,0.43115185022913216,0.026156933918970851,-3.3926635803155172,-0.031505304268481138,-0.0027201847760753607,0,0,0
9.0859427000000004,7478,3985,4294967295,7479,3985,-1,-0.095714182627258781,0.07382742735936014,0.023561944901923447,0.037409389503342529,0.23001437754913698,-0.13260462583880678,-9.1775882750555748,-0.077393245643759018,-0.038867401876429779,0,0,0
9.0909507000000005,7479,3984,4294967295,7480,3984,-1,-0.095736251841606779,0.074612825522757595,0.024347343065320902,0.017898353532301001,0.19598945049421507,0.0025365305834226248,-2.9879568186176249,-0.09233302973684715,-0.067807050021068169,0,0,0
9.0959029999999998,7485,3985,4294967295,7486,3985,-1,-0.095868667127694748,0.07382742735936014,0.023561944901923447,-0.0028061031167023066,0.031278518526135432,-0.071926310433073307,-5.0621018609816435,-0.11764353904175537,-0.099642247198895376,0,0,0
9.1009265999999993,7496,3987,4294967294,7497,3987,-2,-0.096111428485522704,0.072256631032565244,0.023561944901923454,-0.024147235485061393,-0.1298723214433683,-0.03837183005216574,-2.4208886023236298,-0.12974798205337351,-0.12649184468812627,0,0,0
9.1059096999999998,7513,3990,4294967292,7514,3990,-4,-0.096486605129438643,0.069900436542372907,0.024347343065320902,-0.047887137030304401,-0.28912389472844308,0.052808604925814864,2.9312250445300885,-0.11509185683072307,-0.1377258342160185,0,0,0
9.1108788000000001,7535,3995,4294967290,7536,3995,-6,-0.096972127845094555,0.06597344572538566,0.023561944901923454,-0.070847643101969338,-0.52064175114758782,-0.045106757456959787,0.61401684787811894,-0.11202177259133247,-0.14415734292215654,0,0,0
9.1158859000000003,7562,4000,4294967288,7563,4000,-8,-0.097567996632490453,0.06204645490839842,0.022776546738526006,-0.093392350970231353,-0.64415377042214095,-0.097343437223039855,-0.20653972364460582,-0.1130544712095555,-0.14559395372176703,0,0,0
9.1208732000000001,7590,4005,4294967285,7591,4005,-11,-0.098185934634234334,0.058119464091411173,0.023561944901923454,-0.10747879439779651,-0.71004596181173052,0.021347954787650815,5.941959061791767,-0.08334467590059666,-0.13119441875494875,0,0,0
9.1258219,7617,4010,4294967283,7618,4010,-13,-0.098781803421630232,0.054192473274423933,0.022776546738525999,-0.11293463394951159,-0.7451986612139716,-0.061890639643654634,3.1484159147033699,-0.067602596327079809,-0.11513914315435045,0,0,0
9.1318462999999994,7648,4016,4294967280,7649,4016,-16,-0.099465949066418105,0.049480084294039245,0.022776546738526002,-0.12408170042813717,-0.83723172700678949,-0.033017919199900346,5.5598658798888279,-0.039803266927635667,-0.085373614851162488,0,0,0
9.1368136,7670,4020,4294967278,7671,4020,-18,-0.099951471782074017,0.046338491640449446,0.022776546738525999,-0.11149653528059919,-0.7397712330098285,-0.017614666685755447,5.9973940220899085,-0.009816296817186123,-0.05478762557271688,0,0,0
9.1417938999999997,7686,4023,4294967277,7687,4023,-19,-0.10030457921164196,0.043982297150257102,0.021991148575128551,-0.092427837973649604,-0.61449770081857624,-0.082676734197406718,2.5952893984657739,0.0031601501751427463,-0.030075473829174668,0,0,0
9.1467743000000006,7697,4025,4294967276,7698,4025,-20,-0.10054734056946991,0.042411500823462206,0.021991148575128548,-0.071959363734167198,-0.47438624397360818,-0.044107053104621374,3.4235052141988493,0.020277676246136994,-0.0057746437048204063,0,0,0
9.1517897000000001,7702,4025,4294967276,7703,4025,-20,-0.10065768664120989,0.042411500823462206,0.021991148575128548,-0.04868501490827374,-0.25307941173735865,-0.023530587564438377,2.9641515509535248,0.035098434000904621,0.0153252411078551,0,0,0
9.1567711999999997,7702,4025,4294967276,7703,4025,-20,-0.10065768664120989,0.042411500823462206,0.021991148575128548,-0.025972875668156863,-0.13501485226222282,-0.012553288242004282,2.466240054495894,0.047429634273384091,0.033275349777896424,0,0,0
9.1617309999999996,7700,4024,4294967276,7701,4024,-20,-0.10061354821251389,0.043196898986859661,0.022776546738526002,-0.0097379993349100448,0.0012507034896970665,0.066582489510874393,4.9358782271391686,0.07210902540907993,0.05689405912321454,0,0,0
9.1667401000000002,7693,4023,4294967276,7694,4023,-20,-0.10045906371207793,0.043982297150257102,0.023561944901923444,0.0092186651628164418,0.073946754709255824,0.10880048452126614,6.0423517612334354,0.10232078421524711,0.084057548242890134,0,0,0
9.1717255000000009,7683,4021,4294967277,7684,4021,-19,-0.10023837156859797,0.045553093477052005,0.023561944901923454,0.025509150707325318,0.1860087515962576,0.058043762797038378,2.9862516824455962,0.11725204262747509,0.10858346817752002,0,0,0
9.1766869999999994,7667,4017,4294967279,7668,4017,-17,-0.099885264139030025,0.04869468613064179,0.023561944901923444,0.046554592319737138,0.39235153098339404,0.030965656214335831,0.24985067116923698,0.11850129598332128,0.12444576428050592,0,0,0
9.1817124000000003,7646,4013,4294967281,7647,4013,-15,-0.099421810637722111,0.051836278784231589,0.02356194490192345,0.068077636105314504,0.50243294646907144,0.016519808823170033,-1.6676495445816157,0.1101630482604132,0.1304337930908552,0,0,0
9.1866947000000003,7623,4008,4294967283,7624,4008,-13,-0.098914218707718202,0.055763269601218829,0.024347343065320895,0.083678144174393926,0.63443958997314842,0.082092640566279629,-0.16015612419676017,0.1093622676394294,0.13441627446220339,0,0,0
9.1916562000000006,7597,4003,4294967286,7598,4003,-10,-0.098340419134670301,0.059690260418206069,0.023561944901923447,0.09817816023238074,0.70486356222748225,-0.029484073183684407,-6.042895615213931,0.079147789563359744,0.12122946543743755,0,0,0
9.1966333000000002,7572,3998,4294967288,7573,3998,-8,-0.097788688775970412,0.063617251235193309,0.024347343065320895,0.10385463585722442,0.7424339127524997,0.057550117371662809,-3.1071456682295779,0.063612061222211858,0.10654577357210569,0,0,0
9.2016431000000001,7548,3993,4294967291,7549,3993,-5,-0.097259027631618505,0.067544242052180556,0.023561944901923454,0.10482385773972798,0.76247724733571554,-0.042577217033339027,-8.0252185000425218,0.023485968721999248,0.077187386948430026,0,0,0
9.2066096999999996,7529,3989,4294967293,7530,3989,-3,-0.096839712559006572,0.070685834705770348,0.023561944901923454,0.095045374758066029,0.69989060834959793,-0.022714438239087646,-7.2081029274610158,-0.012554545915305831,0.043408242668603852,0,0,0
9.2116030000000002,7514,3986,4294967294,7515,3986,-2,-0.096508674343786641,0.073042029195962685,0.024347343065320895,0.081592229487528006,0.59322186249706832,0.06116163699563873,-3.2375878478316453,-0.028742485154464058,0.013125606800914364,0,0,0
9.2166131,7506,3985,4294967295,7507,3985,-1,-0.096332120629002663,0.07382742735936014,0.023561944901923447,0.060001364858934633,0.38975631830908758,-0.040650514323206689,-6.4976177902418151,-0.061230574105673133,-0.021568517097600562,0,0,0
9.2215875999999994,7504,3984,0,7505,3984,0,-0.096287982200306682,0.074612825522757595,0.022776546738526006,0.036128234126894074,0.28120987353742921,-0.094966084580175442,-8.077270565513853,-0.1016169269332424,-0.061732090561032571,0,0,0
9.2265522999999998,7507,3985,0,7508,3985,0,-0.09635418984335066,0.07382742735936014,0.021991148575128551,0.013096651870688182,0.076742599337436018,-0.1239427944730917,-8.110959005480872,-0.14217172196064676,-0.10680872979430873,0,0,0
9.2315942,7518,3987,4294967295,7519,3987,-1,-0.096596951201178616,0.072256631032565244,0.021991148575128551,-0.015663305083748916,-0.10561777575813588,-0.06612200482794664,-4.2294753765455511,-0.16331909884337451,-0.14530552969649996,0,0,0
9.2365358000000004,7536,3990,4294967293,7537,3990,-3,-0.096994197059442552,0.069900436542372907,0.022776546738526013,-0.045420171458279195,-0.27618438345054647,0.038004217157240332,1.8350917907010431,-0.15414363988986929,-0.16765304761398289,0,0,0
9.2415420000000008,7562,3995,4294967290,7563,3995,-6,-0.097567996632490453,0.06597344572538566,0.023561944901923454,-0.077767987399045183,-0.51373867597629097,0.093554316556644257,6.4232121754388993,-0.12202757901267479,-0.16799963952242999,0,0,0
9.2465302999999999,7594,4001,4294967287,7595,4001,-9,-0.098274211491626323,0.061261056745000965,0.023561944901923447,-0.10737982355257408,-0.71375058131836511,0.049910113753136295,6.6881278447592925,-0.088586939788878327,-0.15157611533831358,0,0,0
9.2515175000000003,7625,4008,4294967284,7626,4008,-12,-0.098958357136414196,0.055763269601218829,0.022776546738525999,-0.12111827523310197,-0.89373407018681894,-0.046653067979716495,4.2491604884231977,-0.067341137346762336,-0.13075912236692597,0,0,0
9.2564785999999994,7655,4013,4294967282,7656,4013,-14,-0.099620433566854072,0.051836278784231589,0.021991148575128554,-0.12638846533197337,-0.8431940795071331,-0.098168375472059116,2.4620225362090027,-0.055031024665717326,-0.1083281588866519,0,0,0
9.2614900000000002,7681,4018,4294967279,7682,4018,-17,-0.10019423313990197,0.047909287967244349,0.022776546738526002,-0.12096360793662576,-0.81623159635566545,0.020907860055913489,7.8415824972324168,-0.015823112179555239,-0.073859275115896239,0,0,0
9.2664661000000006,7702,4022,4294967277,7703,4022,-19,-0.10065768664120989,0.04476769531365455,0.022776546738525999,-0.10777395980673651,-0.7285679133960965,0.011154094350028891,7.2710921935029527,0.020532348787959523,-0.035046725484555716,0,0,0
9.2714391999999997,7715,4025,4294967276,7716,4025,-20,-0.10094458642773384,0.042411500823462206,0.021991148575128548,-0.084264557501993756,-0.60852086322396282,-0.06732894278937035,3.2294399465280539,0.036679548520599792,-0.0037170133214339054,0,0,0
9.2764231000000006,7722,4026,4294967276,7723,4026,-20,-0.1010990709281698,0.041626102660064758,0.0212057504117311,-0.059367909767419187,-0.39791815300247924,-0.1091987084559003,0.12919844637454769,0.037325540752472533,0.018025100328450533,0,0,0
9.2814726000000007,7723,4026,4294967275,7724,4026,-21,-0.1011211401425178,0.041626102660064758,0.022776546738525999,-0.033731183116610094,-0.21228459585579021,0.088302828060282154,7.3382628711289808,0.074016855108117438,0.049106896435997416,0,0,0
9.2864134000000007,7718,4025,4294967276,7719,4025,-20,-0.10101079407077783,0.042411500823462206,0.021991148575128548,-0.0076996331775222564,-0.039971784519134856,-0.026171012112191493,1.1579628482142281,0.079806669349188578,0.069090085692566333,0,0,0
9.2913940999999998,7710,4023,4294967276,7711,4023,-20,-0.10083424035599386,0.043982297150257102,0.023561944901923444,0.012365219495786721,0.12523456756341583,0.13259711529037882,6.7734788015079772,0.11367406335672847,0.098927930975182168,0,0,0
9.2963921999999997,7697,4021,4294967277,7698,4021,-19,-0.10054734056946991,0.045553093477052005,0.023561944901923454,0.033365130760098352,0.21337018897206117,0.07073898192045211,3.2275798475819606,0.12981196259463829,0.12409341340575564,0,0,0
9.3013794000000001,7678,4017,4294967279,7679,4017,-17,-0.10012802549685798,0.04869468613064179,0.023561944901923444,0.056922994909903102,0.40694853197852027,0.037738404430469094,0.22923589754980656,0.13095814208238732,0.14004879990315636,0,0,0
9.3063476000000005,7654,4012,4294967282,7655,4012,-14,-0.099598364352506075,0.052621676947629037,0.022776546738526002,0.079786386198968468,0.58349979195763324,-0.053146529951581367,-5.3644899835993325,0.10413569216439066,0.13767966109654917,0,0,0
9.3113723000000004,7627,4006,4294967284,7628,4006,-12,-0.099002495565110191,0.057334065928013725,0.024347343065320895,0.098161063961801909,0.75096730591563565,0.11820599777204839,0.35957259382668827,0.10593355513352409,0.13679440705004817,0,0,0
9.3163757999999994,7600,4001,4294967287,7601,4001,-9,-0.098406626777714293,0.061261056745000965,0.023561944901923447,0.10796373572591136,0.76702971096484607,-0.010218027185087686,-5.9157176059089815,0.076354967103979182,0.12117141275926872,0,0,0
9.3213100000000004,7574,3996,4294967290,7575,3996,-6,-0.097832827204666392,0.065188047561988219,0.022776546738526013,0.111134234110218,0.77559881277288278,-0.078730715109705141,-9.5622797556295982,0.028543568325831187,0.089695191508242428,0,0,0
9.3263207999999995,7551,3991,4294967292,7552,3991,-4,-0.097325235274662483,0.069115038378975438,0.023561944901923433,0.10664832645290689,0.78017032653881435,0.031277620377900335,-5.3319877312625614,0.0018836296695183795,0.05741739779690723,0,0,0
9.3312919999999995,7534,3988,4294967293,7535,3988,-3,-0.096950058630746558,0.071471232869167789,0.024347343065320895,0.091900486563672473,0.63605013610716643,0.089965757281296549,-2.2334078491915537,-0.0092834095764393887,0.03074228995486682,0,0,0
9.3362692999999997,7523,3986,4294967294,7524,3986,-2,-0.096707297272918602,0.073042029195962685,0.024347343065320895,0.071678028037124294,0.48588421153408268,0.047995660115564422,-3.1729801423913866,-0.025148310288396321,0.0053835390136026742,0,0,0
9.3412816999999997,7517,3985,4294967295,7518,3985,-1,-0.096574881986830619,0.07382742735936014,0.023561944901923447,0.050594035927024592,0.33249295979464122,-0.047674406196307126,-6.3596590370440556,-0.056946605473616602,-0.025581008718092151,0,0,0
9.3462505,7517,3985,4294967295,7518,3985,-1,-0.096574881986830619,0.07382742735936014,0.023561944901923447,0.026991315647303046,0.17738103442207409,-0.025433727955569755,-4.3639113654550554,-0.078766162300891882,-0.053814558342664465,0,0,0
9.3512450000000005,7520,3986,4294967295,7521,3986,-1,-0.09664108962987461,0.073042029195962685,0.022776546738525992,0.0082222146725548437,0.021351150157579948,-0.086848110268364989,-5.9836877281436021,-0.10868460094160989,-0.087386279338363515,0,0,0
9.3557869,7528,3987,4294967294,7529,3987,-2,-0.096817643344658574,0.072256631032565244,0.023561944901923454,-0.012086428491562252,-0.061888934951849522,0.026947086730078618,-0.26387913909956762,-0.11000399663710773,-0.11040595819330933,0,0,0
9.3617472999999993,7546,3990,4294967293,7547,3990,-3,-0.097214889202922511,0.069900436542372907,0.022776546738526013,-0.043511950393045083,-0.25285556764317402,-0.058903569431920315,-2.2330912245692995,-0.12116945275995424,-0.12772667199222026,0,0,0
9.3667531999999998,7566,3995,4294967291,7567,3995,-5,-0.097656273489882428,0.06597344572538566,0.021991148575128558,-0.064395312609249036,-0.50129303056379992,-0.10470387210670508,-2.4223596759956063,-0.13328125113993228,-0.14474699390498405,0,0,0
9.3717530999999994,7591,3999,4294967288,7592,3999,-8,-0.098208003848582331,0.062831853071795868,0.023561944901923454,-0.085831888967139558,-0.56055193912082368,0.09070076972398089,7.1014002843876938,-0.097774249717993811,-0.13772158730734549,0,0,0
9.3766511000000001,7617,4005,4294967286,7618,4005,-10,-0.098781803421630232,0.058119464091411173,0.021991148575128551,-0.099327157430560017,-0.73872489971108735,-0.098171258083494362,0.57907215903606346,-0.094878888922813487,-0.13357024154370578,0,0,0
9.3816434999999991,7644,4010,4294967283,7645,4010,-13,-0.099377672209026116,0.054192473274423933,0.022776546738525999,-0.10858583270459163,-0.76049853304841974,0.020906322217041542,6.4790675529285231,-0.062483551158170871,-0.1136249031792108,0,0,0
9.3866385999999995,7670,4015,4294967281,7671,4015,-15,-0.099951471782074017,0.050265482457436693,0.021991148575128554,-0.11146611543984769,-0.7721145071336708,-0.062126245360711679,3.5527371152424911,-0.04471986558195841,-0.091887501421516374,0,0,0
9.3916179999999994,7692,4019,4294967279,7693,4019,-17,-0.10043699449772993,0.047123889803846894,0.021991148575128548,-0.10476627092719906,-0.70503197168255871,-0.033143612044144233,4.7878555341662281,-0.020780587911127267,-0.066108269038704134,0,0,0
9.3966024000000008,7709,4022,4294967277,7710,4022,-19,-0.10081217114164587,0.04476769531365455,0.022776546738525999,-0.090896432353936435,-0.59596471860717604,0.055597796970722722,8.2347171507014529,0.020392997842379995,-0.031145448393254661,0,0,0
9.4015935000000006,7721,4025,4294967276,7722,4025,-20,-0.10107700171382182,0.042411500823462206,0.021991148575128548,-0.073201487336140986,-0.53777863796343994,-0.043618756717235738,3.6942341716477012,0.038864168700618498,-0.00074800061204985044,0,0,0
9.4065832999999994,7727,4026,4294967276,7728,4026,-20,-0.10120941699990979,0.041626102660064758,0.0212057504117311,-0.051406783320310706,-0.3601780182887061,-0.096549606548862327,0.32765872584661837,0.040502462329851593,0.020439341843906476,0,0,0
9.4115693999999994,7727,4026,4294967275,7728,4026,-21,-0.10120941699990979,0.041626102660064758,0.022776546738525999,-0.027424906702686526,-0.19215068342981831,0.095050973290684682,7.3944234717315114,0.077474579688509154,0.051100446502915314,0,0,0
9.4165697999999995,7723,4025,4294967276,7724,4025,-20,-0.1011211401425178,0.042411500823462206,0.021991148575128548,-0.0063944200742847915,-0.029230582012807663,-0.022570956994818515,1.2395626703938749,0.083672393040478535,0.072748604854143584,0,0,0
9.421564,7714,4023,4294967276,7715,4023,-20,-0.10092251721338584,0.043982297150257102,0.023561944901923444,0.015120645405420737,0.13096487118453928,0.13451770182276887,6.7672957398255376,0.11750887173960622,0.10261128034386965,0,0,0
9.4265497000000007,7700,4020,4294967277,7701,4020,-19,-0.10061354821251389,0.046338491640449446,0.024347343065320895,0.036894227931492739,0.28970675700428311,0.14504311125540853,6.0111880947983227,0.14756481221359785,0.13398316253066356,0,0,0
9.4315633999999999,7680,4016,4294967280,7681,4016,-16,-0.10017216392555398,0.049480084294039245,0.022776546738526002,0.060864836485864757,0.44767318193847777,-0.069180266034471277,-4.6652639049201028,0.12423849268899734,0.14258060265129432,0,0,0
9.4360225999999994,7658,4012,4294967282,7659,4012,-14,-0.099686641209898064,0.052621676947629037,0.022776546738526002,0.077771091211270293,0.5319463884331066,-0.036906848067904771,-4.4812710956080126,0.10183213721095727,0.1420008152345896,0,0,0
9.4408273999999999,7631,4006,4294967284,7632,4006,-12,-0.099090772422502166,0.057334065928013725,0.024347343065320895,0.097085928085830636,0.72346417908008664,0.1268696746600978,0.83161411484976178,0.10599020778520608,0.14167675281936487,0,0,0
9.4465248000000006,7599,4000,4294967287,7600,4000,-9,-0.098384557563366296,0.06204645490839842,0.024347343065320902,0.11768571485337841,0.82563663962233025,0.067683460551765551,-3.0801184314189118,0.090589615628111519,0.12788073782210721,0,0,0
9.4515633000000001,7572,3995,4294967290,7573,3995,-6,-0.097788688775970412,0.06597344572538566,0.023561944901923454,0.11837990445927743,0.80686491126707516,-0.037171199123815599,-8.0572205021662668,0.050303513117280187,0.10212365957875649,0,0,0
9.4565465,7548,3990,4294967292,7549,3990,-4,-0.097259027631618505,0.069900436542372907,0.024347343065320902,0.11257291555882279,0.79685041774035004,0.053449127227885321,-4.5369693710014296,0.027618666262273037,0.076147997836868611,0,0,0
9.4615393000000001,7528,3987,4294967294,7529,3987,-2,-0.096817643344658574,0.072256631032565244,0.023561944901923454,0.10123851508445027,0.64494876612149799,-0.044765046436726942,-8.2916469143293483,-0.013839568309373704,0.039654625183026773,0,0,0
9.4665263999999993,7514,3984,4294967295,7515,3984,-1,-0.096508674343786641,0.074612825522757595,0.024347343065320902,0.082837085835389304,0.56391104396577207,0.049397900120882944,-3.8652370901907371,-0.033165753760327391,0.0081674023758425765,0,0,0
9.4715103999999997,7507,3983,0,7508,3983,0,-0.09635418984335066,0.075398223686155036,0.023561944901923447,0.058606370632917043,0.37411934568250732,-0.046926327852618827,-6.8818389250009933,-0.067574948385332359,-0.02773368005514066,0,0,0
9.4764964999999997,7505,3982,1,7506,3982,1,-0.096310051414654679,0.076183621849552477,0.022776546738525992,0.035384021320172834,0.27286773486042976,-0.098314156360026536,-8.3821960613351063,-0.10948592869200789,-0.070212520137337101,0,0,0
9.4814936000000003,7510,3983,0,7511,3983,0,-0.096420397486394652,0.075398223686155036,0.023561944901923447,0.0085814026756233907,0.072292167699027618,0.020830087688274837,-1.8993358481787519,-0.11898260793290165,-0.10153973390898083,0,0,0
9.4864799000000009,7521,3985,4294967295,7522,3985,-1,-0.096663158844222608,0.07382742735936014,0.023561944901923447,-0.018072136757624674,-0.10799202803744183,0.011112603718078035,-0.82841012094923538,-0.12312465853764783,-0.12585184680045675,0,0,0
9.4914688999999992,7538,3989,4294967294,7539,3989,-2,-0.097038335488138547,0.070685834705770348,0.021991148575128558,-0.044646144207014196,-0.35073053805881971,-0.14063059683942403,-5.523539572196583,-0.15074235639863073,-0.15468568836628002,0,0,0
9.4964653999999999,7562,3994,4294967291,7563,3994,-5,-0.097567996632490453,0.066758843888783101,0.022776546738525999,-0.073236832552873804,-0.55350816169644101,-0.0017452293648505118,2.2528688734066367,-0.13947801203159754,-0.16539690093721474,0,0,0
9.5014806000000007,7591,3999,4294967289,7592,3999,-7,-0.098208003848582331,0.062831853071795868,0.021991148575128551,-0.098785175615089621,-0.66168760904686441,-0.074210578374387229,0.63164566963656021,-0.13631978368341474,-0.17036406226179079,0,0,0
9.5064875000000004,7623,4006,4294967285,7624,4006,-11,-0.098914218707718202,0.057334065928013725,0.022776546738526006,-0.11859224317405406,-0.86595909449316766,0.033689059496299092,7.1539988518276809,-0.10054978942427634,-0.15548872862209226,0,0,0
9.5114581999999999,7655,4012,4294967282,7656,4012,-14,-0.099620433566854072,0.052621676947629037,0.022776546738526002,-0.12915907783619851,-0.90165598003624248,0.017972712041334885,7.548539293128707,-0.062807092958632793,-0.12887797710214768,0,0,0
9.5165050999999998,7686,4018,4294967279,7687,4018,-17,-0.10030457921164196,0.047909287967244349,0.022776546738526002,-0.1327372480262618,-0.92069984336251498,0.0095882278386618339,8.0155613316088363,-0.022729286300588611,-0.091317751603556582,0,0,0
9.5214808000000009,7711,4023,4294967277,7712,4023,-19,-0.10085630957034185,0.043982297150257102,0.021991148575128551,-0.12229149763423187,-0.85757999836343157,-0.068164313925423048,4.7312763526235564,0.00092709546252917052,-0.055670817820635286,0,0,0
9.5264623999999998,7729,4026,4294967275,7730,4026,-21,-0.10125355542860578,0.041626102660064758,0.022776546738525999,-0.10230504235853094,-0.67734727416086959,0.036914669575408343,8.4597005743030795,0.043225598334044567,-0.01236137626639329,0,0,0
9.5314399999999999,7739,4028,4294967274,7740,4028,-22,-0.10147424757208574,0.040055306333269862,0.022776546738526002,-0.075169624384053446,-0.50791574288187846,0.019693536605043749,6.7541255609077444,0.076996226138583285,0.02991774114412965,0,0,0
9.5364669000000006,7741,4029,4294967274,7742,4029,-22,-0.10151838600078174,0.039269908169872414,0.021991148575128554,-0.044220319946125443,-0.34424651939718998,-0.062773252041759445,2.0044067555057898,0.087018259916112228,0.061585248988061989,0,0,0
9.5414042000000006,7735,4028,4294967274,7736,4028,-22,-0.10138597071469375,0.040055306333269862,0.022776546738526002,-0.011236352499171732,-0.11037189920594635,0.039790736888678048,4.6950169768985255,0.11049334480060485,0.092740668397758685,0,0,0
9.5463866999999993,7724,4026,4294967275,7725,4026,-21,-0.1011432093568658,0.041626102660064758,0.022776546738525999,0.016655752644317207,0.087676944766554021,0.021227884265848877,2.3826805498247503,0.12240674754972861,0.11841727059123403,0,0,0
9.5513967999999991,7707,4022,4294967277,7708,4022,-19,-0.10076803271294987,0.04476769531365455,0.022776546738525999,0.04389052015015274,0.339892683064277,0.011324823454890583,0.042854898711143785,0.12262102204328433,0.13481081736016917,0,0,0
9.5563435999999999,7684,4018,4294967279,7685,4018,-17,-0.10026044078294596,0.047909287967244349,0.022776546738526002,0.070774605854475509,0.47444677583186312,0.0060416584468936541,-1.7140748239027443,0.11405064792377061,0.14011354595058828,0,0,0
9.5613536000000003,7657,4012,4294967282,7658,4012,-14,-0.099664571995550066,0.052621676947629037,0.022776546738526002,0.093353386468487329,0.69278882051497126,0.0032231528318577354,-3.7587555902954675,0.095256869972293268,0.13318042595482785,0,0,0
9.5663482999999996,7630,4007,4294967284,7631,4007,-12,-0.099068703208154182,0.056548667764616277,0.023561944901923447,0.10539889703742002,0.73599218184587401,0.074999032943579361,-1.6199822807046771,0.087156958568769885,0.12462892661325024,0,0,0
9.5713287000000005,7604,4002,4294967287,7605,4002,-9,-0.098494903635106282,0.060475658581603517,0.022776546738525999,0.10976592321433815,0.75904066061101649,-0.033268428373268072,-6.9636600386714367,0.052338658375412704,0.10207020636009081,0,0,0
9.5763206000000007,7581,3998,4294967289,7582,3998,-7,-0.097987311705102373,0.063617251235193309,0.022776546738525992,0.10591834888504481,0.69805723025796917,-0.01774831034645653,-6.4755951031625614,0.019960682859599899,0.073726164319647181,0,0,0
9.5813123000000004,7562,3994,4294967291,7563,3994,-5,-0.097567996632490453,0.066758843888783101,0.022776546738525999,0.095629272749895924,0.66552329641073471,-0.0094685122068229252,-6.2173205374172529,-0.011125919827486366,0.041158707544405225,0,0,0
9.5862587999999995,7548,3992,4294967292,7549,3992,-4,-0.097259027631618505,0.068329640215577997,0.022776546738525992,0.079844621849861797,0.5016077915628554,-0.0050513385026914196,-5.3309925542858911,-0.037780882598915821,0.0074431652063841093,0,0,0
9.5912892999999997,7540,3990,4294967292,7541,3990,-4,-0.097082473916834527,0.069900436542372907,0.024347343065320902,0.059069036996339863,0.41416082178132707,0.14386420964877947,1.7160809807762805,-0.029200477695034421,-0.011105525603954348,0,0,0
9.5962447999999991,7538,3990,4294967292,7539,3990,-4,-0.097038335488138547,0.069900436542372907,0.024347343065320902,0.035630848315207339,0.22094986621684282,0.076749842581857644,0.19153051025124812,-0.02824282514377818,-0.023960166016050461,0,0,0
9.6012471999999995,7540,3991,4294967292,7541,3991,-4,-0.097082473916834527,0.069115038378975438,0.023561944901923433,0.01489041272619639,0.044594603062839175,-0.032334392281481043,-3.2559263214551941,-0.044522456751054151,-0.039198696058195807,0,0,0
9.6062261000000007,7543,3992,4294967292,7544,3992,-4,-0.097148681559878519,0.068329640215577997,0.022776546738525992,0.0017665270726948982,-0.049488829631056816,-0.090529532506854582,-5.0871906578729957,-0.069958410040419139,-0.060780601253192026,0,0,0
9.6112339999999996,7549,3993,4294967292,7550,3993,-4,-0.097281096845966503,0.067544242052180556,0.021991148575128551,-0.011412240420451813,-0.099681220542221685,-0.12157594677646819,-5.9544537582969834,-0.099730678831904063,-0.087613409857985006,0,0,0
9.6160017,7559,3995,4294967291,7560,3995,-5,-0.097501788989446461,0.06597344572538566,0.021991148575128558,-0.026679396984185887,-0.1997377826487351,-0.064859319768370935,-2.7201674043778361,-0.11333151585379324,-0.11070954443524691,0,0,0
9.6207606999999999,7574,3998,4294967289,7575,3998,-7,-0.097832827204666392,0.063617251235193309,0.022776546738525992,-0.045119794509363903,-0.32639628626009504,0.038677844599320034,2.897345937214209,-0.098844786167722187,-0.11928840928497882,0,0,0
9.6267264000000008,7598,4003,4294967287,7599,4003,-9,-0.098362488349018298,0.059690260418206069,0.021991148575128551,-0.073489519348519078,-0.54052612815620837,-0.052645349809206772,0.92443412832472793,-0.094222615526098549,-0.1189478040663851,0,0,0
9.6317214,7620,4008,4294967284,7621,4008,-12,-0.09884801106467421,0.055763269601218829,0.022776546738525999,-0.084506209172298313,-0.65476184875500576,0.045193852117479894,6.305171901729639,-0.062696756017450353,-0.1054015928347392,0,0,0
9.6367019000000003,7643,4012,4294967282,7644,4012,-14,-0.099355602994678119,0.052621676947629037,0.022776546738526002,-0.092442592259249834,-0.64242572597965775,0.024110381895208286,6.0391594731264213,-0.032500958651818249,-0.082353559279267616,0,0,0
9.6416944999999998,7663,4017,4294967280,7664,4017,-16,-0.09979698728163805,0.04869468613064179,0.021991148575128548,-0.090499227334314328,-0.70912407068078953,-0.060416917679265478,3.1132952008748163,-0.016934482647444168,-0.060038918219513723,0,0,0
9.6466797999999994,7679,4020,4294967278,7680,4020,-18,-0.10015009471120598,0.046338491640449446,0.022776546738525999,-0.081226024239332728,-0.59814780469029805,0.041047813209697658,7.1842162924809614,0.018986598814960641,-0.028184891888718332,0,0,0
9.6516743999999992,7690,4022,4294967277,7691,4022,-19,-0.10039285606903393,0.04476769531365455,0.022776546738525999,-0.065983329508288391,-0.46566376909859519,0.021898519512705775,5.8132840435510396,0.048053019032715839,0.0050931928049607594,0,0,0
9.6566706999999994,7695,4023,4294967277,7696,4023,-19,-0.10050320214077392,0.043982297150257102,0.021991148575128551,-0.045496871816815852,-0.32170559455871484,-0.061596919919462312,1.343874954607843,0.054772393805755056,0.029687819597736909,0,0,0
9.6616558999999995,7694,4023,4294967277,7695,4023,-19,-0.10048113292642592,0.043982297150257102,0.021991148575128551,-0.022212929033448944,-0.1716261035344572,-0.032861223224925504,1.4494001169674624,0.062019394390592369,0.049543897326492739,0,0,0
9.6666795000000008,7689,4022,4294967277,7690,4022,-19,-0.10037078685468594,0.04476769531365455,0.022776546738525999,-0.0015547817939930153,-0.018280963063984634,0.055748448042832854,4.1391827739708775,0.082715308260446763,0.072303619634663197,0,0,0
9.6714397000000005,7681,4021,4294967278,7682,4021,-18,-0.10019423313990197,0.045553093477052005,0.021991148575128558,0.01564342453042426,0.063526843203705524,-0.043538386164353904,-0.90864948465666517,0.078172060837163437,0.085272889762896681,0,0,0
9.6761896000000007,7669,4019,4294967278,7670,4019,-18,-0.099929402567726019,0.047123889803846894,0.023561944901923447,0.033054903843511618,0.18044985289782206,0.12333182806002491,5.2595994144723628,0.10447005790952525,0.10615455455738974,0,0,0
9.6809425999999998,7653,4016,4294967280,7654,4016,-16,-0.099576295138158091,0.049480084294039245,0.022776546738526002,0.050580161756204577,0.31610640543618118,-0.0074834577694978394,-1.4773349648200265,0.097083383085425121,0.11422627642365654,0,0,0
9.6859245000000005,7633,4012,4294967282,7634,4012,-14,-0.09913491085119816,0.052621676947629037,0.022776546738526002,0.068166119196810732,0.46175707998588666,-0.0039923356002102882,-2.6847505211444007,0.083659630479703123,0.11282777666169844,0,0,0
9.6908802000000005,7611,4008,4294967284,7612,4008,-12,-0.098649388135542249,0.055763269601218829,0.022776546738525999,0.081666238587249335,0.53945998031754061,-0.0021298634983515641,-3.6350578233298609,0.065484341363053811,0.10275709087988981,0,0,0
9.6968552999999993,7586,4003,4294967286,7587,4003,-10,-0.098097657776842345,0.059690260418206069,0.023561944901923447,0.095045722298518695,0.65419307157973394,0.072143262479996806,-1.6625762405000586,0.057171460160553515,0.088626414418160673,0,0,0
9.7009176000000004,7570,4000,4294967288,7571,4000,-8,-0.097744550347274417,0.06204645490839842,0.022776546738526006,0.083651525158941448,0.56884277083814938,-0.034791947906478445,-5.9892638556479021,0.027225140882314005,0.070051908678512062,0,0,0
9.7058955000000005,7553,3997,4294967289,7554,3997,-7,-0.097369373703358478,0.06440264939859075,0.023561944901923433,0.07963196694015473,0.5233094018214679,0.054718429418046777,-2.2226481671733973,0.016111900046447018,0.051624627746136534,0,0,0
9.7108279999999993,7540,3995,4294967290,7541,3995,-6,-0.097082473916834527,0.06597344572538566,0.023561944901923454,0.069251139448101601,0.42573837241179735,0.029191630457738989,-2.9073994094676707,0.0015749029991086651,0.032603933384957089,0,0,0
9.7165523999999994,7529,3993,4294967291,7530,3993,-5,-0.096839712559006572,0.067544242052180556,0.023561944901923454,0.059594871079978601,0.37368539018623703,0.015573387208736083,-3.2740777110253996,-0.014795485556018334,0.011309995459577196,0,0,0
9.7212969999999999,7523,3992,4294967291,7524,3992,-5,-0.096707297272918602,0.068329640215577997,0.024347343065320895,0.044147815587601461,0.27263622477110605,0.081587735905827574,0.21755279416169238,-0.013707721585209873,-0.0013347320737084542,0,0,0
9.7260185000000003,7520,3992,4294967291,7521,3992,-5,-0.09664108962987461,0.068329640215577997,0.024347343065320895,0.02972966465183384,0.14544817911542235,0.043526085484845017,-0.56217143331907571,-0.016518578751805253,-0.011732444914240006,0,0,0
9.7310914000000004,7520,3992,4294967291,7521,3992,-5,-0.09664108962987461,0.068329640215577997,0.024347343065320895,0.015860422043885485,0.077594871428963541,0.023220648257978146,-0.82643395050495139,-0.020650748504330008,-0.01983778784828194,0,0,0
9.7360320999999992,7521,3993,4294967291,7522,3993,-5,-0.096663158844222608,0.067544242052180556,0.023561944901923454,0.006402236017370961,-0.031883579454919007,-0.060891579978969643,-3.7534669308827864,-0.039418083158743941,-0.033884920778854855,0,0,0
9.7410136000000005,7524,3994,4294967291,7525,3994,-5,-0.096729366487266599,0.066758843888783101,0.022776546738525999,-0.0027618141165403429,-0.090289029232573911,-0.10576445205851941,-5.2565209827937487,-0.06570068807271269,-0.053959756607431728,0,0,0
9.7459913,7529,3995,4294967290,7530,3995,-6,-0.096839712559006572,0.06597344572538566,0.023561944901923454,-0.011768946254584084,-0.12144764114377105,0.016855443658021621,0.37320542466464807,-0.063834660949389443,-0.06606033090798312,0,0,0
9.7510124000000005,7537,3997,4294967289,7538,3997,-7,-0.09701626627379055,0.06440264939859075,0.023561944901923433,-0.022751474773277946,-0.21134990882534305,0.008992178461609655,0.83664228209694824,-0.059651449538904701,-0.073293490907450201,0,0,0
9.7559774000000008,7548,4000,4294967288,7549,4000,-8,-0.097259027631618505,0.06204645490839842,0.022776546738526006,-0.034787853736230528,-0.33259121728756069,-0.068482299169780395,-1.4987323401932193,-0.067145111239870797,-0.081212261326275501,0,0,0
9.760961,7562,4002,4294967287,7563,4002,-9,-0.097567996632490453,0.060475658581603517,0.022776546738525999,-0.047386449360987501,-0.32399249220844173,-0.036534491057616636,0.3037751595283289,-0.065626235442229147,-0.083595858712179005,0,0,0
9.7655805999999998,7576,4005,4294967285,7577,4005,-11,-0.097876965633362387,0.058119464091411173,0.023561944901923454,-0.054107650091266529,-0.39268469407218176,0.053788803398704767,4.9043860551995628,-0.041104305166231328,-0.074461192001289658,0,0,0
9.7715390000000006,7594,4009,4294967283,7595,4009,-13,-0.098274211491626323,0.054977871437821381,0.023561944901923447,-0.065929771689587552,-0.50261068500933015,0.028695686047249005,4.9716710930672212,-0.016245949700895223,-0.054444074192884453,0,0,0
9.7765225999999998,7607,4012,4294967282,7608,4012,-14,-0.098561111278150274,0.052621676947629037,0.022776546738526002,-0.061941181460118927,-0.48797537278367042,-0.057970712520120211,1.4219754681362851,-0.0091360723602137983,-0.039624863055891767,0,0,0
9.7815367999999996,7618,4014,4294967281,7619,4014,-15,-0.098803872635978229,0.051050880620834134,0.022776546738525996,-0.055695095547013573,-0.40688808870986448,-0.0309266847615507,2.3231643148302732,0.0024797492139375672,-0.022951102551446678,0,0,0
9.7864833000000004,7625,4016,4294967280,7626,4016,-16,-0.098958357136414196,0.049480084294039245,0.022776546738526002,-0.044126442045556914,-0.36362898831756651,-0.016499018017215348,2.7033140233396153,0.015996319330635646,-0.0063673319891312339,0,0,0
9.7914998999999998,7629,4017,4294967279,7630,4017,-17,-0.099046633993806185,0.04869468613064179,0.023561944901923444,-0.031777372384409405,-0.26727125413494535,0.064477489665134419,5.692260964952828,0.044457624155399784,0.017116319406068246,0,0,0
9.7964897000000004,7629,4017,4294967279,7630,4017,-17,-0.099046633993806185,0.04869468613064179,0.023561944901923444,-0.016952849733249713,-0.14258603117197713,0.034397972879798899,3.6921663661960045,0.062918455986379809,0.039336107602735884,0,0,0
9.8014773000000002,7627,4017,4294967279,7628,4017,-17,-0.099002495565110191,0.04869468613064179,0.023561944901923444,-0.0049259229173041858,-0.07606794958619463,0.018350908889047456,2.5235716204702134,0.075536314088730877,0.061167279225918345,0,0,0
9.8064429000000004,7620,4016,4294967279,7621,4016,-17,-0.09884801106467421,0.049480084294039245,0.024347343065320898,0.0117858506250308,0.032698174074064397,0.083069510645022326,4.4826287411580488,0.097949457794521119,0.085457699791102668,0,0,0
9.8114460000000001,7610,4014,4294967280,7611,4014,-16,-0.098627318921194251,0.051050880620834134,0.024347343065320892,0.026878713579038885,0.1640031250529706,0.044316594661884402,1.8813718524775394,0.10735631705690882,0.1061631720656359,0,0,0
9.8164312999999996,7594,4011,4294967281,7595,4011,-15,-0.098274211491626323,0.053407075111026485,0.025132741228718346,0.047285237801795561,0.30733227199353647,0.096921894781844542,2.9234654216243925,0.12197364416503079,0.12528698630307517,0,0,0
9.8214003000000005,7574,4008,4294967283,7575,4008,-13,-0.097832827204666392,0.055763269601218829,0.024347343065320895,0.066408316506082726,0.38379666499257453,-0.021572842659918316,-3.1566857747529107,0.10619021529126624,0.12974492761102541,0,0,0
9.8264151000000002,7550,4003,4294967286,7551,4003,-10,-0.0973031660603145,0.059690260418206069,0.023561944901923447,0.084846692310698274,0.5711485466341053,-0.084788373942065537,-7.5504112422029763,0.06843815908025136,0.11520034587599128,0,0,0
9.8314062999999994,7526,3999,4294967288,7527,3999,-8,-0.096773504915962594,0.062831853071795868,0.023561944901923454,0.0946833462215243,0.59781902504135553,-0.045233587761070546,-6.7074828357222849,0.034900744901639934,0.091251711263523758,0,0,0
9.8363049,7505,3995,4294967290,7506,3995,-6,-0.096310051414654679,0.06597344572538566,0.023561944901923454,0.093753753150972424,0.61204740765532528,-0.024131580387855418,-6.3108905729802878,0.0033462920367384949,0.061329221999697675,0,0,0
9.8412831999999995,7488,3992,4294967291,7489,3992,-5,-0.09593487477073874,0.068329640215577997,0.024347343065320895,0.085021385267390434,0.54635856104334812,0.060405608535887861,-2.5651470524030771,-0.0094794432252768915,0.03507719217855948,0,0,0
9.8462736,7475,3990,4294967292,7476,3990,-4,-0.09564797498421479,0.069900436542372907,0.024347343065320902,0.072126329943589973,0.43803482436633312,0.032225672789007918,-3.2610333477059208,-0.025784609963806496,0.0080274183489111861,0,0,0
9.8512629,7468,3989,4294967293,7469,3989,-3,-0.095493490483778823,0.070685834705770348,0.023561944901923454,0.052892309918056934,0.30696588157463811,-0.056087506631682646,-6.2673519976246892,-0.057121369951929943,-0.023854768409251548,0,0,0
9.8562445000000007,7467,3989,4294967293,7468,3989,-3,-0.095471421269430826,0.070685834705770348,0.023561944901923454,0.030276527714303985,0.16376264219135137,-0.029922016846995973,-4.1755979739771671,-0.077999359821815772,-0.052776455423907798,0,0,0
9.8607846000000006,7470,3989,4294967293,7471,3989,-3,-0.095537628912474817,0.070685834705770348,0.023561944901923454,0.0099748361870086351,0.08736541937469941,-0.015963039649299713,-2.8567496110157919,-0.092283107876894727,-0.079302870496162747,0,0,0
9.8667706000000006,7479,3992,4294967292,7480,3992,-4,-0.095736251841606779,0.068329640215577997,0.022776546738525992,-0.013210536048131865,-0.17323014706646958,-0.081795610842534797,-3.9856454450024219,-0.11221133510190684,-0.10544680013885888,0,0,0
9.8717564000000007,7493,3995,4294967290,7494,3995,-6,-0.096045220842478726,0.06597344572538566,0.023561944901923454,-0.03587520733669744,-0.31225477835397231,0.029642535004003663,2.097485990627086,-0.10172390514877142,-0.11725857032461268,0,0,0
9.8767519999999998,7512,3999,4294967288,7513,3999,-8,-0.096464535915090646,0.062831853071795868,0.023561944901923454,-0.058262090871244135,-0.45970228280620423,0.015813939414387124,3.0064621294770699,-0.086691594501386068,-0.11819908135200324,0,0,0
9.8817558000000005,7533,4003,4294967286,7534,4003,-10,-0.096927989416398561,0.059690260418206069,0.023561944901923447,-0.074323447159009834,-0.538363770492573,0.0084365483508110992,3.7973418659145159,-0.067704885171813486,-0.11010341780433934,0,0,0
9.8867419000000005,7555,4008,4294967284,7556,4008,-12,-0.097413512132054472,0.055763269601218829,0.022776546738525999,-0.084951099728024809,-0.65360825669277656,-0.068778721216944991,1.6380257885199003,-0.059514756229213983,-0.099848404387569811,0,0,0
9.8917493000000007,7576,4012,4294967282,7577,4012,-14,-0.097876965633362387,0.052621676947629037,0.022776546738526002,-0.088561715547127301,-0.64181029835248116,-0.036692628689714825,3.4338346162520947,-0.04234558314795351,-0.083629686637727546,0,0,0
9.8967402999999994,7595,4016,4294967280,7596,4016,-16,-0.09829628070597432,0.049480084294039245,0.022776546738526002,-0.086369715562683413,-0.63551622807874464,-0.019575080436790612,4.4951202197582738,-0.019869982049162141,-0.062023710388494274,0,0,0
9.9017479999999995,7611,4020,4294967278,7612,4020,-18,-0.098649388135542249,0.046338491640449446,0.022776546738525999,-0.079022978887147127,-0.63215841654321636,-0.010443072295178548,5.1133350011667753,0.0056966929566717346,-0.035869810091209611,0,0,0
9.9067331999999997,7623,4022,4294967277,7624,4022,-19,-0.098914218707718202,0.04476769531365455,0.022776546738525999,-0.066867141311484524,-0.48380802549284907,-0.0055712547038811898,4.7447466229870789,0.029420426071607129,-0.0077899457007057533,0,0,0
9.9117007000000008,7629,4024,4294967276,7630,4024,-20,-0.099046633993806185,0.043196898986859661,0.022776546738526002,-0.048027485151307496,-0.40466485855876921,-0.0029721980369555824,4.3461308980674564,0.051151080561944409,0.019508646741301101,0,0,0
9.916703,7631,4024,4294967276,7632,4024,-20,-0.099090772422502166,0.043196898986859661,0.022776546738526002,-0.029740311898717571,-0.2158838829241691,-0.0015856322570801582,3.3327768612760371,0.067814964868324598,0.045556379458084738,0,0,0
9.9216985999999991,7627,4024,4294967276,7628,4024,-20,-0.099002495565110191,0.043196898986859661,0.022776546738526002,-0.0076296611724191131,-0.1151714805985502,-0.00084591592600217114,2.4878876431151222,0.080254403083900208,0.067544258555360837,0,0,0
9.9266567999999999,7620,4023,4294967276,7621,4023,-20,-0.09884801106467421,0.043982297150257102,0.023561944901923444,0.010343438464499546,0.011836905959359774,0.072828233219429897,4.7207785227859862,0.10385829569783014,0.093806812744222146,0,0,0
9.9316610999999995,7608,4021,4294967277,7609,4021,-19,-0.098583180492498257,0.045553093477052005,0.023561944901923454,0.030227424394391994,0.1528738869487184,0.0388529951177723,2.1640405872283561,0.11467849863397192,0.11497712185003359,0,0,0
9.9366479999999999,7590,4018,4294967278,7591,4018,-18,-0.098185934634234334,0.047909287967244349,0.024347343065320902,0.053189955667735954,0.30139495600199995,0.094007129490569302,3.2294571064675175,0.13082578416630952,0.13471205131126732,0,0,0
9.9416192999999993,7568,4013,4294967280,7569,4013,-16,-0.097700411918578423,0.051836278784231589,0.025132741228718346,0.073676633694255034,0.52718821620207901,0.12343120335289468,2.8349932902953907,0.14500075061778647,0.15283345479711322,0,0,0
9.9466055000000004,7542,4009,4294967283,7543,4009,-13,-0.097126612345530522,0.054977871437821381,0.023561944901923447,0.092842473498303782,0.57436671227543901,-0.080709961526220758,-6.9498242163470643,0.11025162953605115,0.14782923396786388,0,0,0
9.9516158000000008,7513,4003,4294967285,7514,4003,-11,-0.096486605129438643,0.059690260418206069,0.02513274122871835,0.10924455157768463,0.74609491667019889,0.10350123527737476,-0.66854896986075207,0.10690888468674739,0.14364453578014758,0,0,0
9.956569,7484,3998,4294967288,7485,3998,-8,-0.095846597913346751,0.063617251235193309,0.024347343065320895,0.11799486490218204,0.76443034932724518,-0.018062842858319827,-6.6470002276742424,0.073673883548376173,0.12412051421130364,0,0,0
9.9615583999999995,7457,3993,4294967290,7458,3993,-6,-0.095250729125950867,0.067544242052180556,0.02513274122871835,0.1185448323286744,0.77421208429478305,0.063643207735854038,-3.7121683921760269,0.055113041587496039,0.10355398502145843,0,0,0
9.9666118000000008,7433,3989,4294967293,7434,3989,-3,-0.094721067981598961,0.070685834705770348,0.023561944901923454,0.1126609026130351,0.70615100411815612,-0.11260614517811868,-11.366426433180418,-0.0017190905784060517,0.063500710418722017,0,0,0
9.9715559000000002,7413,3985,4294967294,7414,3985,-2,-0.094279683694639044,0.07382742735936014,0.02513274122871835,0.10128545513004142,0.66984122837712889,0.086485001147831808,-2.89360233383871,-0.016187102247599602,0.03122645837324297,0,0,0
9.9765257999999992,7400,3983,4294967295,7401,3983,-1,-0.093992783908115093,0.075398223686155036,0.025132741228718343,0.080803017527987991,0.50391135684506827,0.04613871817036802,-3.7094738833914875,-0.034734471664557037,0.00037964856457308599,0,0,0
9.9815497000000004,7394,3982,0,7395,3982,0,-0.09386036862202711,0.076183621849552477,0.024347343065320888,0.055462109151731838,0.34211022713441963,-0.048665062609917611,-6.7290191894424503,-0.06837956761176929,-0.034552357924344322,0,0,0
9.9865344,7394,3983,0,7395,3983,0,-0.09386036862202711,0.075398223686155036,0.023561944901923447,0.029588374739243826,0.10923221272466895,-0.099241750646610324,-7.4809438613672068,-0.10578428691860532,-0.073178553852946221,0,0,0
9.991479,7399,3984,4294967295,7400,3984,-1,-0.093970714693767096,0.074612825522757595,0.024347343065320902,0.005489494244523602,-0.015005434639875401,0.020335227183018237,-1.298787802307217,-0.1122782259301414,-0.10180694883313264,0,0,0
9.9964715999999996,7411,3987,4294967294,7412,3987,-2,-0.094235545265943049,0.072256631032565244,0.023561944901923454,-0.021780743347081345,-0.22784377855807111,-0.062430917760244682,-3.1743362347672006,-0.12814990710397742,-0.12847488289229619,0,0,0
10.000507600000001,7425,3990,4294967293,7426,3990,-3,-0.094544514266814997,0.069900436542372907,0.022776546738526013,-0.040447310868869039,-0.34139050036597979,-0.10658567043299495,-4.0139234189569031,-0.14821952419876194,-0.15782592941450668,0,0,0
10.006475999999999,7454,3996,4294967289,7455,3996,-7,-0.095184521482906875,0.065188047561988219,0.024347343065320902,-0.081292356284099573,-0.62180488210898521,0.089696852727069454,6.9673058579415788,-0.11338299490905404,-0.15286771839635549,0,0,0
10.011441,7483,4002,4294967286,7484,4002,-10,-0.095824528698998754,0.060475658581603517,0.024347343065320895,-0.10308270159320033,-0.77140261533955434,0.047852202738243463,6.9464250024210248,-0.078650869896948916,-0.13609707918055053,0,0,0
10.0164685,7512,4008,4294967283,7513,4008,-13,-0.096464535915090646,0.055763269601218829,0.024347343065320895,-0.11470759131636976,-0.85121122447228559,0.02552858029332997,7.2419677025381617,-0.042441031384258109,-0.10797485691642557,0,0,0
10.021416,7538,4014,4294967281,7539,4014,-15,-0.097038335488138547,0.051050880620834134,0.022776546738525996,-0.11473200075576573,-0.89378816701114294,-0.13293984501507977,1.1812891791375213,-0.036534585488570505,-0.085794000833967807,0,0,0
10.0264165,7560,4018,4294967278,7561,4018,-18,-0.097523858203794458,0.047909287967244349,0.024347343065320902,-0.10650858185011064,-0.76994342022665818,0.075637214436992964,9.9104850199985037,0.013017839611422014,-0.046082645924373257,0,0,0
10.031437199999999,7575,4021,4294967277,7576,4021,-19,-0.097854896419014389,0.045553093477052005,0.023561944901923454,-0.087707713956844888,-0.63059420338092609,-0.032927966146577177,4.6951840326214649,0.036493759774529337,-0.011706738608330734,0,0,0
10.036319499999999,7584,4024,4294967276,7585,4024,-20,-0.098053519348146365,0.043196898986859661,0.022776546738526002,-0.065323013257288551,-0.55625305569085626,-0.090846197095067263,1.6682473200986587,0.044834996375022633,0.015508100454561935,0,0,0
10.0413332,7586,4024,4294967276,7587,4024,-20,-0.098097657776842345,0.043196898986859661,0.022776546738526002,-0.038967270172389934,-0.2967543808441081,-0.048465364271133564,1.8945417855048854,0.054307705302547062,0.037653397684467571,0,0,0
10.046291999999999,7583,4024,4294967276,7584,4024,-20,-0.098031450133798367,0.043196898986859661,0.022776546738526002,-0.014611243791138602,-0.15831492815944551,-0.025855694669042004,1.7617743285220329,0.063116576945157224,0.055841421430312038,0,0,0
10.0512897,7577,4023,4294967276,7578,4023,-20,-0.097899034847710384,0.043982297150257102,0.023561944901923444,0.0045597370177233015,-0.011179609522991379,0.05948581409919472,4.3747873778014679,0.084990513834164561,0.078044263265177355,0,0,0
10.05625,7566,4021,4294967276,7567,4021,-20,-0.097656273489882428,0.045553093477052005,0.025132741228718346,0.025082778287389727,0.14059485004047007,0.17829401199481429,8.3937310613440044,0.12695916914088459,0.10941109932229062,0,0,0
10.0612388,7551,4019,4294967277,7552,4019,-19,-0.097325235274662483,0.047123889803846894,0.025132741228718343,0.044268017448611044,0.22156471674936368,0.095117732112087433,4.0462227912162856,0.14719028309696602,0.1373883685104213,0,0,0
10.066232299999999,7530,4015,4294967279,7531,4015,-17,-0.096861781773354569,0.050265482457436693,0.025132741228718346,0.066857775642180567,0.41132021495982768,0.050744177333392787,0.61980243605646801,0.15028929527724835,0.15640654452949793,0,0,0
10.071216700000001,7504,4010,4294967282,7505,4010,-14,-0.096287982200306682,0.054192473274423933,0.024347343065320898,0.089204693932680088,0.58583203276618578,-0.046208104992436841,-5.202724490531951,0.1242756728245886,0.15717081149654452,0,0,0
10.0762035,7474,4004,4294967284,7475,4004,-12,-0.095625905769866792,0.058904862254808621,0.025918139392115791,0.10936294976413188,0.75221152861255525,0.12190756485868127,0.34806402457978258,0.1260159929474875,0.15835190472851104,0,0,0
10.0812043,7443,3999,4294967287,7444,3999,-9,-0.094941760125078919,0.062831853071795868,0.02513274122871835,0.12217624945009867,0.76769348895631861,-0.0082432852259936157,-6.0710909438519014,0.095660538228227995,0.14342228690566522,0,0,0
10.0861886,7412,3993,4294967290,7413,3993,-6,-0.094257614480291046,0.067544242052180556,0.02513274122871835,0.12901199224014331,0.84923244971847744,-0.0043976944995348282,-7.0092059223150622,0.060614508616652685,0.11741624729503117,0,0,0
10.0911782,7385,3988,4294967292,7386,3988,-4,-0.093661745692895149,0.071471232869167789,0.025918139392115784,0.12442233856151226,0.81945299495301627,0.070933401648257025,-4.0778115128413432,0.040225451052445967,0.091839194968179647,0,0,0
10.0961911,7362,3984,4294967294,7363,3984,-2,-0.09315415376289124,0.074612825522757595,0.025918139392115805,0.11373737193084707,0.73028649118444144,0.037842125039929106,-5.3104420537358896,0.013673240783766517,0.061965775703625325,0,0,0
10.101193500000001,7344,3981,0,7345,3981,0,-0.092756907904627317,0.076969020012949932,0.025132741228718343,0.097741518166077554,0.60943770400765784,-0.053091196241635677,-8.7561901075837643,-0.030107709754152303,0.022445166745996396,0,0,0
10.1061788,7332,3979,1,7333,3979,1,-0.092492077332451364,0.078539816339744828,0.025132741228718343,0.076853259099414956,0.47168679593402418,-0.028323520936693374,-7.0013788212483279,-0.065114603860393944,-0.018427510560276243,0,0,0
10.111189299999999,7328,3979,1,7329,3979,1,-0.092403800475059375,0.078539816339744828,0.025132741228718343,0.049236739541959895,0.25163928835572136,-0.015110261117495445,-5.0626565544637678,-0.090427886632712784,-0.055722377006113349,0,0,0
10.116183299999999,7330,3980,1,7331,3980,1,-0.092447938903755369,0.077754418176347387,0.024347343065320902,0.022148993664348506,0.060967044296401138,-0.08134066365147713,-6.561357909608013,-0.12323467618075284,-0.096005395724967857,0,0,0
10.121136099999999,7340,3982,0,7341,3982,0,-0.092668631047235328,0.076183621849552477,0.024347343065320888,-0.0087748782776240937,-0.11403384650288151,-0.043394275379511321,-3.4616549148277835,-0.14054295075489176,-0.12913196776762007,0,0,0
10.126133299999999,7357,3985,4294967294,7358,3985,-2,-0.093043807691151253,0.07382742735936014,0.02513274122871835,-0.03968616752813682,-0.28067425696664849,0.050129190155521142,2.1856279036381823,-0.12961481123670085,-0.14588160439056569,0,0,0
10.1311398,7380,3990,4294967292,7381,3990,-4,-0.093551399621155162,0.069900436542372907,0.024347343065320902,-0.068531633799882363,-0.5161339700276355,-0.046536193328005099,0.076672993015238333,-0.12923144627162467,-0.15700936413530822,0,0,0
10.136119600000001,7408,3996,4294967289,7409,3996,-7,-0.094169337622899058,0.065188047561988219,0.024347343065320902,-0.094215897851432501,-0.71502844216941797,-0.024826504945203977,2.9032719153197535,-0.11471508669502589,-0.15530803287001163,0,0,0
10.141136400000001,7438,4002,4294967286,7439,4002,-10,-0.094831414053338933,0.060475658581603517,0.024347343065320895,-0.11203636737681405,-0.82113627444091142,-0.013244644731681353,4.8192655721493338,-0.090618758834279223,-0.14198025503402414,0,0,0
10.1460793,7467,4009,4294967283,7468,4009,-13,-0.095471421269430826,0.054977871437821381,0.023561944901923447,-0.11948426538353757,-0.95102305862126113,-0.080345379527101524,3.2607012783855809,-0.074315252442351321,-0.12550936874814661,0,0,0
10.1510851,7495,4014,4294967280,7496,4014,-16,-0.096089359271174707,0.051050880620834134,0.024347343065320892,-0.12139852001106369,-0.87375707258756474,0.030416216140113084,8.3154977720283476,-0.032737763582209582,-0.093742450684575776,0,0,0
10.1560673,7519,4019,4294967277,7520,4019,-19,-0.096619020415526613,0.047123889803846894,0.025132741228718343,-0.11418331100728316,-0.83253658919217544,0.089506208378820659,11.158802610560029,0.02305624947059056,-0.047943584626726335,0,0,0
10.161056,7536,4023,4294967276,7537,4023,-20,-0.096994197059442552,0.043982297150257102,0.023561944901923444,-0.095920311089988899,-0.73726643289969973,-0.098808542335214772,2.7605776477115,0.03685913770914806,-0.012895953553131979,0,0,0
10.166044299999999,7545,4025,4294967275,7546,4025,-21,-0.097192819988574514,0.042411500823462206,0.023561944901923447,-0.069704336024748528,-0.53988190049724183,-0.052713180633907869,3.564821828232585,0.054683246850310986,0.019178157956800154,0,0,0
10.171097,7547,4026,4294967274,7548,4026,-22,-0.097236958417270508,0.041626102660064758,0.024347343065320898,-0.041304653692057436,-0.3613000838029275,0.045157665180293308,6.5773093089214099,0.087569793394918036,0.054781894228428413,0,0,0
10.176012200000001,7543,4025,4294967274,7544,4025,-22,-0.097148681559878519,0.042411500823462206,0.025132741228718346,-0.013799099800471766,-0.11946977272706245,0.097370595887182859,7.3246139526134924,0.1241928631579855,0.093680877084078573,0,0,0
10.1810048,7533,4024,4294967275,7534,4024,-21,-0.096927989416398561,0.043196898986859661,0.024347343065320902,0.013229447215877013,0.0095438182967691465,-0.021333465963760276,1.088354352941203,0.12963463492269151,0.12122465821962279,0,0,0
10.1859544,7516,4021,4294967276,7517,4021,-20,-0.096552812772482635,0.045553093477052005,0.025132741228718346,0.042062627007639096,0.22493007128091475,0.061898369258653198,2.9339707377323534,0.14430448861135328,0.14628056215406757,0,0,0
10.190975999999999,7493,4016,4294967278,7494,4016,-18,-0.096045220842478726,0.049480084294039245,0.025918139392115798,0.069799446631157391,0.48639511081672604,0.10630156214946845,2.8543798528829987,0.15857638787576828,0.16782665062547392,0,0,0
10.195942499999999,7464,4011,4294967281,7465,4011,-15,-0.095405213626386834,0.053407075111026485,0.025132741228718346,0.096951371161370981,0.6258835956457458,-0.016568901820895127,-4.0274023588843466,0.13843937608134654,0.17051640341543295,0,0,0
10.200957000000001,7432,4005,4294967284,7433,4005,-12,-0.094698998767250964,0.058119464091411173,0.025132741228718343,0.11761393033660533,0.77357856043838691,-0.0088393118039055713,-5.3642482254049071,0.111618134954322,0.16035045460780986,0,0,0
10.2059389,7399,3998,4294967287,7400,3998,-9,-0.093970714693767096,0.063617251235193309,0.025918139392115791,0.13069626985077881,0.92565158456139773,0.06856385171119235,-3.5987109599893912,0.093624580154375053,0.14474743741323914,0,0,0
10.2109276,7368,3993,4294967290,7369,3993,-6,-0.093286569048979223,0.067544242052180556,0.02513274122871835,0.13355732165975942,0.86022169332320075,-0.036701520924758875,-8.4931605524145386,0.05115877739230236,0.11434099663823616,0,0,0
10.215916099999999,7340,3988,4294967292,7341,3988,-4,-0.092668631047235328,0.071471232869167789,0.025918139392115784,0.12890632793968426,0.82531562554623528,0.05369969495372591,-4.9296700708187231,0.026510427038208745,0.083094579200714433,0,0,0
10.2209041,7318,3984,4294967294,7319,3984,-2,-0.092183108331579416,0.074612825522757595,0.025918139392115805,0.11407041660196007,0.73341413478839024,0.02864814775303973,-5.7237304791905323,-0.0021082253577439161,0.049245452481113255,0,0,0
10.2258563,7302,3981,4294967295,7303,3981,-1,-0.091830000902011474,0.076969020012949932,0.026703537555513239,0.093800973006477467,0.61110626462354178,0.088562964950080744,-2.5118315736583212,-0.014667383226035523,0.021346847729229117,0,0,0
10.2318701,7290,3979,0,7291,3979,0,-0.091565170329835521,0.078539816339744828,0.026703537555513239,0.074751025184361608,0.47257695315186188,0.047247287112586862,-3.4923039229675266,-0.032128902840873157,-0.0072248157602741898,0,0,0
10.235850900000001,7287,3979,0,7288,3979,0,-0.091498962686791543,0.078539816339744828,0.026703537555513239,0.046056112520869052,0.25211417663063657,0.02520586501092725,-2.9620388534390383,-0.046939097108068345,-0.029834273048753759,0,0,0
10.2418216,7288,3980,1,7289,3980,1,-0.091521031901139541,0.077754418176347387,0.024347343065320902,0.022511277289114732,0.061220391535667176,-0.20639152906707076,-11.686167033592154,-0.10536993227602912,-0.07064167961985976,0,0,0
10.2468089,7294,3981,0,7295,3981,0,-0.09165344718722751,0.076969020012949932,0.025132741228718343,-0.00034516322733094823,-0.040619169475804628,-0.036827903567349177,-3.5709546271575765,-0.123224705411817,-0.1029188558811526,0,0,0
10.251822300000001,7306,3983,4294967295,7307,3983,-1,-0.091918277759403463,0.075398223686155036,0.025132741228718343,-0.024893463623911472,-0.16822888176938702,-0.019647247973032345,-1.6289747537343802,-0.13136957918048892,-0.12871479028840496,0,0,0
10.256773600000001,7325,3987,4294967293,7326,3987,-3,-0.092337592832015383,0.072256631032565244,0.02513274122871835,-0.052403461381058225,-0.38286618216960916,-0.010481572816325927,0.56426782527908459,-0.12854824005409349,-0.14381423989108688,0,0,0
10.2617539,7348,3992,4294967290,7349,3992,-6,-0.092845184762019292,0.068329640215577997,0.025918139392115791,-0.07531615862132203,-0.57065214512908913,0.067687725018602235,5.6776976647519843,-0.10015975173033356,-0.14128779662899577,0,0,0
10.266773499999999,7375,3998,4294967288,7376,3998,-8,-0.09344105354941519,0.063617251235193309,0.024347343065320895,-0.095776250784661801,-0.74411323933406304,-0.11044844337356037,-0.25202677360304726,-0.1014198855983488,-0.13935558553553282,0,0,0
10.271747299999999,7403,4004,4294967285,7404,4004,-11,-0.094058991551159071,0.058904862254808621,0.024347343065320902,-0.10875057655914944,-0.83665266736004862,-0.058922929219343896,3.1274931979979002,-0.085782419608359306,-0.12800406064121359,0,0,0
10.2767255,7429,4009,4294967282,7430,4009,-14,-0.094632791124206972,0.054977871437821381,0.025132741228718346,-0.11155400432433471,-0.81274183087627716,0.041844838261292719,7.9721635801281252,-0.045921601707718682,-0.10260374771487861,0,0,0
10.281749899999999,7454,4014,4294967280,7455,4014,-16,-0.095184521482906875,0.051050880620834134,0.024347343065320892,-0.11099048938857445,-0.79998568436415907,-0.050955796405984632,4.4826161258230526,-0.02350852107860342,-0.075050694446382515,0,0,0
10.2867126,7473,4018,4294967278,7474,4018,-18,-0.095603836555518795,0.047909287967244349,0.024347343065320902,-0.098335199304869808,-0.71990091281971247,-0.027184310554654673,5.3154831868341352,0.0030688948555672585,-0.045165606369980626,0,0,0
10.291671300000001,7487,4021,4294967276,7488,4021,-20,-0.095912805556390743,0.045553093477052005,0.025132741228718346,-0.081288201442307556,-0.60389712163098219,0.058777013346586235,8.5471074224578807,0.045804431967856662,-0.0062266582842853968,0,0,0
10.2966578,7495,4022,4294967276,7496,4022,-20,-0.096089359271174707,0.04476769531365455,0.024347343065320892,-0.059839169517450524,-0.39545144192634218,-0.041922682641711055,3.1413677114410063,0.061511270525061695,0.025504365721015547,0,0,0
10.3016796,7496,4023,4294967275,7497,4023,-21,-0.096111428485522704,0.043982297150257102,0.025132741228718343,-0.033982594581062384,-0.28424815416452559,0.050914267356072768,6.2330698165104375,0.092676619607613892,0.060657932898267666,0,0,0
10.30664,7491,4022,4294967275,7492,4022,-21,-0.096001082413782732,0.04476769531365455,0.025918139392115791,-0.0078337581997713294,-0.078363485869385394,0.10044167459311033,7.0224208283366059,0.12778872374929692,0.098889391221386652,0,0,0
10.3116314,7480,4020,4294967276,7481,4020,-20,-0.095758321055954776,0.046338491640449446,0.025918139392115788,0.0184709961818618,0.10475305209633093,0.053584437244671872,3.6452148973783087,0.14601479823618846,0.13187205539500138,0,0,0
10.3166431,7462,4017,4294967278,7463,4017,-18,-0.095361075197690839,0.04869468613064179,0.025132741228718343,0.046918041222584916,0.27572306367488952,-0.044692860154165674,-2.1503261233946258,0.13526316761921534,0.14866947790370624,0,0,0
10.3215959,7437,4012,4294967280,7438,4012,-16,-0.094809344838990936,0.052621676947629037,0.025918139392115794,0.076507972817586964,0.51349256736979321,0.049436410642969851,-0.17146293683899705,0.13440585293502036,0.15882140120515781,0,0,0
10.3265829,7408,4006,4294967283,7409,4006,-13,-0.094169337622899058,0.057334065928013725,0.025918139392115791,0.10053028999060269,0.71361928530768282,0.026373736344313566,-3.0171075777927361,0.11932031504605668,0.15685529405897411,0,0,0
10.3316207,7377,4000,4294967286,7378,4000,-10,-0.093485191978111185,0.06204645490839842,0.025918139392115798,0.1174641306482614,0.82038450603669588,0.014070074257268543,-4.9434755893212161,0.094602937099450599,0.14318555245202752,0,0,0
10.3365601,7347,3995,4294967289,7348,3995,-7,-0.092823115547671295,0.06597344572538566,0.025132741228718343,0.12443902271283719,0.80406296054631965,-0.065773302234997374,-9.0643318261636328,0.049281277968632436,0.11347958215592134,0,0,0
10.341538999999999,7320,3989,4294967291,7321,3989,-5,-0.092227246760275411,0.070685834705770348,0.026703537555513246,0.12198271377777063,0.8686351296910193,0.11146976512992771,-2.2510886887496406,0.038025834524884235,0.08922738054607933,0,0,0
10.346576499999999,7298,3985,4294967293,7299,3985,-3,-0.091741724044619499,0.07382742735936014,0.026703537555513246,0.11037675089926943,0.75652457436160281,0.059467792213538762,-4.1555526349134517,0.017248071350316977,0.062431713014570268,0,0,0
10.351559999999999,7280,3982,4294967295,7281,3982,-1,-0.091344478186355563,0.076183621849552477,0.025918139392115784,0.095948666867061883,0.62343540891573124,-0.04155416034261513,-8.0102861671730583,-0.022803359485548316,0.025756463474707114,0,0,0
10.3565133,7269,3980,0,7270,3980,0,-0.091101716828527607,0.077754418176347387,0.025918139392115798,0.073837684019572122,0.47915440480509014,-0.022168649678074078,-6.4228797148827033,-0.054917758059961838,-0.010808120717613329,0,0,0
10.3615099,7264,3979,0,7265,3979,0,-0.090991370756787635,0.078539816339744828,0.026703537555513239,0.049687076411792104,0.32890268804937767,0.061452808693193216,-1.8379842164183247,-0.064107679142053467,-0.03883978114252773,0,0,0
10.3660529,7265,3980,0,7266,3980,0,-0.091013439971135632,0.077754418176347387,0.025918139392115798,0.024448353284103993,0.10218614791017876,-0.040495177690097951,-4.7187348772696387,-0.087701353528401665,-0.068824093208463069,0,0,0
10.371026799999999,7271,3981,0,7272,3981,0,-0.091145855257223601,0.076969020012949932,0.025132741228718343,0.00068824374753427217,-0.01876442630746325,-0.094883214336303034,-6.0447457185350748,-0.11792508212107704,-0.10201314262308714,0,0,0
10.375771200000001,7282,3983,4294967295,7283,3983,-1,-0.091388616615051557,0.075398223686155036,0.025132741228718343,-0.022283043046849638,-0.15656963655522224,-0.05061906489286231,-3.0044117730530422,-0.13294714098634225,-0.13046158803950877,0,0,0
10.3817959,7305,3988,4294967293,7306,3988,-3,-0.091896208545055466,0.071471232869167789,0.024347343065320895,-0.059247274141339616,-0.44992563298875904,-0.10028418759452679,-2.8083399494787065,-0.14698884073373578,-0.15002575537697838,0,0,0
10.386767900000001,7330,3993,4294967290,7331,3993,-6,-0.092447938903755369,0.067544242052180556,0.02513274122871835,-0.083085471752031001,-0.60642756353621374,0.01977909948559145,3.9324472634707455,-0.12732660441638205,-0.15414078308930504,0,0,0
10.391807099999999,7359,3999,4294967287,7360,3999,-9,-0.093087946119847248,0.062831853071795868,0.02513274122871835,-0.10403930734129301,-0.76319899900806543,0.010551914028069206,5.2440032628822157,-0.10110658810197097,-0.14485765555202693,0,0,0
10.396734199999999,7387,4005,4294967284,7388,4005,-12,-0.093705884121591143,0.058119464091411173,0.025132741228718343,-0.11315881882812576,-0.84683469285555635,0.0056293204721914276,6.1996011091197314,-0.070108582556372312,-0.12601293869281585,0,0,0
10.401731699999999,7415,4010,4294967282,7416,4010,-14,-0.094323822123335024,0.054192473274423933,0.024347343065320898,-0.11802396960291825,-0.81817382022131646,-0.070276343859167215,3.480028722028691,-0.052708438946228856,-0.10436999242622123,0,0,0
10.4067758,7439,4015,4294967279,7440,4015,-17,-0.094853483267686931,0.050265482457436693,0.025132741228718346,-0.11238302855175095,-0.80288358599067067,0.035787926757727899,8.3617186350955386,-0.010899845770751163,-0.070459355692975414,0,0,0
10.4113252,7458,4019,4294967277,7459,4019,-19,-0.095272798340298864,0.047123889803846894,0.025132741228718343,-0.099078102364803744,-0.72144690882661122,0.019092432730088153,7.5251932086438185,0.026726120272467929,-0.032114428406783128,0,0,0
10.4163058,7471,4021,4294967276,7472,4021,-20,-0.095559698126822801,0.045553093477052005,0.025132741228718346,-0.079625421114895387,-0.53144237279751949,0.010185585491460354,6.2795912295456144,0.058124076420196,0.0072280854092991002,0,0,0
10.421265200000001,7477,4023,4294967276,7478,4023,-20,-0.095692113412910784,0.043982297150257102,0.023561944901923444,-0.054833875489235337,-0.43007721557270984,-0.14112515002355022,-1.0101484425334535,0.05307333420752873,0.030991420216526483,0,0,0
10.4257372,7476,4022,4294967276,7477,4022,-20,-0.095670044198562787,0.04476769531365455,0.024347343065320892,-0.027194109299158636,-0.15616155346564492,-0.0020090675989923867,3.1705672270929202,0.068926170342993337,0.054822248310077343,0,0,0
10.4317171,7469,4021,4294967276,7470,4021,-20,-0.09551555969812682,0.045553093477052005,0.025132741228718346,-9.3961619886924821e-05,-0.010030809768190527,0.072207705653758211,5.1393098712582779,0.094622719699284735,0.08014310456811724,0,0,0
10.4366746,7459,4019,4294967277,7460,4019,-19,-0.095294867554646862,0.047123889803846894,0.025132741228718343,0.020540975221977016,0.14120772102870344,0.038521951051291407,2.5432200940089906,0.10733882016932969,0.10215313215697505,0,0,0
10.4416814,7444,4016,4294967278,7445,4016,-18,-0.094963829339426917,0.049480084294039245,0.025918139392115798,0.041845019601132294,0.29517119541497971,0.093830521423476018,3.638854303686391,0.12553309168776164,0.12418915250543475,0,0,0
10.4466527,7424,4013,4294967280,7425,4013,-16,-0.094522445052467,0.051836278784231589,0.025132741228718346,0.063506024883090512,0.37730887546306757,-0.023222053531724234,-2.4633039560818539,0.11321657190735238,0.13149504569075932,0,0,0
10.4516528,7401,4008,4294967282,7402,4008,-14,-0.094014853122463091,0.055763269601218829,0.025918139392115794,0.081239244030238994,0.56768738818260778,0.060890830282162023,-0.44530860381320236,0.11099002888828637,0.1359350004125135,0,0,0
10.456635199999999,7375,4003,4294967285,7376,4003,-11,-0.09344105354941519,0.059690260418206069,0.02513274122871835,0.096877036050113718,0.66925205751811867,-0.040794986479833727,-6.0557013936913666,0.080711521919829526,0.12330537777943708,0,0,0
10.461631499999999,7349,3998,4294967287,7350,3998,-9,-0.092867253976367289,0.063617251235193309,0.025918139392115791,0.10521961186367637,0.72343559908421939,0.051515879828802499,-3.025441773118172,0.06558431305423866,0.10837928585864126,0,0,0
10.466617599999999,7326,3993,4294967289,7327,3993,-7,-0.092359662046363381,0.067544242052180556,0.026703537555513239,0.10349294592107444,0.7523418732428746,0.10076262768276351,-1.4190631361173551,0.058488997373651888,0.095261862797999905,0,0,0
10.4716012,7304,3989,4294967291,7305,3989,-5,-0.091874139330707469,0.070685834705770348,0.026703537555513246,0.10051267994068296,0.69448350697231387,0.053755661895801707,-3.5100711940312457,0.040938641403495658,0.07655425619480169,0,0,0
10.4765639,7286,3986,4294967293,7287,3986,-3,-0.091476893472443546,0.073042029195962685,0.025918139392115791,0.090686302480977102,0.59033723830496498,-0.044601513841887638,-7.4643237883726528,0.0036170224616323965,0.048096407122790272,0,0,0
10.481578000000001,7272,3983,4294967294,7273,3983,-2,-0.091167924471571599,0.075398223686155036,0.026703537555513246,0.077207606076776222,0.53477644423936121,0.04948514281273559,-3.2455255922355284,-0.012610605499545246,0.023350682316927662,0,0,0
10.486561500000001,7262,3982,4294967295,7263,3982,-1,-0.09094723232809164,0.076183621849552477,0.025918139392115784,0.061780441010819531,0.35857638368976102,-0.046879784915481365,-6.5252379025066922,-0.045236795012078709,-0.0086397958096386812,0,0,0
10.4915448,7258,3981,0,7259,3981,0,-0.090858955470699651,0.076969020012949932,0.025132741228718343,0.041195570592511666,0.26457574973701925,-0.098289326257338008,-8.1158183678635645,-0.085815886851396531,-0.046531849175275683,0,0,0
10.496539,7259,3981,0,7260,3981,0,-0.090881024685047648,0.076969020012949932,0.025132741228718343,0.019918236054087077,0.14114801167619986,-0.052436185039657912,-5.3189278589262603,-0.11241052614602784,-0.083217729825423928,0,0,0
10.500554299999999,7265,3982,4294967295,7266,3982,-1,-0.091013439971135632,0.076183621849552477,0.025918139392115784,-0.0017285198459276643,0.0020212640184229802,0.045305439031109389,-0.036844993938866644,-0.11259475111572217,-0.10928835670081079,0,0,0
10.5065142,7281,3985,4294967294,7282,3985,-2,-0.09136654740070356,0.07382742735936014,0.02513274122871835,-0.033867908956546629,-0.21876023759327076,-0.049109607107264794,-2.24000592158351,-0.12379478072363972,-0.12979952736743969,0,0,0
10.511472400000001,7301,3990,4294967292,7302,3990,-4,-0.091807931687663477,0.069900436542372907,0.024347343065320902,-0.059250331352887972,-0.48310357802035464,-0.099478909841905772,-2.4529425792277744,-0.13605949361977859,-0.14817681346946368,0,0,0
10.516484200000001,7326,3995,4294967289,7327,3995,-7,-0.092359662046363381,0.06597344572538566,0.025132741228718343,-0.083087102737984003,-0.62412760209744655,0.020208705576634081,4.2213545523465763,-0.11495272085804571,-0.14869069241545113,0,0,0
10.5215239,7353,4000,4294967287,7354,4000,-9,-0.092955530833759278,0.06204645490839842,0.024347343065320902,-0.09992195692743544,-0.69936223950031939,-0.062498415530515709,1.8600296337485647,-0.10565257268930289,-0.14553365824668038,0,0,0
10.5265586,7382,4006,4294967284,7383,4006,-12,-0.093595538049851157,0.057334065928013725,0.024347343065320895,-0.11302137167820317,-0.81277854188432719,-0.033342160397594037,4.4004947803526537,-0.083650098787539623,-0.13128507460874564,0,0,0
10.531512299999999,7409,4011,4294967281,7410,4011,-15,-0.094191406837247055,0.053407075111026485,0.025132741228718346,-0.11589153292256066,-0.80000526924976501,0.055491873788651502,8.7977530961878578,-0.039661333306600335,-0.10226831390188294,0,0,0
10.5364653,7434,4016,4294967279,7435,4016,-17,-0.094743137195946958,0.049480084294039245,0.024347343065320898,-0.11330450924049508,-0.79319088041496633,-0.043675265473440875,5.0189462752004861,-0.014566601930597903,-0.071557691543302063,0,0,0
10.5414108,7454,4020,4294967277,7455,4020,-19,-0.095184521482906875,0.046338491640449446,0.024347343065320895,-0.10162881160113862,-0.71627596583152064,-0.023300234005323467,5.7482809569666244,0.014174802854235221,-0.037218888354165314,0,0,0
10.5463805,7467,4022,4294967276,7468,4022,-20,-0.095471421269430826,0.04476769531365455,0.024347343065320892,-0.080986194116317411,-0.52868373628992826,-0.012430397361476353,5.2874763404138703,0.040612184556304574,-0.0033442685534527151,0,0,0
10.551396,7474,4024,4294967275,7475,4024,-21,-0.095625905769866792,0.043196898986859661,0.024347343065320902,-0.057618941942891751,-0.42860551584825946,-0.0066314689598769355,4.8398780411302695,0.064811574761955926,0.029861755802656782,0,0,0
10.5563609,7474,4024,4294967275,7475,4024,-21,-0.095625905769866792,0.043196898986859661,0.024347343065320902,-0.030739019347802425,-0.22865593848100554,-0.0035378097165346505,3.6482539305078867,0.083052844414495355,0.059030601488818196,0,0,0
10.5613464,7469,4023,4294967275,7470,4023,-21,-0.09551555969812682,0.043982297150257102,0.025132741228718343,-0.0061033494402690913,-0.048705700844860034,0.071392139939698729,5.5954525405044873,0.11103010711701779,0.091258121462383684,0,0,0
10.56636,7458,4021,4294967276,7459,4021,-20,-0.095272798340298864,0.045553093477052005,0.025132741228718346,0.019394148647775972,0.12057512721505594,0.038086856455339116,2.8359445144686024,0.12520982968936079,0.11779115575078522,0,0,0
10.5713214,7441,4018,4294967277,7442,4018,-19,-0.094897621696382925,0.047909287967244349,0.025918139392115798,0.045351421806690752,0.28416395232707814,0.093598403638037064,3.7933992958214113,0.14417682616846783,0.14321576512609963,0,0,0
10.576285800000001,7419,4013,4294967280,7420,4013,-16,-0.094412098980727013,0.051836278784231589,0.025132741228718346,0.069494869227773051,0.5179956809439612,-0.023345885605986355,-3.0819084571510498,0.12876728388271258,0.15209977893570256,0,0,0
10.581338499999999,7391,4008,4294967282,7392,4008,-14,-0.093794160978983132,0.055763269601218829,0.025918139392115794,0.094729772481127933,0.64274212348031501,0.060824767345248068,-1.0303154318786731,0.12361570672331922,0.15442941470679952,0,0,0
10.5862675,7362,4002,4294967285,7363,4002,-11,-0.09315415376289124,0.060475658581603517,0.025918139392115798,0.11025140310935096,0.78257238427145759,0.032449289022077193,-3.6854484974997503,0.10518846423582046,0.14695162405011636,0,0,0
10.5912525,7332,3996,4294967288,7333,3996,-8,-0.092492077332451364,0.065188047561988219,0.025918139392115805,0.12059111846654233,0.85717016317769656,0.017311309257652105,-5.4593968042565546,0.077891480214537678,0.12864811583394975,0,0,0
10.5962426,7304,3991,4294967291,7305,3991,-5,-0.091874139330707469,0.069115038378975438,0.025132741228718336,0.1219890129494355,0.82368767055400194,-0.064044141961866391,-9.4479412050257583,0.030651774189408884,0.09523229327729861,0,0,0
10.6012646,7280,3986,4294967293,7281,3986,-3,-0.091344478186355563,0.073042029195962685,0.025918139392115791,0.11449833195777789,0.80582515947921773,0.039112732251213922,-5.3497359720672293,0.0039030943290727371,0.061905139321186083,0,0,0
10.6062101,7261,3982,4294967295,7262,3982,-1,-0.090925163113743643,0.076183621849552477,0.025918139392115784,0.10020659154096227,0.7230162032518197,0.020866176866056897,-5.9084617141201585,-0.025639214241528055,0.02518166949223237,0,0,0
10.6112064,7249,3980,0,7250,3980,0,-0.09066033254156769,0.077754418176347387,0.025918139392115798,0.078168346388581708,0.53227957268478576,0.011131856864643328,-5.3564255693834033,-0.052421342088445073,-0.010931445281581428,0,0,0
10.6162188,7244,3979,0,7245,3979,0,-0.090549986469827703,0.078539816339744828,0.026703537555513239,0.051997433212196402,0.35724433245041087,0.079218232361034313,-1.2733174423647902,-0.058787929300269021,-0.037278714486326053,0,0,0
10.621177899999999,7245,3980,0,7246,3980,0,-0.090572055684175701,0.077754418176347387,0.025918139392115798,0.025680901123291033,0.11730607768006883,-0.031017535730116695,-4.4217656901422968,-0.080896757750980514,-0.065297295727504465,0,0,0
10.62617,7251,3981,0,7252,3981,0,-0.090704470970263684,0.076969020012949932,0.025132741228718343,0.0013457933414393348,-0.010698123837093051,-0.0898270052190277,-5.8905900060466534,-0.11034970778121378,-0.096376292635329486,0,0,0
10.630800799999999,7261,3982,4294967295,7262,3982,-1,-0.090925163113743643,0.076183621849552477,0.025918139392115784,-0.019873137906478731,-0.078986840956124654,0.025357881749286694,-0.14039327399444157,-0.11105167415118598,-0.1173014437433702,0,0,0
10.6367788,7282,3987,4294967293,7283,3987,-3,-0.091388616615051557,0.072256631032565244,0.02513274122871835,-0.053843397922850984,-0.40853613546308393,-0.059751391363474821,-1.34317718518289,-0.11776756007710043,-0.12965518018873515,0,0,0
10.641731500000001,7304,3991,4294967291,7305,3991,-5,-0.091874139330707469,0.069115038378975438,0.025132741228718336,-0.074025237355574619,-0.51106724021800631,-0.031876655718538913,1.0642845675858905,-0.11244613723917098,-0.13543823594858856,0,0,0
10.6467498,7329,3996,4294967289,7330,3996,-7,-0.092425869689407372,0.065188047561988219,0.024347343065320902,-0.09096933913740779,-0.63904588286318553,-0.090285335501667327,-0.1308224689772044,-0.113100249584057,-0.13848138367053339,0,0,0
10.651741400000001,7355,4001,4294967286,7356,4001,-10,-0.092999669262455273,0.061261056745000965,0.025132741228718343,-0.10206792591497207,-0.707320964628396,0.025113368001712037,5.8174307226209532,-0.084013095970952231,-0.12637314631532759,0,0,0
10.656692899999999,7381,4006,4294967284,7382,4006,-12,-0.09357346883550316,0.057334065928013725,0.024347343065320895,-0.10798888978874252,-0.74374490766840573,-0.059881836535915244,2.9674156028165801,-0.069176017956869326,-0.11215722338090822,0,0,0
10.6617041,7405,4011,4294967282,7406,4011,-14,-0.094103129979855066,0.053407075111026485,0.02356194490192345,-0.10702943297773947,-0.7631766475108317,-0.1052257659565916,1.5079793085773536,-0.061636121413982559,-0.098716550106954792,0,0,0
10.6667021,7427,4015,4294967280,7428,4015,-16,-0.094588652695510977,0.050265482457436693,0.02356194490192345,-0.10239935366971156,-0.70026373001392939,-0.056136693013781255,3.6268089989281544,-0.043502076419341784,-0.080383571425764633,0,0,0
10.671658499999999,7446,4018,4294967278,7447,4018,-18,-0.095007967768122911,0.047909287967244349,0.024347343065320902,-0.093751930709910364,-0.5934209184615179,0.043331262095927893,7.6466881509660567,-0.0052686356645115021,-0.051167598560401692,0,0,0
10.6766798,7461,4021,4294967277,7462,4021,-19,-0.095339005983342842,0.045553093477052005,0.023561944901923454,-0.080902192491344296,-0.53642155087961552,-0.050162806991892142,3.4631146324325406,0.012046937497651202,-0.025267483173525514,0,0,0
10.6816622,7470,4023,4294967276,7471,4023,-20,-0.095537628912474817,0.043982297150257102,0.023561944901923444,-0.061692348601779107,-0.43273354778292983,-0.026761260145876958,3.8234283604434296,0.03116407929986835,-0.00021293401580334617,0,0,0
10.686624399999999,7475,4024,4294967275,7476,4024,-21,-0.09564797498421479,0.043196898986859661,0.024347343065320902,-0.043207684604092543,-0.30413771364981235,0.059002705701601661,6.7514363757954765,0.064921261178845724,0.031730934564222338,0,0,0
10.6916221,7474,4024,4294967275,7475,4024,-21,-0.095625905769866792,0.043196898986859661,0.024347343065320902,-0.020991674917183022,-0.16225384828385098,0.031477240833957629,4.6174771799742746,0.088008647078717098,0.061317869221448502,0,0,0
10.6965866,7468,4022,4294967275,7469,4022,-21,-0.095493490483778823,0.04476769531365455,0.025918139392115791,0.001155852995950309,0.059998542790896239,0.16335177170935636,8.8985736762408667,0.13250151545992145,0.10080335937097348,0,0,0
10.701602599999999,7457,4020,4294967276,7458,4020,-20,-0.095250729125950867,0.046338491640449446,0.025918139392115788,0.023266846698318546,0.1785675466457971,0.087146224865573899,4.6412052146970826,0.15570754153340685,0.13675945280324842,0,0,0
10.7065698,7439,4016,4294967278,7440,4016,-18,-0.094853483267686931,0.049480084294039245,0.025918139392115798,0.049476570359767713,0.38838173675895649,0.046491473149332031,1.2129440882863398,0.16177226197483854,0.16345318895971442,0,0,0
10.711579199999999,7413,4011,4294967281,7414,4011,-15,-0.094279683694639044,0.053407075111026485,0.025132741228718346,0.079932027905703057,0.57359462781826809,-0.048476872029566895,-4.7622759403532058,0.13796088227307252,0.1693529489343179,0,0,0
10.7165917,7382,4005,4294967284,7383,4005,-12,-0.093595538049851157,0.058119464091411173,0.025132741228718343,0.10647520312879535,0.74568301880698173,-0.025861833921121662,-5.7164087027352277,0.10937883875939639,0.1602143911819619,0,0,0
10.721587899999999,7349,3998,4294967287,7350,3998,-9,-0.092867253976367289,0.063617251235193309,0.025918139392115791,0.12475389153549973,0.91076964530650706,0.059482538881322655,-3.7972689114607028,0.090392494202092874,0.14422910796842064,0,0,0
10.726551600000001,7319,3992,4294967290,7320,3992,-6,-0.092205177545927414,0.068329640215577997,0.025918139392115791,0.12832802333307924,0.9255618752503918,0.031733226121049153,-5.7221532148077525,0.06178172812805411,0.12046832664617255,0,0,0
10.731525299999999,7291,3987,4294967293,7292,3987,-3,-0.091587239544183519,0.072256631032565244,0.02513274122871835,0.12611655955763773,0.8601738344741191,-0.056350221064535508,-9.791220172274695,0.012825627266680635,0.081465740252146368,0,0,0
10.7364777,7268,3982,4294967295,7269,3982,-1,-0.09107964761417961,0.076183621849552477,0.025918139392115784,0.11464121865595651,0.82529009342019688,0.043217347423734981,-5.685188716262104,-0.015600316314629884,0.043249417327754752,0,0,0
10.741521000000001,7252,3979,1,7253,3979,1,-0.090726540184611681,0.078539816339744828,0.025132741228718343,0.094105489104653606,0.66012099441119076,-0.050223579112906973,-8.9747935973248296,-0.060474284301254039,-0.0028680044101981328,0,0,0
10.7464803,7244,3977,2,7245,3977,2,-0.090549986469827703,0.080110612666539724,0.025132741228718343,0.066677039845402367,0.49872572778162105,-0.026793681348707746,-7.0346863103435524,-0.095647715852971799,-0.048089785261403138,0,0,0
10.751468900000001,7244,3977,2,7245,3977,2,-0.090549986469827703,0.080110612666539724,0.025132741228718343,0.03557140670672914,0.26606423649223826,-0.014294109916025394,-4.9962560714345869,-0.12062899621014474,-0.089161510548289025,0,0,0
10.7560164,7251,3978,2,7252,3978,2,-0.090704470970263684,0.079325214503142283,0.024347343065320902,0.004563150022352868,0.068662582341839709,-0.080905256704963152,-6.3901256002939117,-0.15257962421161431,-0.13175968642853697,0,0,0
10.7609867,7266,3981,1,7267,3981,1,-0.091035509185483615,0.076969020012949932,0.023561944901923447,-0.028452267746021477,-0.1832078878931179,-0.11644151025078413,-6.0702637442112248,-0.18293094293267043,-0.17298939090041487,0,0,0
10.765995800000001,7291,3986,4294967294,7292,3986,-2,-0.091587239544183519,0.073042029195962685,0.024347343065320895,-0.066656702575054405,-0.464136822845018,0.011159360264561033,1.7399700827426019,-0.17423109251895741,-0.19359170484157442,0,0,0
10.7709793,7324,3993,4294967291,7325,3993,-5,-0.092315523617667386,0.067544242052180556,0.023561944901923454,-0.10351119568497444,-0.7605681026687966,-0.067326133486677778,0.98836318459580141,-0.16928927659597839,-0.20382845106162367,0,0,0
10.775939899999999,7361,4000,4294967287,7362,4000,-9,-0.093132084548543242,0.06204645490839842,0.024347343065320902,-0.13140906991319895,-0.91871066028167758,0.03736182885766446,7.4274418743873767,-0.13215206722404152,-0.19232274528752213,0,0,0
10.7809559,7400,4008,4294967284,7401,4008,-12,-0.093992783908115093,0.055763269601218829,0.022776546738525999,-0.15041047410615566,-1.0763573507548561,-0.12662694782708675,2.2065206696929911,-0.12111946387557657,-0.17900805116780985,0,0,0
10.785924700000001,7438,4015,4294967280,7439,4015,-16,-0.094831414053338933,0.050265482457436693,0.02356194490192345,-0.15848838669438456,-1.0871804634302042,0.0057255506150520885,8.8021728258534697,-0.077108599746309209,-0.14765952888268019,0,0,0
10.790898500000001,7472,4021,4294967277,7473,4021,-19,-0.095581767341170798,0.045553093477052005,0.023561944901923454,-0.15456141581019783,-1.0196749458590229,0.0030545130680699546,9.0339633480691557,-0.03193878300596343,-0.10712770577142829,0,0,0
10.7958981,7500,4027,4294967274,7501,4027,-22,-0.096199705342914693,0.040840704496667317,0.023561944901923457,-0.14011176203309944,-0.98366155615185624,0.001629546345897793,9.1606673835342374,0.01386455391170776,-0.059910437501027224,0,0,0
10.8008954,7521,4031,4294967272,7522,4031,-24,-0.096663158844222608,0.037699111843077518,0.023561944901923447,-0.11798927198358256,-0.81788980303922654,0.00086934356941652518,8.4802378054541983,0.056265742938978749,-0.0092114176559399408,0,0,0
10.8058856,7532,4033,4294967272,7533,4033,-24,-0.096905920202050563,0.036128315516282622,0.021991148575128551,-0.085596084369677528,-0.5828935083303094,-0.14609525414268365,0.74252501344981514,0.059978368006227828,0.024931183227156439,0,0,0
10.810848,7534,4033,4294967271,7535,4033,-25,-0.096950058630746558,0.036128315516282622,0.023561944901923447,-0.049782712180693807,-0.31096674506853289,0.068618960333984083,8.1195938704868968,0.10057633735866231,0.066389354092203728,0,0,0
10.8168553,7527,4031,4294967272,7528,4031,-24,-0.096795574130310591,0.037699111843077518,0.023561944901923447,-0.012144712251572118,-0.019338016635391392,0.036607398161233304,4.7136198803627929,0.12414443676047628,0.1006548422305414,0,0,0
10.821869400000001,7514,4029,4294967273,7515,4029,-23,-0.096508674343786641,0.039269908169872414,0.023561944901923447,0.020289374059426657,0.13624243700373104,0.019529610964848319,2.4902114083776796,0.13659549380236469,0.12846054929269482,0,0,0
10.8255705,7500,4026,4294967274,7501,4026,-22,-0.096199705342914693,0.041626102660064758,0.024347343065320898,0.039651683114486247,0.29252227551877141,0.083698334165406132,3.9871617768128025,0.1565313026864287,0.16012127654634009,0,0,0
10.8317763,7468,4020,4294967277,7469,4020,-19,-0.095493490483778823,0.046338491640449446,0.024347343065320895,0.087045229140357089,0.59573426612023717,0.044652064521407464,-0.42304693627814238,0.15441606800503799,0.16939982251249683,0,0,0
10.8366653,7437,4013,4294967281,7438,4013,-15,-0.094809344838990936,0.051836278784231589,0.02356194490192345,0.1102700112770178,0.83077377147416431,-0.049458174627214246,-6.5682213307174546,0.12157496135145071,0.1623602990503491,0,0,0
10.841113500000001,7407,4007,4294967283,7408,4007,-13,-0.09414726840855106,0.056548667764616277,0.025132741228718343,0.12060104570238961,0.88288502922441048,0.12017369141331072,-0.33786636396975833,0.11988562953160192,0.16000347076009669,0,0,0
10.846093,7375,4001,4294967286,7376,4001,-10,-0.09344105354941519,0.061261056745000965,0.025132741228718343,0.13023075006241924,0.91068576464594575,0.064111233231458439,-3.6084286488112363,0.10184348628754575,0.14735797697214542,0,0,0
10.8510914,7344,3995,4294967289,7345,3995,-7,-0.092756907904627317,0.06597344572538566,0.025132741228718343,0.13330897239650236,0.92551712591691015,0.034202579434147271,-5.6097740905380356,0.073794615834855568,0.1256862239988816,0,0,0
10.856071999999999,7317,3990,4294967292,7318,3990,-4,-0.092161039117231419,0.069900436542372907,0.024347343065320902,0.1267147263025846,0.86014996123762244,-0.055032850479301301,-9.6182777491417042,0.025703227089147046,0.090943633533931117,0,0,0
10.8610565,7293,3985,4294967294,7294,3985,-2,-0.091631377972879513,0.07382742735936014,0.02513274122871835,0.11701944375359316,0.82527735733283003,0.043920148942512435,-5.581290900048443,-0.0022032274110951704,0.055475501368240143,0,0,0
10.8655917,7277,3982,0,7278,3982,0,-0.091278270543311571,0.076183621849552477,0.024347343065320888,0.095374243872178036,0.66011419986025222,-0.049848642872240403,-8.8571598991534195,-0.046489026906862269,0.013097110327315888,0,0,0
10.8708753,7265,3980,1,7266,3980,1,-0.091013439971135632,0.077754418176347387,0.024347343065320902,0.075590346455272156,0.49872210296961228,-0.026593657329392371,-7.1128608751936078,-0.082053331282830308,-0.03230715591460296,0,0,0
10.876044200000001,7263,3979,1,7264,3979,1,-0.090969301542439637,0.078539816339744828,0.025132741228718343,0.044444770160779808,0.33934182199021545,0.059092119808227893,-2.2413425563094531,-0.093260044064377573,-0.06589846032306533,0,0,0
10.8806596,7268,3980,1,7269,3980,1,-0.09107964761417961,0.077754418176347387,0.024347343065320902,0.013415204278454733,0.10775530154892067,-0.041754577096998084,-4.9177582358754206,-0.11784883524375467,-0.10018041154753124,0,0,0
10.8857859,7279,3982,0,7280,3982,0,-0.091322408972007565,0.076183621849552477,0.024347343065320888,-0.015493361167817066,-0.089072868455755405,-0.022275569629795103,-2.5472788322751843,-0.13058522940513059,-0.12834422514032465,0,0,0
10.891354400000001,7299,3986,4294967294,7300,3986,-2,-0.091763793258967497,0.073042029195962685,0.024347343065320895,-0.049447728928417686,-0.34063739172853791,-0.011883751119765697,-0.024082451253918502,-0.1307056416614002,-0.14419374958745035,0,0,0
10.8959805,7322,3991,4294967292,7323,3991,-4,-0.092271385188971405,0.069115038378975438,0.023561944901923433,-0.073739310557386806,-0.54812358832759578,-0.079619358991903866,-1.1578738231441683,-0.13649501077712103,-0.15780739039439387,0,0,0
10.900772,7349,3996,4294967289,7350,3996,-7,-0.092867253976367289,0.065188047561988219,0.024347343065320902,-0.094935021121091007,-0.65881500327897791,0.03080353944953089,4.975015308478028,-0.11161993423473089,-0.15401957525597967,0,0,0
10.9064219,7382,4003,4294967286,7383,4003,-10,-0.093595538049851157,0.059690260418206069,0.023561944901923447,-0.11859734186536565,-0.86442659352560125,-0.056846197832237919,3.227424275709998,-0.095482812856180904,-0.14061475284139135,0,0,0
10.9107681,7408,4008,4294967284,7409,4008,-12,-0.094169337622899058,0.055763269601218829,0.022776546738525999,-0.11680713635097011,-0.82755888972844316,-0.10360628885932482,1.5048504511080951,-0.087958560600640431,-0.13179350897539627,0,0,0
10.9163341,7439,4014,4294967281,7440,4014,-15,-0.094853483267686931,0.051050880620834134,0.022776546738525996,-0.12614763434203699,-0.88116992809880268,-0.05527272126859497,4.5382201532673943,-0.06526745983430346,-0.10959017408197549,0,0,0
10.921087699999999,7463,4019,4294967278,7464,4019,-18,-0.095383144412038837,0.047123889803846894,0.023561944901923447,-0.1167169069460875,-0.83649125932839996,0.043792180733023975,8.9449443201788785,-0.020542738233409068,-0.077270229572662233,0,0,0
10.925893800000001,7483,4022,4294967277,7484,4022,-19,-0.095824528698998754,0.04476769531365455,0.022776546738525999,-0.10344928513913879,-0.66609668302955216,-0.049916912388039442,4.3699732174068195,0.00130712785362503,-0.047441194094200639,0,0,0
10.9307211,7497,4025,4294967275,7498,4025,-21,-0.096133497699870701,0.042411500823462206,0.023561944901923447,-0.084016505331707764,-0.57519320578760247,0.046649440988959984,8.0583906035977986,0.041599080871614021,-0.0097703346414033283,0,0,0
10.936128699999999,7506,4027,4294967274,7507,4027,-22,-0.096332120629002663,0.040840704496667317,0.023561944901923457,-0.06335379741404383,-0.45341776394823352,0.024886921223668302,6.4829698018041828,0.074013929880634932,0.0294343371246042,0,0,0
10.941121799999999,7507,4027,4294967274,7508,4027,-22,-0.09635418984335066,0.040840704496667317,0.023561944901923457,-0.035857606708511486,-0.24189297735553958,0.013276876096749466,4.6393091503379518,0.097210475632324683,0.064588783264938304,0,0,0
10.9461101,7502,4026,4294967275,7503,4026,-21,-0.096243843771610688,0.041626102660064758,0.022776546738525999,-0.0088340548404168186,-0.055767503445733932,-0.066196464007510003,-0.18459360450637385,0.096287507609792808,0.087941231546182108,0,0,0
10.9511105,7490,4024,4294967276,7491,4024,-20,-0.095979013199434735,0.043196898986859661,0.022776546738526002,0.019996460099239749,0.11680773962585353,-0.035315025220347109,-0.42126933221633012,0.094181160948711151,0.10240246568740652,0,0,0
10.9561776,7474,4021,4294967277,7475,4021,-19,-0.095625905769866792,0.045553093477052005,0.023561944901923454,0.043613637530453719,0.28215409591371426,0.054439373900380179,1.9834408417334948,0.10409836515737862,0.11626734696661788,0,0,0
10.961103899999999,7454,4016,4294967279,7455,4016,-17,-0.095184521482906875,0.049480084294039245,0.024347343065320898,0.064449561486073698,0.51692344648262845,0.10232227695432534,2.3039016220499091,0.11561787326762817,0.12840583629547089,0,0,0
10.9655471,7434,4012,4294967281,7435,4012,-15,-0.094743137195946958,0.052621676947629037,0.024347343065320898,0.07556527878327679,0.5688905798723195,0.054587716208458217,-0.52327127480345847,0.11300151689361088,0.13604184732444141,0,0,0
10.9711497,7405,4007,4294967284,7406,4007,-12,-0.094103129979855066,0.056548667764616277,0.023561944901923447,0.10002737394975687,0.66989394595587959,-0.044157622774944075,-6.2290293206223346,0.081856370290499206,0.12112637281791534,0,0,0
10.9757286,7382,4002,4294967286,7383,4002,-10,-0.093595538049851157,0.060475658581603517,0.024347343065320895,0.10072294882788667,0.723778038921574,0.04972195341069105,-2.9455827115369027,0.067128456732814687,0.10927963203379933,0,0,0
10.981330699999999,7356,3997,4294967289,7357,3997,-7,-0.09302173847680327,0.06440264939859075,0.023561944901923433,0.10727136052999206,0.75252456081801711,-0.04675344928162796,-7.8808723260470792,0.027724095102579289,0.079530371168576544,0,0,0
10.986351900000001,7336,3993,4294967290,7337,3993,-6,-0.092580354189843339,0.067544242052180556,0.02513274122871835,0.098410198612304919,0.69458096861804419,0.12161663017485555,-0.64990775727009442,0.024474556316228815,0.060577839912276596,0,0,0
10.9913452,7320,3990,4294967292,7321,3990,-4,-0.092227246760275411,0.069900436542372907,0.024347343065320902,0.085446433205104477,0.5903892329323015,-0.0083984954151006402,-5.8164898767241198,-0.0046078930673917849,0.033361808702946971,0,0,0
10.9963183,7308,3989,4294967293,7309,3989,-3,-0.091962416188099458,0.070685834705770348,0.023561944901923454,0.070293977693782497,0.38824514416981065,-0.077760016579056415,-7.9176999087945177,-0.044196392611364377,-0.0019490792053197883,0,0,0
11.001302600000001,7302,3987,4294967293,7303,3987,-3,-0.091830000902011474,0.072256631032565244,0.02513274122871835,0.049855661551381186,0.35368319942257648,0.10507499577606064,0.3295225758610445,-0.042548779732059151,-0.022922811127941502,0,0,0
11.006322300000001,7302,3987,4294967293,7303,3987,-3,-0.091830000902011474,0.072256631032565244,0.02513274122871835,0.026597401711130463,0.18868577491094432,0.056056258917976332,-0.55433534129389272,-0.045320456438528611,-0.038653047864268826,0,0,0
11.0113117,7305,3988,4294967293,7306,3988,-3,-0.091896208545055466,0.071471232869167789,0.024347343065320895,0.0080120662786919497,0.027382094581267627,-0.043374172728157814,-3.710346992616715,-0.063872191401612183,-0.058055749353467051,0,0,0
11.0162838,7310,3989,4294967293,7311,3989,-3,-0.092006554616795452,0.070685834705770348,0.023561944901923454,-0.0060212093688890404,-0.058671497923779847,-0.096419123903417059,-5.3351310573640927,-0.090547846688432646,-0.083153569764806951,0,0,0
11.021077999999999,7320,3991,4294967292,7321,3991,-4,-0.092227246760275411,0.069115038378975438,0.023561944901923433,-0.023803346119474798,-0.17785958401284824,-0.051438454355912475,-2.4544027591599851,-0.10281986048423257,-0.1034962065114301,0,0,0
11.02604,7334,3994,4294967291,7335,3994,-5,-0.092536215761147345,0.066758843888783101,0.022776546738525999,-0.0415263453609475,-0.3147245278333225,-0.10072132211502829,-3.4489697557587626,-0.12006470926302638,-0.12461549768170921,0,0,0
11.0310513,7353,3998,4294967289,7354,3998,-7,-0.092955530833759278,0.063617251235193309,0.022776546738525992,-0.06127690570829495,-0.46101986474141599,-0.053733625867319217,-0.12994315468074769,-0.12071442503643012,-0.13722547587699582,0,0,0
11.0360073,7376,4002,4294967286,7377,4002,-10,-0.093463122763763187,0.060475658581603517,0.024347343065320895,-0.080050035496862737,-0.53906668476404462,0.117892789092675,8.4209151763584416,-0.078609849154637923,-0.12587863854393033,0,0,0
11.0409962,7401,4008,4294967284,7402,4008,-12,-0.094014853122463091,0.055763269601218829,0.022776546738525999,-0.0941834971970128,-0.72726277237768178,-0.083664639577576763,1.4299122848387853,-0.071460287730443994,-0.11591242782557483,0,0,0
11.045982199999999,7425,4012,4294967282,7426,4012,-14,-0.094544514266814997,0.052621676947629037,0.022776546738526002,-0.099664420437214324,-0.68110410532546095,-0.044634088860066271,3.4422523303521686,-0.054249026078683149,-0.099565678068218172,0,0,0
11.051028499999999,7447,4017,4294967279,7448,4017,-17,-0.095030036982470908,0.04869468613064179,0.023561944901923444,-0.098470207188604775,-0.72975852544447961,0.049467764428468924,8.1555369869206764,-0.013471341144079767,-0.069490959332717539,0,0,0
11.0559846,7466,4020,4294967278,7467,4020,-18,-0.095449352055082828,0.046338491640449446,0.022776546738525999,-0.091655777854086073,-0.60915604057288475,-0.046889056076528421,3.7944689214699396,0.0055010034632699302,-0.041070203627921839,0,0,0
11.060987600000001,7479,4023,4294967276,7480,4023,-20,-0.095736251841606779,0.043982297150257102,0.023561944901923444,-0.075665699380215196,-0.544816051137894,0.048264766272685847,7.5967873401067791,0.043484940163803831,-0.0049406364702373542,0,0,0
11.065953800000001,7486,4024,4294967276,7487,4024,-20,-0.095890736342042746,0.043196898986859661,0.022776546738526002,-0.054780521362468318,-0.36393239440936437,-0.047530841266242921,2.495292488769155,0.055961402607649605,0.023446114198392286,0,0,0
11.070942000000001,7487,4025,4294967276,7488,4025,-20,-0.095912805556390743,0.042411500823462206,0.021991148575128548,-0.031283866033359392,-0.26743311767168398,-0.098636657067099814,-0.57280131708453919,0.053097396022226906,0.041484135808784892,0,0,0
11.0769248,7482,4024,4294967276,7483,4024,-20,-0.09580245948465077,0.043196898986859661,0.022776546738526002,-0.0063940186584841938,-0.069392864149191436,0.020658037401682781,3.1162902208684917,0.068678847126569367,0.060078298242053463,0,0,0
11.081886799999999,7475,4022,4294967276,7476,4022,-20,-0.09564797498421479,0.04476769531365455,0.024347343065320892,0.011002639030529698,0.10953877195373699,0.15757985552314574,7.8618747981608772,0.10798822111737374,0.090208694339823647,0,0,0
11.0868667,7463,4020,4294967277,7464,4020,-19,-0.095383144412038837,0.046338491640449446,0.024347343065320895,0.030579100046009597,0.20499666893409682,0.084066976317455189,3.8520915056849199,0.12724867864579834,0.11625259993409666,0,0,0
11.091851800000001,7446,4017,4294967279,7447,4017,-17,-0.095007967768122911,0.04869468613064179,0.023561944901923444,0.051318460177079889,0.32920183946573722,-0.028430788572617174,-2.1795675985314062,0.1163508406531413,0.12811664700036232,0,0,0
11.0968356,7425,4013,4294967281,7426,4013,-15,-0.094544514266814997,0.051836278784231589,0.02356194490192345,0.070619102874738549,0.46874333808832463,-0.015167487123819642,-3.0109408852748696,0.10129613622676695,0.13021548352308401,0,0,0
11.101827,7400,4008,4294967283,7401,4008,-13,-0.093992783908115093,0.055763269601218829,0.024347343065320895,0.089152206955226965,0.61646658510849695,0.065187845539681266,-1.0255797790846084,0.0961682373313439,0.12785083118897153,0,0,0
11.1068073,7375,4003,4294967285,7376,4003,-11,-0.09344105354941519,0.059690260418206069,0.02513274122871835,0.099039397273119459,0.69527517817106821,0.1080564585713239,-0.12878050964268439,0.09552433478313048,0.12500616760077546,0,0,0
11.1110577,7354,3999,4294967287,7355,3999,-9,-0.092977600048107276,0.062831853071795868,0.02513274122871835,0.09607765451118333,0.66403910475357852,0.057646833813280472,-2.446415946709684,0.083292255049582056,0.11988544909125291,0,0,0
11.115170000000001,7334,3996,4294967289,7335,3996,-7,-0.092536215761147345,0.065188047561988219,0.024347343065320902,0.092438489756095657,0.57409551228088351,-0.042525619963523928,-6.6737100026812737,0.049923705036175686,0.10305516787037715,0,0,0
11.1206684,7309,3991,4294967291,7310,3991,-5,-0.091984485402447455,0.069115038378975438,0.025132741228718336,0.10079259001133913,0.67267071541078072,0.050592607475209612,-3.7570650215074868,0.03113837992863825,0.079363434582747347,0,0,0
11.1266462,7286,3987,4294967293,7287,3987,-3,-0.091476893472443546,0.072256631032565244,0.02513274122871835,0.10113118248385244,0.65197989306545345,0.026990553585272352,-5.0987049217573963,0.0056448553198512677,0.048932345173832978,0,0,0
11.1316364,7271,3984,4294967295,7272,3984,-1,-0.091145855257223601,0.074612825522757595,0.024347343065320902,0.084838935433906595,0.56766206645732209,-0.058880380382317916,-8.4502560262886988,-0.036606424811592229,0.011469471952878719,0,0,0
11.1366266,7262,3982,0,7263,3982,0,-0.09094723232809164,0.076183621849552477,0.024347343065320888,0.063792554079321759,0.44939999080318049,-0.031411981732882129,-6.6445507174360703,-0.06982917839877259,-0.026800142818073948,0,0,0
11.1416185,7259,3982,0,7260,3982,0,-0.090881024685047648,0.076183621849552477,0.024347343065320888,0.040209898689765627,0.23974954322994813,-0.016757918172063895,-4.779604120124449,-0.093727198999394828,-0.063019924932139176,0,0,0
11.1466083,7263,3983,0,7264,3983,0,-0.090969301542439637,0.075398223686155036,0.023561944901923447,0.013215061044086674,0.054624006865692618,-0.082219669068291631,-6.2666661776148285,-0.12506052988746896,-0.10113526326729033,0,0,0
11.1515983,7273,3985,4294967295,7274,3985,-1,-0.091189993685919596,0.07382742735936014,0.023561944901923447,-0.013541024937144116,-0.11741778143350831,-0.043863214301385137,-3.2618944711544362,-0.14137000224324114,-0.13376869668735397,0,0,0
11.156584799999999,7291,3989,4294967293,7292,3989,-3,-0.091587239544183519,0.070685834705770348,0.023561944901923454,-0.044287960274105163,-0.35575906524518275,-0.02340050246676529,-0.45130843901654905,-0.1436265444383239,-0.15546184364615492,0,0,0
11.161652999999999,7316,3994,4294967291,7317,3994,-5,-0.092138969902883422,0.066758843888783101,0.022776546738525999,-0.075104855952967425,-0.55619082106609352,-0.08576340868358491,-1.229072043292923,-0.14977190465478851,-0.17118107041241507,0,0,0
11.1665983,7345,4000,4294967288,7346,4000,-8,-0.092778977118975314,0.06204645490839842,0.022776546738526006,-0.099781743852920365,-0.73639829516504507,-0.045753757184071223,2.2573449210213523,-0.13848518004968174,-0.17515754793462987,0,0,0
11.1716122,7377,4006,4294967284,7378,4006,-12,-0.093485191978111185,0.057334065928013725,0.024347343065320895,-0.11912390046089641,-0.83253683652244548,0.12214995400365737,10.949018662121151,-0.083740086739075986,-0.15226821324439363,0,0,0
11.176587899999999,7410,4013,4294967281,7411,4013,-15,-0.094213476051595052,0.051836278784231589,0.02356194490192345,-0.13150182092999146,-0.95710512272350434,-0.0081139735037394495,6.9212761916626402,-0.049133705780762787,-0.1215716478971684,0,0,0
11.181596000000001,7439,4019,4294967278,7440,4019,-18,-0.094853483267686931,0.047123889803846894,0.023561944901923447,-0.12986885304184345,-0.95028130064738114,-0.0043287082356740737,7.6704620287055212,-0.01078139563723518,-0.082808552791955842,0,0,0
11.186544100000001,7463,4023,4294967276,7464,4023,-20,-0.095383144412038837,0.043982297150257102,0.023561944901923444,-0.11870213280677977,-0.80008183425001023,-0.0023093142935404227,7.4239008655348941,0.026338108690439288,-0.038976186451036759,0,0,0
11.1915453,7478,4027,4294967274,7479,4027,-22,-0.095714182627258781,0.040840704496667317,0.023561944901923457,-0.094212828180341684,-0.71995220763877388,-0.001231991674188985,7.0407591363155539,0.061541904372017057,0.005006199728025254,0,0,0
11.1965389,7486,4028,4294967274,7487,4028,-22,-0.095890736342042746,0.040055306333269862,0.022776546738526002,-0.066734303963989383,-0.45736544822205277,-0.073936772178520863,2.4495519946289988,0.073789664345162057,0.040206133607718825,0,0,0
11.201528700000001,7485,4028,4294967274,7486,4028,-22,-0.095868667127694748,0.040055306333269862,0.022776546738526002,-0.033542846169321378,-0.24399901990300976,-0.039444387450956887,2.3383882738216824,0.085481605714270464,0.068472822659687904,0,0,0
11.206252599999999,7478,4027,4294967274,7479,4027,-22,-0.095714182627258781,0.040840704496667317,0.023561944901923457,-0.003480937133589752,-0.056891052064139136,0.052236408326548786,4.8110018959503744,0.10953661519402233,0.097906319868066805,0,0,0
11.210597399999999,7467,4025,4294967274,7468,4025,-22,-0.095471421269430826,0.042411500823462206,0.025132741228718346,0.020793174383320151,0.11620833981817122,0.17442654034761931,8.8056145146152893,0.15356468776709878,0.13731034147179699,0,0,0
11.216832200000001,7443,4021,4294967277,7444,4021,-19,-0.094941760125078919,0.045553093477052005,0.023561944901923454,0.060511557214777578,0.35511384254653106,-0.053504556538356951,-3.0836128322921676,0.13814662360563795,0.14834724893860401,0,0,0
11.220796999999999,7422,4016,4294967279,7423,4016,-17,-0.094478306623771005,0.049480084294039245,0.024347343065320898,0.075523510664595173,0.55584660244026052,0.044735475559692629,-0.45671962708972536,0.13586302547018933,0.16152571865076651,0,0,0
11.226788300000001,7387,4010,4294967282,7388,4010,-14,-0.093705884121591143,0.054192473274423933,0.024347343065320898,0.11235975273217623,0.73621465862743207,0.023865843460393128,-3.4636336891397352,0.11854485702449065,0.15344790291730104,0,0,0
11.2317923,7356,4004,4294967285,7357,4004,-11,-0.09302173847680327,0.058904862254808621,0.024347343065320902,0.12377500814489679,0.83243886861653904,0.012732143269964545,-5.1726148712596078,0.092681782668192603,0.13834263268016758,0,0,0
11.2367434,7327,3998,4294967288,7328,3998,-8,-0.092381731260711378,0.063617251235193309,0.024347343065320895,0.12574669043890624,0.88377333872037722,0.0067924468085911755,-6.2898776526816409,0.061232394404784396,0.1149079800506195,0,0,0
11.2417523,7301,3993,4294967290,7302,3993,-6,-0.091807931687663477,0.067544242052180556,0.02513274122871835,0.12062122867401318,0.83788014789123078,0.076903208773770812,-3.5044131295216667,0.043710328757176065,0.091910648374184722,0,0,0
11.2467214,7279,3989,4294967292,7280,3989,-4,-0.091322408972007565,0.070685834705770348,0.025132741228718343,0.1096504148102169,0.74011715782969201,0.04102694604749893,-4.814681836285807,0.019636919575747029,0.065248537503703977,0,0,0
11.251728200000001,7261,3986,4294967293,7262,3986,-3,-0.090925163113743643,0.073042029195962685,0.025918139392115791,0.095561175213421376,0.61468224759038559,0.095166906422194886,-1.9797420067015032,0.0097382095422395131,0.042830632093876712,0,0,0
11.2567184,7248,3984,4294967294,7249,3984,-2,-0.090638263327219692,0.074612825522757595,0.025918139392115805,0.077749182362399222,0.47448469747861904,0.050770411242223708,-3.1109608669674724,-0.0058165947925978498,0.020674166194940762,0,0,0
11.261085,7240,3983,4294967295,7241,3983,-1,-0.090461709612435728,0.075398223686155036,0.025132741228718343,0.057951144984175237,0.32641145480182449,-0.046194109514494083,-6.4003083040749882,-0.037818136312972789,-0.0073801705008763752,0,0,0
11.2655251,7236,3982,4294967295,7237,3982,-1,-0.090373432755043739,0.076183621849552477,0.025918139392115784,0.039152686765034458,0.24741614322451166,0.048635511987475538,-1.7244924320210986,-0.046440598473078284,-0.028658678224540463,0,0,0
11.271350200000001,7237,3983,4294967295,7238,3983,-1,-0.090395501969391737,0.075398223686155036,0.025132741228718343,0.018828381860645376,0.058714046661951388,-0.047333052842579562,-4.607308513828265,-0.069477141042219609,-0.052989372187969425,0,0,0
11.275706100000001,7240,3984,4294967295,7241,3984,-1,-0.090461709612435728,0.074612825522757595,0.024347343065320902,0.0038673867090077722,-0.041956274618097943,-0.09853113929851845,-6.0867733769267431,-0.099911007926853326,-0.083794655651591221,0,0,0
11.280992899999999,7249,3985,4294967294,7250,3985,-2,-0.09066033254156769,0.07382742735936014,0.02513274122871835,-0.016468787611585899,-0.09566269214732083,0.020714329874618798,-0.24132622569167894,-0.10111763905531172,-0.10320652776681286,0,0,0
11.285723900000001,7263,3988,4294967293,7264,3988,-3,-0.090969301542439637,0.071471232869167789,0.024347343065320895,-0.037613445743579138,-0.27087346489836173,-0.062228670988975852,-2.3972181844209022,-0.11310372997741623,-0.12194036241216888,0,0,0
11.291771600000001,7286,3993,4294967290,7287,3993,-6,-0.091476893472443546,0.067544242052180556,0.02513274122871835,-0.067425861411675739,-0.51090536417594434,0.040081264394972602,4.0412327271274435,-0.092897566341779009,-0.11981437846862467,0,0,0
11.296735200000001,7308,3998,4294967288,7309,3998,-8,-0.091962416188099458,0.063617251235193309,0.024347343065320895,-0.081271319874542336,-0.6389595239225152,-0.051896642061425913,1.401307133240016,-0.085891030675578933,-0.11730834144167256,0,0,0
11.301740499999999,7331,4002,4294967286,7332,4002,-10,-0.092470008118103367,0.060475658581603517,0.024347343065320895,-0.090716817342898964,-0.63399537386997085,-0.027686240507388368,3.0422846036916424,-0.070679607657120724,-0.10746004913888577,0,0,0
11.3067352,7354,4007,4294967284,7355,4007,-12,-0.092977600048107276,0.056548667764616277,0.023561944901923447,-0.095755877756698388,-0.70462657822656616,-0.088049798889792794,1.2861288767669081,-0.064248963273286178,-0.096888635364790365,0,0,0
11.3116985,7374,4011,4294967282,7375,4011,-14,-0.093418984335067193,0.053407075111026485,0.02356194490192345,-0.09226682568958669,-0.66902796531821473,-0.046973519130670778,3.1956645446547634,-0.048270640550012359,-0.082761596658996101,0,0,0
11.316689999999999,7393,4014,4294967280,7394,4014,-16,-0.093838299407679113,0.051050880620834134,0.024347343065320892,-0.088346347699865047,-0.57675700998023083,0.048219706239163385,7.2050285431789272,-0.01224549783411772,-0.056435527544533182,0,0,0
11.321702,7408,4018,4294967278,7409,4018,-18,-0.094169337622899058,0.047909287967244349,0.024347343065320902,-0.078018378330082017,-0.60081107344583318,0.02572463903450601,6.5516864706568878,0.02051293451916672,-0.025794589738205771,0,0,0
11.326699,7418,4020,4294967277,7419,4020,-19,-0.094390029766379016,0.046338491640449446,0.024347343065320895,-0.062212978352545273,-0.46708459126304891,0.013723788572525646,5.4537399150299244,0.047781634094316343,0.0059673495500171883,0,0,0
11.3317175,7422,4021,4294967277,7423,4021,-19,-0.094478306623771005,0.045553093477052005,0.023561944901923454,-0.041426324113274557,-0.32246358626300853,-0.065958041523921748,1.1297517518889011,0.053430392853760847,0.028853841944748028,0,0,0
11.3366939,7422,4021,4294967276,7423,4021,-20,-0.094478306623771005,0.045553093477052005,0.025132741228718346,-0.022100450572112185,-0.17203048308184374,0.11137120891932895,7.7868889298205612,0.092364837502863645,0.06328901252442079,0,0,0
11.3411659,7417,4020,4294967276,7418,4020,-20,-0.094367960552031019,0.046338491640449446,0.025918139392115788,-0.0014947758743656028,-0.018496694736796798,0.13269473294089762,7.735389928921629,0.13104178714747178,0.10232671403075197,0,0,0
11.346135200000001,7406,4018,4294967277,7407,4018,-19,-0.094125199194203063,0.047909287967244349,0.025918139392115798,0.021852767762102744,0.13669127221740607,0.070791059774484189,3.9096005297807963,0.15058978979637577,0.13640179260224411,0,0,0
11.351207499999999,7387,4014,4294967279,7388,4014,-17,-0.093705884121591143,0.051050880620834134,0.025918139392115788,0.050781286350153276,0.36604124305214569,0.037766187345404788,0.66079764540950037,0.15389377802342327,0.15962974988904644,0,0,0
11.356124100000001,7362,4009,4294967282,7363,4009,-14,-0.09315415376289124,0.054977871437821381,0.025132741228718346,0.078568968086110413,0.56167624047658948,-0.053131708097327375,-5.1173291426336682,0.12830713231025492,0.16345167528872287,0,0,0
11.361106400000001,7332,4003,4294967285,7333,4003,-11,-0.092492077332451364,0.059690260418206069,0.02513274122871835,0.10368891668487581,0.73932470109518533,-0.028345133529252574,-5.9661013177096631,0.098476625721706609,0.15215327479495069,0,0,0
11.365683799999999,7304,3998,4294967287,7305,3998,-9,-0.091874139330707469,0.063617251235193309,0.025918139392115791,0.11297188958569758,0.76081851994385596,0.058157728113772976,-3.088397992224321,0.083034635760585007,0.13961972294702052,0,0,0
11.371637099999999,7269,3991,4294967291,7270,3991,-5,-0.091101716828527607,0.069115038378975438,0.025132741228718336,0.13233801691725144,0.91884425491572452,-0.042253063938405513,-9.1433564946411074,0.037317853287379472,0.10224935500209838,0,0,0
11.3766289,7243,3986,4294967293,7244,3986,-3,-0.090527917255479706,0.073042029195962685,0.025918139392115791,0.12413762285470381,0.85659006402510274,0.050738012868767356,-5.296290924045814,0.010836398667150401,0.068367433571076303,0,0,0
11.3816594,7222,3982,4294967295,7223,3982,-1,-0.090064463754171792,0.076183621849552477,0.025918139392115784,0.10946725896647666,0.75009867527242591,0.027068125631113882,-5.9894240663966727,-0.019110721664832964,0.030901562640746581,0,0,0
11.386622300000001,7209,3980,0,7210,3980,0,-0.089777563967647842,0.077754418176347387,0.025918139392115798,0.085167912438369686,0.54672774898508714,0.014440522672358404,-5.4587360021831861,-0.046404401675748899,-0.0051619421969710429,0,0,0
11.3915933,7202,3979,1,7203,3979,1,-0.089623079467211875,0.078539816339744828,0.025132741228718343,0.059849838868004109,0.36495226244460638,-0.065575672417183359,-7.8106918384623514,-0.085457860868060648,-0.046867390537658843,0,0,0
11.3966058,7203,3979,1,7204,3979,1,-0.089645148681559872,0.078539816339744828,0.025132741228718343,0.029870066027080869,0.1946976858309524,-0.034983840299858668,-5.2682749502518167,-0.11179923561931973,-0.08446319032604746,0,0,0
11.401587900000001,7210,3980,0,7211,3980,0,-0.089799633181995839,0.077754418176347387,0.025918139392115798,0.0015215526665085539,0.030589377461793785,0.054616057111410037,-0.071166683302279043,-0.11215506903583113,-0.1101171957957482,0,0,0
11.406546199999999,7224,3983,4294967295,7225,3983,-1,-0.090108602182867786,0.075398223686155036,0.025132741228718343,-0.028015813450539141,-0.20351948928629407,-0.044142503240728825,-2.4717990007822634,-0.12451406403974244,-0.13307961665446855,0,0,0
11.4115675,7244,3987,4294967293,7245,3987,-3,-0.090549986469827703,0.072256631032565244,0.02513274122871835,-0.056128308092505221,-0.40169330100724926,-0.023549499789878612,0.14789254442620092,-0.12377460131761144,-0.14615076349970973,0,0,0
11.416544500000001,7270,3992,4294967291,7271,3992,-5,-0.091123786042875604,0.068329640215577997,0.024347343065320895,-0.083480650771181136,-0.58069618881852703,-0.085842896981070324,-0.78206766217215673,-0.12768493962847222,-0.15386636070497159,0,0,0
11.4215208,7298,3998,4294967288,7299,3998,-8,-0.091741724044619499,0.063617251235193309,0.024347343065320895,-0.1021910203791392,-0.74947161702877696,-0.045796163244161442,2.5217998216786528,-0.11507594052007895,-0.15170780277408211,0,0,0
11.4260185,7324,4003,4294967285,7325,4003,-11,-0.092315523617667386,0.059690260418206069,0.02513274122871835,-0.10805455921945492,-0.76623177875572968,0.048847811583593415,7.3261105025327691,-0.078445388007415101,-0.13606439010329502,0,0,0
11.430540300000001,7350,4008,4294967283,7351,4008,-13,-0.092889323190715287,0.055763269601218829,0.024347343065320895,-0.11118268736241479,-0.77517312544181982,-0.047219793536308514,3.865815676353582,-0.059116309625647193,-0.11796417093991676,0,0,0
11.4364822,7381,4014,4294967280,7382,4014,-16,-0.09357346883550316,0.051050880620834134,0.024347343065320892,-0.12314705778769333,-0.85322274670918352,-0.025191197515401571,5.9721319185325203,-0.029255650032984592,-0.085084985442916011,0,0,0
11.4412635,7402,4018,4294967278,7403,4018,-18,-0.094036922336811088,0.047909287967244349,0.024347343065320902,-0.10893880429977698,-0.7483022515854576,-0.013439203874789557,6.1960908052027452,0.0017248039930291351,-0.052186815107000829,0,0,0
11.446259,7419,4021,4294967276,7420,4021,-20,-0.094412098980727013,0.045553093477052005,0.025132741228718346,-0.093122429217885661,-0.61904889763355131,0.066109864071071056,9.1540812105907552,0.047495210045982915,-0.0088283269309650698,0,0,0
11.4512491,7428,4023,4294967276,7429,4023,-20,-0.094610721909858975,0.043982297150257102,0.023561944901923444,-0.068211699365701761,-0.4768142532746098,-0.11129021339846665,0.66459796277573879,0.050818199859861607,0.019423952653042108,0,0,0
11.456203800000001,7430,4023,4294967276,7431,4023,-20,-0.094654860338554969,0.043982297150257102,0.023561944901923444,-0.040508349810129976,-0.25437472578450143,-0.059372003503069495,1.3690696715695854,0.057663548217709533,0.042175924904968486,0,0,0
11.4605876,7427,4023,4294967276,7428,4023,-20,-0.094588652695510977,0.043982297150257102,0.023561944901923444,-0.015433391425294613,-0.13570588688059651,-0.031674256813106844,1.4914040793647365,0.06512056861453322,0.060754265277879894,0,0,0
11.466366499999999,7419,4021,4294967276,7420,4021,-20,-0.094412098980727013,0.045553093477052005,0.025132741228718346,0.0082393515712225699,0.074161564042280026,0.12966119978008092,6.9757789619392279,0.099999463424229357,0.087546602804563944,0,0,0
11.470934400000001,7408,4019,4294967277,7409,4019,-19,-0.094169337622899058,0.047123889803846894,0.025132741228718343,0.027045808831487095,0.18612334981727996,0.06917270595925723,3.4614859047648645,0.11730689294805369,0.1116472705234777,0,0,0
11.476974,7388,4015,4294967279,7389,4015,-17,-0.09372795333593914,0.050265482457436693,0.025132741228718346,0.05561082217993759,0.39241266776957096,0.036902814857810648,0.32807856113452782,0.11894728575372633,0.12390168399070063,0,0,0
11.4809644,7371,4011,4294967281,7372,4011,-15,-0.093352776692023201,0.053407075111026485,0.025132741228718346,0.064672585835033339,0.50246556221642369,0.019687212254381806,-1.3958021825345241,0.11196827484105371,0.13378418060012784,0,0,0
11.485945600000001,7347,4007,4294967283,7348,4007,-13,-0.092823115547671295,0.056548667764616277,0.025132741228718343,0.083920700668353138,0.56117747079392588,0.010502893284495201,-2.8749166803752182,0.097593691439177621,0.1314238024259152,0,0,0
11.4919382,7316,4001,4294967286,7317,4001,-10,-0.092138969902883422,0.061261056745000965,0.025132741228718343,0.10860311254692731,0.73905861340928691,0.0056031684892789129,-4.9239521677909215,0.072973930600223016,0.11292953221114985,0,0,0
11.496922,7292,3996,4294967288,7293,3996,-8,-0.091609308758531516,0.065188047561988219,0.025918139392115805,0.10735711350450819,0.76067656533224448,0.076268742953425533,-2.4328684756420671,0.060809588222012684,0.098396398584433623,0,0,0
11.500917400000001,7274,3992,4294967290,7275,3992,-6,-0.091212062900267593,0.068329640215577997,0.025918139392115791,0.094337726277542111,0.69892996594490286,0.040688466088139724,-3.7981903725362942,0.04181863635933121,0.08314136267208791,0,0,0
11.5069043,7251,3988,4294967292,7252,3988,-4,-0.090704470970263684,0.071471232869167789,0.025918139392115784,0.097687589552255871,0.66598889050638399,0.021706812102786105,-4.9846635900471199,0.016895318409095611,0.056238276842943753,0,0,0
11.5119358,7235,3985,4294967294,7236,3985,-2,-0.090351363540695742,0.07382742735936014,0.02513274122871835,0.085060929877055075,0.57513569976018419,-0.061699193539627085,-8.3042191653195712,-0.024625777417502243,0.021421867366161803,0,0,0
11.515935499999999,7226,3983,4294967294,7227,3983,-2,-0.090152740611563781,0.075398223686155036,0.026703537555513246,0.063910985471029871,0.45338708516744053,0.11364325360071781,-0.058196987294708791,-0.024916762353975788,0.0011929881579295747,0,0,0
11.520887200000001,7220,3982,4294967295,7221,3982,-1,-0.090020325325475797,0.076183621849552477,0.025918139392115784,0.04645041121501553,0.31515612988335368,-0.012652196863189205,-4.6315296251196161,-0.048074410479573865,-0.025354186996134634,0,0,0
11.5268611,7220,3982,4294967295,7221,3982,-1,-0.090020325325475797,0.076183621849552477,0.025918139392115784,0.024780741209495413,0.16813204212713018,-0.0067497963526516542,-3.3755452119798579,-0.064952136539473154,-0.048719514078144399,0,0,0
11.531843500000001,7224,3983,4294967295,7225,3983,-1,-0.090108602182867786,0.075398223686155036,0.025132741228718343,0.004983789272793299,0.016416922913635279,-0.076880455263446182,-5.3391924151610812,-0.091648098615278561,-0.076051945632962401,0,0,0
11.536826599999999,7232,3984,4294967295,7233,3984,-1,-0.09028515589765175,0.074612825522757595,0.024347343065320902,-0.01381408987622198,-0.064521286425231278,-0.11429432661272723,-6.2260824597379409,-0.12277851091396827,-0.1076921952800953,0,0,0
11.5418305,7245,3987,4294967293,7246,3987,-3,-0.090572055684175701,0.072256631032565244,0.02513274122871835,-0.0341380858535952,-0.25425989580579061,0.01230485716485006,0.58478573774125542,-0.11985458222526199,-0.12665102286055102,0,0,0
11.5468206,7264,3991,4294967291,7265,3991,-5,-0.090991370756787635,0.069115038378975438,0.025132741228718336,-0.057335357247231877,-0.42876270362252333,0.0065644947600232489,1.9325711299907218,-0.11019172657530837,-0.13500741971128541,0,0,0
11.5518298,7288,3996,4294967289,7289,3996,-7,-0.091521031901139541,0.065188047561988219,0.024347343065320902,-0.080006376595147866,-0.5951373927467235,-0.069777439513513353,0.27306639907341079,-0.10882639457994132,-0.13846228132538874,0,0,0
11.556845300000001,7314,4001,4294967287,7315,4001,-9,-0.092094831474187427,0.061261056745000965,0.023561944901923447,-0.096219315955597268,-0.68389630805347212,-0.11050495229930682,-0.34853796913420521,-0.11056908442561235,-0.13973207389963269,0,0,0
11.561808900000001,7340,4006,4294967284,7341,4006,-12,-0.092668631047235328,0.057334065928013725,0.024347343065320895,-0.10486872602598052,-0.73124813234778496,0.014326443233746378,5.8551017087372506,-0.081293575881926095,-0.1265402980102055,0,0,0
11.5668252,7367,4011,4294967282,7368,4011,-14,-0.093264499834631226,0.053407075111026485,0.02356194490192345,-0.11154219355621423,-0.75650976670023928,-0.065636532439120279,3.1921162861020029,-0.065332994451416077,-0.10998968543897611,0,0,0
11.5718269,7391,4015,4294967279,7392,4015,-17,-0.093794160978983132,0.050265482457436693,0.025132741228718346,-0.10892507822171477,-0.69670702849675448,0.11154273018724843,10.991401150974554,-0.010375988696543305,-0.073960250991512613,0,0,0
11.576199600000001,7409,4019,4294967278,7410,4019,-18,-0.094191406837247055,0.047123889803846894,0.023561944901923447,-0.095174216781422849,-0.66480297985055703,-0.087052320381349177,2.4943790388218749,0.0020959064975660698,-0.047927531630498475,0,0,0
11.581368299999999,7425,4022,4294967276,7426,4022,-20,-0.094544514266814997,0.04476769531365455,0.024347343065320892,-0.083720075435343017,-0.57450303054820195,0.026838143066719576,7.0866752512557749,0.037529282753844942,-0.010873942635581897,0,0,0
11.585806399999999,7433,4023,4294967276,7434,4023,-20,-0.094721067981598961,0.043982297150257102,0.023561944901923444,-0.061136545331769113,-0.37977004438523104,-0.058961689578922838,2.3056971207416486,0.049057768357553183,0.01688861405055931,0,0,0
11.591707299999999,7435,4024,4294967275,7436,4024,-21,-0.094765206410294955,0.043196898986859661,0.024347343065320902,-0.03673383939039173,-0.27588231532467683,0.04182416007105224,5.7814861368972466,0.077965199042039413,0.048668204881075317,0,0,0
11.596686699999999,7432,4023,4294967275,7433,4023,-21,-0.094698998767250964,0.043982297150257102,0.025132741228718343,-0.013419735066664978,-0.073900410476339315,0.095592210609810754,6.8267406804617181,0.112098902444348,0.08450576484319354,0,0,0
11.6013108,7424,4021,4294967276,7425,4021,-20,-0.094522445052467,0.045553093477052005,0.025132741228718346,0.0093136132581013581,0.10713404966816342,0.050997305961406975,3.6372676654972391,0.1302852407718342,0.11634964247239099,0,0,0
11.6065258,7408,4018,4294967278,7409,4018,-18,-0.094169337622899058,0.047909287967244349,0.024347343065320902,0.037914465961756176,0.27699329752437896,-0.04607306388387674,-2.1082630565641471,0.11974392548901347,0.13139800630718487,0,0,0
11.6113687,7387,4014,4294967280,7388,4014,-16,-0.093705884121591143,0.051050880620834134,0.024347343065320892,0.063468231587809315,0.44089070270937836,-0.024579430902128826,-2.8375606164082892,0.10555612240697203,0.13560825446090177,0,0,0
11.616376499999999,7362,4009,4294967282,7363,4009,-14,-0.09315415376289124,0.054977871437821381,0.025132741228718346,0.085337302282724903,0.60160753582832704,0.060166685619935267,-0.79774332552767024,0.10156740577933368,0.13533598068692643,0,0,0
11.6213689,7336,4003,4294967285,7337,4003,-11,-0.092580354189843339,0.059690260418206069,0.02513274122871835,0.099063301324412573,0.76062757162717876,0.032098210258658125,-3.4585175333708369,0.084274818112479499,0.12575974461216696,0,0,0
11.6263275,7311,3998,4294967287,7312,3998,-9,-0.09202862383114345,0.063617251235193309,0.025918139392115791,0.10432684808875878,0.77218334767873009,0.090403532210348747,-1.5974249990632723,0.07628769311716313,0.11580405185309688,0,0,0
11.6313365,7286,3993,4294967290,7287,3993,-6,-0.091476893472443546,0.067544242052180556,0.02513274122871835,0.10713488760443989,0.77834821658554909,-0.025050311465224337,-7.1395988106587289,0.040589699063869486,0.090905764904727418,0,0,0
11.6363155,7265,3989,4294967292,7266,3989,-4,-0.091013439971135632,0.070685834705770348,0.025132741228718343,0.10039650219448594,0.70835758143845717,-0.013364042844820758,-6.7064314171594237,0.0070575419780723667,0.060881366744643971,0,0,0
11.6412882,7247,3986,4294967293,7248,3986,-3,-0.090616194112871695,0.073042029195962685,0.025918139392115791,0.090624323036932478,0.59773889180756357,0.066149961585473857,-2.9919595480097301,-0.0079022557619762845,0.033345419124089476,0,0,0
11.646264800000001,7235,3984,4294967295,7236,3984,-1,-0.090351363540695742,0.074612825522757595,0.024347343065320902,0.073056320256044444,0.4654456189453639,-0.11126882185204912,-9.9758517691588402,-0.057781514607770486,-0.0077968223808236557,0,0,0
11.65128,7229,3982,4294967295,7230,3982,-1,-0.090218948254607773,0.076183621849552477,0.025918139392115784,0.051329338411860728,0.39486873334191197,0.087198447216226993,-0.94110131796254137,-0.06248702119758319,-0.035463373929586733,0,0,0
11.656234100000001,7229,3982,4294967295,7230,3982,-1,-0.090218948254607773,0.076183621849552477,0.025918139392115784,0.027383590766312822,0.21065776678213852,0.046519333151493265,-1.4048224435667862,-0.06951113341541712,-0.058579055081665304,0,0,0
11.661233899999999,7234,3983,4294967295,7235,3983,-1,-0.090329294326347745,0.075398223686155036,0.025132741228718343,0.0043132682515376764,0.03910389058210155,-0.04846200905019514,-4.2351280237346813,-0.09068677353409052,-0.083888023532486589,0,0,0
11.665820999999999,7243,3985,4294967295,7244,3985,-1,-0.090527917255479706,0.07382742735936014,0.023561944901923447,-0.016230915118608864,-0.12569757864315326,-0.17241294328266238,-8.4209924235191487,-0.13279173565168625,-0.11924038525095836,0,0,0
11.671761500000001,7262,3988,4294967293,7263,3988,-3,-0.09094723232809164,0.071471232869167789,0.024347343065320895,-0.047782094914981546,-0.28689671916116133,-0.018700732699249212,-0.32241630500235974,-0.13440381717669805,-0.13723921257277685,0,0,0
11.6767453,7284,3993,4294967291,7285,3993,-5,-0.091432755043747552,0.067544242052180556,0.023561944901923454,-0.07079160438438159,-0.51945357950567272,-0.083256137481743792,-1.275560195400312,-0.14078161815369961,-0.15314280876186101,0,0,0
11.6817741,7310,3998,4294967288,7311,3998,-8,-0.092006554616795452,0.063617251235193309,0.024347343065320895,-0.091303344719037519,-0.6435198950010077,0.028863361435262407,4.9534885256702275,-0.11601417552534847,-0.15166448014622369,0,0,0
11.6867672,7339,4003,4294967286,7340,4003,-10,-0.092646561832887331,0.059690260418206069,0.023561944901923447,-0.10842344470329049,-0.70970779682331986,-0.057881259697446286,2.4056266212210762,-0.10398604241924309,-0.14521969957326636,0,0,0
11.691707900000001,7367,4009,4294967283,7368,4009,-13,-0.093264499834631226,0.054977871437821381,0.023561944901923447,-0.11549770390045896,-0.81829777351184751,-0.030878962745939029,4.6946517442020932,-0.080512783698232615,-0.13027521789339302,0,0,0
11.6967189,7395,4014,4294967280,7396,4014,-16,-0.093882437836375107,0.051050880620834134,0.024347343065320892,-0.11927173693543877,-0.80294971359502121,0.056805960401812385,9.0591242074307434,-0.035217162661078896,-0.098747945106331836,0,0,0
11.701700199999999,7420,4019,4294967278,7421,4019,-18,-0.094434168195075011,0.047123889803846894,0.023561944901923447,-0.11510780782682392,-0.794761706408041,-0.042974215914656999,5.2122561670181353,-0.0091558818259882199,-0.066199401775340547,0,0,0
11.7066602,7439,4022,4294967276,7440,4022,-20,-0.094853483267686931,0.04476769531365455,0.024347343065320892,-0.10053173965890573,-0.64383446349998474,0.050353286877569417,8.6913330732931957,0.034300783540477761,-0.024596113015768403,0,0,0
11.711690600000001,7451,4025,4294967275,7452,4025,-21,-0.095118313839862884,0.042411500823462206,0.023561944901923447,-0.078341809037345222,-0.5633165767873225,-0.046416640395539485,4.0668958526599006,0.054635262803777264,0.010973715136847688,0,0,0
11.7162527,7456,4025,4294967275,7457,4025,-21,-0.09522865991160287,0.042411500823462206,0.023561944901923447,-0.052089973469560853,-0.30052268523024356,-0.024762724879478552,3.4415838933169898,0.07184318227036221,0.042807762288411016,0,0,0
11.720689,7455,4025,4294967275,7456,4025,-21,-0.095206590697254873,0.042411500823462206,0.023561944901923447,-0.025730270248541472,-0.16032527367305513,-0.013210618826167184,2.8043515741568004,0.085864940141146207,0.070717638930584317,0,0,0
11.7261913,7447,4023,4294967276,7448,4023,-20,-0.095030036982470908,0.043982297150257102,0.023561944901923444,0.0027460893436121979,0.061027414378537093,-0.0070477078197044461,1.4096886606636061,0.092913383444464231,0.091205783405823956,0,0,0
11.730504699999999,7436,4021,4294967276,7437,4021,-20,-0.094787275624642953,0.045553093477052005,0.025132741228718346,0.024115218851816375,0.17911643738506616,0.14279917039273268,6.7841064271186191,0.12683391558005733,0.12119908399537903,0,0,0
11.736485200000001,7414,4017,4294967278,7415,4017,-18,-0.094301752908987027,0.04869468613064179,0.025132741228718343,0.058165607851355161,0.38867456343166545,0.076181656822211841,2.1052340686577073,0.13736008592334586,0.13834723371669147,0,0,0
11.741467999999999,7391,4012,4294967281,7392,4012,-15,-0.093794160978983132,0.052621676947629037,0.024347343065320898,0.078390195142346783,0.57375084736091286,-0.032637512617777371,-4.1825385845014509,0.11644739300083862,0.14121796670005446,0,0,0
11.7464634,7364,4006,4294967284,7365,4006,-12,-0.093198292191587234,0.057334065928013725,0.024347343065320895,0.097416212660207641,0.74576636007257846,-0.01741172430442017,-5.2519893299475306,0.090187446351100958,0.13111472624642795,0,0,0
11.750587299999999,7342,4002,4294967286,7343,4002,-10,-0.092712769475931323,0.060475658581603517,0.024347343065320895,0.097270815113273318,0.69097554900314817,-0.0092889475617696851,-5.1758583001778442,0.064308154850211741,0.11758270706368944,0,0,0
11.7565689,7312,3996,4294967289,7313,3996,-7,-0.092050693045491433,0.065188047561988219,0.024347343065320902,0.11366612935527608,0.80830434238041993,-0.0049555429029732208,-6.4455454867809241,0.032080427416307122,0.086802420038504469,0,0,0
11.761123100000001,7292,3992,4294967291,7293,3992,-5,-0.091609308758531516,0.068329640215577997,0.024347343065320895,0.1018217316258733,0.72433881780524656,-0.0026437231236278954,-6.2229590450273085,0.00096563219117058036,0.056102601641902658,0,0,0
11.765463199999999,7278,3989,4294967292,7279,3989,-4,-0.091300339757659568,0.070685834705770348,0.025132741228718343,0.08314822491476713,0.60626469109015912,0.071869124489419345,-2.468263770881248,-0.01137568666323566,0.031720939330047895,0,0,0
11.771448700000001,7264,3987,4294967293,7265,3987,-3,-0.090991370756787635,0.072256631032565244,0.02513274122871835,0.073186131465480905,0.46999403132966044,0.038341322032249832,-3.3618695328877291,-0.028185034327674306,0.0031182188071685428,0,0,0
11.7761187,7258,3986,4294967294,7259,3986,-2,-0.090858955470699651,0.073042029195962685,0.024347343065320895,0.051398591146186508,0.32401573789028909,-0.052824880591123419,-6.3723147580497326,-0.060046608117922964,-0.028785311018912782,0,0,0
11.781122999999999,7258,3985,4294967294,7259,3985,-2,-0.090858955470699651,0.07382742735936014,0.02513274122871835,0.027420536275351123,0.24613805678258324,0.045098074583343743,-1.445712399883998,-0.06727517011734295,-0.051338243028085408,0,0,0
11.7859569,7261,3986,4294967294,7262,3986,-2,-0.090925163113743643,0.073042029195962685,0.024347343065320895,0.0084511987660691387,0.058032202765796265,-0.049220233570665392,-4.295450211724388,-0.088752421175964893,-0.078034644851315796,0,0,0
11.7909726,7269,3988,4294967293,7270,3988,-3,-0.091101716828527607,0.071471232869167789,0.024347343065320895,-0.011964268204623082,-0.1155995495086975,-0.026258408450672517,-2.0686475309582035,-0.099095658830755912,-0.099747119043509441,0,0,0
11.796061699999999,7283,3990,4294967292,7284,3990,-4,-0.091410685829399554,0.069900436542372907,0.024347343065320902,-0.035210338283875715,-0.20823002158241921,-0.014008548199439129,-0.4740992192585719,-0.10146615492704877,-0.11387858622023342,0,0,0
11.801061600000001,7301,3994,4294967291,7302,3994,-5,-0.091807931687663477,0.066758843888783101,0.022776546738525999,-0.055848280886707971,-0.40420631388993339,-0.15403243222191115,-4.9908092818584997,-0.12642020133634127,-0.13370990342679723,0,0,0
11.8063704,7324,3998,4294967288,7325,3998,-8,-0.092315523617667386,0.063617251235193309,0.024347343065320895,-0.077153928803544505,-0.50875733197217987,0.064384570351846859,5.6162654998419725,-0.098338873837131413,-0.13054018301097736,0,0,0
11.8112569,7348,4003,4294967286,7349,4003,-10,-0.092845184762019292,0.059690260418206069,0.023561944901923447,-0.090579348502877521,-0.63781357432252594,-0.038931117759289369,2.5082816719931946,-0.085797465477165435,-0.12457504554336128,0,0,0
11.815867799999999,7371,4008,4294967284,7372,4008,-12,-0.093352776692023201,0.055763269601218829,0.022776546738525999,-0.095682539767650843,-0.70666354269740284,-0.094048806989463232,0.96157881102826437,-0.08098957142202412,-0.11882394873245744,0,0,0
11.821351,7398,4012,4294967281,7399,4012,-15,-0.093948645479419099,0.052621676947629037,0.024347343065320898,-0.1066414725848506,-0.6701146616053818,0.096385120073829961,9.7110207032084759,-0.032434467905981743,-0.088075530929179274,0,0,0
11.826334900000001,7419,4017,4294967279,7420,4017,-17,-0.094412098980727013,0.04869468613064179,0.023561944901923444,-0.10013327115756956,-0.72389578809210153,-0.021859205574243319,5.2573782768175965,-0.0061475765218937592,-0.059139229185321551,0,0,0
11.831334699999999,7436,4020,4294967278,7437,4020,-18,-0.094787275624642953,0.046338491640449446,0.022776546738525999,-0.08842478215081126,-0.60602834001419614,-0.084941145146587765,2.1407843301335667,0.0045563451287740746,-0.034215146943929797,0,0,0
11.836331100000001,7448,4022,4294967277,7449,4022,-19,-0.095052106196818906,0.04476769531365455,0.022776546738525999,-0.0718828913874308,-0.46986794084531758,-0.04531508937934544,3.1215303825068021,0.020163997041308085,-0.0095306500613226604,0,0,0
11.8409528,7454,4023,4294967276,7455,4023,-20,-0.095184521482906875,0.043982297150257102,0.023561944901923444,-0.05070332808471284,-0.32394847011849287,0.049104458761406962,6.2796046298404438,0.051562020190510302,0.019920316745354761,0,0,0
11.845438400000001,7455,4023,4294967276,7456,4023,-20,-0.095206590697254873,0.043982297150257102,0.023561944901923444,-0.029108731974600139,-0.17282265093539809,0.026196643968684801,4.319380767673624,0.073158924028878428,0.04753299925737995,0,0,0
11.8514339,7450,4022,4294967277,7451,4022,-19,-0.095096244625514886,0.04476769531365455,0.022776546738525999,-0.0052336105416081816,-0.018919306852812609,-0.059303921708169768,-0.56670707193878944,0.070325388669184474,0.063126370821610503,0,0,0
11.8559676,7443,4021,4294967277,7444,4021,-19,-0.094941760125078919,0.045553093477052005,0.023561944901923454,0.011621702941687212,0.063186294394343825,0.041641583305709919,2.9532035939543633,0.085091406638956285,0.082587117627438894,0,0,0
11.860946999999999,7432,4018,4294967278,7433,4018,-18,-0.094698998767250964,0.047909287967244349,0.024347343065320902,0.028850253007515654,0.25354769345561001,0.095494808079791327,3.9706955581156511,0.10494488442953454,0.10360515510183896,0,0,0
11.8659657,7416,4015,4294967279,7417,4015,-17,-0.094345891337683022,0.050265482457436693,0.025132741228718346,0.048337030608005774,0.35510323285823664,0.12422486216361583,4.2003813812474871,0.12594679133577197,0.12483251377337036,0,0,0
11.870980899999999,7396,4011,4294967281,7397,4011,-15,-0.093904507050723104,0.053407075111026485,0.025132741228718346,0.066969435442489872,0.48256142300588822,0.066272484581722829,0.52365644991525384,0.12856507358534824,0.13858079400665871,0,0,0
11.875928699999999,7373,4006,4294967284,7374,4006,-12,-0.093396915120719196,0.057334065928013725,0.024347343065320895,0.083086932318237716,0.62383836885370281,-0.037923938000649443,-5.3306232003601481,0.1019119575835475,0.13596484051033364,0,0,0
11.8809542,7347,4001,4294967286,7348,4001,-10,-0.092823115547671295,0.061261056745000965,0.025132741228718343,0.097862755747809532,0.69920793700923456,0.053047550001393176,-2.5821853878927477,0.089001030644083767,0.12858855966590124,0,0,0
11.8855048,7323,3997,4294967289,7324,3997,-7,-0.092293454403319389,0.06440264939859075,0.023561944901923433,0.10162726105810949,0.66613718475887229,-0.1182588023967322,-10.38645277793808,0.037068766754393363,0.10113234774789963,0,0,0
11.8915753,7294,3991,4294967291,7295,3991,-5,-0.09165344718722751,0.069115038378975438,0.025132741228718336,0.11393113112360626,0.79505337085391448,0.083469375838682011,-3.1497183454449509,0.021320175027168608,0.07107794647917158,0,0,0
11.896502999999999,7275,3987,4294967293,7276,3987,-3,-0.09123413211461559,0.072256631032565244,0.02513274122871835,0.099903996650674759,0.71726958230047111,0.044529917980745626,-4.5747618696462782,-0.0015536343210627822,0.042091984639248473,0,0,0
11.901483300000001,7261,3985,4294967294,7262,3985,-2,-0.090925163113743643,0.07382742735936014,0.02513274122871835,0.082125136143629818,0.52921381884322538,0.023756180939991382,-4.5864640410196644,-0.024485954526161105,0.012379367412755308,0,0,0
11.906420600000001,7253,3983,4294967295,7254,3983,-1,-0.090748609398959679,0.075398223686155036,0.025132741228718343,0.060285664213626841,0.4288883085777393,0.012673639621290207,-4.3911561766675939,-0.046441735409499071,-0.016457966097088991,0,0,0
11.910811600000001,7250,3982,0,7251,3982,0,-0.090682401755915687,0.076183621849552477,0.024347343065320888,0.038339014709649309,0.30208632432644655,-0.066518283483278956,-6.971748950610964,-0.081300480162553895,-0.051084806857417772,0,0,0
11.916825599999999,7253,3983,0,7254,3983,0,-0.090748609398959679,0.075398223686155036,0.023561944901923447,0.014276076983602257,0.087879937217627532,-0.10876623137016772,-7.4888566022622785,-0.11874476317386529,-0.089409075851281578,0,0,0
11.9218946,7262,3984,4294967295,7263,3984,-1,-0.09094723232809164,0.074612825522757595,0.024347343065320902,-0.010915875306233957,-0.026396619340578242,0.015254030143173593,-1.1300033393444893,-0.12439477987058774,-0.11653083167689662,0,0,0
11.9268739,7277,3987,4294967294,7278,3987,-2,-0.091278270543311571,0.072256631032565244,0.023561944901923454,-0.036710143420520099,-0.23392083993931526,-0.065141675869489171,-2.961215203480922,-0.13920085588799236,-0.14222544946567545,0,0,0
11.9315078,7297,3991,4294967292,7298,3991,-4,-0.091719654830271502,0.069115038378975438,0.023561944901923433,-0.060766629591507831,-0.41791205953372212,-0.034752308310091108,-0.088314985093488119,-0.13964243081345981,-0.15927123177140884,0,0,0
11.9364442,7324,3997,4294967289,7325,3997,-7,-0.092315523617667386,0.06440264939859075,0.023561944901923433,-0.088014250316270332,-0.66262822263669896,-0.018539942621359991,2.7034338233137829,-0.12612526169689089,-0.16222354267273675,0,0,0
11.940951800000001,7351,4002,4294967287,7352,4002,-9,-0.092911392405063284,0.060475658581603517,0.022776546738525999,-0.10255053148349956,-0.71990186205762752,-0.083170357890023638,0.96321241737260488,-0.12130919961002787,-0.16380496128116279,0,0,0
11.945961199999999,7382,4008,4294967284,7383,4008,-12,-0.093595538049851157,0.055763269601218829,0.022776546738525999,-0.11854190542585,-0.82373618591415654,-0.044370395466112593,3.9365969875473574,-0.10162621467229108,-0.15281634017928616,0,0,0
11.950489900000001,7410,4014,4294967281,7411,4014,-15,-0.094213476051595052,0.051050880620834134,0.022776546738525996,-0.12089578219611755,-0.87913056113811228,-0.023671077578174073,5.6776198707151622,-0.073238115318715269,-0.13441521442009577,0,0,0
11.9564156,7445,4020,4294967278,7446,4020,-18,-0.094985898553774914,0.046338491640449446,0.022776546738525999,-0.13656531925999532,-0.90868280063352402,-0.012628237991249179,7.2683918792749775,-0.036896155922340378,-0.098142470956083444,0,0,0
11.961100399999999,7468,4025,4294967275,7469,4025,-21,-0.095493490483778823,0.042411500823462206,0.023561944901923447,-0.1202155075238369,-0.85116904917738134,0.066542504712221326,10.652441878285142,0.016366053469085332,-0.05462121791004633,0,0,0
11.966090400000001,7487,4028,4294967274,7488,4028,-22,-0.095912805556390743,0.040055306333269862,0.022776546738526002,-0.10325663662013179,-0.67392710911752163,-0.037779885476672992,5.531672595258005,0.044024416445375358,-0.012929425009294108,0,0,0
11.9707227,7498,4030,4294967273,7499,4030,-23,-0.096155566914218699,0.038484510006474966,0.022776546738525999,-0.07773639885288891,-0.50609112556168623,-0.020155118984591092,5.2912902101101258,0.070480867495925983,0.0272577552958813,0,0,0
11.9769922,7500,4031,4294967272,7501,4031,-24,-0.096199705342914693,0.037699111843077518,0.023561944901923447,-0.045589663557765857,-0.34327310778606884,0.062527003339213433,7.64534114337029,0.10870757321277744,0.070012403899839107,0,0,0
11.980981399999999,7496,4030,4294967273,7497,4030,-23,-0.096111428485522704,0.038484510006474966,0.022776546738525999,-0.016085101534035098,-0.10985259570368343,-0.039922107638932981,1.6687004524290119,0.11705107547492249,0.10215018093517222,0,0,0
11.985930700000001,7484,4028,4294967273,7485,4028,-23,-0.095846597913346751,0.040055306333269862,0.024347343065320895,0.01612811304024888,0.087953987000673181,0.12526106958740607,7.1391596839999769,0.15274687389492236,0.13966411145816293,0,0,0
11.990954500000001,7465,4024,4294967275,7466,4024,-21,-0.095427282840734831,0.043196898986859661,0.024347343065320902,0.04772725123043578,0.34004048179690949,0.066825288902215771,2.7144468052829858,0.16631910792133731,0.1684390700152274,0,0,0
11.995907900000001,7438,4019,4294967278,7439,4019,-18,-0.094831414053338933,0.047123889803846894,0.023561944901923447,0.081057897245408655,0.54780514398761671,-0.037629023478963068,-3.7925820571721189,0.14735619763547672,0.17692677098639575,0,0,0
12.0011014,7404,4012,4294967281,7405,4012,-15,-0.094081060765507069,0.052621676947629037,0.024347343065320898,0.11325317180181387,0.80520415559996028,0.053204883386603015,-2.2953741633241975,0.13587932681885573,0.17517484667385236,0,0,0
12.0060536,7370,4005,4294967284,7371,4005,-12,-0.093330707477675204,0.058119464091411173,0.025132741228718343,0.13042896736706444,0.94252346295376555,0.10166369096666028,-1.7610838215090396,0.12707390771131052,0.16959236192569557,0,0,0
12.0112661,7334,3998,4294967288,7335,3998,-8,-0.092536215761147345,0.063617251235193309,0.024347343065320895,0.14371027028158256,1.0157816781038997,-0.019043150864937561,-8.2147439004803537,0.086000188208908757,0.14422673573102804,0,0,0
12.016464900000001,7301,3992,4294967291,7302,3992,-5,-0.091807931687663477,0.068329640215577997,0.024347343065320895,0.14461835643248921,0.98158454416906915,-0.010159294203295432,-8.4211400073764899,0.043894488172026305,0.10928880978690102,0,0,0
12.0210741,7276,3987,4294967293,7277,3987,-3,-0.091256201328963588,0.072256631032565244,0.02513274122871835,0.1286299274779166,0.89006126117337314,0.067859656820668662,-4.8966734826547613,0.019411120758752499,0.078270643050160488,0,0,0
12.026066,7254,3983,4294967295,7255,3983,-1,-0.090770678613307676,0.075398223686155036,0.025132741228718343,0.11392296024723494,0.76795516034559075,0.036202318779355244,-5.8632637797966893,-0.0099051981402309489,0.042207356985250376,0,0,0
12.031022200000001,7239,3980,1,7240,3980,1,-0.090439640398087731,0.077754418176347387,0.024347343065320902,0.091663196534555139,0.62953349041238305,-0.053966013353346526,-9.0653007450047749,-0.055231701865254827,-0.0016062787849202391,0,0,0
12.035906799999999,7231,3978,1,7232,3978,1,-0.090263086683303767,0.079325214503142283,0.025918139392115798,0.065374105844293248,0.48240765866205559,0.11776881313636016,-0.75637009741571504,-0.059013552352333402,-0.031139643261436437,0,0,0
12.041894599999999,7230,3978,1,7231,3978,1,-0.09024101746895577,0.079325214503142283,0.025918139392115798,0.036935417196380507,0.25735874094734856,0.062828259310181628,-1.5569507776323643,-0.066798306240495223,-0.055430040332637723,0,0,0
12.0468841,7235,3979,1,7236,3979,1,-0.090351363540695742,0.078539816339744828,0.025132741228718343,0.0094090539001480348,0.064018304141593096,-0.039761391166052013,-4.5163965610528418,-0.089380289045759426,-0.081213174439658462,0,0,0
12.051870299999999,7244,3981,1,7245,3981,1,-0.090549986469827703,0.076969020012949932,0.023561944901923447,-0.013512374160322284,-0.11240603571264582,-0.16777126725633773,-8.7711557213535922,-0.13323606765252738,-0.11730675478088741,0,0,0
12.0568575,7259,3984,4294967295,7260,3984,-1,-0.090881024685047648,0.074612825522757595,0.024347343065320902,-0.038095344637709215,-0.27980583929550817,-0.016224453816501297,-0.91247032957757424,-0.13779841930041525,-0.14062287355050823,0,0,0
12.0616463,7280,3988,4294967293,7281,3988,-3,-0.091344478186355563,0.071471232869167789,0.024347343065320895,-0.063564728207362586,-0.44239116024997399,-0.0086555528955616894,0.99474043869622242,-0.13282471710693414,-0.15384331511602833,0,0,0
12.066636300000001,7306,3993,4294967291,7307,3993,-5,-0.091918277759403463,0.067544242052180556,0.023561944901923454,-0.087447892342807879,-0.60240801205742134,-0.077897153683607639,-0.36589013503146095,-0.13465416778209144,-0.16261934106178305,0,0,0
12.0716289,7336,3999,4294967288,7337,3999,-8,-0.092580354189843339,0.062831853071795868,0.023561944901923454,-0.10842571703752384,-0.76105461616260217,-0.041557203820098143,2.8097879330033271,-0.1206052281170748,-0.15960299146850998,0,0,0
12.076610799999999,7367,4005,4294967285,7368,4005,-11,-0.093264499834631226,0.058119464091411173,0.023561944901923454,-0.12167624695187373,-0.84569069014476161,-0.022170273337068065,4.8616544900381635,-0.096296955666883982,-0.1459899983959454,0,0,0
12.081615299999999,7397,4011,4294967282,7398,4011,-14,-0.093926576265071102,0.053407075111026485,0.02356194490192345,-0.12668613659910374,-0.8908430276909487,-0.011827576801560751,6.2126265837032077,-0.065233822748367948,-0.12290472959441245,0,0,0
12.0866097,7426,4017,4294967279,7427,4017,-17,-0.09456658348116298,0.04869468613064179,0.023561944901923444,-0.12729974280086082,-0.91493126205676578,-0.0063098713700987094,7.1894661374355637,-0.029286492061190127,-0.089860183254693082,0,0,0
12.0915959,7449,4021,4294967277,7450,4021,-19,-0.095074175411166889,0.045553093477052005,0.023561944901923454,-0.11527243282579458,-0.7812230096423054,-0.0033662412322633941,7.0135714728947738,0.005781365303283742,-0.053028359229748565,0,0,0
12.0966048,7467,4024,4294967276,7468,4024,-20,-0.095471421269430826,0.043196898986859661,0.022776546738526002,-0.098560454872632985,-0.63661173000657112,-0.075075368901169684,3.3352108258000528,0.022457419432284006,-0.020359999455770012,0,0,0
12.1016169,7477,4026,4294967275,7478,4026,-21,-0.095692113412910784,0.041626102660064758,0.022776546738525999,-0.073171931554278119,-0.48618381519144516,-0.04005181524304572,3.8641225797958283,0.041778032331263149,0.0095842669178385024,0,0,0
12.106583199999999,7480,4027,4294967274,7481,4027,-22,-0.095758321055954776,0.040840704496667317,0.023561944901923457,-0.045213684874502988,-0.33265279477789017,0.051912352833271967,6.7299371804554857,0.07542771823354058,0.043181904817060683,0,0,0
12.111571400000001,7478,4027,4294967274,7479,4027,-22,-0.095714182627258781,0.040840704496667317,0.023561944901923457,-0.020002741909451765,-0.17746630448217715,0.02769462201707009,4.6131552054417622,0.098493494260749395,0.07478975853420336,0,0,0
12.116583200000001,7470,4025,4294967275,7471,4025,-21,-0.095537628912474817,0.042411500823462206,0.023561944901923447,0.0058016575039033635,0.051882878572844182,0.014774751033375392,2.4797405278761833,0.11089219690013032,0.10075117875186929,0,0,0
12.121533299999999,7457,4022,4294967276,7458,4022,-20,-0.095250729125950867,0.04476769531365455,0.024347343065320892,0.029863548602290381,0.24751745572618916,0.081161673017158431,3.8226337745057242,0.13000536577265895,0.12689869938721429,0,0,0
12.126513900000001,7438,4018,4294967278,7439,4018,-18,-0.094831414053338933,0.047909287967244349,0.024347343065320902,0.055054942528735454,0.42516569213515998,0.043298786007685129,0.63886472213010514,0.13319968938330948,0.14403830838110626,0,0,0
12.131550600000001,7414,4014,4294967280,7415,4014,-16,-0.094301752908987027,0.051050880620834134,0.024347343065320892,0.078789802500081163,0.51993891066268161,0.023099386693801141,-1.5179420877218575,0.12560997894470019,0.15104133334736147,0,0,0
12.136519399999999,7386,4008,4294967283,7387,4008,-13,-0.093683814907243146,0.055763269601218829,0.024347343065320895,0.099688508689390776,0.71705833268552444,0.012323247712651527,-3.7761662086694483,0.10672914790135295,0.14578198923271304,0,0,0
12.1414746,7358,4003,4294967286,7359,4003,-10,-0.093065876905499251,0.059690260418206069,0.023561944901923447,0.11083771956060068,0.74893967756545465,-0.066705213393751725,-8.1242067041196826,0.066108114380754535,0.1243863518436291,0,0,0
12.146481400000001,7330,3997,4294967288,7331,3997,-8,-0.092447938903755369,0.06440264939859075,0.025132741228718336,0.11678569078545334,0.83922751467888224,0.11097260162477607,-1.5840884262799788,0.058187672249354644,0.10606857243475699,0,0,0
12.151502000000001,7306,3993,4294967291,7307,3993,-5,-0.091918277759403463,0.067544242052180556,0.023561944901923454,0.11172242154918303,0.74083596196523704,-0.087356477179817454,-10.057936248978491,0.0078979910044621876,0.069895222026130382,0,0,0
12.156442,7286,3989,4294967292,7287,3989,-4,-0.091476893472443546,0.070685834705770348,0.025132741228718343,0.10078478665876184,0.6883452403285435,0.099955398328929038,-2.0223535377506279,-0.0022137766842909527,0.042234266019806371,0,0,0
12.1614226,7272,3986,4294967294,7273,3986,-2,-0.091167924471571599,0.073042029195962685,0.024347343065320895,0.082595027123696318,0.58706254615057174,-0.019954504643265786,-6.6581133640978294,-0.0355043435047801,0.0076292906387414941,0,0,0
12.1664618,7264,3985,4294967294,7265,3985,-2,-0.090991370756787635,0.07382742735936014,0.02513274122871835,0.060536345455603449,0.38647039638896891,0.062634028701213221,-2.0014632690090832,-0.045511659849825518,-0.018834425035575784,0,0,0
12.1714071,7262,3984,4294967295,7263,3984,-1,-0.09094723232809164,0.074612825522757595,0.024347343065320902,0.03641363990418299,0.27945687332479069,-0.039865010882861381,-5.5435798114528598,-0.07322955890708982,-0.049085223545671339,0,0,0
12.176383400000001,7265,3985,4294967295,7266,3985,-1,-0.091013439971135632,0.07382742735936014,0.023561944901923447,0.013248912453999125,0.075807394600313188,-0.094547027849241419,-6.6242193004036931,-0.10635065540910829,-0.083169253298040563,0,0,0
12.1808836,7272,3986,4294967294,7273,3986,-2,-0.091167924471571599,0.073042029195962685,0.024347343065320895,-0.0073456348249268987,-0.032837177056106552,0.022839805886387808,-0.66757165786924511,-0.10968851369845452,-0.10769562657576866,0,0,0
12.185837299999999,7285,3989,4294967293,7286,3989,-3,-0.091454824258095549,0.070685834705770348,0.023561944901923454,-0.030687242115971184,-0.23735680078053323,-0.061094754848795979,-2.7137828118765324,-0.12325742775783718,-0.13093049191737338,0,0,0
12.191821900000001,7309,3994,4294967291,7310,3994,-5,-0.091984485402447455,0.066758843888783101,0.022776546738525999,-0.065789924522595661,-0.49302462301598365,-0.10587284343198075,-2.4881413694087469,-0.13569813460488092,-0.14572655303886586,0,0,0
12.196847200000001,7334,3999,4294967288,7335,3999,-8,-0.092536215761147345,0.062831853071795868,0.023561944901923454,-0.086575897814602482,-0.62942036145379232,0.016797618151102985,4.2178505255750176,-0.11460888197700583,-0.14575791809713604,0,0,0
12.201545400000001,7359,4004,4294967286,7360,4004,-10,-0.093087946119847248,0.058904862254808621,0.022776546738525999,-0.097664967027627142,-0.70218586358594159,-0.064318190049708443,1.7718662895724187,-0.10574955052914374,-0.14435004352358591,0,0,0
12.206507999999999,7387,4009,4294967283,7388,4009,-13,-0.093705884121591143,0.054977871437821381,0.023561944901923447,-0.10975818418222308,-0.74100539241570684,0.038966530859963246,7.1543594880856896,-0.069977753088715289,-0.12499362450123443,0,0,0
12.2115461,7415,4015,4294967280,7416,4015,-16,-0.094323822123335024,0.050265482457436693,0.02356194490192345,-0.11620977151717735,-0.83499466804017142,0.020788180164924681,7.5387866859681516,-0.03228381965887453,-0.094387423761829556,0,0,0
12.216528500000001,7438,4019,4294967278,7439,4019,-18,-0.094831414053338933,0.047123889803846894,0.023561944901923447,-0.10935606521540714,-0.73857778869206925,0.011090246553443281,7.0974174420695695,0.0032032675514733211,-0.058842395351227858,0,0,0
12.2214706,7457,4023,4294967276,7458,4023,-20,-0.095250729125950867,0.043982297150257102,0.023561944901923444,-0.097463253472694938,-0.68714053177968826,0.0059165144635258196,6.8640544717036995,0.03752353990999182,-0.018359018227057287,0,0,0
12.226473199999999,7468,4025,4294967275,7469,4025,-21,-0.095493490483778823,0.042411500823462206,0.023561944901923447,-0.074645697936603445,-0.51314032919450547,0.0031563900070596161,5.8386643836872052,0.066716861828427843,0.020956510858323174,0,0,0
12.231492299999999,7471,4026,4294967275,7472,4026,-21,-0.095559698126822801,0.041626102660064758,0.022776546738525999,-0.045999921688522669,-0.34703377397585405,-0.071595622812411733,1.4520298263277742,0.073977010960066716,0.049500869792482763,0,0,0
12.2364257,7467,4025,4294967275,7468,4025,-21,-0.095471421269430826,0.042411500823462206,0.023561944901923447,-0.016303969361068447,-0.11185886633050278,0.035084107147344813,4.387338908843974,0.095913705504286587,0.078402975605146447,0,0,0
12.24141,7459,4023,4294967276,7460,4023,-20,-0.095294867554646862,0.043982297150257102,0.023561944901923444,0.0077749086101205553,0.086883665513759173,0.018716953349672397,2.2567578394262902,0.10719749470141804,0.10294395787046641,0,0,0
12.2464225,7444,4021,4294967277,7445,4021,-19,-0.094963829339426917,0.045553093477052005,0.023561944901923454,0.035034475093631126,0.19291043944596797,0.0099852717135589294,0.66275856337005834,0.11051128751826833,0.11901245796511961,0,0,0
12.251417399999999,7425,4017,4294967278,7426,4017,-18,-0.094544514266814997,0.04869468613064179,0.025132741228718343,0.05781357023177195,0.39603349925964271,0.15188606212952593,5.179547839333968,0.13640902671493818,0.14079458714610971,0,0,0
12.2563642,7402,4012,4294967281,7403,4012,-15,-0.094036922336811088,0.052621676947629037,0.024347343065320898,0.07820238726468437,0.57767675198824231,0.007749886056808819,-2.540078202822535,0.12370863570082551,0.14712521677540333,0,0,0
12.261389599999999,7375,4007,4294967283,7376,4007,-13,-0.09344105354941519,0.056548667764616277,0.025132741228718343,0.097316019394061648,0.67458126414600117,0.07741399121063719,-0.8375645243001939,0.11952081307932454,0.1489262492152662,0,0,0
12.266368999999999,7347,4001,4294967286,7348,4001,-10,-0.092823115547671295,0.061261056745000965,0.025132741228718343,0.10957202477530147,0.79955818664717548,0.04129944239470628,-3.6787135736449921,0.10112724521109957,0.14112923554802803,0,0,0
12.2713374,7318,3996,4294967289,7319,3996,-7,-0.092183108331579416,0.065188047561988219,0.024347343065320902,0.11816956795326086,0.79295236717075213,-0.051246758605737519,-8.388521624511867,0.059184637088540236,0.11610607698046009,0,0,0
12.276344099999999,7292,3991,4294967291,7293,3991,-5,-0.091609308758531516,0.069115038378975438,0.025132741228718336,0.11657892406318275,0.78942824114817922,0.04593998386883423,-4.726099698147495,0.035554138597802765,0.090262211076688817,0,0,0
12.2813368,7269,3987,4294967293,7270,3987,-3,-0.091101716828527607,0.072256631032565244,0.02513274122871835,0.10955300370249697,0.7142686425916186,0.024508434298941745,-5.6193061220244509,0.0074576079876805083,0.058903744388789814,0,0,0
12.286288000000001,7252,3983,4294967295,7253,3983,-1,-0.090726540184611681,0.075398223686155036,0.025132741228718343,0.093450097284792033,0.67417189183050408,0.013074957829773507,-5.9963552808434475,-0.022524168416536729,0.025092496051858832,0,0,0
12.291317599999999,7240,3981,0,7241,3981,0,-0.090461709612435728,0.076969020012949932,0.025132741228718343,0.074563837165389432,0.50622171422396733,0.0069753342937025429,-5.4485375575281987,-0.049766856204177728,-0.0099809481382072095,0,0,0
12.2962715,7235,3980,0,7236,3980,0,-0.090351363540695742,0.077754418176347387,0.025918139392115798,0.050074470467395278,0.34334277528222801,0.077000777069087326,-1.3676799081010667,-0.056605255744683058,-0.035607300127120378,0,0,0
12.3012847,7236,3980,0,7237,3980,0,-0.090373432755043739,0.077754418176347387,0.025918139392115798,0.024655023399327774,0.18316928177523747,0.041078997571118998,-1.6804926362188344,-0.065007718925777225,-0.056753183455243522,0,0,0
12.306262,7241,3981,0,7242,3981,0,-0.090483778826783726,0.076969020012949932,0.025132741228718343,0.0028576100555100514,0.024439111188782212,-0.051364363293865303,-4.4808607409855128,-0.087412022630704786,-0.081235224545521317,0,0,0
12.3112271,7250,3983,0,7251,3983,0,-0.090682401755915687,0.075398223686155036,0.023561944901923447,-0.017007491430888762,-0.13352106380796736,-0.17396131470778814,-8.6507538541660782,-0.13066579190153518,-0.11613292587379354,0,0,0
12.3162371,7265,3986,4294967294,7266,3986,-2,-0.091013439971135632,0.073042029195962685,0.024347343065320895,-0.039959948078523266,-0.2910704553274176,-0.019526770415139574,-0.74679343691348488,-0.1343997590861026,-0.13817234674248788,0,0,0
12.3212332,7286,3990,4294967292,7287,3990,-4,-0.091476893472443546,0.069900436542372907,0.024347343065320902,-0.064559471937644386,-0.44840069875370903,-0.010417299473946396,1.1845710182759732,-0.12847690399472272,-0.14993602518680885,0,0,0
12.3261935,7312,3996,4294967290,7313,3996,-6,-0.092050693045491433,0.065188047561988219,0.022776546738526013,-0.087978576276599468,-0.6788935485741352,-0.1521165437947134,-3.000009973780466,-0.14347695386362505,-0.16340515733069627,0,0,0
12.3312062,7341,4001,4294967287,7342,4001,-9,-0.092690700261583325,0.061261056745000965,0.023561944901923447,-0.10664972033361557,-0.72857921974296702,-0.0078728452804021631,4.2487137719406967,-0.12223338500392157,-0.16042809846666939,0,0,0
12.336197500000001,7372,4007,4294967284,7373,4007,-12,-0.093374845906371198,0.056548667764616277,0.023561944901923447,-0.12072877386052032,-0.82836545290142305,-0.0042000692000973517,5.7305345288356762,-0.09358071235974319,-0.14540641115066458,0,0,0
12.3411458,7403,4013,4294967281,7404,4013,-15,-0.094058991551159071,0.051836278784231589,0.02356194490192345,-0.1282397812509582,-0.88160021994629945,-0.0022406869000101497,6.8281780248663644,-0.059439822235411367,-0.11933308066380838,0,0,0
12.3461286,7430,4019,4294967278,7431,4019,-18,-0.094654860338554969,0.047123889803846894,0.023561944901923447,-0.12401037319497231,-0.91000033419675086,-0.0011953797770195803,7.5177313348911703,-0.021851165560955517,-0.085745429851299265,0,0,0
12.351175400000001,7453,4023,4294967276,7454,4023,-20,-0.095162452268558878,0.043982297150257102,0.023561944901923444,-0.11351759331385602,-0.77859241835095871,-0.00063772087537140832,7.2897135956048897,0.01459740241706893,-0.046482339146506055,0,0,0
12.3561079,7470,4026,4294967274,7471,4026,-22,-0.095537628912474817,0.041626102660064758,0.024347343065320898,-0.095565158628516889,-0.63520834088010969,0.072939302799566813,9.9054391385868392,0.064124598110003123,0.0023173521542614595,0,0,0
12.3610934,7478,4028,4294967274,7479,4028,-22,-0.095714182627258781,0.040055306333269862,0.022776546738526002,-0.067455756153310745,-0.48543512380531051,-0.10764678916797712,1.1825776145625149,0.070037486182815703,0.035445154992584757,0,0,0
12.366147099999999,7478,4028,4294967273,7479,4028,-23,-0.095714182627258781,0.040055306333269862,0.024347343065320895,-0.035986842583336696,-0.25897385754746849,0.089130758518723111,8.0842243313903808,0.1104586078397676,0.076596824062478933,0,0,0
12.3710787,7472,4027,4294967274,7473,4027,-22,-0.095581767341170798,0.040840704496667317,0.023561944901923457,-0.0068438903778557537,-0.06487994961348062,-0.025729321072360353,1.7397069316930784,0.11915714249823299,0.10693710778056009,0,0,0
12.376049699999999,7458,4024,4294967275,7459,4024,-21,-0.095272798340298864,0.043196898986859661,0.024347343065320902,0.025176409664769035,0.18522587740666829,0.059553232908053068,3.4776397837394821,0.13654534141693039,0.13437294115133674,0,0,0
12.3810682,7438,4020,4294967277,7439,4020,-19,-0.094831414053338933,0.046338491640449446,0.024347343065320895,0.054613519986999169,0.39193387692642556,0.03177094054242046,0.50440596574973906,0.13906737124567908,0.15233076650235367,0,0,0
12.3862439,7411,4014,4294967280,7412,4014,-16,-0.094235545265943049,0.051050880620834134,0.024347343065320892,0.084731639619086682,0.64876917158751624,0.016949418422144511,-2.3408696231815793,0.12736302312977119,0.1563131958555993,0,0,0
12.391189600000001,7382,4009,4294967282,7383,4009,-14,-0.093595538049851157,0.054977871437821381,0.025132741228718346,0.10491751829430535,0.71250822336906616,0.08232183217115191,-0.73077221343772303,0.12370916206258258,0.15709578651940084,0,0,0
12.3960829,7352,4003,4294967285,7353,4003,-11,-0.092933461619411281,0.059690260418206069,0.02513274122871835,0.11774555443846382,0.81979176772397855,0.043917717100110332,-3.621651622825417,0.10560090394845549,0.14824819792060717,0,0,0
12.401095099999999,7322,3997,4294967288,7323,3997,-8,-0.092271385188971405,0.06440264939859075,0.025132741228718336,0.1245891589534586,0.87702626100736791,0.023429579060815671,-5.4707974389966454,0.078246916753472257,0.12958022601881483,0,0,0
12.4060664,7294,3992,4294967291,7295,3992,-5,-0.09165344718722751,0.068329640215577997,0.024347343065320895,0.1241219199369054,0.83428066228167408,-0.06078011788379372,-9.4994588155179809,0.030749622675882354,0.095904295847351995,0,0,0
12.411039499999999,7269,3987,4294967293,7270,3987,-3,-0.091101716828527607,0.072256631032565244,0.02513274122871835,0.11769532269771887,0.81147639441495745,0.040854050225900308,-5.4734395594905996,0.0033824248784293555,0.061270505335655867,0,0,0
12.416029399999999,7251,3984,4294967295,7252,3984,-1,-0.090704470970263684,0.074612825522757595,0.024347343065320902,0.099853037765328556,0.65275155049797862,-0.05148437002366138,-8.8061573776140456,-0.040648362009640879,0.018621197044391722,0,0,0
12.421011099999999,7239,3981,0,7240,3981,0,-0.090439640398087731,0.076969020012949932,0.025132741228718343,0.077979729659720817,0.56807373650797488,0.045813221007065225,-4.1542096839323452,-0.061419410429302601,-0.018818164036174326,0,0,0
12.4259971,7235,3981,0,7236,3981,0,-0.090351363540695742,0.076969020012949932,0.025132741228718343,0.049837698170847794,0.3030605732886299,0.024440807821794058,-3.4634371667211252,-0.078736596262908229,-0.051584751315340314,0,0,0
12.4309926,7237,3981,0,7238,3981,0,-0.090395501969391737,0.076969020012949932,0.025132741228718343,0.022469597936098637,0.16167920672872657,0.013038879909573418,-2.7910687288887592,-0.092691939907352028,-0.08026407034681704,0,0,0
12.435973600000001,7245,3983,4294967295,7246,3983,-1,-0.090572055684175701,0.075398223686155036,0.025132741228718343,-0.0044856191912509401,-0.060305107217201795,0.0069560871529244601,-1.4282314720202496,-0.099833097267453277,-0.10244135866928697,0,0,0
12.440963999999999,7259,3985,4294967294,7260,3985,-2,-0.090881024685047648,0.07382742735936014,0.02513274122871835,-0.031220568097791449,-0.1787310951163833,0.0037109896566776654,-0.29459842508449818,-0.10130608939287576,-0.1168172971983585,0,0,0
12.445960299999999,7277,3989,4294967293,7278,3989,-3,-0.091278270543311571,0.070685834705770348,0.023561944901923454,-0.053719786006241679,-0.38846898792032969,-0.14457926979603419,-5.0572012924380427,-0.12659209585506598,-0.13699444279721426,0,0,0
12.4509524,7300,3994,4294967290,7301,3994,-6,-0.09178586247331548,0.066758843888783101,0.024347343065320895,-0.076018402132867369,-0.57364117527379521,-0.0038517993628155306,2.5818564835872073,-0.11368281343712994,-0.14082641211134406,0,0,0
12.4559441,7325,3999,4294967288,7326,3999,-8,-0.092337592832015383,0.062831853071795868,0.023561944901923454,-0.092032668809675713,-0.67242833202815844,-0.075334408381350748,0.73479249833061999,-0.11000885094547684,-0.14213610003768729,0,0,0
12.460928600000001,7352,4004,4294967285,7353,4004,-11,-0.092933461619411281,0.058904862254808621,0.024347343065320902,-0.10469430989475159,-0.72513010370936248,0.033089509571172571,6.3860184700134459,-0.078078758595409609,-0.12692338916853918,0,0,0
12.4669322,7384,4010,4294967282,7385,4010,-14,-0.093639676478547151,0.054192473274423933,0.024347343065320898,-0.12174469594091192,-0.82652539057270358,0.017652859296265325,7.1675179520379393,-0.04224116883521991,-0.095937601204859335,0,0,0
12.4709217,7403,4014,4294967280,7404,4014,-16,-0.094058991551159071,0.051050880620834134,0.024347343065320892,-0.10407244042967577,-0.73405953002302882,0.0094175902082637777,6.5325644205509423,-0.0095783467324651941,-0.067725893920139141,0,0,0
12.475923999999999,7422,4017,4294967279,7423,4017,-17,-0.094478306623771005,0.04869468613064179,0.023561944901923444,-0.094644502571713474,-0.61145057529526914,-0.068255347069132083,2.8623668129611848,0.0047334873323407294,-0.040014735328812653,0,0,0
12.4809372,7436,4020,4294967277,7437,4020,-19,-0.094787275624642953,0.046338491640449446,0.024347343065320895,-0.0793192586873398,-0.54604015808688111,0.03686610447734532,7.0840404414702185,0.040153689539691825,-0.0041399468093781845,0,0,0
12.485891199999999,7443,4021,4294967277,7444,4021,-19,-0.094941760125078919,0.045553093477052005,0.023561944901923454,-0.056729651742914354,-0.36458544088887085,-0.053611891588432228,2.1556962430329496,0.050932170754856572,0.02280274263375304,0,0,0
12.4918826,7443,4021,4294967277,7444,4021,-19,-0.094941760125078919,0.045553093477052005,0.023561944901923454,-0.030264593616590459,-0.19450199089941198,-0.028601305703295887,1.9660283230037081,0.060762312369875116,0.044385722278063783,0,0,0
12.496901899999999,7439,4020,4294967277,7440,4020,-19,-0.094853483267686931,0.046338491640449446,0.024347343065320895,-0.0079093592252797874,-0.030484976546330075,0.058021063309651948,4.49854267659342,0.083255025752842216,0.069024852440654871,0,0,0
12.5009131,7433,4019,4294967277,7434,4019,-19,-0.094721067981598961,0.047123889803846894,0.025132741228718343,0.0081351126214749513,0.057016147347358312,0.10423306560015927,5.7904846675595527,0.11220744909063998,0.09944781455571719,0,0,0
12.5058826,7420,4017,4294967278,7421,4017,-18,-0.094434168195075011,0.04869468613064179,0.025132741228718343,0.031108419118610415,0.17697647419374524,0.055607099195602715,2.6304072999323105,0.12535948559030152,0.12312777390352848,0,0,0
12.5108841,7402,4013,4294967280,7403,4013,-16,-0.094036922336811088,0.051836278784231589,0.025132741228718346,0.053659955861420569,0.38753291855372368,0.029665725200976042,-0.11132138040675388,0.12480287868826775,0.13817689721070534,0,0,0
12.515905399999999,7378,4008,4294967283,7379,4008,-13,-0.093507261192459182,0.055763269601218829,0.024347343065320895,0.078045593725837803,0.57314179341427507,-0.057453208183715382,-5.6187164286860618,0.096709296544837453,0.13376983737042267,0,0,0
12.5208788,7353,4003,4294967285,7354,4003,-11,-0.092955530833759278,0.059690260418206069,0.02513274122871835,0.093114151382885452,0.67216191775319811,0.042628916931027577,-2.5838654064507049,0.083789969512583926,0.12621448902136703,0,0,0
12.525518399999999,7329,3998,4294967288,7330,3998,-8,-0.092425869689407372,0.063617251235193309,0.024347343065320895,0.09909393718011926,0.7249879748663739,-0.050537499773202529,-7.449068994802964,0.046544624538569106,0.10424565106932375,0,0,0
12.5309914,7303,3993,4294967290,7304,3993,-6,-0.091852070116359472,0.067544242052180556,0.02513274122871835,0.10640230221566074,0.75317004723555225,0.046318365009494766,-4.122400524612801,0.025932621915505102,0.077493171209732759,0,0,0
12.5359704,7283,3989,4294967292,7284,3989,-4,-0.091410685829399554,0.070685834705770348,0.025132741228718343,0.097946566351144154,0.69492532793475892,0.024710296131375667,-5.0423752745514463,0.00072074554274786928,0.048226094299982439,0,0,0
12.5405777,7269,3986,4294967293,7270,3986,-3,-0.091101716828527607,0.073042029195962685,0.025918139392115791,0.08108087038968935,0.59057294452682385,0.086462168005440473,-1.8972227895160545,-0.0087653684048324028,0.025295934587958976,0,0,0
12.5465444,7258,3984,4294967294,7259,3984,-2,-0.090858955470699651,0.074612825522757595,0.025918139392115805,0.065905891658127616,0.46162267140970259,0.046126536960822001,-2.9636602261734666,-0.023583669535699736,0.0011979550337505793,0,0,0
12.5517661,7253,3983,4294967295,7254,3983,-1,-0.090748609398959679,0.075398223686155036,0.025132741228718343,0.045455559645954081,0.31954971706675422,-0.048671561140146147,-6.1672361159186897,-0.054419850115293184,-0.02763785834392176,0,0,0
12.5567469,7253,3983,4294967295,7254,3983,-1,-0.090748609398959679,0.075398223686155036,0.025132741228718343,0.024249999744997829,0.17047596856664485,-0.025965698243080492,-4.2310731474902177,-0.075575215852744265,-0.054581631605881198,0,0,0
12.561700399999999,7257,3984,4294967295,7258,3984,-1,-0.090836886256351654,0.074612825522757595,0.024347343065320902,0.0047006450220368826,0.017667379755509929,-0.087131910081564984,-5.8318531916093939,-0.10473448181079123,-0.085858899873060279,0,0,0
12.566698799999999,7265,3986,4294967294,7266,3986,-2,-0.091013439971135632,0.073042029195962685,0.024347343065320895,-0.01396514396206274,-0.1371337018836867,-0.046483836382536406,-2.9893167729916614,-0.11968106567574954,-0.11373274181431028,0,0,0
12.571707099999999,7280,3988,4294967293,7281,3988,-3,-0.091344478186355563,0.071471232869167789,0.024347343065320895,-0.038336891934942129,-0.21971823542621843,-0.024798573138310524,-1.0154977967485863,-0.12475855465949247,-0.13359362413189432,0,0,0
12.5766589,7301,3993,4294967291,7302,3993,-5,-0.091807931687663477,0.067544242052180556,0.023561944901923454,-0.063693590813871589,-0.48361465845552332,-0.086509262737356749,-1.6922485344807299,-0.13321979733189612,-0.1493245177745863,0,0,0
12.5816648,7326,3998,4294967289,7327,3998,-7,-0.092359662046363381,0.063617251235193309,0.022776546738525992,-0.085457528746046632,-0.62440025742319871,-0.11943118073146947,-1.6886383264581775,-0.141662988964187,-0.16210225769950504,0,0,0
12.5866612,7355,4003,4294967286,7356,4003,-10,-0.092999669262455273,0.059690260418206069,0.023561944901923447,-0.10530477149899099,-0.69950769786958078,0.0095644066668294503,5.0514683840621943,-0.11640564704387603,-0.15698066885543804,0,0,0
12.591631100000001,7385,4009,4294967283,7386,4009,-13,-0.093661745692895149,0.054977871437821381,0.023561944901923447,-0.11795214941140048,-0.81285614219207691,0.0051024970551058653,6.2111639616347167,-0.085349827235702447,-0.14031146627829463,0,0,0
12.596601700000001,7415,4015,4294967280,7416,4015,-16,-0.094323822123335024,0.050265482457436693,0.02356194490192345,-0.12469937491119959,-0.87332618738183165,0.0027221214137267279,7.1367438200430371,-0.049666108135487261,-0.11241491422084973,0,0,0
12.6016358,7442,4020,4294967278,7443,4020,-18,-0.094919690910730922,0.046338491640449446,0.022776546738525999,-0.12212160857508765,-0.83230671706629022,-0.071827299935290037,4.2492324308030271,-0.028419945981472124,-0.083755154073350976,0,0,0
12.6065424,7464,4024,4294967276,7465,4024,-20,-0.095405213626386834,0.043196898986859661,0.022776546738526002,-0.11045084961955259,-0.73714379885806558,-0.038319009130705683,5.4544899922768249,-0.0011474960200879986,-0.051434944220442695,0,0,0
12.6115178,7480,4027,4294967274,7481,4027,-22,-0.095758321055954776,0.040840704496667317,0.023561944901923457,-0.091869977126456517,-0.61309599598848463,0.052836784258374916,8.8346371488560198,0.043025689724192101,-0.010406497785554442,0,0,0
12.6165015,7489,4029,4294967273,7490,4029,-23,-0.095956943985086737,0.039269908169872414,0.023561944901923447,-0.067543531090262177,-0.47363845113953007,0.028187795173391917,6.9936171357196084,0.07799377540279015,0.030804070103202352,0,0,0
12.6214858,7490,4029,4294967273,7491,4029,-23,-0.095979013199434735,0.039269908169872414,0.023561944901923447,-0.038092779729617318,-0.25268047316577469,0.015037853039119869,5.0082624679988843,0.10303508774278457,0.068114895297033781,0,0,0
12.626470400000001,7485,4028,4294967273,7486,4028,-23,-0.095868667127694748,0.040055306333269862,0.024347343065320895,-0.010026493028703608,-0.061522503993188885,0.081302034803965598,6.4814449207449636,0.13544231234650939,0.10817284157084728,0,0,0
12.6314598,7472,4026,4294967274,7473,4026,-22,-0.095581767341170798,0.041626102660064758,0.024347343065320898,0.021419418789147261,0.11373751536956286,0.043373667349390375,3.3674868235977806,0.15227974646449829,0.14087560405721691,0,0,0
12.6364518,7452,4021,4294967276,7453,4021,-20,-0.095140383054210881,0.045553093477052005,0.025132741228718346,0.052609210096515716,0.42707520642003882,0.096418854289863784,3.3856302512503538,0.16920789772075007,0.16979015450655915,0,0,0
12.6414381,7424,4016,4294967279,7425,4016,-17,-0.094522445052467,0.049480084294039245,0.024347343065320898,0.085721474424378399,0.59423713308545045,-0.02184120877172633,-3.5449388930998036,0.15148320325525105,0.17839516870808969,0,0,0
12.6464231,7392,4009,4294967282,7393,4009,-14,-0.093816230193331115,0.054977871437821381,0.025132741228718346,0.11162291416323825,0.82997506882932592,0.061627494517266457,-2.1215462420035323,0.1408754720452334,0.17972170856543043,0,0,0
12.6512441,7358,4003,4294967285,7359,4003,-11,-0.093065876905499251,0.059690260418206069,0.02513274122871835,0.12955924433147406,0.88245893087506622,0.03287753440874424,-4.5646122907983244,0.11805241059124177,0.16927817296356679,0,0,0
12.6562211,7324,3996,4294967289,7325,3996,-7,-0.092315523617667386,0.065188047561988219,0.024347343065320902,0.13912806287410595,0.98373796554295534,-0.055739746220513961,-9.7115509297016267,0.06949465594273363,0.14001436991769106,0,0,0
12.661213999999999,7292,3990,4294967292,7293,3990,-4,-0.091609308758531516,0.069900436542372907,0.024347343065320902,0.14011469308697028,0.96448960512345883,-0.029736490809084533,-9.2711833768382483,0.023138739058542385,0.099909203852545536,0,0,0
12.666218600000001,7265,3985,4294967294,7266,3985,-2,-0.091013439971135632,0.07382742735936014,0.02513274122871835,0.13034549724224026,0.88094131477461046,0.057415455574530351,-5.5538145956211729,-0.0046303339195634813,0.060225751554850881,0,0,0
12.671204400000001,7246,3981,0,7247,3981,0,-0.090594124898523698,0.076969020012949932,0.025132741228718343,0.10866086549777659,0.7630897775504617,0.030630461793581594,-6.1640009768212742,-0.035450338803669851,0.01967135922832465,0,0,0
12.6762026,7234,3978,1,7235,3978,1,-0.090329294326347745,0.079325214503142283,0.025918139392115798,0.082678600863363802,0.62693786663258211,0.089620505883514459,-2.8025823475753286,-0.049463250541546495,-0.013852457129624626,0,0,0
12.6812474,7229,3978,2,7230,3978,2,-0.090218948254607773,0.079325214503142283,0.024347343065320902,0.054403600262281714,0.33446388570254493,-0.09874756597761887,-9.2237530434052761,-0.095582015758572877,-0.057560451086125328,0,0,0
12.6862187,7232,3978,1,7233,3978,1,-0.09028515589765175,0.079325214503142283,0.025918139392115798,0.022846342064247127,0.17843249992236365,0.093878388110741326,0.31442835737050068,-0.094009873971720379,-0.083148337418556872,0,0,0
12.6911738,7241,3980,1,7242,3980,1,-0.090483778826783726,0.077754418176347387,0.024347343065320902,-0.0063437409482172743,-0.051367424811838772,-0.09647603651612488,-6.1513106275732365,-0.12476642710958656,-0.11540442730469891,0,0,0
12.696160900000001,7255,3983,0,7256,3983,0,-0.090792747827655659,0.075398223686155036,0.023561944901923447,-0.03221185392692897,-0.2472424672831853,-0.12474833584904069,-5.8956179678447924,-0.15424451694881053,-0.14900304215549912,0,0,0
12.7011822,7277,3987,4294967294,7278,3987,-2,-0.091278270543311571,0.072256631032565244,0.023561944901923454,-0.062485066241836959,-0.42501898907562907,-0.066551751558895908,-1.7572405849943655,-0.16303071987378237,-0.17228270694593587,0,0,0
12.7061364,7306,3993,4294967291,7307,3993,-5,-0.091918277759403463,0.067544242052180556,0.023561944901923454,-0.093049236329958235,-0.66641968491152992,-0.035504566897924736,1.7100526014281141,-0.1544804568666418,-0.18182853853369332,0,0,0
12.7111304,7339,3999,4294967288,7340,3999,-8,-0.092646561832887331,0.062831853071795868,0.023561944901923454,-0.11759129813693558,-0.79520408132108866,-0.01894126361939024,4.069630805041669,-0.13413230284143346,-0.17821437095411433,0,0,0
12.716146800000001,7374,4006,4294967284,7375,4006,-12,-0.093418984335067193,0.057334065928013725,0.024347343065320895,-0.13480241636722134,-0.93718854241596183,0.063174580720854495,9.2733840784100128,-0.087765382449383395,-0.15407032484427766,0,0,0
12.7210938,7408,4013,4294967281,7409,4013,-15,-0.094169337622899058,0.051836278784231589,0.02356194490192345,-0.14192523271471902,-1.0129355615300639,-0.039576632817767209,6.0774880725092855,-0.057377942086836969,-0.12449071016694155,0,0,0
12.726092599999999,7438,4018,4294967278,7439,4018,-18,-0.094831414053338933,0.047909287967244349,0.024347343065320902,-0.137488729360255,-0.90678665557905358,0.052165856998253185,10.107503905277392,-0.0068404225604500046,-0.080917484420048091,0,0,0
12.731104200000001,7462,4023,4294967276,7463,4023,-20,-0.095361075197690839,0.043982297150257102,0.023561944901923444,-0.12276724607823944,-0.85015747837184075,-0.045449655821888417,5.9302824724039702,0.022810989801569845,-0.038923973498098813,0,0,0
12.7361138,7477,4026,4294967275,7478,4026,-21,-0.095692113412910784,0.041626102660064758,0.022776546738525999,-0.096381517699601821,-0.67338744813947027,-0.097526369417183595,2.7078766651453754,0.03635037312729672,-0.0053987050843601336,0,0,0
12.7410639,7485,4027,4294967274,7486,4027,-22,-0.095868667127694748,0.040840704496667317,0.023561944901923457,-0.067891273995788759,-0.4325237035646517,0.021250362640598951,6.3670139952001676,0.068185443103297549,0.031944077261386969,0,0,0
12.745516,7485,4027,4294967274,7486,4027,-22,-0.095868667127694748,0.040840704496667317,0.023561944901923457,-0.036219186165756402,-0.23074624496636026,0.011336815400126831,4.5221765574268504,0.090796325890431795,0.064607248608836126,0,0,0
12.7509903,7479,4026,4294967275,7480,4026,-21,-0.095736251841606779,0.041626102660064758,0.022776546738525999,-0.0069678429121194062,-0.049820854461527272,-0.067231463285152102,-0.3025676895113194,0.089283487442875203,0.085057555098469823,0,0,0
12.755939700000001,7467,4023,4294967276,7468,4023,-20,-0.095471421269430826,0.043982297150257102,0.023561944901923444,0.020992061938438583,0.19325972533284316,0.037412334282759301,2.3477141369254637,0.10102205812750252,0.10374581391964957,0,0,0
12.7605602,7452,4020,4294967277,7453,4020,-19,-0.095140383054210881,0.046338491640449446,0.024347343065320895,0.042085668992413935,0.32294031982866045,0.093238554091788828,3.5498283124557348,0.1187711996897812,0.12384890341943333,0,0,0
12.7665053,7428,4016,4294967279,7429,4016,-17,-0.094610721909858975,0.049480084294039245,0.024347343065320898,0.071870849518350627,0.4654028919298111,0.049741658238523327,0.13817577659717717,0.11946207857276708,0.13146156096839462,0,0,0
12.7714812,7403,4011,4294967282,7404,4011,-14,-0.094058991551159071,0.053407075111026485,0.02356194490192345,0.089819998882657265,0.61468449686399895,-0.046742936990641137,-5.473977573635648,0.09209219070458885,0.12391762605846887,0,0,0
12.7764503,7378,4005,4294967284,7379,4005,-12,-0.093507261192459182,0.058119464091411173,0.025132741228718343,0.099395656313729,0.76760397460737217,0.12162223835690483,0.39239262222213434,0.094054153815699523,0.12110495540640792,0,0,0
12.781434600000001,7354,4001,4294967286,7355,4001,-10,-0.092977600048107276,0.061261056745000965,0.025132741228718343,0.10244504525485433,0.70262565629529861,0.064884015775252324,-2.2199255732785499,0.082954525949306773,0.11329569216855681,0,0,0
12.78641,7331,3996,4294967289,7332,3996,-7,-0.092470008118103367,0.065188047561988219,0.024347343065320902,0.10201274767732885,0.74124001658869887,-0.038664669573751961,-7.3040754758968642,0.046434148569822455,0.091793616045177495,0,0,0
12.7914139,7310,3992,4294967291,7311,3992,-5,-0.092006554616795452,0.068329640215577997,0.024347343065320895,0.097663901542469955,0.68856079865830944,-0.020627140763569845,-6.7276984965301327,0.012795656087171793,0.063607053429644483,0,0,0
12.796389100000001,7293,3989,4294967292,7294,3989,-4,-0.091631377972879513,0.070685834705770348,0.025132741228718343,0.0871074028686534,0.58717754395243871,0.062275185341392633,-2.8860419706733969,-0.001634553766195191,0.038949457125916277,0,0,0
12.8013843,7281,3987,4294967293,7282,3987,-3,-0.09136654740070356,0.072256631032565244,0.02513274122871835,0.071180085228949433,0.45981126563878294,0.033223069750124859,-3.4799757717621764,-0.019034432625006075,0.014326476285909044,0,0,0
12.8063707,7273,3985,4294967294,7274,3985,-2,-0.091189993685919596,0.07382742735936014,0.02513274122871835,0.054446609894259063,0.39186287295185251,0.017724112061180689,-3.696422263126717,-0.037516543940639663,-0.010818329726083393,0,0,0
12.8113694,7270,3985,4294967294,7271,3985,-2,-0.091123786042875604,0.07382742735936014,0.02513274122871835,0.035223948767032533,0.20905417606055932,0.0094556027098040858,-2.9608399271128825,-0.052320743576204073,-0.033660073590258098,0,0,0
12.816383699999999,7271,3985,4294967294,7272,3985,-2,-0.091145855257223601,0.07382742735936014,0.02513274122871835,0.016732446925694245,0.11152791332117121,0.0050444514397692455,-2.3659203902055075,-0.064150345527231617,-0.054299285572292147,0,0,0
12.821371900000001,7276,3986,4294967294,7277,3986,-2,-0.091256201328963588,0.073042029195962685,0.024347343065320895,-0.0013689901439319849,-0.013780705710931991,-0.07058836452281339,-4.6820241416821187,-0.087560466235642204,-0.078526547172035083,0,0,0
12.8263848,7285,3988,4294967293,7286,3988,-3,-0.091454824258095549,0.071471232869167789,0.024347343065320895,-0.019262332303094369,-0.15391088096764735,-0.037658051842518671,-2.2208907116014576,-0.098664919793649497,-0.098743245846277028,0,0,0
12.831401899999999,7299,3990,4294967292,7300,3990,-4,-0.091763793258967497,0.069900436542372907,0.024347343065320902,-0.039103768568429675,-0.22866866066961292,-0.020090122191674442,-0.55190009326953882,-0.10142442025999719,-0.1124950733591825,0,0,0
12.8363669,7316,3994,4294967290,7317,3994,-6,-0.092138969902883422,0.066758843888783101,0.024347343065320895,-0.055866269314290187,-0.41511008444106035,-0.010717840937824057,1.2929971579165582,-0.094959434470414397,-0.11886928037495623,0,0,0
12.841366000000001,7337,3998,4294967288,7338,3998,-8,-0.092602423404191336,0.063617251235193309,0.024347343065320895,-0.073045304889995555,-0.51457436370919596,-0.0057178405025378369,2.6843203769929902,-0.081537832585449443,-0.11565414810980812,0,0,0
12.8463464,7359,4003,4294967286,7360,4003,-10,-0.093087946119847248,0.059690260418206069,0.023561944901923447,-0.084269226048785534,-0.64091689147972308,-0.076329919106879307,0.8453337469595148,-0.077311163850651871,-0.11099436513546627,0,0,0
12.8513105,7382,4007,4294967284,7383,4007,-12,-0.093595538049851157,0.056548667764616277,0.023561944901923447,-0.092316164585066196,-0.63503960615162924,-0.040721102837467375,2.9136026163180464,-0.062743150769061645,-0.098938960113928276,0,0,0
12.855854300000001,7401,4010,4294967282,7402,4010,-14,-0.094014853122463091,0.054192473274423933,0.024347343065320898,-0.088372669413032262,-0.5586246251291298,0.051555295872132353,6.8559378149773416,-0.028463461694174935,-0.077302959127323295,0,0,0
12.861813400000001,7423,4015,4294967280,7424,4015,-16,-0.094500375838119002,0.050265482457436693,0.02356194490192345,-0.092446192489637868,-0.66441718135670769,-0.04577538291155607,3.6854888901298479,-0.010036017243525694,-0.051002037655967128,0,0,0
12.866824599999999,7437,4017,4294967279,7438,4017,-17,-0.094809344838990936,0.04869468613064179,0.023561944901923444,-0.078146486438025672,-0.50101769235415605,-0.024420621648451005,3.8873770158852219,0.0094008678359004151,-0.02643955977700058,0,0,0
12.871818599999999,7447,4019,4294967278,7448,4019,-18,-0.095030036982470908,0.047123889803846894,0.023561944901923447,-0.062281322502506717,-0.41384601088092232,-0.013028110826489874,3.8950991895222016,0.028876363783511425,-0.0011771247175991137,0,0,0
12.8767742,7451,4020,4294967278,7452,4020,-18,-0.095118313839862884,0.046338491640449446,0.022776546738525999,-0.041462784903373434,-0.29406143764254822,-0.080229861267364408,0.1609721261351984,0.029681224414187416,0.014429295943820001,0,0,0
12.8818006,7452,4020,4294967277,7453,4020,-19,-0.095140383054210881,0.046338491640449446,0.024347343065320895,-0.024179012232142472,-0.15687827503142857,0.1037573630480037,7.1835772243002927,0.065599110535688884,0.042023529512183161,0,0,0
12.886785400000001,7449,4019,4294967277,7450,4019,-19,-0.095074175411166889,0.047123889803846894,0.025132741228718343,-0.0067218842920318397,-0.010413172188164926,0.12863283684114307,7.3780487452516885,0.10248935426194733,0.075008524763264139,0,0,0
12.891747199999999,7441,4018,4294967278,7442,4018,-18,-0.094897621696382925,0.047909287967244349,0.024347343065320902,0.012886836882273458,0.067724215939150567,-0.004655432714001595,0.89785699696649868,0.10697863924677982,0.097691812887575752,0,0,0
12.896727,7428,4015,4294967279,7429,4015,-17,-0.094610721909858975,0.050265482457436693,0.025132741228718346,0.033643407423895093,0.25596862055807013,0.070795901380220905,2.7153339628982494,0.12055530906127107,0.11986564419878377,0,0,0
12.9017412,7410,4011,4294967281,7411,4011,-15,-0.094213476051595052,0.053407075111026485,0.025132741228718346,0.055012341933345171,0.42967428792881579,0.037768770284408053,-0.16446627888723331,0.11973297766683491,0.1333457879841265,0,0,0
12.906702900000001,7388,4007,4294967283,7389,4007,-13,-0.09372795333593914,0.056548667764616277,0.025132741228718343,0.074648855064325531,0.52234419282614097,0.020149189161886915,-2.1081116094962504,0.10919241961935366,0.13724067760186101,0,0,0
12.911682600000001,7363,4002,4294967286,7364,4002,-10,-0.093176222977239237,0.060475658581603517,0.024347343065320895,0.091302031758419916,0.64506200278342618,-0.062530166829008402,-7.0382413130993697,0.074001213053856818,0.12323746756490253,0,0,0
12.916697599999999,7337,3997,4294967289,7338,3997,-7,-0.092602423404191336,0.06440264939859075,0.023561944901923433,0.10224541346627594,0.71053049296041837,-0.10663861862923421,-10.068317072534054,0.023659627691186548,0.090988011332933688,0,0,0
12.921684600000001,7314,3992,4294967291,7315,3992,-5,-0.092094831474187427,0.068329640215577997,0.024347343065320895,0.10190624649551906,0.74545715281155989,0.016389086202915973,-5.5091369006294748,-0.0038860568119608273,0.057526916284083823,0,0,0
12.9266445,7297,3989,4294967292,7298,3989,-4,-0.091719654830271502,0.070685834705770348,0.025132741228718343,0.089370643379404258,0.61753107131969964,0.082022901605138171,-2.2350991085463869,-0.015061552354692762,0.029575042799086539,0,0,0
12.931654399999999,7285,3986,4294967293,7286,3986,-3,-0.091454824258095549,0.073042029195962685,0.025918139392115791,0.072387497088709965,0.54928403030384088,0.11703776049509555,-0.29501462172953907,-0.016536625463340456,0.0083569828828013101,0,0,0
12.936645,7279,3985,4294967294,7280,3985,-2,-0.091322408972007565,0.07382742735936014,0.02513274122871835,0.05097252921704324,0.36631600808564146,-0.010841267859910089,-4.6883980814691428,-0.039978615870686171,-0.016564690347307853,0,0,0
12.9416133,7277,3985,4294967294,7278,3985,-2,-0.091278270543311571,0.07382742735936014,0.02513274122871835,0.031311457835527412,0.19542522788972203,-0.0057836872955907637,-3.4379810210527091,-0.057168520975949717,-0.040009474696681258,0,0,0
12.9465916,7280,3985,4294967294,7281,3985,-2,-0.091344478186355563,0.07382742735936014,0.02513274122871835,0.010526959081792804,0.10425703177793165,-0.003085528294792582,-2.5174055510664317,-0.069755548731281869,-0.060210207026498978,0,0,0
12.9515993,7285,3986,4294967294,7286,3986,-2,-0.091454824258095549,0.073042029195962685,0.024347343065320895,-0.0046795440080640112,-0.017659634425984394,-0.074925611892014132,-4.760916455459169,-0.093560131008577713,-0.085755619770376698,0,0,0
12.9565728,7295,3988,4294967293,7296,3988,-3,-0.091675516401575508,0.071471232869167789,0.024347343065320895,-0.023087583627245199,-0.15598024324331913,-0.039971921662103491,-2.2102715578441701,-0.10461148879779857,-0.10644287143703327,0,0,0
12.9615448,7310,3991,4294967292,7311,3991,-4,-0.092006554616795452,0.069115038378975438,0.023561944901923433,-0.043203604858015381,-0.30305216009185598,-0.094604063476777009,-3.3301500696075497,-0.12126223914583631,-0.12689495393585307,0,0,0
12.966567400000001,7330,3995,4294967290,7331,3995,-6,-0.092447938903755369,0.06597344572538566,0.023561944901923454,-0.064230813938369574,-0.45479279555650642,-0.050470141233685387,-0.077761978933030385,-0.12165104904050146,-0.13868350556000467,0,0,0
12.9715302,7353,4000,4294967288,7354,4000,-8,-0.092955530833759278,0.06204645490839842,0.022776546738526006,-0.081625910359783532,-0.60902413680351208,-0.1002047385958742,-0.82253825760087285,-0.12576374032850582,-0.14820988672754595,0,0,0
12.9765064,7380,4005,4294967285,7381,4005,-11,-0.093551399621155162,0.058119464091411173,0.023561944901923454,-0.099142428194871096,-0.69130472063179826,0.019821484580221066,5.5178857935100485,-0.098174311360955571,-0.13982942475791396,0,0,0
12.981540600000001,7408,4010,4294967282,7409,4010,-14,-0.094169337622899058,0.054192473274423933,0.024347343065320898,-0.11054639211999728,-0.73520043223221154,0.08385404526331057,9.3007641734997115,-0.051670490493457011,-0.11350953005607563,0,0,0
12.9864932,7434,4015,4294967280,7435,4015,-16,-0.094743137195946958,0.050265482457436693,0.02356194490192345,-0.11251205053984314,-0.75861827162100159,-0.028544384754226465,5.1944066639467055,-0.025698457173723484,-0.085041075334099034,0,0,0
12.991482400000001,7456,4020,4294967278,7457,4020,-18,-0.09522865991160287,0.046338491640449446,0.022776546738525999,-0.10532426484710082,-0.77111141005400596,-0.088507608625919595,2.9631585702102017,-0.010882664322672476,-0.058168801904007812,0,0,0
12.9965002,7473,4023,4294967276,7474,4023,-20,-0.095603836555518795,0.043982297150257102,0.023561944901923444,-0.091194115465103975,-0.63121731204433162,0.026061764119136376,7.3542924540431667,0.025888797947543358,-0.022480978962713623,0,0,0
13.0004776,7482,4024,4294967276,7483,4024,-20,-0.09580245948465077,0.043196898986859661,0.022776546738526002,-0.067182966942706826,-0.41002643815820411,-0.059375878501631681,2.4662103074576276,0.038219849484831495,0.0038753640154021059,0,0,0
13.0064361,7488,4025,4294967275,7489,4025,-21,-0.09593487477073874,0.042411500823462206,0.023561944901923447,-0.048195974364424632,-0.29202374108192231,0.041603195213323924,6.0374264414942935,0.068406981692302971,0.037374187283972626,0,0,0
13.0114725,7486,4025,4294967275,7487,4025,-21,-0.095890736342042746,0.042411500823462206,0.023561944901923447,-0.021593757836511126,-0.15579118818307733,0.022194809197646707,4.1452567114643619,0.089133265249624782,0.066212815582522816,0,0,0
13.0164527,7479,4024,4294967276,7480,4024,-20,-0.095736251841606779,0.043196898986859661,0.022776546738526002,0.002893759191360163,-0.0098332243005871262,-0.061438852901032889,-0.65438208282651633,0.085861354835492204,0.083617369466877783,0,0,0
13.0214806,7468,4021,4294967277,7469,4021,-19,-0.095493490483778823,0.045553093477052005,0.023561944901923454,0.024193998957003152,0.21459264981466014,0.040502622939018199,2.1106476092391628,0.096414592881688022,0.10118246951704221,0,0,0
13.0263799,7453,4018,4294967278,7454,4018,-18,-0.095162452268558878,0.047909287967244349,0.024347343065320902,0.043793864260241885,0.33432118098785568,0.094887186287936548,3.3234080470570904,0.11303163311697348,0.11933975859612816,0,0,0
13.0314546,7433,4014,4294967280,7434,4014,-16,-0.094721067981598961,0.051050880620834134,0.024347343065320892,0.064545710300111969,0.47147444582460174,0.05062118388175621,0.12057135781036821,0.11363448990602532,0.12896691102457747,0,0,0
13.0362928,7411,4010,4294967282,7412,4010,-14,-0.094235545265943049,0.054192473274423933,0.024347343065320898,0.07973479355598026,0.54464407926927128,0.027005798757850495,-1.8942693555006347,0.10416314312852214,0.13112368800315691,0,0,0
13.041276,7386,4005,4294967285,7387,4005,-11,-0.093683814907243146,0.058119464091411173,0.023561944901923454,0.094015319375739564,0.65695872663352017,-0.058872247264300542,-6.8623809479159643,0.069851238388942305,0.1158527486360406,0,0,0
13.046268,7362,4000,4294967287,7363,4000,-9,-0.09315415376289124,0.06204645490839842,0.024347343065320902,0.099574699572379397,0.71687725345744435,0.041871876480741872,-3.4384742186346431,0.052658867295769088,0.099090158689189481,0,0,0
13.0512643,7339,3996,4294967289,7340,3996,-7,-0.092646561832887331,0.065188047561988219,0.024347343065320902,0.10048145243841371,0.67556355466171358,0.022338147454113444,-4.5600663747066346,0.029858535422235915,0.075754695841699332,0,0,0
13.0562489,7321,3992,4294967291,7322,3992,-5,-0.092249315974623408,0.068329640215577997,0.024347343065320895,0.090669642980401935,0.65352318835526457,0.011917135643805922,-5.1097406499434408,0.0043098321725187107,0.049604906041063879,0,0,0
13.061235699999999,7306,3989,4294967292,7307,3989,-4,-0.091918277759403463,0.070685834705770348,0.025132741228718343,0.079257828694336604,0.56848539611547333,0.079637169237904759,-1.9189620346528251,-0.0052849780007454151,0.027105408973695948,0,0,0
13.0662257,7296,3988,4294967293,7297,3988,-3,-0.091697585615923505,0.071471232869167789,0.024347343065320895,0.062874210361373625,0.37655970807882994,-0.030794037895388052,-5.6965401912105404,-0.033767678956798115,-0.0011657360143665745,0,0,0
13.0712206,7291,3987,4294967294,7292,3987,-2,-0.091587239544183519,0.072256631032565244,0.023561944901923454,0.043838193778153491,0.27416963913681575,-0.089707771785814017,-7.6035102046390328,-0.071785229979993287,-0.035800736628261706,0,0,0
13.0762126,7292,3987,4294967294,7293,3987,-2,-0.091609308758531516,0.072256631032565244,0.023561944901923454,0.021328044052868225,0.14626623741823647,-0.047858027926050255,-4.9248393942401929,-0.096409426951194255,-0.067970382303623414,0,0,0
13.0812217,7297,3988,4294967294,7298,3988,-2,-0.091719654830271502,0.071471232869167789,0.022776546738525999,0.001082706194867819,0.0047517764993154354,-0.098811207253670916,-6.1292866565131856,-0.1270558602337602,-0.10443999241577477,0,0,0
13.086224899999999,7308,3990,4294967293,7309,3990,-3,-0.091962416188099458,0.069900436542372907,0.022776546738526013,-0.022072602028814538,-0.14402402241012136,-0.052714602336166975,-2.9735296318248103,-0.14192350839288426,-0.1353079583224531,0,0,0
13.0912367,7327,3993,4294967291,7328,3993,-5,-0.092381731260711378,0.067544242052180556,0.023561944901923454,-0.05089856531345776,-0.29667365866288958,0.045156906719068024,2.7546550827845877,-0.12815023297896133,-0.14849804562639715,0,0,0
13.096219899999999,7351,3998,4294967288,7352,3998,-8,-0.092911392405063284,0.063617251235193309,0.024347343065320895,-0.076572424753648102,-0.52466946029716421,0.097370191257150976,7.0111809812517603,-0.093094328072702529,-0.14202760194018102,0,0,0
13.1011893,7378,4004,4294967286,7379,4004,-10,-0.093507261192459182,0.058904862254808621,0.022776546738525999,-0.09644645380549885,-0.71958202457983567,-0.094613201121080875,0.57373813765769865,-0.09022563738441404,-0.13625429195326305,0,0,0
13.1061902,7405,4009,4294967283,7406,4009,-13,-0.094103129979855066,0.054977871437821381,0.023561944901923447,-0.10704901162665853,-0.75028603713665287,0.022804503233912927,6.4684484609732671,-0.057883395079547706,-0.11524951146285844,0,0,0
13.111178300000001,7431,4014,4294967281,7432,4014,-15,-0.094676929552902966,0.051050880620834134,0.022776546738525996,-0.11064623969663259,-0.76666626218442724,-0.061113588393476227,3.5392985010738616,-0.040186902574178396,-0.092392620736233999,0,0,0
13.1161651,7453,4019,4294967278,7454,4019,-18,-0.095162452268558878,0.047123889803846894,0.023561944901923447,-0.10432887698201934,-0.77540491717680649,0.040676147680254293,8.3087538936611693,0.0013568668941274509,-0.057516716674009698,0,0,0
13.121151599999999,7471,4022,4294967277,7472,4022,-19,-0.095559698126822801,0.04476769531365455,0.022776546738525999,-0.092722198155787167,-0.6335078469633606,-0.051579278913138321,3.9268681988275413,0.020991207888265157,-0.025369117851892574,0,0,0
13.126136000000001,7482,4024,4294967276,7483,4024,-20,-0.09580245948465077,0.043196898986859661,0.022776546738526002,-0.072116401385830281,-0.48452793055175147,-0.027516931047225437,4.1312417661870739,0.041647416719200525,0.0053561872074418711,0,0,0
13.131099799999999,7487,4025,4294967275,7488,4025,-21,-0.095912805556390743,0.042411500823462206,0.023561944901923447,-0.048768792625288902,-0.33176940004239419,0.058599564274946878,6.8749168479018055,0.076022000958709562,0.041034557061335637,0,0,0
13.136112600000001,7485,4025,4294967275,7486,4025,-21,-0.095868667127694748,0.042411500823462206,0.023561944901923447,-0.021899349557041731,-0.17699502391105748,0.031262169683811819,4.5918341790725661,0.098981171854072389,0.072968448851217269,0,0,0
13.1411053,7478,4024,4294967276,7479,4024,-20,-0.095714182627258781,0.043196898986859661,0.022776546738526002,0.0027307296477210447,-0.021145218146916597,-0.056601524064033765,-0.41635201272116906,0.096899411790466544,0.093585861961452188,0,0,0
13.1460782,7465,4021,4294967277,7466,4021,-19,-0.095427282840734831,0.045553093477052005,0.023561944901923454,0.028225245162417183,0.20855783581114753,0.043083280266248809,2.1358520301153048,0.10757867194104306,0.11234454122613964,0,0,0
13.151050100000001,7448,4018,4294967278,7449,4018,-18,-0.095052106196818906,0.047909287967244349,0.024347343065320902,0.050062706628526694,0.33110167958503189,0.09626393623920107,3.2346451373642466,0.1237518976278643,0.1312210603556889,0,0,0
13.156054299999999,7426,4014,4294967280,7427,4014,-16,-0.09456658348116298,0.051050880620834134,0.024347343065320892,0.072008283573962079,0.46975688016694417,0.051355663585166085,-0.029419146741041402,0.12360480189415909,0.14117543921989678,0,0,0
13.1610382,7401,4009,4294967283,7402,4009,-13,-0.094014853122463091,0.054977871437821381,0.023561944901923447,0.089893318314635026,0.61700729773726093,-0.045881884359249545,-5.6639766372853,0.095284918707732591,0.13431428609915524,0,0,0
13.1660316,7374,4003,4294967285,7375,4003,-11,-0.093418984335067193,0.059690260418206069,0.02513274122871835,0.10355299188297752,0.76884316121123342,0.12208159968155587,0.088873120291775187,0.095729284309191462,0.12982312962019396,0,0,0
13.1710139,7348,3998,4294967288,7349,3998,-8,-0.092845184762019292,0.063617251235193309,0.024347343065320895,0.10878115479715939,0.77656626688311525,-0.0081504397205561657,-6.120275413540555,0.065127907241488689,0.11158743558342363,0,0,0
13.1759971,7324,3994,4294967290,7325,3994,-6,-0.092315523617667386,0.066758843888783101,0.024347343065320895,0.10745209692471805,0.70740693249328546,-0.0043481625280726143,-6.1447128782599796,0.034404342850188792,0.086573530809906193,0,0,0
13.180975500000001,7303,3990,4294967292,7304,3990,-4,-0.091852070116359472,0.069900436542372907,0.024347343065320902,0.10056572958923744,0.67051125120852517,-0.0023196929268546771,-6.2108499784220559,0.0033500929580785113,0.055975090059299945,0,0,0
13.1859845,7286,3987,4294967293,7287,3987,-3,-0.091476893472443546,0.072256631032565244,0.02513274122871835,0.088655493573996713,0.57754832533839373,0.072041990740551759,-2.711967062352306,-0.010209742353683019,0.02898454848545267,0,0,0
13.1909616,7275,3985,4294967294,7276,3985,-2,-0.09123413211461559,0.07382742735936014,0.02513274122871835,0.069946862921458158,0.45467419218167715,0.038433544118579896,-3.4379824540861232,-0.027399654624113638,0.0029743580569277089,0,0,0
13.1959439,7269,3984,4294967294,7270,3984,-2,-0.091101716828527607,0.074612825522757595,0.025918139392115805,0.049670479954104355,0.31584278614741002,0.093783357377704532,-0.13805400719528604,-0.028089924660090068,-0.014495450861256854,0,0,0
13.2009591,7268,3984,4294967295,7269,3984,-1,-0.09107964761417961,0.074612825522757595,0.024347343065320902,0.028557719797014804,0.16849836506667734,-0.09652673428048833,-7.2911581814224586,-0.064545715567202372,-0.042395123944599586,0,0,0
13.205920900000001,7270,3985,4294967294,7271,3985,-2,-0.091123786042875604,0.07382742735936014,0.02513274122871835,0.011116982894982513,0.016612351839375886,0.021783656081461114,-1.2333561756269853,-0.070712496445337295,-0.062459771282184412,0,0,0
13.2109095,7276,3986,4294967294,7277,3986,-2,-0.091256201328963588,0.073042029195962685,0.024347343065320895,-0.006423883592987901,-0.06441702742069523,-0.061658198192133855,-4.0272442633050858,-0.090848717761862721,-0.08572164037692051,0,0,0
13.2159175,7287,3988,4294967293,7288,3988,-3,-0.091498962686791543,0.071471232869167789,0.024347343065320895,-0.026077278285341655,-0.18092475557646395,-0.032893914453638408,-1.7700053479678415,-0.099698744501701936,-0.10365483002388517,0,0,0
13.2208854,7301,3991,4294967292,7302,3991,-4,-0.091807931687663477,0.069115038378975438,0.023561944901923433,-0.042739461091386474,-0.31635976035966384,-0.090828030922403907,-3.1477668627514586,-0.11543757881545923,-0.12311711908077307,0,0,0
13.225868999999999,7321,3995,4294967290,7322,3995,-6,-0.092249315974623408,0.06597344572538566,0.023561944901923454,-0.063983198766320193,-0.46189224182038269,-0.048455672834355021,0.017614074420458037,-0.11534950844335694,-0.13314629724510649,0,0,0
13.231856199999999,7348,4000,4294967287,7349,4000,-9,-0.092845184762019292,0.06204645490839842,0.024347343065320902,-0.089730251665203473,-0.61281160683863123,0.047428994889081907,5.8022339858269962,-0.086338338514221957,-0.1223740005852982,0,0,0
13.2368539,7373,4005,4294967285,7374,4005,-11,-0.093396915120719196,0.058119464091411173,0.023561944901923454,-0.099347777242010132,-0.69332529079089877,-0.047976715346270994,2.7635680541141294,-0.07252049824365131,-0.11091226940321339,0,0,0
13.240851899999999,7392,4009,4294967283,7393,4009,-13,-0.093816230193331115,0.054977871437821381,0.023561944901923447,-0.092123951026676018,-0.66299886305728872,-0.025595006286904001,3.8369750379210812,-0.053335623054045905,-0.098286432035234433,0,0,0
13.245816,7414,4013,4294967281,7415,4013,-15,-0.094301752908987027,0.051836278784231589,0.02356194490192345,-0.094447456556845832,-0.64682007501607275,-0.013654631045464879,4.7663607200678806,-0.029503819453706503,-0.07604369437389516,0,0,0
13.2518247,7436,4018,4294967278,7437,4018,-18,-0.094787275624642953,0.047909287967244349,0.024347343065320902,-0.095687019086777042,-0.71146840355981389,0.065994936241018959,9.0030428355921224,0.015511394724254106,-0.037694262837496217,0,0,0
13.2567933,7449,4020,4294967277,7450,4020,-19,-0.095074175411166889,0.046338491640449446,0.024347343065320895,-0.077816318570169962,-0.52611895907079453,0.035207512556899634,6.91984482426437,0.050110618845575959,-0.00014285548639616369,0,0,0
13.2617853,7456,4022,4294967277,7457,4022,-19,-0.09522865991160287,0.04476769531365455,0.022776546738525999,-0.055927851088782468,-0.42723723774555045,-0.12777624991798756,-0.76595830803756826,0.046280827305388114,0.022824201056146333,0,0,0
13.266756900000001,7457,4022,4294967276,7458,4022,-20,-0.095250729125950867,0.04476769531365455,0.024347343065320892,-0.031895952778902802,-0.22792597840790957,0.078391930928506756,6.7903011161603892,0.080232332886190055,0.054884367494487427,0,0,0
13.271740700000001,7452,4021,4294967277,7453,4021,-19,-0.095140383054210881,0.045553093477052005,0.023561944901923454,-0.0067205596479450198,-0.04831627583889006,-0.031458357704021347,0.79522549073518856,0.084208460339865995,0.075619335069285656,0,0,0
13.276700200000001,7443,4019,4294967277,7444,4019,-19,-0.094941760125078919,0.047123889803846894,0.025132741228718343,0.014946653826839474,0.12078288081811273,0.12977637938365394,6.4587724061523986,0.11650232237062799,0.10495216231618451,0,0,0
13.2817262,7429,4017,4294967278,7430,4017,-18,-0.094632791124206972,0.04869468613064179,0.025132741228718343,0.036801405496369489,0.21099526710817318,0.069234152906100355,2.9382837079096298,0.13119374091017613,0.12914869291451556,0,0,0
13.2866742,7410,4013,4294967280,7411,4013,-16,-0.094213476051595052,0.051836278784231589,0.025132741228718346,0.058756206559419676,0.40568153944686541,0.036935596072185363,0.0040661841796303388,0.13121407183107428,0.14476411191227495,0,0,0
13.291689699999999,7385,4008,4294967283,7386,4008,-13,-0.093661745692895149,0.055763269601218829,0.024347343065320895,0.082823493045155808,0.58282386653049334,-0.053574818650155107,-5.6062330603298944,0.1031829065294248,0.14088343223129812,0,0,0
13.2966797,7358,4002,4294967285,7359,4002,-11,-0.093065876905499251,0.060475658581603517,0.025918139392115798,0.099781324295615412,0.75060670774979088,0.11797751085181137,0.15955818261752608,0.10398069744251243,0.13910845572023336,0,0,0
13.301660200000001,7330,3997,4294967288,7331,3997,-8,-0.092447938903755369,0.06440264939859075,0.025132741228718336,0.11088723558118763,0.766837336137698,-0.010339922236005536,-6.1442543191220791,0.073259425846902038,0.12142005417336341,0,0,0
13.3066206,7304,3992,4294967290,7305,3992,-6,-0.091874139330707469,0.068329640215577997,0.025918139392115791,0.11269388646731446,0.77549618309357293,0.067763293916300607,-3.3827851419478177,0.056345500137162947,0.10283628607696663,0,0,0
13.310941400000001,7284,3988,4294967292,7285,3988,-4,-0.091432755043747552,0.071471232869167789,0.025918139392115784,0.10130305162349774,0.70683605553509499,0.036150910317451941,-4.6042869838035561,0.033324065218145169,0.082388451733985235,0,0,0
13.3157028,7265,3984,4294967294,7266,3984,-2,-0.091013439971135632,0.074612825522757595,0.025918139392115805,0.09316706662401518,0.67020669514985221,0.019286080136465048,-5.4097570072175376,0.0062752801820574813,0.055523365388067736,0,0,0
13.3212843,7247,3981,0,7248,3981,0,-0.090616194112871695,0.076969020012949932,0.025132741228718343,0.086767505254775917,0.57738584830802198,-0.06299062521538551,-8.8299014420190147,-0.037874227028037596,0.015075107420354041,0,0,0
13.326305899999999,7237,3979,1,7238,3979,1,-0.090395501969391737,0.078539816339744828,0.025132741228718343,0.066880533374314002,0.45458751262089792,-0.033604748402791131,-6.9598628336000754,-0.072673541196037972,-0.02528871432539791,0,0,0
13.331346999999999,7234,3978,1,7235,3978,1,-0.090329294326347745,0.079325214503142283,0.025918139392115798,0.041857298869179889,0.31579654363399329,0.055351786215015804,-2.1731887069516769,-0.083539484730796351,-0.05659753352272387,0,0,0
13.3362278,7237,3979,1,7238,3979,1,-0.090395501969391737,0.078539816339744828,0.025132741228718343,0.016153039683786292,0.095194175944449733,-0.04375000052568602,-4.9458654914036826,-0.10826881218781477,-0.09001594581694862,0,0,0
13.341275400000001,7246,3981,0,7247,3981,0,-0.090594124898523698,0.076969020012949932,0.025132741228718343,-0.0099145380582635733,-0.095774079376438878,-0.023340104265683,-2.6271676221218554,-0.12140465029842405,-0.11779056298813266,0,0,0
13.345506,7259,3983,4294967295,7260,3983,-1,-0.090881024685047648,0.075398223686155036,0.025132741228718343,-0.032057721398121727,-0.19765336936657818,-0.012451667670566541,-1.0849487273407119,-0.1268293939351276,-0.14036959542655641,0,0,0
13.3514932,7285,3988,4294967293,7286,3988,-3,-0.091454824258095549,0.071471232869167789,0.024347343065320895,-0.070639279424151574,-0.47184331518118622,-0.079922335708488348,-1.6368920130564455,-0.13501385400040983,-0.15227925292921154,0,0,0
13.356462199999999,7311,3994,4294967290,7312,3994,-6,-0.09202862383114345,0.066758843888783101,0.024347343065320895,-0.091222081166778879,-0.69139990526221085,-0.042637614312663767,1.7670749000827553,-0.12617847949999605,-0.15642220875543281,0,0,0
13.3605564,7335,3998,4294967288,7336,3998,-8,-0.092558284975495342,0.063617251235193309,0.024347343065320895,-0.098084540252316943,-0.66197169280697454,-0.022746659468341698,3.088518897973803,-0.11073588501012704,-0.15582316219646825,0,0,0
13.366143299999999,7368,4005,4294967285,7369,4005,-11,-0.093286569048979223,0.058119464091411173,0.023561944901923454,-0.12027757281453959,-0.86611064979605812,-0.08541459123048134,2.3181710249293501,-0.099145029885480296,-0.14403627582198575,0,0,0
13.370674299999999,7395,4010,4294967282,7396,4010,-14,-0.093882437836375107,0.054192473274423933,0.024347343065320898,-0.11976262981535658,-0.82845731369345921,0.027711852065140305,7.5404061140978271,-0.061442999314991156,-0.12159629982405198,0,0,0
13.3766646,7427,4016,4294967279,7428,4016,-17,-0.094588652695510977,0.049480084294039245,0.024347343065320898,-0.12978346517130551,-0.88164922658488898,0.01478394305883075,8.0930440691143115,-0.020977778969419596,-0.0831312745232691,0,0,0
13.3816536,7450,4021,4294967277,7451,4021,-19,-0.095096244625514886,0.045553093477052005,0.023561944901923454,-0.11659746913200339,-0.83674695936280497,-0.065392461730761506,4.7022957082722883,0.0025336995719418449,-0.049107272122833223,0,0,0
13.386638700000001,7466,4024,4294967276,7467,4024,-20,-0.095449352055082828,0.043196898986859661,0.022776546738526002,-0.095149125436817222,-0.66623309595279878,-0.10816561887250931,2.000818324526338,0.012537791194573536,-0.022091770005417517,0,0,0
13.3916319,7475,4025,4294967275,7476,4025,-21,-0.09564797498421479,0.042411500823462206,0.023561944901923447,-0.069292917662761119,-0.4287069418735921,0.015574449758033883,5.938078455449217,0.042228183471819621,0.008709080511493484,0,0,0
13.396617300000001,7479,4026,4294967274,7480,4026,-22,-0.095736251841606779,0.041626102660064758,0.024347343065320898,-0.045203387420922468,-0.3019895673496642,0.081588302763225123,7.9300232099502335,0.081878299521570788,0.045822041431390917,0,0,0
13.401615,7477,4025,4294967274,7478,4025,-22,-0.095692113412910784,0.042411500823462206,0.025132741228718346,-0.019997248340597996,-0.087828318522783541,0.11680590718853295,8.1333078439979758,0.12254483874156066,0.087091276968713535,0,0,0
13.4066119,7468,4024,4294967275,7469,4024,-21,-0.095493490483778823,0.043196898986859661,0.024347343065320902,0.0078636985201852028,0.026424157299556467,-0.010964958837841668,1.5564633809749748,0.13032715564643554,0.11654225700073763,0,0,0
13.411601299999999,7453,4021,4294967276,7454,4021,-20,-0.095162452268558878,0.045553093477052005,0.025132741228718346,0.035081843453259667,0.23393553111248244,0.067429844332724018,3.2713795358925442,0.14668405332589826,0.14471982916069992,0,0,0
13.4166218,7430,4016,4294967278,7431,4016,-18,-0.094654860338554969,0.049480084294039245,0.025918139392115798,0.066075281738411346,0.4911994163916667,0.10925253822765252,3.0209209198959117,0.16178865792537783,0.16770245066775991,0,0,0
13.421625799999999,7402,4010,4294967281,7403,4010,-15,-0.094036922336811088,0.054192473274423933,0.025918139392115794,0.09290546327910934,0.7017261547479563,0.058284928065927805,-1.0643970208194005,0.15646667282128082,0.17907658724808309,0,0,0
13.4265857,7370,4004,4294967285,7371,4004,-11,-0.093330707477675204,0.058904862254808621,0.024347343065320902,0.11545548666376841,0.81403966251728943,-0.1154647235707596,-10.126147658075514,0.10583593453090326,0.16330677107070291,0,0,0
13.431609099999999,7336,3997,4294967288,7337,3997,-8,-0.092580354189843339,0.06440264939859075,0.025132741228718336,0.13160387611875013,0.947237100672913,0.011680464325889248,-6.3466208526210464,0.074102830267798028,0.13916281982169018,0,0,0
13.436586200000001,7305,3991,4294967291,7306,3991,-5,-0.091896208545055466,0.069115038378975438,0.025132741228718336,0.13404151879512177,0.94501682840076562,0.006231388616276385,-7.2792245296957638,0.037706707619319206,0.10616234304575042,0,0,0
13.441542399999999,7278,3986,4294967294,7279,3986,-2,-0.091300339757659568,0.073042029195962685,0.024347343065320895,0.12710553108241973,0.87055282029257897,-0.069955147674272231,-10.71756718440586,-0.015881128302710094,0.059158612334086459,0,0,0
13.446529999999999,7258,3982,4294967295,7259,3982,-1,-0.090858955470699651,0.076183621849552477,0.025918139392115784,0.10899149239869363,0.7575476394599322,0.10923880038928965,-2.6374288820771747,-0.02906827271309597,0.022769316723104498,0,0,0
13.4515647,7246,3980,1,7247,3980,1,-0.090594124898523698,0.077754418176347387,0.024347343065320902,0.082854986377597403,0.5507016826700859,-0.088281439491268515,-9.9846868576012646,-0.078991707001102293,-0.025210937577188234,0,0,0
13.4565099,7242,3979,1,7243,3979,1,-0.090505848041131723,0.078539816339744828,0.025132741228718343,0.052438589570845559,0.36707230874033903,0.026182422659044774,-3.8790557354951023,-0.098386985678577801,-0.063950041631262805,0,0,0
13.4615223,7246,3979,1,7247,3979,1,-0.090594124898523698,0.078539816339744828,0.025132741228718343,0.019738921998778483,0.19582870528228757,0.013968010684514245,-3.0098941419348049,-0.11343645638825182,-0.096730358360530247,0,0,0
13.4665225,7256,3981,0,7257,3981,0,-0.090814817042003657,0.076969020012949932,0.025132741228718343,-0.0100606228098818,-0.042086756422144142,0.0074517673564216394,-1.5416426988506693,-0.12114466988250518,-0.1227466114335453,0,0,0
13.471495000000001,7273,3984,4294967295,7274,3984,-1,-0.091189993685919596,0.074612825522757595,0.024347343065320902,-0.040372096924283098,-0.24229134121991627,-0.069304090149783976,-3.137397132247759,-0.13683165554374396,-0.14615828433923048,0,0,0
13.4762658,7295,3989,4294967293,7296,3989,-3,-0.091675516401575508,0.070685834705770348,0.023561944901923454,-0.066838458701334952,-0.49565714157540197,-0.11025242605083099,-2.9752919200296066,-0.15170811514389199,-0.16698690918687817,0,0,0
13.481321599999999,7324,3994,4294967290,7325,3994,-6,-0.092315523617667386,0.066758843888783101,0.024347343065320895,-0.095371719362944918,-0.63082477875481957,0.014461162979995501,4.0010810602367384,-0.13170270984270829,-0.16805931674311142,0,0,0
13.4859881,7353,4000,4294967287,7354,4000,-9,-0.092955530833759278,0.06204645490839842,0.024347343065320902,-0.11059387412591339,-0.7762146227829777,0.0077148582331557775,5.2360378309287023,-0.10552252068806478,-0.15923762940972216,0,0,0
13.490805,7384,4006,4294967284,7385,4006,-12,-0.093639676478547151,0.057334065928013725,0.024347343065320895,-0.12283293293814301,-0.8537783731375943,0.0041157849918441103,6.3031230452075899,-0.074006905462026831,-0.13817876066428261,0,0,0
13.4959419,7415,4012,4294967281,7416,4012,-15,-0.094323822123335024,0.052621676947629037,0.024347343065320898,-0.12936232506063114,-0.89515771025214486,0.0021957222786406498,7.1795100683004129,-0.038109355120524768,-0.10590360913693567,0,0,0
13.5009617,7442,4017,4294967279,7443,4017,-17,-0.094919690910730922,0.04869468613064179,0.023561944901923444,-0.12460923694916087,-0.84395357452798536,-0.072108127605019445,4.2151845297491235,-0.017033432471779152,-0.073920031711333045,0,0,0
13.505937100000001,7462,4021,4294967277,7463,4021,-19,-0.095361075197690839,0.045553093477052005,0.023561944901923454,-0.10765974920673946,-0.74335725861251545,-0.038468827348154544,5.2778945611047163,0.0093560403337444309,-0.04062657122404402,0,0,0
13.510892999999999,7476,4024,4294967276,7477,4024,-20,-0.095670044198562787,0.043196898986859661,0.022776546738526002,-0.086262737769739722,-0.61641080277195748,-0.093802180560497522,2.2088896488837793,0.020400488578163328,-0.013690961484774743,0,0,0
13.515225600000001,7483,4025,4294967275,7484,4025,-21,-0.095824528698998754,0.042411500823462206,0.023561944901923447,-0.060433915144114898,-0.40212734179076381,0.023237173044613868,5.9496508389906042,0.050148742773116345,0.016871853835356766,0,0,0
13.520571199999999,7486,4025,4294967275,7487,4025,-21,-0.095890736342042746,0.042411500823462206,0.023561944901923447,-0.038418104815557866,-0.21453014794749423,0.012396755089924693,4.3512812603575055,0.071905149074903876,0.046612439660962929,0,0,0
13.526391800000001,7481,4024,4294967275,7482,4024,-21,-0.095780390270302773,0.043196898986859661,0.024347343065320902,-0.010200050087787375,-0.041169759817983015,0.079893040500665494,5.9297749345548372,0.10155402374767807,0.07704358718663927,0,0,0
13.5313731,7472,4022,4294967276,7473,4022,-20,-0.095581767341170798,0.04476769531365455,0.024347343065320892,0.013090387114119525,0.12459546200805841,0.042621985668163269,3.0751353123767897,0.11692970030956201,0.10365554483420461,0,0,0
13.5363563,7458,4020,4294967277,7459,4020,-19,-0.095272798340298864,0.046338491640449446,0.024347343065320895,0.035811109311243275,0.21302923376932714,0.022738321772621108,1.1962138267904443,0.12291076944351423,0.12415931551854689,0,0,0
13.541293400000001,7439,4016,4294967279,7440,4016,-17,-0.094853483267686931,0.049480084294039245,0.024347343065320898,0.058227895338003183,0.40676663643826738,0.012130623877091231,-0.86224713826181421,0.11859953375220515,0.13564861398112901,0,0,0
13.5459078,7417,4011,4294967281,7418,4011,-15,-0.094367960552031019,0.053407075111026485,0.025132741228718346,0.076364314511978032,0.58340275285308507,0.079751062667950554,0.5196887341693337,0.12119797742305181,0.14495686737655589,0,0,0
13.5504613,7393,4006,4294967284,7394,4006,-12,-0.093838299407679113,0.057334065928013725,0.024347343065320895,0.090158098681771479,0.6776360174169721,-0.030733277106805436,-5.3790364746978216,0.09430279504956271,0.13875192141806864,0,0,0
13.556425600000001,7360,4000,4294967287,7361,4000,-9,-0.093110015334195245,0.06204645490839842,0.024347343065320902,0.11604891063192282,0.80118786113846086,-0.01639583733668289,-6.4950689729412829,0.061827450184856296,0.11360621887068628,0,0,0
13.561430700000001,7334,3995,4294967289,7335,3995,-7,-0.092536215761147345,0.06597344572538566,0.025132741228718343,0.11544757863696375,0.79382177910420637,0.064532535329429166,-3.5066666783432434,0.044294116793140076,0.091347023921437592,0,0,0
13.5664084,7312,3990,4294967292,7313,3990,-4,-0.092050693045491433,0.069900436542372907,0.024347343065320902,0.10689033412797799,0.78989206206093221,-0.038852180205850011,-8.2445116559994087,0.0030715585131430301,0.05743619802665012,0,0,0
13.571398500000001,7295,3987,4294967293,7296,3987,-3,-0.091675516401575508,0.072256631032565244,0.02513274122871835,0.092029594776275536,0.64123656623295233,0.052552343839270529,-3.7949781331289056,-0.0159033321525015,0.027553760519370744,0,0,0
13.5763772,7284,3985,4294967294,7285,3985,-2,-0.091432755043747552,0.07382742735936014,0.02513274122871835,0.071746905731010086,0.48865111024146557,0.028036049597175736,-4.0138327473459912,-0.035972495889231459,-0.0014920433625580896,0,0,0
13.5813764,7278,3984,4294967295,7279,3984,-1,-0.091300339757659568,0.074612825522757595,0.024347343065320902,0.050630781356454477,0.33396906730428538,-0.058322620710684218,-6.8160173432225424,-0.070052582605344166,-0.036410064853724,0,0,0
13.586338,7279,3984,4294967295,7280,3984,-1,-0.091322408972007565,0.074612825522757595,0.024347343065320902,0.024951808633585159,0.17816852019963941,-0.03111442359037337,-4.5643624940273657,-0.092874395075480995,-0.067708851009680007,0,0,0
13.5913238,7284,3985,4294967294,7285,3985,-2,-0.091432755043747552,0.07382742735936014,0.02513274122871835,0.0030159414435980483,0.021771264441814667,0.056680344845388711,0.37605959153273472,-0.090994097117817321,-0.088804651694685016,0,0,0
13.5963399,7295,3987,4294967294,7296,3987,-2,-0.091675516401575508,0.072256631032565244,0.023561944901923454,-0.021041244046339412,-0.13494432827633068,-0.11632074961008211,-5.7485643313962562,-0.1197369187747986,-0.11629589838143689,0,0,0
13.6013237,7311,3990,4294967292,7312,3990,-4,-0.09202862383114345,0.069900436542372907,0.024347343065320902,-0.044171017323994546,-0.2918297499717612,0.011223784628248093,1.062213810676486,-0.11442584972141617,-0.13014535150915399,0,0,0
13.6062802,7332,3994,4294967290,7333,3994,-6,-0.092492077332451364,0.066758843888783101,0.024347343065320895,-0.066806027230863305,-0.44880577340409816,0.0059877554361410963,2.3598081831621385,-0.10262680880560549,-0.13361883338625208,0,0,0
13.611316800000001,7356,3999,4294967288,7357,3999,-8,-0.09302173847680327,0.062831853071795868,0.023561944901923454,-0.085058866246069204,-0.60583013178410305,-0.070085123074469069,0.57238642591421263,-0.099764876676034425,-0.13378879739628283,0,0,0
13.616298199999999,7382,4004,4294967286,7383,4004,-10,-0.093595538049851157,0.058904862254808621,0.022776546738525999,-0.098914759014724851,-0.68960075699105838,-0.1106690978149012,-0.11746015248855368,-0.1003521774384772,-0.13178855380957769,0,0,0
13.6209794,7406,4009,4294967283,7407,4009,-13,-0.094125199194203063,0.054977871437821381,0.023561944901923447,-0.10218849227279775,-0.73429138792222459,0.014238873555970769,5.9482050227006669,-0.070611152324973864,-0.11732001551678149,0,0,0
13.625652799999999,7429,4013,4294967281,7430,4013,-15,-0.094632791124206972,0.051836278784231589,0.02356194490192345,-0.10187587971666776,-0.68485378801533248,0.0075962694726627589,5.9464524912044698,-0.04087888986895151,-0.09555529127591747,0,0,0
13.630770500000001,7452,4017,4294967279,7453,4017,-17,-0.095140383054210881,0.04869468613064179,0.023561944901923444,-0.10170910464084686,-0.6584794172128795,0.0040525193003838299,6.1507559940166026,-0.010125109898868497,-0.065321951814616142,0,0,0
13.6360539,7471,4021,4294967277,7472,4021,-19,-0.095559698126822801,0.045553093477052005,0.023561944901923454,-0.093383691073122541,-0.64440900447974858,0.0021619707856725939,6.2618517447630149,0.02118414882494658,-0.030251542914041144,0,0,0
13.6410369,7483,4023,4294967276,7484,4023,-20,-0.095824528698998754,0.043982297150257102,0.023561944901923444,-0.074528410242289289,-0.4903435682658539,0.0011533856674422337,5.4710103304490163,0.048539200477191666,0.0045066707280728494,0,0,0
13.6458292,7488,4024,4294967276,7489,4024,-20,-0.09593487477073874,0.043196898986859661,0.022776546738526002,-0.05005557062581735,-0.33487197350496684,-0.072664201774000764,1.2605024360211341,0.054841712657297335,0.029558278275967877,0,0,0
13.6518122,7487,4024,4294967276,7488,4024,-20,-0.095912805556390743,0.043196898986859661,0.022776546738526002,-0.02464494055892244,-0.17865020990507527,-0.038765486295070428,1.5041483024239108,0.062362454169416888,0.049830094912759929,0,0,0
13.656345999999999,7482,4023,4294967276,7483,4023,-20,-0.09580245948465077,0.043982297150257102,0.023561944901923444,-0.0028522309802307272,-0.022028240163267168,0.052598594008240906,4.267616710167478,0.083700537720254278,0.073117509776877102,0,0,0
13.6613316,7473,4021,4294967277,7474,4021,-19,-0.095603836555518795,0.045553093477052005,0.023561944901923454,0.017010361103492654,0.1348072347892369,0.028060723511533357,2.0451469965803266,0.093926272703155914,0.092150171630638281,0,0,0
13.666324700000001,7460,4018,4294967278,7461,4018,-18,-0.095316936768994845,0.047909287967244349,0.024347343065320902,0.035843258489241248,0.29175661222903121,0.088249581112820163,3.3911007995440809,0.11088177670087632,0.11207264073793467,0,0,0
13.6713135,7442,4015,4294967279,7443,4015,-17,-0.094919690910730922,0.050265482457436693,0.025132741228718346,0.056185936278881417,0.37548723599732414,0.1203596198594846,3.7955897208284455,0.12985972530501855,0.13171891252160206,0,0,0
13.676297699999999,7420,4010,4294967282,7421,4010,-14,-0.094434168195075011,0.054192473274423933,0.024347343065320898,0.075274953671440978,0.56671556522137201,-0.0090690954487297193,-3.3241483757670283,0.11323898342618341,0.13554144388653144,0,0,0
13.681291999999999,7396,4005,4294967284,7397,4005,-12,-0.093904507050723104,0.058119464091411173,0.025132741228718343,0.089576937646443963,0.6687336015416504,0.068441264873150859,-1.1998198354521179,0.10723988424892282,0.13665624450179331,0,0,0
13.686285099999999,7369,4000,4294967287,7370,4000,-9,-0.093308638263327207,0.06204645490839842,0.024347343065320902,0.10338420656424614,0.72315900899501928,-0.036766919542978525,-6.7536988264330802,0.073471390116757421,0.1200161467119772,0,0,0
13.691268900000001,7344,3995,4294967289,7345,3995,-7,-0.092756907904627317,0.06597344572538566,0.025132741228718343,0.10663199957694314,0.75219431572417184,0.053664805569732563,-3.5919353615457554,0.05551171330902864,0.10239632485196364,0,0,0
13.696260000000001,7321,3991,4294967291,7322,3991,-5,-0.092249315974623408,0.069115038378975438,0.025132741228718336,0.10424643794610565,0.69440478679333384,0.028629534682171182,-4.8028074698282763,0.031497675959887256,0.078861033486389981,0,0,0
13.701271699999999,7301,3987,4294967293,7302,3987,-3,-0.091807931687663477,0.072256631032565244,0.02513274122871835,0.096796438437328991,0.66357476131896953,0.015273515806419335,-5.501679632575911,0.0039892777970076988,0.050192588355764699,0,0,0
13.7062562,7287,3984,4294967294,7288,3984,-2,-0.091498962686791543,0.074612825522757595,0.025918139392115805,0.080467290844436212,0.57384779058834323,0.081427758083834095,-2.2385715503646733,-0.0072035799548156674,0.027445985411359182,0,0,0
13.7112537,7276,3982,4294967295,7277,3982,-1,-0.091256201328963588,0.076183621849552477,0.025918139392115784,0.065578554277797976,0.45270000096185514,0.043440739221970864,-3.242081080651416,-0.02341398535807275,0.003180099319082693,0,0,0
13.716289,7271,3981,0,7272,3981,0,-0.091145855257223601,0.076969020012949932,0.025132741228718343,0.045280929051780557,0.31478957864209833,-0.050104402248900698,-6.4120856817504173,-0.05547441376682484,-0.026141147814833014,0,0,0
13.721254800000001,7270,3981,0,7271,3981,0,-0.091123786042875604,0.076969020012949932,0.025132741228718343,0.026215946665386854,0.16793649140514577,-0.026730101911026816,-4.508796878743345,-0.078018398160541569,-0.054910641279151823,0,0,0
13.726216300000001,7274,3982,0,7275,3982,0,-0.091212062900267593,0.076183621849552477,0.024347343065320888,0.0057494542917803614,0.016312598932251038,-0.087539710335201998,-6.07654454111597,-0.10840112086612141,-0.087516218031540513,0,0,0
13.731248600000001,7283,3984,4294967295,7284,3984,-1,-0.091410685829399554,0.074612825522757595,0.024347343065320902,-0.015464726969548105,-0.13785646131893134,-0.046701392961393744,-3.1656016920993295,-0.12422912932661806,-0.11591309556379967,0,0,0
13.736222,7298,3986,4294967294,7299,3986,-2,-0.091741724044619499,0.073042029195962685,0.024347343065320895,-0.03913690161103945,-0.2201038189776465,-0.024914636982270085,-1.2058590573878534,-0.13025842461355733,-0.13734018849066013,0,0,0
13.741180200000001,7319,3991,4294967292,7320,3991,-4,-0.092205177545927414,0.069115038378975438,0.023561944901923433,-0.064120386448827157,-0.48382036268833206,-0.086571181415917381,-1.8901193556933253,-0.13970902139202396,-0.15495320007464547,0,0,0
13.746171,7345,3996,4294967290,7346,3996,-6,-0.092778977118975314,0.065188047561988219,0.022776546738526013,-0.08774432939734586,-0.62450999818168662,-0.11946421360909378,-1.8397313606890435,-0.14890767819546918,-0.16887075274402552,0,0,0
13.7512113,7374,4001,4294967287,7375,4001,-9,-0.093418984335067193,0.061261056745000965,0.023561944901923447,-0.10652475241315723,-0.69956624325734273,0.0095467840200004622,4.8747603846099734,-0.12453387627241932,-0.16596545569703125,0,0,0
13.7561895,7406,4008,4294967284,7407,4008,-12,-0.094125199194203063,0.055763269601218829,0.022776546738525999,-0.12272121522590813,-0.88616689475125321,-0.068186423709127905,3.285522656862554,-0.10810626298810655,-0.15614708489535339,0,0,0
13.761172500000001,7438,4014,4294967281,7439,4014,-15,-0.094831414053338933,0.051050880620834134,0.022776546738525996,-0.13136183525431067,-0.91243660082107936,-0.036376645022912116,5.5385442360645145,-0.080413541807783984,-0.13585104424722066,0,0,0
13.765761400000001,7466,4019,4294967278,7467,4019,-18,-0.095449352055082828,0.047123889803846894,0.023561944901923447,-0.12773506208822494,-0.85317165687377772,0.053873012378445259,9.6815278074362965,-0.032005902770602501,-0.10194361537466537,0,0,0
13.7712482,7494,4025,4294967275,7495,4025,-21,-0.09606729005682671,0.042411500823462206,0.023561944901923447,-0.12580022179502812,-0.8948340343507275,0.028740610535104138,9.4046913804459713,0.015017554131627357,-0.05580686488484244,0,0,0
13.776169899999999,7513,4028,4294967274,7514,4028,-22,-0.096486605129438643,0.040055306333269862,0.022776546738526002,-0.10623601517596012,-0.69722185870517139,-0.057946745840851133,4.8715685199524064,0.039375396731389387,-0.015628929193333151,0,0,0
13.781174999999999,7524,4030,4294967272,7525,4030,-24,-0.096729366487266599,0.038484510006474966,0.024347343065320895,-0.079325861831275532,-0.51851859705164682,0.11564513976045668,11.317365780839491,0.095962225635586845,0.037040656023432005,0,0,0
13.786148600000001,7527,4031,4294967272,7528,4031,-24,-0.096795574130310591,0.037699111843077518,0.023561944901923447,-0.048496733390686081,-0.34990301582833705,-0.011584214437247109,4.7306024122747319,0.1196152376969605,0.081139187268837731,0,0,0
13.791133200000001,7520,4030,4294967272,7521,4030,-24,-0.09664108962987461,0.038484510006474966,0.024347343065320895,-0.011458657881705959,-0.11338957268926263,0.067099478845100036,6.3398168307963143,0.15131432185094207,0.12412687335275296,0,0,0
13.7961288,7505,4026,4294967274,7506,4026,-22,-0.096310051414654679,0.041626102660064758,0.024347343065320898,0.024773596421031496,0.23262609048443736,0.035796772882280614,2.5989977536388276,0.1643093106191362,0.15761880839002346,0,0,0
13.8011161,7481,4022,4294967276,7482,4022,-20,-0.095780390270302773,0.04476769531365455,0.024347343065320892,0.062635064969413165,0.41722132611859675,0.019097152032189008,-0.057270040590027049,0.16402296041618605,0.17812693278541239,0,0,0
13.806089200000001,7451,4016,4294967279,7452,4016,-17,-0.095118313839862884,0.049480084294039245,0.024347343065320898,0.095188369127519712,0.66225972458561155,0.010188103182929745,-2.6835187449007485,0.15060536669168231,0.18481476050886644,0,0,0
13.8111096,7416,4009,4294967282,7417,4009,-14,-0.094345891337683022,0.054977871437821381,0.025132741228718346,0.12285072053513857,0.86626431131981674,0.078714751010917378,-1.8085713493056352,0.14156250994515412,0.18326000618182417,0,0,0
13.816124800000001,7379,4001,4294967286,7380,4001,-10,-0.093529330406807179,0.061261056745000965,0.025132741228718343,0.14172647610812067,1.0483778481624941,0.041993382257525476,-5.243872514898273,0.11534314737066276,0.16801938615616532,0,0,0
13.821101799999999,7344,3995,4294967289,7345,3995,-7,-0.092756907904627317,0.06597344572538566,0.025132741228718343,0.14767824639121291,0.99897421271051035,0.022402969339026271,-6.6845453467572273,0.081920420636876629,0.14317736373945641,0,0,0
13.8259024,7314,3989,4294967292,7315,3989,-4,-0.092094831474187427,0.070685834705770348,0.025132741228718343,0.14055789364455004,0.97261796154026992,0.011951717347449641,-7.5071714366776421,0.044384563453488415,0.11173577378925921,0,0,0
13.830914999999999,7286,3983,4294967295,7287,3983,-1,-0.091476893472443546,0.075398223686155036,0.025132741228718343,0.13264104972439475,0.95855721541514072,0.0063760988729513338,-8.1513606413199469,0.0036277602468886769,0.070990992958772564,0,0,0
13.8357981,7265,3979,1,7266,3979,1,-0.091013439971135632,0.078539816339744828,0.025132741228718343,0.11400373593492086,0.80449693622149487,0.003401572816338942,-7.7470032383123071,-0.035107255944672858,0.027113438718906497,0,0,0
13.8417882,7250,3976,2,7251,3976,2,-0.090682401755915687,0.080896010829937165,0.025918139392115784,0.091706289401985275,0.64902809266949668,0.075094217880512404,-3.895549011644337,-0.05458500100289454,-0.011877663424962551,0,0,0
13.846758400000001,7245,3975,3,7246,3975,3,-0.090572055684175701,0.081681408993334634,0.025132741228718357,0.059219764587717209,0.4195282775147684,-0.033217648342961106,-7.0667443568743717,-0.089918722787266397,-0.052657550470826819,0,0,0
13.851750900000001,7247,3975,3,7248,3975,3,-0.090616194112871695,0.081681408993334634,0.025132741228718357,0.027474818639324251,0.22381333993009242,-0.017721219805021872,-5.0117386573307048,-0.11497741607391992,-0.089916128364289638,0,0,0
13.856735499999999,7255,3977,2,7256,3977,2,-0.090792747827655659,0.080110612666539724,0.025132741228718343,-0.0018153935527974365,-0.027157287104006084,-0.0094540597255882656,-2.9112808870404545,-0.12953382050912221,-0.12174801824625182,0,0,0
13.8612763,7269,3980,1,7270,3980,1,-0.091101716828527607,0.077754418176347387,0.024347343065320902,-0.029796034519150368,-0.23432664713237961,-0.078323147568081716,-4.220972203103786,-0.15063868152464113,-0.15313789254658422,0,0,0
13.866263500000001,7292,3984,4294967295,7293,3984,-1,-0.091609308758531516,0.074612825522757595,0.024347343065320902,-0.06325536562028107,-0.4181285528384997,-0.041784466484342704,-0.8669244812065291,-0.15497330393067377,-0.17265928832527261,0,0,0
13.8712529,7321,3990,4294967292,7322,3990,-4,-0.092249315974623408,0.069900436542372907,0.024347343065320902,-0.093460181874933046,-0.66274371923659881,-0.022291515261992172,2.1313678141044985,-0.14431646486015126,-0.1790353867727501,0,0,0
13.8762478,7354,3996,4294967289,7355,3996,-7,-0.092977600048107276,0.065188047561988219,0.024347343065320902,-0.1178105326912666,-0.79324299741025328,-0.011892257924648399,4.2407396275989777,-0.12311276672215637,-0.17226726114931123,0,0,0
13.881243599999999,7388,4003,4294967286,7389,4003,-10,-0.09372795333593914,0.059690260418206069,0.023561944901923447,-0.13286026512839183,-0.93614232750390136,-0.079623897271001373,2.8875494455661692,-0.10867501949432552,-0.16042949848842122,0,0,0
13.8862322,7421,4009,4294967283,7422,4009,-13,-0.094456237409423008,0.054977871437821381,0.023561944901923447,-0.13883000789498487,-0.9390978990417409,-0.042478400960340633,5.2161429124480021,-0.082594304932085513,-0.13947677636924846,0,0,0
13.8912485,7452,4015,4294967280,7453,4015,-16,-0.095140383054210881,0.050265482457436693,0.02356194490192345,-0.137896574042398,-0.94067466125954602,-0.02266172104093429,6.6643888501107336,-0.049272360681531846,-0.10971830689018058,0,0,0
13.8962459,7479,4020,4294967277,7480,4020,-19,-0.095736251841606779,0.046338491640449446,0.024347343065320895,-0.12916215714733986,-0.86823632583321109,0.061189760993049569,10.377820510107833,0.0026167418690073233,-0.066370160737780251,0,0,0
13.901241199999999,7500,4024,4294967276,7501,4024,-20,-0.096199705342914693,0.043196898986859661,0.022776546738526002,-0.11214778817487683,-0.75631181725278029,-0.11391502979753082,2.4952229642065262,0.015092856690039954,-0.032832072371510181,0,0,0
13.905868699999999,7512,4026,4294967274,7513,4026,-22,-0.096464535915090646,0.041626102660064758,0.024347343065320898,-0.084538832586152288,-0.55004238623986379,0.085786726790763129,9.8972962232863768,0.064579337806471834,0.011367788229485653,0,0,0
13.9113922,7518,4027,4294967274,7519,4027,-22,-0.096596951201178616,0.040840704496667317,0.023561944901923457,-0.057455121995780012,-0.36672058194631663,-0.027513322175458127,3.9224764984003286,0.08419172029847348,0.048267596591227389,0,0,0
13.9159709,7516,4027,4294967274,7517,4027,-22,-0.096552812772482635,0.040840704496667317,0.023561944901923457,-0.026533402831494912,-0.19564106322635896,-0.014678029726959677,3.1235286086624576,0.099809363341785765,0.079625409756238053,0,0,0
13.9205659,7508,4025,4294967275,7509,4025,-21,-0.096376259057698657,0.042411500823462206,0.023561944901923447,0.0023176276750405973,0.042186861224369293,-0.0078305540600151578,1.693162721625419,0.10827517694991286,0.10456460901874004,0,0,0
13.926149799999999,7492,4022,4294967276,7493,4022,-20,-0.096023151628130729,0.04476769531365455,0.024347343065320892,0.034182190967746912,0.24234474593976507,0.069102011954353518,3.2587719811079219,0.12456903685545247,0.12616633079873052,0,0,0
13.9306964,7473,4018,4294967278,7474,4018,-18,-0.095603836555518795,0.047909287967244349,0.024347343065320902,0.057358886800388031,0.4224061130654323,0.036865100448083631,0.3455303417949438,0.12629668856442719,0.14091870933276118,0,0,0
13.936676,7443,4012,4294967281,7444,4012,-15,-0.094941760125078919,0.052621676947629037,0.024347343065320898,0.092373590907868647,0.66502574667659231,0.019667092065929589,-2.6706626361072976,0.1129433753838907,0.13776630802944403,0,0,0
13.941666100000001,7417,4006,4294967284,7418,4006,-12,-0.094367960552031019,0.057334065928013725,0.024347343065320895,0.10281707751140653,0.79446043187303284,0.010492159403565435,-4.3835255562663553,0.091025747602558923,0.12875764836477863,0,0,0
13.9466485,7390,4001,4294967286,7391,4001,-10,-0.093772091764635135,0.061261056745000965,0.025132741228718343,0.11044766350658296,0.79023277570744277,0.078876961383648692,-2.1183017348018214,0.080434238928549812,0.11737404668825629,0,0,0
13.951643499999999,7365,3996,4294967289,7366,3996,-7,-0.093220361405935231,0.065188047561988219,0.024347343065320902,0.11040026973761591,0.7879773714898739,-0.031199599732386944,-7.3437356024548617,0.0437155609162755,0.092768344142699077,0,0,0
13.9566287,7343,3992,4294967291,7344,3992,-5,-0.09273483869027932,0.068329640215577997,0.024347343065320895,0.10419765493811778,0.71349462090718474,-0.016644614904038256,-6.792375269006099,0.0097536845712450013,0.062271805065447598,0,0,0
13.961624199999999,7326,3988,4294967293,7327,3988,-3,-0.092359662046363381,0.071471232869167789,0.024347343065320895,0.09059308249535758,0.67375896047961237,-0.008879703832101897,-6.4493356235091035,-0.022492993546300515,0.028382985512738552,0,0,0
13.966631700000001,7314,3986,4294967294,7315,3986,-2,-0.092094831474187427,0.073042029195962685,0.024347343065320895,0.073039653799155002,0.50600142026582851,-0.0047372162468423962,-5.5173590985632401,-0.050079789039116716,-0.0066652700769852663,0,0,0
13.9716095,7309,3985,4294967294,7310,3985,-2,-0.091984485402447455,0.07382742735936014,0.02513274122871835,0.049261336792868766,0.34322525107902158,0.070752270839403941,-1.2315573033783105,-0.056237575556008265,-0.031978280923091018,0,0,0
13.9765987,7310,3985,4294967294,7311,3985,-2,-0.092006554616795452,0.07382742735936014,0.02513274122871835,0.02422122626750273,0.18310658401241187,0.03774549391047434,-1.4350347703954891,-0.063412749407985705,-0.052423765754262948,0,0,0
13.98161,7314,3986,4294967294,7315,3986,-2,-0.092094831474187427,0.073042029195962685,0.024347343065320895,0.0046852947144539695,0.024405662678976689,-0.053142747798427828,-4.2278578635453918,-0.084552038725712667,-0.076806450180750024,0,0,0
13.9866194,7323,3987,4294967294,7324,3987,-2,-0.092293454403319389,0.072256631032565244,0.023561944901923454,-0.016032443431072275,-0.060259388897595703,-0.10163054237033556,-5.5063193227236322,-0.11208363533933083,-0.10396676652023637,0,0,0
13.991585499999999,7336,3990,4294967292,7337,3990,-4,-0.092580354189843339,0.069900436542372907,0.024347343065320902,-0.035321551056937447,-0.25198622422934513,0.019060835246313183,1.0450798307505804,-0.10685823618557792,-0.11886906028463805,0,0,0
13.9965666,7354,3994,4294967291,7355,3994,-5,-0.092977600048107276,0.066758843888783101,0.022776546738525999,-0.055907611576714908,-0.4275497269134374,-0.13639030997387702,-4.169019747941106,-0.12770333492528346,-0.13830053246833859,0,0,0
14.000596,7372,3997,4294967289,7373,3997,-7,-0.093374845906371198,0.06440264939859075,0.023561944901923433,-0.06689002970649563,-0.4479312455336239,0.00051691318072819015,2.2762446363021636,-0.11632211174377265,-0.14762173918237093,0,0,0
14.0065651,7403,4003,4294967286,7404,4003,-10,-0.094058991551159071,0.059690260418206069,0.023561944901923447,-0.099517452405485263,-0.67864310087189472,0.00027576702604780747,4.4845465705487895,-0.093899378891028701,-0.13619583133415561,0,0,0
14.0109043,7427,4008,4294967284,7428,4008,-12,-0.094588652695510977,0.055763269601218829,0.022776546738525999,-0.10251002201934774,-0.72844560887637921,-0.07313240086770488,2.0784296310946249,-0.083507230735555577,-0.12865582848905133,0,0,0
14.0152787,7451,4012,4294967282,7452,4012,-14,-0.095118313839862884,0.052621676947629037,0.022776546738526002,-0.10410652227010447,-0.68173513451122392,-0.039015264935820894,3.7937845673902295,-0.06453830789860443,-0.1142706344529589,0,0,0
14.0206883,7478,4017,4294967279,7479,4017,-17,-0.095714182627258781,0.04869468613064179,0.023561944901923444,-0.11113556692946944,-0.73009517200021512,0.052465340077991612,8.6025514455431331,-0.021525550670888766,-0.081068405723467601,0,0,0
14.0260824,7501,4022,4294967277,7502,4022,-19,-0.09622177455726269,0.04476769531365455,0.022776546738525999,-0.10664903749610512,-0.75589467608531047,-0.045289885165363392,4.9417114457009355,0.0031830065576159139,-0.047773788825837653,0,0,0
14.030643400000001,7515,4024,4294967276,7516,4024,-20,-0.096530743558134638,0.043196898986859661,0.022776546738526002,-0.085723535108589988,-0.54981984639471349,-0.024161614382604672,4.831411415465884,0.027340063634945334,-0.016664937320916548,0,0,0
14.0365953,7526,4026,4294967275,7527,4026,-21,-0.096773504915962594,0.041626102660064758,0.022776546738525999,-0.068382697996589928,-0.43988137888115397,-0.012889933534655437,4.7233689738188502,0.050956908504039583,0.016686437830530369,0,0,0
14.041604,7528,4027,4294967274,7529,4027,-22,-0.096817643344658574,0.040840704496667317,0.023561944901923457,-0.040599575543300404,-0.30795099641784557,0.066402893256323453,7.1480216909123904,0.086697016958601533,0.052488775286272937,0,0,0
14.046551300000001,7525,4026,4294967274,7526,4026,-22,-0.096751435701614596,0.041626102660064758,0.024347343065320898,-0.015482059267543386,-0.09100866993654326,0.10870467205825865,7.6325075368137414,0.12485955464267023,0.092729114895526724,0,0,0
14.051541200000001,7515,4024,4294967275,7516,4024,-21,-0.096530743558134638,0.043196898986859661,0.024347343065320902,0.012331608382405271,0.098006996986847922,0.057992647989045125,4.0423030035559009,0.14507106966044975,0.12720038196680827,0,0,0
14.0567742,7497,4020,4294967277,7498,4020,-19,-0.096133497699870701,0.046338491640449446,0.024347343065320895,0.043642750944984848,0.34540364290415237,0.030938387072993345,0.91939553018773879,0.14966804731138844,0.1510186623016419,0,0,0
14.061677299999999,7473,4015,4294967279,7474,4015,-17,-0.095603836555518795,0.050265482457436693,0.025132741228718346,0.072701534196900092,0.55066632656893511,0.089784780353026214,1.5813234130920608,0.15757466437684875,0.17012701753666615,0,0,0
14.0668399,7443,4009,4294967282,7444,4009,-14,-0.094941760125078919,0.054977871437821381,0.025132741228718346,0.10055871057971774,0.73345104314151333,0.047899111079569949,-2.0682449347172178,0.14723343970326266,0.1758534822098706,0,0,0
14.0718105,7410,4003,4294967286,7411,4003,-10,-0.094213476051595052,0.059690260418206069,0.023561944901923447,0.12159751321953759,0.83096451266644644,-0.12100543324923384,-10.847171686569986,0.09299758127041273,0.15458206159052632,0,0,0
14.0768141,7377,3996,4294967289,7378,3996,-7,-0.093485191978111185,0.065188047561988219,0.024347343065320902,0.13282146387869753,0.95626630667099177,0.0087245616962319666,-6.8154073007565117,0.058920544766630167,0.12647463574093848,0,0,0
14.0818102,7347,3990,4294967292,7348,3990,-4,-0.092823115547671295,0.069900436542372907,0.024347343065320902,0.13263197710219252,0.94983380227274905,0.0046544497649293496,-7.6132315419709178,0.020854387056775579,0.089476885660672981,0,0,0
14.086769500000001,7324,3986,4294967294,7325,3986,-2,-0.092315523617667386,0.073042029195962685,0.024347343065320895,0.11811711632446253,0.7998430991963601,0.0024830935201709458,-7.2912639825753329,-0.015601932856101085,0.049423279737594403,0,0,0
14.0917712,7306,3982,0,7307,3982,0,-0.091918277759403463,0.076183621849552477,0.024347343065320888,0.10007805964209443,0.7198248453307261,0.0013247008220760384,-7.0708163408313096,-0.050956014560257633,0.0055273751990374126,0,0,0
14.096762200000001,7297,3981,1,7298,3981,1,-0.091719654830271502,0.076969020012949932,0.023561944901923447,0.071922445363048107,0.45729750194745539,-0.072572807179180202,-8.8381548107512398,-0.095146788614013836,-0.042467646734217088,0,0,0
14.1017507,7296,3980,1,7297,3980,1,-0.091697585615923505,0.077754418176347387,0.024347343065320902,0.040428878346057476,0.31724229066669574,0.034562790924874083,-3.1474427783154062,-0.11088400250559087,-0.080485981001587686,0,0,0
14.106706000000001,7302,3981,0,7303,3981,0,-0.091830000902011474,0.076969020012949932,0.025132741228718343,0.0092136635574693697,0.09596546476912679,0.091718356645308335,0.98606260104933829,-0.10595368950034417,-0.1050749713243071,0,0,0
14.1117249,7315,3984,4294967295,7316,3984,-1,-0.092116900688535425,0.074612825522757595,0.024347343065320902,-0.021853053632138603,-0.16864212526569838,-0.024348868287297806,-1.9822028812203989,-0.11586470390644617,-0.12665009039733907,0,0,0
14.116720300000001,7334,3988,4294967294,7335,3988,-2,-0.092536215761147345,0.071471232869167789,0.022776546738525999,-0.050781438858413006,-0.38308664265361347,-0.15954886984685387,-6.0382278379900125,-0.14605584309639624,-0.15260147525505616,0,0,0
14.1216803,7359,3992,4294967291,7360,3992,-5,-0.093087946119847248,0.068329640215577997,0.024347343065320895,-0.078569049447450773,-0.49749023887984389,0.061441616573693028,4.8656147001439241,-0.12172776959567662,-0.15487350655892082,0,0,0
14.126686100000001,7387,3998,4294967289,7388,3998,-7,-0.093705884121591143,0.063617251235193309,0.022776546738525992,-0.099570739564741745,-0.70508223362856692,-0.11378066784458367,-0.81888770902204433,-0.12582220814078685,-0.15891809779146046,0,0,0
14.131684,7417,4004,4294967286,7418,4004,-10,-0.094367960552031019,0.058904862254808621,0.022776546738525999,-0.11489311166054242,-0.8158300906328575,-0.060700631291477174,2.742453033554439,-0.11210994297301465,-0.15294040753838486,0,0,0
14.136635099999999,7447,4010,4294967283,7448,4010,-13,-0.095030036982470908,0.054192473274423933,0.022776546738525999,-0.12306741470092,-0.87491275345850705,-0.032383063915715049,4.9492819865188888,-0.087363533040420202,-0.13737463115491494,0,0,0
14.141657800000001,7477,4016,4294967280,7478,4016,-16,-0.095692113412910784,0.049480084294039245,0.022776546738526002,-0.12742830802592994,-0.90643265046594212,-0.017275978952075687,6.4334950304827991,-0.055196057888006203,-0.11129681729173922,0,0,0
14.146607100000001,7503,4020,4294967278,7504,4020,-18,-0.096265912985958685,0.046338491640449446,0.022776546738525999,-0.12151835163045968,-0.77668910156779336,-0.0092165290328732608,6.6300598675624238,-0.022045758550194083,-0.079535955430445962,0,0,0
14.151629399999999,7525,4025,4294967276,7526,4025,-20,-0.096751435701614596,0.042411500823462206,0.021991148575128548,-0.11012901922372556,-0.78075198262675116,-0.07819642777225061,3.9008320814851669,-0.0025415981427682477,-0.04902668269846297,0,0,0
14.1566051,7540,4028,4294967274,7541,4028,-22,-0.097082473916834527,0.040055306333269862,0.022776546738526002,-0.089639174180209599,-0.6363604427031907,0.031562656309656337,7.9247316336157851,0.037082060025310677,-0.01136786310055116,0,0,0
14.1615717,7549,4029,4294967273,7550,4029,-23,-0.097281096845966503,0.039269908169872414,0.023561944901923447,-0.066353424284869789,-0.4127702371156316,0.090117820556419814,9.3145523372750905,0.083654821711686131,0.033326025440905356,0,0,0
14.1665832,7550,4029,4294967273,7551,4029,-23,-0.0973031660603145,0.039269908169872414,0.023561944901923447,-0.037457871921814004,-0.22020800585804037,0.048076784061934996,6.2592751950180148,0.1149511976867762,0.074908622485390874,0,0,0
14.171577600000001,7544,4028,4294967274,7545,4028,-22,-0.097170750774226516,0.040055306333269862,0.022776546738526002,-0.0076286670115790194,-0.044198829396167455,-0.047631127537015809,0.73820542325050553,0.11864222480302872,0.10429689127241812,0,0,0
14.176538499999999,7531,4025,4294967275,7532,4025,-21,-0.096883850987702566,0.042411500823462206,0.023561944901923447,0.022698630413791637,0.19625900875302832,0.047868879985777241,2.966221826551358,0.1334733339357855,0.13141674733068598,0,0,0
14.181555400000001,7511,4021,4294967277,7512,4021,-19,-0.096442466700742649,0.045553093477052005,0.023561944901923454,0.053291654264248797,0.39781992110715386,0.02553747740628207,0.20387138929217152,0.13449269088224636,0.14801776717482598,0,0,0
14.186522099999999,7486,4016,4294967279,7487,4016,-17,-0.095890736342042746,0.049480084294039245,0.024347343065320898,0.079908219472537595,0.57862978676955379,0.086903459364776295,1.1085088240098213,0.14003523500229548,0.16045873757197746,0,0,0
14.1915178,7456,4010,4294967282,7457,4010,-14,-0.09522865991160287,0.054192473274423933,0.024347343065320898,0.10440339135051196,0.74836921614424345,0.046361960645727771,-2.3610065108095215,0.12823020244824787,0.1603579397706022,0,0,0
14.1964773,7425,4004,4294967285,7426,4004,-11,-0.094544514266814997,0.058904862254808621,0.024347343065320902,0.11953038409936176,0.83892318030423985,0.024733553884130486,-4.5696317503926291,0.10538204369628473,0.14970236059162509,0,0,0
14.201484600000001,7395,3998,4294967288,7396,3998,-8,-0.093882437836375107,0.063617251235193309,0.024347343065320895,0.12554134432217512,0.88723264178468841,0.013195056447543069,-6.0042327343724295,0.07536088002442258,0.12966785293019031,0,0,0
14.2064699,7366,3993,4294967290,7367,3993,-6,-0.093242430620283229,0.067544242052180556,0.02513274122871835,0.12668900975434633,0.83972564487951573,0.080318924768056757,-3.4898461499718918,0.057911649274563118,0.10775052428788331,0,0,0
14.211443600000001,7342,3988,4294967293,7343,3988,-3,-0.092712769475931323,0.071471232869167789,0.024347343065320895,0.11700572428136408,0.81438122778710298,-0.030430329439017113,-8.4304298877317123,0.015759499835904557,0.074569648173787501,0,0,0
14.2164415,7322,3984,4294967295,7323,3984,-1,-0.092271385188971405,0.074612825522757595,0.024347343065320902,0.10360336574800952,0.72758076380063985,-0.016234218363693997,-7.6761076635091277,-0.022621038481641084,0.035992986670627454,0,0,0
14.2215618,7307,3982,0,7308,3982,0,-0.091940346973751461,0.076183621849552477,0.024347343065320888,0.086157815764329126,0.53471471137864302,-0.0086607621652045382,-6.525357852579778,-0.055247827744539978,-0.0049191601470265391,0,0,0
14.2258903,7301,3981,0,7302,3981,0,-0.091807931687663477,0.076969020012949932,0.025132741228718343,0.05831883024101548,0.35854344994374016,0.068659105817108629,-2.0219160902801465,-0.065357408195940714,-0.035120451612060385,0,0,0
14.230877,7301,3980,1,7302,3980,1,-0.091807931687663477,0.077754418176347387,0.024347343065320902,0.031112401419945455,0.26455817997572212,-0.036650703993625008,-5.645340072496273,-0.093584108558422086,-0.068972158183673665,0,0,0
14.2358542,7306,3982,0,7307,3982,0,-0.091918277759403463,0.076183621849552477,0.024347343065320888,0.0063025443291830231,-0.005420400166250755,-0.019552714110705374,-3.2330875758694018,-0.1097495464377691,-0.098750227232695956,0,0,0
14.241818500000001,7321,3984,4294967295,7322,3984,-1,-0.092249315974623408,0.074612825522757595,0.024347343065320902,-0.027524321597617217,-0.14945075752167572,-0.010431140126568995,-1.3371088752859916,-0.11643509081419906,-0.1178706970421064,0,0,0
14.246803399999999,7338,3988,4294967293,7339,3988,-3,-0.092624492618539334,0.071471232869167789,0.024347343065320895,-0.049688772253940791,-0.37284827651042746,-0.0055648890340277502,0.57831345709741577,-0.11354352352871198,-0.1306013966567687,0,0,0
14.251814100000001,7360,3992,4294967291,7361,3992,-5,-0.093110015334195245,0.068329640215577997,0.024347343065320895,-0.071808794038269619,-0.49202819247022378,-0.0029688020278972782,2.0580450152325405,-0.10325329845254928,-0.13325756841373576,0,0,0
14.2567833,7385,3997,4294967289,7386,3997,-7,-0.093661745692895149,0.06440264939859075,0.023561944901923433,-0.089786893023047099,-0.62888877762403128,-0.074863339818708616,0.36800496808660954,-0.10141327361211623,-0.13282942888424651,0,0,0
14.2617663,7410,4002,4294967286,7411,4002,-10,-0.094213476051595052,0.060475658581603517,0.024347343065320895,-0.09937799473188294,-0.70190226994334615,0.033340819039430855,6.0014332445344367,-0.071406107389444043,-0.11814933107411656,0,0,0
14.2667827,7436,4007,4294967284,7437,4007,-12,-0.094787275624642953,0.056548667764616277,0.023561944901923447,-0.10655384353671116,-0.74085409858467299,-0.055492589387257117,3.0340331392219952,-0.056235941693334068,-0.10054121496623587,0,0,0
14.2717584,7458,4011,4294967282,7459,4011,-14,-0.095272798340298864,0.053407075111026485,0.02356194490192345,-0.10214563236667429,-0.68835491599902521,-0.029604635581909892,4.2472413795620252,-0.034999734795523943,-0.079382783391026085,0,0,0
14.276723199999999,7478,4015,4294967280,7479,4015,-16,-0.095714182627258781,0.050265482457436693,0.02356194490192345,-0.095675683679003309,-0.66034722729756468,-0.015793720524040863,4.9979301984450251,-0.010010083803298816,-0.052919525009766141,0,0,0
14.281764300000001,7493,4018,4294967279,7494,4018,-17,-0.096045220842478726,0.047909287967244349,0.022776546738526002,-0.081928491790557834,-0.57212593962433167,-0.081705281105613939,1.8132497333189024,-0.0009438351367043029,-0.031896237493158855,0,0,0
14.2867058,7503,4020,4294967278,7504,4020,-18,-0.096265912985958685,0.046338491640449446,0.022776546738525999,-0.064298977318524145,-0.45178141397792315,-0.043588794449096295,2.7572450577129235,0.012842390151860315,-0.011759860329179488,0,0,0
14.2916834,7509,4020,4294967278,7510,4020,-18,-0.096398328272046654,0.046338491640449446,0.022776546738525999,-0.046657400245092864,-0.2410200041335217,-0.023254102743610863,2.461012789150725,0.025147454097613937,0.0066668779803693732,0,0,0
14.2966636,7510,4021,4294967278,7511,4021,-18,-0.096420397486394652,0.045553093477052005,0.021991148575128558,-0.026950277654748927,-0.20186082121197868,-0.08568530617474171,-0.78649781788214135,0.021214965008203232,0.015416363397010621,0,0,0
14.3016804,7509,4020,4294967277,7510,4020,-19,-0.096398328272046654,0.046338491640449446,0.024347343065320895,-0.01231854191768646,-0.034410824882444638,0.17412646745033067,9.3826904636078279,0.068128417326242363,0.042947751377447205,0,0,0
14.306639799999999,7506,4020,4294967277,7507,4020,-19,-0.096332120629002663,0.046338491640449446,0.024347343065320895,-0.00039446462453000385,-0.018357765279405629,0.092894396728514045,5.7265937116842993,0.096761385884663861,0.072187431442677252,0,0,0
14.3116317,7498,4018,4294967278,7499,4018,-18,-0.096155566914218699,0.047909287967244349,0.024347343065320902,0.016262439922221317,0.136765389428426,0.049558054383755233,2.8225432897002865,0.11087410233316529,0.097274626435947142,0,0,0
14.3166408,7485,4015,4294967279,7486,4015,-17,-0.095868667127694748,0.050265482457436693,0.025132741228718346,0.035444251445958204,0.29280126440955334,0.099718151123395354,3.7543115441134036,0.12964566005373229,0.12263516107547558,0,0,0
14.321610400000001,7467,4012,4294967281,7468,4012,-15,-0.095471421269430826,0.052621676947629037,0.024347343065320898,0.05597307077302844,0.37604454549496502,-0.020081073202062649,-2.4348398700970471,0.11747146070324706,0.13335318299467461,0,0,0
14.3265902,7444,4007,4294967284,7445,4007,-12,-0.094963829339426917,0.056548667764616277,0.023561944901923447,0.077220502721785086,0.56701288320141541,-0.083992532701646444,-6.9370723225777136,0.082786099090358486,0.12478799117309329,0,0,0
14.3316091,7419,4002,4294967286,7420,4002,-10,-0.094412098980727013,0.060475658581603517,0.024347343065320895,0.092673975158156924,0.66889221714327085,0.028470503355108562,-3.4165493833770322,0.065703352173473326,0.11164940348364245,0,0,0
14.336574300000001,7396,3997,4294967288,7397,3997,-8,-0.093904507050723104,0.06440264939859075,0.025132741228718336,0.096799998143524385,0.72324362852954371,0.088468193779336068,-1.5991914618931378,0.057707394864007638,0.09891244414510296,0,0,0
14.341557999999999,7374,3993,4294967290,7375,3993,-6,-0.093418984335067193,0.067544242052180556,0.02513274122871835,0.096942072007065339,0.6789599399460986,0.047196727821617115,-3.5776445840683389,0.039819171943665944,0.080243807706886244,0,0,0
14.3465664,7355,3990,4294967292,7356,3990,-4,-0.092999669262455273,0.069900436542372907,0.024347343065320902,0.09084053593315744,0.58205560016522595,-0.04810062706071612,-7.5226345087163278,0.0022059994000843061,0.05064038827841523,0,0,0
14.351547399999999,7340,3987,4294967294,7341,3987,-2,-0.092668631047235328,0.072256631032565244,0.023561944901923454,0.07934899804948306,0.53035828891708325,-0.098940631002923496,-9.6717857570603911,-0.046152929385217652,0.010118737508753081,0,0,0
14.35651,7331,3985,4294967294,7332,3985,-2,-0.092470008118103367,0.07382742735936014,0.02513274122871835,0.060863737863895956,0.42949886973275253,0.093775390218935106,-0.85193716636112793,-0.050412615217023289,-0.017365274439414453,0,0,0
14.3611225,7329,3984,4294967295,7330,3984,-1,-0.092425869689407372,0.074612825522757595,0.024347343065320902,0.03658829985512068,0.30241205143153027,-0.023251465372793989,-4.9160040542038876,-0.074992635488042719,-0.047546951789272526,0,0,0
14.366138400000001,7331,3985,4294967295,7332,3985,-1,-0.092470008118103367,0.07382742735936014,0.023561944901923447,0.0154012017205357,0.088053708749133985,-0.085683899168820396,-6.3258818846826586,-0.10662204491145602,-0.08237284441189939,0,0,0
14.370798600000001,7338,3986,4294967294,7339,3986,-2,-0.092624492618539334,0.073042029195962685,0.024347343065320895,-0.0061974141326464303,-0.026303914297950176,0.027568179487200431,-0.49430861898051281,-0.10909358800635859,-0.10671193826131134,0,0,0
14.376192899999999,7352,3989,4294967293,7353,3989,-3,-0.092933461619411281,0.070685834705770348,0.023561944901923454,-0.032133790313415934,-0.23387138290308779,-0.05857222384253289,-2.5564614154117784,-0.12187589508341748,-0.12857457411054385,0,0,0
14.380982700000001,7371,3993,4294967291,7372,3993,-5,-0.093352776692023201,0.067544242052180556,0.023561944901923454,-0.056266089445517933,-0.41788567479387279,-0.031247583888713678,0.19302087523762901,-0.12091079070722933,-0.14151111081971374,0,0,0
14.385973399999999,7394,3997,4294967289,7395,3997,-7,-0.09386036862202711,0.06440264939859075,0.023561944901923433,-0.077376824694025556,-0.51605510810817012,-0.016670213880000916,2.0673568214733176,-0.11057400659986275,-0.1448137964502324,0,0,0
14.390962399999999,7421,4003,4294967287,7422,4003,-9,-0.094456237409423008,0.059690260418206069,0.021991148575128551,-0.096875591594164603,-0.71498637027454204,-0.15545239916495482,-2.1980048678526742,-0.12156403093912611,-0.14994810141241438,0,0,0
14.3959432,7449,4008,4294967284,7450,4008,-12,-0.095074175411166889,0.055763269601218829,0.022776546738525999,-0.10933706178906964,-0.74783431029400727,-0.0096524843940269667,4.9062689322649717,-0.097032686277801261,-0.13996721335025053,0,0,0
14.4019289,7483,4014,4294967281,7484,4014,-15,-0.095824528698998754,0.051050880620834134,0.022776546738525996,-0.12833976931186278,-0.83863781440328444,-0.0051494854736564349,6.5139498652752117,-0.064462936951425201,-0.11343742638008193,0,0,0
14.4069202,7509,4020,4294967278,7510,4020,-18,-0.096398328272046654,0.046338491640449446,0.022776546738525999,-0.12200460537199544,-0.88708040247492526,-0.0027471891754420139,7.2731069533122694,-0.028097402184863854,-0.082677014770751484,0,0,0
14.411908499999999,7531,4024,4294967276,7532,4024,-20,-0.096883850987702566,0.043196898986859661,0.022776546738526002,-0.11038842980408337,-0.76636490772874288,-0.0014655927090723782,7.0820083100772218,0.0073126393655222541,-0.046614830218112635,0,0,0
14.416892499999999,7547,4027,4294967275,7548,4027,-21,-0.097236958417270508,0.040840704496667317,0.021991148575128558,-0.091836676898255587,-0.62868510957946755,-0.074061395548696757,3.3445387826820197,0.024035333278932352,-0.015658618088907079,0,0,0
14.421891199999999,7556,4029,4294967274,7557,4029,-22,-0.097435581346402469,0.039269908169872414,0.021991148575128554,-0.067525765815086361,-0.48195505759098589,-0.039510872534817693,3.8922733198499202,0.043496699878181957,0.01344452964116984,0,0,0
14.4268746,7559,4029,4294967274,7560,4029,-22,-0.097501788989446461,0.039269908169872414,0.021991148575128554,-0.04220152269231759,-0.2571172836659178,-0.021078579965943794,3.2828588534895919,0.05991099414562992,0.039411118393457914,0,0,0
14.431871900000001,7556,4029,4294967274,7557,4029,-22,-0.097435581346402469,0.039269908169872414,0.021991148575128554,-0.016336678994100105,-0.13716900884946021,-0.011245171388942527,2.6536802762873095,0.073179395527066468,0.061313098897152321,0,0,0
14.4368657,7549,4027,4294967274,7550,4027,-22,-0.097281096845966503,0.040840704496667317,0.023561944901923457,0.0056983481477134463,0.073381005896077475,0.14055987356575542,7.7879159791820376,0.11211897542297666,0.093089487757210793,0,0,0
14.4418737,7537,4025,4294967275,7538,4025,-21,-0.09701626627379055,0.042411500823462206,0.023561944901923447,0.02774932402834401,0.18570693134187674,0.07498701863260071,3.9854734338039495,0.13204634259199641,0.120867433201307,0,0,0
14.446862899999999,7519,4021,4294967277,7520,4021,-19,-0.096619020415526613,0.045553093477052005,0.023561944901923454,0.051867918633922143,0.39219051347203304,0.040004681426919791,0.85048022349976682,0.13629874370949524,0.14008784114385747,0,0,0
14.4518887,7496,4017,4294967279,7497,4017,-17,-0.096111428485522704,0.04869468613064179,0.023561944901923444,0.075030452943454715,0.50234704554430187,0.021342021129154183,-1.2800915648608757,0.12989828588519087,0.14958081745403559,0,0,0
14.4558681,7475,4013,4294967281,7476,4013,-15,-0.09564797498421479,0.051836278784231589,0.02356194490192345,0.083269168631637913,0.56111424356075379,0.011385714112219105,-2.520396602427156,0.11729630287305509,0.1550168179331608,0,0,0
14.4618444,7440,4006,4294967284,7441,4006,-12,-0.094875552482034928,0.057334065928013725,0.024347343065320895,0.11649196901525846,0.81230440172537399,0.079353662179453499,-1.9600412290695863,0.10749609672770716,0.14484379124030761,0,0,0
14.4668309,7411,4000,4294967287,7412,4000,-9,-0.094235545265943049,0.06204645490839842,0.024347343065320902,0.12186127579629238,0.87303184041347315,0.042334233757205575,-4.457896074611873,0.085206616354647796,0.12996845150332681,0,0,0
14.4718243,7383,3995,4294967290,7384,3995,-6,-0.093617607264199154,0.06597344572538566,0.023561944901923454,0.12266662675866923,0.83214968646402154,-0.050694709737080845,-8.8832063503894787,0.040790584602700401,0.09972207123263685,0,0,0
14.4767788,7359,3990,4294967292,7360,3990,-4,-0.093087946119847248,0.069900436542372907,0.024347343065320902,0.11485983085536297,0.81033954419383658,0.046234495365964169,-5.0180105103430233,0.015700532050985285,0.069838074358741301,0,0,0
14.4818113,7340,3987,4294967294,7341,3987,-2,-0.092668631047235328,0.072256631032565244,0.023561944901923454,0.10039944689776648,0.652145054443655,-0.048613966616668308,-8.5378801112809839,-0.026988868505419632,0.030362006212095533,0,0,0
14.486777099999999,7327,3985,4294967295,7328,3985,-1,-0.092381731260711378,0.07382742735936014,0.023561944901923447,0.080330342687460629,0.49447065879368313,-0.025934972250693647,-6.8228254782246953,-0.061102995896543111,-0.010353099378132658,0,0,0
14.4917651,7321,3984,4294967295,7322,3984,-1,-0.092249315974623408,0.074612825522757595,0.024347343065320902,0.05520994275335081,0.3370737271524199,0.05944352045349436,-2.1194745285819283,-0.071700368539452747,-0.042004738514773585,0,0,0
14.496729500000001,7322,3984,4294967295,7323,3984,-1,-0.092271385188971405,0.074612825522757595,0.024347343065320902,0.027394736706013455,0.17982481925550789,0.031712410254469664,-2.0496241367472496,-0.081948489223188994,-0.068365334150210053,0,0,0
14.5015214,7328,3985,4294967295,7329,3985,-1,-0.092403800475059375,0.07382742735936014,0.023561944901923447,0.0022601042149112231,0.022654880263405924,-0.056361326081462701,-4.5950619760028655,-0.10492379910320332,-0.096916309976105161,0,0,0
14.506320300000001,7338,3987,4294967294,7339,3987,-2,-0.092624492618539334,0.072256631032565244,0.023561944901923454,-0.019385363943926374,-0.13447292975841205,-0.0300680962625621,-2.2560618600202349,-0.1162041084033045,-0.12119164238556469,0,0,0
14.5113229,7355,3991,4294967292,7356,3991,-4,-0.092999669262455273,0.069115038378975438,0.023561944901923433,-0.045346735271803232,-0.36485778376831257,-0.016040971277859736,0.14855890909418468,-0.11546131385783358,-0.13531582874659029,0,0,0
14.5163098,7377,3995,4294967290,7378,3995,-6,-0.093485191978111185,0.06597344572538566,0.023561944901923454,-0.069492369017222083,-0.4877653597503544,-0.0085576671462706637,1.8892720074057916,-0.10601495382080461,-0.13913036776271695,0,0,0
14.521504500000001,7404,4001,4294967287,7405,4001,-9,-0.094081060765507069,0.061261056745000965,0.023561944901923447,-0.092669328385853011,-0.6998941264256846,-0.0045654135100576332,3.975871755358845,-0.086135595044010388,-0.12961612249424292,0,0,0
14.5263879,7429,4006,4294967285,7430,4006,-11,-0.094632791124206972,0.057334065928013725,0.022776546738526006,-0.10091573967127976,-0.73978277793279879,-0.075715113030538531,1.7578936269878729,-0.077346126909071028,-0.12018586875278069,0,0,0
14.5311488,7453,4011,4294967282,7454,4011,-14,-0.095162452268558878,0.053407075111026485,0.02356194490192345,-0.10325599162357343,-0.76106289848152742,0.03288640817460757,7.0588891761518102,-0.042051681028311978,-0.096886459282110607,0,0,0
14.5360222,7475,4015,4294967280,7476,4015,-16,-0.09564797498421479,0.050265482457436693,0.02356194490192345,-0.1003862676448333,-0.69913607007924017,0.017544507119914246,6.5984104574353424,-0.0090596287411352644,-0.06680624768259355,0,0,0
14.540997300000001,7494,4019,4294967278,7495,4019,-18,-0.09606729005682671,0.047123889803846894,0.023561944901923447,-0.092677973289294585,-0.66609884460757829,0.0093597856125369975,6.4054231673305244,0.02296748709551736,-0.031204585512093819,0,0,0
14.5457278,7506,4021,4294967277,7507,4021,-19,-0.096332120629002663,0.045553093477052005,0.023561944901923454,-0.074151918208945872,-0.50191483967171979,0.0049933341594549825,5.4523570720197396,0.050229272455616057,0.0039507674176929054,0,0,0
14.5517088,7512,4022,4294967277,7513,4022,-19,-0.096464535915090646,0.04476769531365455,0.022776546738525999,-0.051913826872358723,-0.3410451089987806,-0.070615634983110007,1.2060882903156021,0.056259713907194066,0.030240246448870516,0,0,0
14.556690400000001,7510,4022,4294967277,7511,4022,-19,-0.096420397486394652,0.04476769531365455,0.022776546738525999,-0.023577187873927152,-0.18194350417571672,-0.037672600308325491,1.329301743609556,0.062906222625241842,0.049686543833177062,0,0,0
14.5616839,7505,4021,4294967277,7506,4021,-19,-0.096310051414654679,0.045553093477052005,0.023561944901923454,-0.0022825976385551904,-0.023785173437111645,0.053181635667090971,4.0790912506816932,0.083301678878650309,0.072632454376069119,0,0,0
14.5666695,7496,4020,4294967277,7497,4020,-19,-0.096111428485522704,0.046338491640449446,0.024347343065320895,0.017314253707564981,0.060590412518780848,0.10165128858515525,5.3851651616739131,0.11022750468701988,0.099038247543726837,0,0,0
14.5716606,7482,4017,4294967278,7483,4017,-18,-0.09580245948465077,0.04869468613064179,0.025132741228718343,0.038064491837203972,0.25216282138911789,0.12750927119626232,5.1703901521326916,0.13607945544768332,0.12642059599214067,0,0,0
14.5766431,7463,4013,4294967280,7464,4013,-16,-0.095383144412038837,0.051836278784231589,0.025132741228718346,0.059430048080276007,0.42764393939509598,0.068024677686912102,1.2061939927226937,0.14211042541129679,0.14598407234121374,0,0,0
14.581641100000001,7439,4008,4294967283,7440,4008,-13,-0.094853483267686931,0.055763269601218829,0.024347343065320895,0.081123869209094618,0.59454054535465417,-0.036989163845739026,-4.9028025398836466,0.11759641271187855,0.14751424899788274,0,0,0
14.586624,7411,4003,4294967285,7412,4003,-11,-0.094235545265943049,0.059690260418206069,0.02513274122871835,0.10093370548246165,0.68357789707760297,0.05354624088089828,-2.3412508894695434,0.10589015826453084,0.14317959491931276,0,0,0
14.591629899999999,7383,3998,4294967288,7384,3998,-8,-0.093617607264199154,0.063617251235193309,0.024347343065320895,0.11150201722076883,0.73107826388408603,-0.044713237459362828,-7.5103791761658236,0.06833826238370172,0.12286374374186011,0,0,0
14.5966203,7356,3992,4294967290,7357,3992,-6,-0.09302173847680327,0.068329640215577997,0.025918139392115791,0.11508097541337196,0.829698663189821,0.1227050588853353,-1.357517408579441,0.061550675340804516,0.10654458457987684,0,0,0
14.6016289,7332,3988,4294967293,7333,3988,-3,-0.092492077332451364,0.071471232869167789,0.024347343065320895,0.11081297619947768,0.73575243317404582,-0.081097350952075042,-10.088532325199115,0.011108013714808941,0.071312805474838051,0,0,0
14.6066254,7312,3984,4294967294,7313,3984,-2,-0.092050693045491433,0.074612825522757595,0.025918139392115805,0.10029960839519714,0.68563323825772549,0.10329456763206751,-2.1901451959986025,0.00015728773481592934,0.044195654424906888,0,0,0
14.611637200000001,7298,3982,0,7299,3982,0,-0.091741724044619499,0.076183621849552477,0.024347343065320888,0.082336190298026996,0.51233620605075825,-0.091452616877923401,-9.7359333541619364,-0.048522379035993754,0.0033349159434661706,0,0,0
14.6163004,7290,3980,0,7291,3980,0,-0.091565170329835521,0.077754418176347387,0.025918139392115798,0.060398259091574327,0.4198843031469125,0.097770156580545928,-1.001375075021576,-0.053529254411101637,-0.024377922652614282,0,0,0
14.6214812,7289,3980,1,7290,3980,1,-0.091543101115487524,0.077754418176347387,0.024347343065320902,0.034280862210710625,0.22400327536496448,-0.094399824384200276,-7.947565760407354,-0.09326708321313841,-0.061267545662864673,0,0,0
14.625748,7292,3981,0,7293,3981,0,-0.091609308758531516,0.076969020012949932,0.025132741228718343,0.012111100953586865,0.046223560480592021,0.02291833718195397,-1.7285938243122474,-0.10191005233469964,-0.089618434466300773,0,0,0
14.6317278,7303,3983,0,7304,3983,0,-0.091852070116359472,0.075398223686155036,0.023561944901923447,-0.016189084761186384,-0.12189931953980879,-0.13433237862985112,-7.0699859131075948,-0.13725998190023761,-0.12357653058698226,0,0,0
14.636106699999999,7317,3986,4294967294,7318,3986,-2,-0.092161039117231419,0.073042029195962685,0.024347343065320895,-0.03746422760384676,-0.28487039316264867,0.00161479504505041,0.057068988805507717,-0.13697463695621007,-0.14656345331051651,0,0,0
14.641133399999999,7340,3990,4294967292,7341,3990,-4,-0.092668631047235328,0.069900436542372907,0.024347343065320902,-0.067346255311153749,-0.44509303942478029,0.0008614739260879628,1.7261020573951833,-0.12834412666923414,-0.15610062173822731,0,0,0
14.6460896,7367,3996,4294967289,7368,3996,-7,-0.093264499834631226,0.065188047561988219,0.024347343065320902,-0.091524402281539463,-0.67712895171276521,0.00045958608035342547,3.7238910056191994,-0.10972467164113814,-0.15331112610559222,0,0,0
14.651085800000001,7396,4002,4294967286,7397,4002,-10,-0.093904507050723104,0.060475658581603517,0.024347343065320895,-0.10854137628033091,-0.80091734762386624,0.00024518370069914394,5.197510720886056,-0.083737118036707858,-0.13887316141123407,0,0,0
14.6560688,7425,4008,4294967284,7426,4008,-12,-0.094544514266814997,0.055763269601218829,0.022776546738525999,-0.11761972925509438,-0.86695698265770804,-0.14642823599958135,-0.082325600193907889,-0.084148746037677399,-0.12827598544724861,0,0,0
14.6606881,7451,4012,4294967281,7452,4012,-15,-0.095118313839862884,0.052621676947629037,0.024347343065320898,-0.11628559166568861,-0.75562930290423136,0.0684413184787801,9.1148653765828893,-0.038574419154762951,-0.099330734796467091,0,0,0
14.666682700000001,7479,4018,4294967278,7480,4018,-18,-0.095736251841606779,0.047909287967244349,0.024347343065320902,-0.11969206567530646,-0.84279635013098153,0.036512628347002973,8.8419916041285092,0.0056355388658795927,-0.056921323804899997,0,0,0
14.6716841,7497,4022,4294967277,7498,4022,-19,-0.096133497699870701,0.04476769531365455,0.022776546738525999,-0.10091827636484133,-0.74273989317799516,-0.12707998618647315,1.4233626018680372,0.012752351875219779,-0.028328509914285996,0,0,0
14.6766778,7508,4024,4294967276,7509,4024,-20,-0.096376259057698657,0.043196898986859661,0.022776546738526002,-0.076488911504010687,-0.54280192637277203,-0.067795659246505019,2.8012073001737878,0.026758388376088717,-0.0023279380514522642,0,0,0
14.681466800000001,7514,4025,4294967275,7515,4025,-21,-0.096508674343786641,0.042411500823462206,0.023561944901923447,-0.053160584964235556,-0.36285788283320142,0.037111342456335822,6.2216993036042956,0.057866884894110196,0.029049909406385431,0,0,0
14.6864124,7513,4025,4294967275,7514,4025,-21,-0.096486605129438643,0.042411500823462206,0.023561944901923447,-0.026301428731135675,-0.19358035925004385,0.019798459244858815,4.2999040929725805,0.079366405358973102,0.056615490172432142,0,0,0
14.691435800000001,7508,4024,4294967275,7509,4024,-21,-0.096376259057698657,0.043196898986859661,0.024347343065320902,-0.0037359476931384614,-0.029993297037018252,0.083841761521102384,5.9081354741587715,0.10890708272976696,0.088284643726520007,0,0,0
14.696392400000001,7498,4022,4294967276,7499,4022,-20,-0.096155566914218699,0.04476769531365455,0.024347343065320892,0.018598019023977671,0.13055797180222606,0.044728581307607457,3.0185765163990075,0.12399996531176199,0.11543977407989997,0,0,0
14.7014064,7481,4019,4294967277,7482,4019,-19,-0.095780390270302773,0.047123889803846894,0.025132741228718343,0.044926696133428229,0.2894896810295467,0.097141684751026039,3.8560803169384621,0.14328036689645429,0.14072657559146054,0,0,0
14.706425299999999,7459,4014,4294967280,7460,4014,-16,-0.095294867554646862,0.051050880620834134,0.024347343065320892,0.069268283139106851,0.52083689378311027,-0.021455587328818707,-3.083219855812652,0.12786426761739103,0.14939110786934373,0,0,0
14.711384499999999,7432,4009,4294967282,7433,4009,-14,-0.094698998767250964,0.054977871437821381,0.025132741228718346,0.092549781238498136,0.64425787669425683,0.061833218964727696,-1.0149819762956014,0.12278935773591303,0.15245164008708925,0,0,0
14.7163687,7403,4003,4294967285,7404,4003,-11,-0.094058991551159071,0.059690260418206069,0.02513274122871835,0.10908840374272508,0.78338102056012859,0.032987285951511111,-3.7118055679026334,0.10423032989639985,0.14482238308670825,0,0,0
14.721366099999999,7374,3998,4294967288,7375,3998,-8,-0.093418984335067193,0.063617251235193309,0.024347343065320895,0.11791156189178018,0.78432204171570841,-0.055681195079469614,-8.2940473483217581,0.062760093154791058,0.12087867544740169,0,0,0
14.7263672,7347,3992,4294967290,7348,3992,-6,-0.092823115547671295,0.068329640215577997,0.025918139392115791,0.11850039116467426,0.85810358458769209,0.11685378411141642,-1.7775182613110694,0.053872501848235707,0.10172338962766238,0,0,0
14.730931500000001,7325,3988,4294967292,7326,3988,-4,-0.092337592832015383,0.071471232869167789,0.025918139392115784,0.10851897325584528,0.75090612046818894,0.062340102222370797,-3.8402756198244163,0.034671123749113623,0.080124877426592064,0,0,0
14.73615,7304,3984,4294967294,7305,3984,-2,-0.091874139330707469,0.074612825522757595,0.025918139392115805,0.10113489540656079,0.69371754996526946,0.033257702133038788,-5.0949728241664323,0.0091962596282814599,0.052045104237578077,0,0,0
14.7406334,7291,3982,4294967295,7292,3982,-1,-0.091587239544183519,0.076183621849552477,0.025918139392115784,0.080722695708513106,0.51664909007140136,0.017742588025029433,-4.8638724994102063,-0.015123102868769573,0.02546344931789114,0,0,0
14.746468200000001,7279,3980,1,7280,3980,1,-0.091322408972007565,0.077754418176347387,0.024347343065320902,0.067773919993910497,0.42218517541018269,-0.13709357916754389,-11.1654162226969,-0.07095018398225407,-0.019710153727472042,0,0,0
14.7514547,7275,3979,1,7276,3979,1,-0.09123413211461559,0.078539816339744828,0.025132741228718343,0.044393020254194226,0.29851028260855733,0.00014172744107632251,-4.5019090003378501,-0.093459728983943322,-0.056773552168924324,0,0,0
14.7565223,7278,3980,1,7279,3980,1,-0.091300339757659568,0.077754418176347387,0.024347343065320902,0.017505816845017775,0.085972161547888656,-0.073203909390021318,-6.2227473217590923,-0.12457346559273878,-0.095895734403050006,0,0,0
14.761426200000001,7287,3981,0,7288,3981,0,-0.091498962686791543,0.076969020012949932,0.025132741228718343,-0.0091928475528478375,-0.027414394940858573,0.034226105411127791,-0.50607003604466083,-0.12710381577296209,-0.12338139926330526,0,0,0
14.766433599999999,7303,3985,4294967295,7304,3985,-1,-0.091852070116359472,0.07382742735936014,0.023561944901923447,-0.037850038896189903,-0.30774333039348423,-0.12829981894276854,-5.4659272109413068,-0.15443345182766863,-0.15461996080285009,0,0,0
14.771409999999999,7326,3989,4294967293,7327,3989,-3,-0.092359662046363381,0.070685834705770348,0.023561944901923454,-0.067552081041027279,-0.45729547904570655,-0.06844642549511111,-1.3668026990866948,-0.1612674653231021,-0.17580686940211759,0,0,0
14.776389,7355,3995,4294967290,7356,3995,-6,-0.092999669262455273,0.06597344572538566,0.023561944901923454,-0.095752428382708643,-0.68363880793278764,-0.036515352879396251,2.0289791906149395,-0.15112256937002741,-0.18385466367563758,0,0,0
14.781386100000001,7388,4002,4294967286,7389,4002,-10,-0.09372795333593914,0.060475658581603517,0.024347343065320895,-0.11903341890501004,-0.87766979768398001,0.053799013388869228,7.8862481242363263,-0.11169132874884577,-0.17058409772764629,0,0,0
14.786378300000001,7423,4008,4294967283,7424,4008,-13,-0.094500375838119002,0.055763269601218829,0.024347343065320895,-0.13557177062290421,-0.90790350072684345,0.028701132955412552,8.0277558261998312,-0.071552549617846614,-0.14309702450347994,0,0,0
14.7913642,7455,4015,4294967280,7456,4015,-16,-0.095206590697254873,0.050265482457436693,0.02356194490192345,-0.13821745352251458,-0.99731234054181284,-0.057967806659481688,5.4220247645394366,-0.044442425795149426,-0.11242172180707602,0,0,0
14.7963579,7483,4020,4294967277,7484,4020,-19,-0.095824528698998754,0.046338491640449446,0.024347343065320895,-0.13139245279137704,-0.89845185323733778,0.042354384772511661,9.7664591856126783,0.0043898701329139686,-0.06819918148207077,0,0,0
14.801186700000001,7504,4024,4294967275,7505,4024,-21,-0.096287982200306682,0.043196898986859661,0.024347343065320902,-0.11333762434058434,-0.77243144128891883,0.022595559881625989,8.5426010185287744,0.047102875225557839,-0.020441774803679168,0,0,0
14.806154299999999,7517,4027,4294967274,7518,4027,-22,-0.096574881986830619,0.040840704496667317,0.023561944901923457,-0.087232706273626212,-0.631921532988026,-0.061225057183633323,4.1523847973525747,0.06786479921232072,0.020472812743091359,0,0,0
14.811146000000001,7521,4028,4294967274,7522,4028,-22,-0.096663158844222608,0.040055306333269862,0.022776546738526002,-0.054774051001510803,-0.41040213164516332,-0.10594235817585783,0.71383642362921496,0.0714339813304668,0.049348876305010836,0,0,0
14.8158554,7518,4027,4294967274,7519,4027,-22,-0.096596951201178616,0.040840704496667317,0.023561944901923457,-0.023043973121960448,-0.1456651304990802,0.016760532863089317,4.1551518850565108,0.09220974075574935,0.078495601730224282,0,0,0
14.8209441,7509,4025,4294967274,7510,4025,-22,-0.096398328272046654,0.042411500823462206,0.025132741228718346,0.0062383071324961896,0.06884842617554264,0.15550058326683261,8.5658420650249312,0.13503895108087399,0.11571022300900652,0,0,0
14.825939399999999,7493,4022,4294967276,7494,4022,-20,-0.096045220842478726,0.04476769531365455,0.024347343065320892,0.036273826767284995,0.25656837333106802,0.0096781900385580349,0.73955996715666328,0.1387367509166573,0.13863442296551604,0,0,0
14.8309525,7471,4018,4294967278,7472,4018,-18,-0.095559698126822801,0.047909287967244349,0.024347343065320902,0.064652080378503701,0.42999424889080967,0.0051631991288882285,-1.1505777203185172,0.1329838623150647,0.15094039849008151,0,0,0
14.835846999999999,7444,4012,4294967280,7445,4012,-16,-0.094963829339426917,0.052621676947629037,0.025918139392115794,0.090087092039653191,0.66907392677301281,0.14931354383122752,3.0557835707344019,0.1482627801687367,0.16481973739958808,0,0,0
14.8418197,7408,4005,4294967284,7409,4005,-12,-0.094169337622899058,0.058119464091411173,0.025132741228718343,0.12218836022212665,0.86989960703708225,0.0063774781805520236,-5.1852436566979723,0.12233656188524684,0.15441480428475715,0,0,0
14.846814500000001,7377,3999,4294967287,7378,3999,-9,-0.093485191978111185,0.062831853071795868,0.02513274122871835,0.12901845319279415,0.90375819655121659,0.003402308660518509,-6.2436107554721216,0.091118508107886242,0.13733315269718696,0,0,0
14.851801099999999,7347,3993,4294967290,7348,3993,-6,-0.092823115547671295,0.067544242052180556,0.02513274122871835,0.13060311619097087,0.92182135083814876,0.0018150911526027479,-7.064562719649734,0.055795694509637568,0.11049180305587038,0,0,0
14.856788699999999,7321,3988,4294967292,7322,3988,-4,-0.092249315974623408,0.071471232869167789,0.025918139392115784,0.12321207397800653,0.85817830924575067,0.074247848806174091,-4.0704495467250243,0.035443446776012445,0.084461256717613051,0,0,0
14.8613324,7302,3985,4294967294,7303,3985,-2,-0.091830000902011474,0.07382742735936014,0.02513274122871835,0.10485526913759569,0.67766646589135771,-0.033669176164789039,-7.9538906619213918,-0.0043260065335945161,0.051128035561936389,0,0,0
14.8663168,7286,3982,0,7287,3982,0,-0.091476893472443546,0.076183621849552477,0.024347343065320888,0.088884801576589387,0.58136554716088507,-0.091241623812781683,-10.120990401518922,-0.05493095854118913,0.0060635731297502965,0,0,0
14.8708633,7277,3980,0,7278,3980,0,-0.091278270543311571,0.077754418176347387,0.025918139392115798,0.065950975484593014,0.45671063456503064,0.097882718868101848,-1.260146759652955,-0.061231692339453907,-0.025281790569870684,0,0,0
14.876882500000001,7275,3980,1,7276,3980,1,-0.09123413211461559,0.077754418176347387,0.024347343065320902,0.039302280542311913,0.24364968461510464,-0.09433977374428322,-8.1391793985587224,-0.10192758933224752,-0.065942351805093988,0,0,0
14.8818769,7280,3981,0,7281,3981,0,-0.091344478186355563,0.076969020012949932,0.025132741228718343,0.01067174730844248,0.056704685848243896,0.022950373483212119,-1.7322409907088208,-0.11058879428579163,-0.095088218945078629,0,0,0
14.886859599999999,7290,3983,4294967295,7291,3983,-1,-0.091565170329835521,0.075398223686155036,0.025132741228718343,-0.01489785252701872,-0.11630776397493366,0.012243750939386708,-0.75260269058107632,-0.11435180773869701,-0.11801560130337171,0,0,0
14.8918678,7306,3986,4294967294,7307,3986,-2,-0.091918277759403463,0.073042029195962685,0.024347343065320895,-0.040893591109526874,-0.28188736485811361,-0.066747623975568673,-2.6598104650127121,-0.12765086006376056,-0.13915466039467478,0,0,0
14.8981488,7335,3992,4294967291,7336,3992,-5,-0.092558284975495342,0.068329640215577997,0.024347343065320895,-0.081530441477779797,-0.59006066793295842,-0.035609062499592892,1.2780379483401696,-0.12126067032205971,-0.14141695496283868,0,0,0
14.9006129,7348,3994,4294967290,7349,3994,-6,-0.092845184762019292,0.066758843888783101,0.024347343065320895,-0.070263953005164248,-0.46134937794752939,-0.018997010778451603,1.47496073432243,-0.11388586665044756,-0.1538953749112458,0,0,0
14.9058277,7377,4000,4294967287,7378,4000,-9,-0.093485191978111185,0.06204645490839842,0.024347343065320902,-0.097199179780139561,-0.68580151471939688,-0.010134679016632613,3.8935112951083033,-0.094418310174906039,-0.14479203913273969,0,0,0
14.9111659,7407,4006,4294967284,7408,4006,-12,-0.09414726840855106,0.057334065928013725,0.024347343065320895,-0.11362791275814657,-0.80554405670714091,-0.0054067305624050394,5.5412456529749807,-0.06671208191003114,-0.12418047178002978,0,0,0
14.916241599999999,7434,4011,4294967282,7435,4011,-14,-0.094743137195946958,0.053407075111026485,0.02356194490192345,-0.116215115365468,-0.79614575756256101,-0.076163945658798082,3.0389950891239246,-0.051517106464411516,-0.10351121732721515,0,0,0
14.921230599999999,7458,4016,4294967279,7459,4016,-17,-0.095272798340298864,0.049480084294039245,0.024347343065320898,-0.11141802635755155,-0.79113187689241604,0.032646961312538282,8.0871939643269197,-0.011081136642776913,-0.07000525855775673,0,0,0
14.926156799999999,7477,4019,4294967278,7478,4019,-18,-0.095692113412910784,0.047123889803846894,0.023561944901923447,-0.098563285186320293,-0.64189799268070846,-0.055862754221466179,3.8036579310478329,0.0079371530124622523,-0.040140701516964014,0,0,0
14.931221600000001,7490,4022,4294967276,7491,4022,-20,-0.095979013199434735,0.04476769531365455,0.024347343065320892,-0.07935077228108664,-0.56228349266649313,0.043477405179315226,7.6473387655263654,0.046173846840094082,-0.0028247017882135385,0,0,0
14.935661899999999,7496,4023,4294967276,7497,4023,-20,-0.096111428485522704,0.043982297150257102,0.023561944901923444,-0.054687353607165021,-0.37325106644670281,-0.050084841397309669,2.5171262223423221,0.058759477951805694,0.025631940971510749,0,0,0
14.941633700000001,7496,4023,4294967276,7497,4023,-20,-0.096111428485522704,0.043982297150257102,0.023561944901923444,-0.029175051882710627,-0.19912499893637003,-0.026719666429651401,2.2703343019258693,0.070111149461435041,0.049890301895761574,0,0,0
14.946613599999999,7491,4022,4294967276,7492,4022,-20,-0.096001082413782732,0.04476769531365455,0.024347343065320892,-0.005268991422788678,-0.032951296279065026,0.059024895453871233,4.7215896334768814,0.093719097628819442,0.076563425727039003,0,0,0
14.951602400000001,7482,4020,4294967277,7483,4020,-19,-0.09580245948465077,0.046338491640449446,0.024347343065320895,0.015721048188366633,0.12897991443313822,0.031489078802538033,2.3325579618580683,0.10538188743810978,0.099092947360133965,0,0,0
14.9565915,7468,4017,4294967278,7469,4017,-18,-0.095493490483778823,0.04869468613064179,0.025132741228718343,0.037214535666052331,0.28864780621607977,0.090078567832600334,3.5388688956664112,0.12307623191644183,0.12159175960785547,0,0,0
14.9615727,7449,4014,4294967280,7450,4014,-16,-0.095074175411166889,0.051050880620834134,0.024347343065320892,0.058976606585017216,0.37382872501190212,-0.025223676090782916,-2.5040309592037557,0.11055607712042305,0.12934741602371796,0,0,0
14.9665669,7426,4009,4294967282,7427,4009,-14,-0.09456658348116298,0.054977871437821381,0.025132741228718346,0.078822853308646745,0.56583076936170629,0.059822988484045568,-0.50499231112830811,0.10803111556478151,0.13320682934260558,0,0,0
14.9715516,7401,4004,4294967285,7402,4004,-11,-0.094014853122463091,0.058904862254808621,0.024347343065320902,0.093528810113999161,0.66826157348747206,-0.041364667362298164,-6.074714228823181,0.077657544420665608,0.12080727257450122,0,0,0
14.976535200000001,7376,3999,4294967287,7377,3999,-9,-0.093463122763763187,0.062831853071795868,0.02513274122871835,0.10137426293775614,0.72290718764945416,0.051211961862286083,-3.022543491672669,0.062544826962302263,0.10619085421034702,0,0,0
14.9815279,7352,3995,4294967289,7353,3995,-7,-0.092933461619411281,0.06597344572538566,0.025132741228718343,0.10350060832572679,0.6787804527432133,0.027320971774940736,-4.3426660631896628,0.040831496646353951,0.084979052430210936,0,0,0
14.986513,7332,3991,4294967291,7333,3991,-5,-0.092492077332451364,0.069115038378975438,0.025132741228718336,0.096398547216872577,0.65523936517199854,0.014575413078966398,-5.0492516895156667,0.015585238198775619,0.059893503474354418,0,0,0
14.991524800000001,7316,3988,4294967292,7317,3988,-4,-0.092138969902883422,0.071471232869167789,0.025918139392115784,0.084373241142215838,0.56940095600940754,0.081055328592379072,-1.8918267444979646,0.0061261044762857958,0.039228687597943346,0,0,0
14.996501800000001,7305,3986,4294967293,7306,3986,-3,-0.091896208545055466,0.073042029195962685,0.025918139392115791,0.067662332246057152,0.45032766767094212,0.043242052523511078,-2.850576254899555,-0.0081267767982119796,0.019208073127889642,0,0,0
15.000491800000001,7298,3985,4294967294,7299,3985,-2,-0.091741724044619499,0.07382742735936014,0.02513274122871835,0.050510820307765068,0.31352396708329733,-0.050210399236387204,-6.0982700146662889,-0.038618126871543423,-0.0072579134748307367,0,0,0
15.0065065,7294,3984,4294967294,7295,3984,-2,-0.09165344718722751,0.074612825522757595,0.025918139392115805,0.035183362156318371,0.24054082200259586,0.046492869250475244,-1.450802759304411,-0.045872140668065477,-0.027689679253527937,0,0,0
15.0108415,7295,3984,4294967294,7296,3984,-2,-0.091675516401575508,0.074612825522757595,0.025918139392115805,0.016710794452220491,0.12832566395964973,0.024803392065784292,-1.5119063678616118,-0.053431672507373539,-0.044663798876956158,0,0,0
15.016475700000001,7299,3985,4294967294,7300,3985,-2,-0.091763793258967497,0.07382742735936014,0.02513274122871835,0.00067856878204786315,-0.004819305788185721,-0.060047205006258167,-4.2287747030403935,-0.074575546022575503,-0.065902506486309756,0,0,0
15.021046500000001,7306,3986,4294967294,7307,3986,-2,-0.091918277759403463,0.073042029195962685,0.024347343065320895,-0.014051763474835307,-0.075850561537341155,-0.10531398806616246,-5.5682832996128049,-0.10241696252063953,-0.092121105392089453,0,0,0
15.026017100000001,7317,3988,4294967293,7318,3988,-3,-0.092161039117231419,0.071471232869167789,0.024347343065320895,-0.030146661362580658,-0.18702440986677837,-0.056183758458608242,-2.5857206033469433,-0.11534556553737425,-0.1145548764425018,0,0,0
15.0310159,7333,3991,4294967291,7334,3991,-5,-0.092514146546799361,0.069115038378975438,0.025132741228718336,-0.049028649026623961,-0.31961385328331937,0.043306153241609815,2.8977148552545184,-0.10085699126110166,-0.12254182769655392,0,0,0
15.0359987,7354,3995,4294967289,7355,3995,-7,-0.092977600048107276,0.06597344572538566,0.025132741228718343,-0.069397515895122691,-0.46362826164245674,0.023103317025365864,3.4871877133113989,-0.083421052694544667,-0.11952331765408783,0,0,0
15.040979399999999,7376,4000,4294967287,7377,4000,-9,-0.093463122763763187,0.06204645490839842,0.024347343065320902,-0.082323174061207677,-0.61373775273960585,-0.060954174794281335,1.2204234648368986,-0.077318935370360178,-0.11474717361931049,0,0,0
15.045261200000001,7396,4004,4294967285,7397,4004,-11,-0.093904507050723104,0.058904862254808621,0.024347343065320902,-0.085100638236886947,-0.62053985930766453,-0.032518326355034592,2.9081259247717219,-0.062778305746501561,-0.10560288696298963,0,0,0
15.0512491,7422,4009,4294967283,7423,4009,-13,-0.094478306623771005,0.054977871437821381,0.023561944901923447,-0.09893704387436858,-0.69744822144807284,-0.090627659144642575,1.4809606401530067,-0.05537350254573653,-0.090017313213374583,0,0,0
15.055625300000001,7439,4012,4294967281,7440,4012,-15,-0.094853483267686931,0.052621676947629037,0.024347343065320898,-0.08778660914098399,-0.59191887817126854,0.02493074241488679,6.0987816968876736,-0.024879594061298162,-0.06955059386666973,0,0,0
15.061666000000001,7460,4016,4294967279,7461,4016,-17,-0.095316936768994845,0.049480084294039245,0.024347343065320898,-0.090074426051117748,-0.60889974956444537,0.013300254180401956,6.1758892225681983,0.005999852051542829,-0.037640431434815921,0,0,0
15.0666689,7472,4018,4294967278,7473,4018,-18,-0.095581767341170798,0.047909287967244349,0.024347343065320902,-0.072762956762785394,-0.47139980364502077,0.0070955272137294299,5.265774779937435,0.03232872595123,-0.0076425442719878917,0,0,0
15.0716511,7479,4019,4294967278,7480,4019,-18,-0.095736251841606779,0.047123889803846894,0.023561944901923447,-0.053231942744568189,-0.3247657006793207,-0.069494140023480158,1.0932042415474736,0.037794747158967371,0.014402963296080342,0,0,0
15.0766396,7481,4020,4294967277,7482,4020,-19,-0.095780390270302773,0.046338491640449446,0.024347343065320895,-0.032516828045312113,-0.24653815299929244,0.036205223188872725,4.944141820134119,0.062515456259637961,0.040782687050671472,0,0,0
15.0816661,7478,4019,4294967277,7479,4019,-19,-0.095714182627258781,0.047123889803846894,0.025132741228718343,-0.011170009734068925,-0.05824564933270189,0.092594574698576057,6.189533654145567,0.093463124530365801,0.070761786294776086,0,0,0
15.086609599999999,7471,4017,4294967278,7472,4017,-18,-0.095559698126822801,0.04869468613064179,0.025132741228718343,0.0084547046685478563,0.11548567830716906,0.049398102901335908,3.1576155483344182,0.10925120227203788,0.097286246048748345,0,0,0
15.0916216,7458,4015,4294967279,7459,4015,-17,-0.095272798340298864,0.050265482457436693,0.025132741228718346,0.031278917669729948,0.20816927265248752,0.026353299620355906,1.1337614360328945,0.11492000945220236,0.11678136778223272,0,0,0
15.0966384,7440,4011,4294967281,7441,4011,-15,-0.094875552482034928,0.053407075111026485,0.025132741228718346,0.05375091480799242,0.40417390505926698,0.014059171508415569,-1.0018056687692196,0.10991098110835626,0.12699800109655143,0,0,0
15.101601799999999,7419,4006,4294967283,7420,4006,-13,-0.094412098980727013,0.057334065928013725,0.025918139392115791,0.071916788452449795,0.58201956153899015,0.080779919862363742,0.33920868696862305,0.11160702454319937,0.13474979540332324,0,0,0
15.106577700000001,7394,4001,4294967286,7395,4001,-10,-0.09386036862202711,0.061261056745000965,0.025132741228718343,0.089844506756916589,0.67689810132320183,-0.030184394046152266,-5.682702069343903,0.083193514196479856,0.12461260625479177,0,0,0
15.1115735,7369,3996,4294967288,7370,3996,-8,-0.093308638263327207,0.065188047561988219,0.025918139392115805,0.099408730972785603,0.72751467239819356,0.057176504531594868,-2.8717686925201282,0.068834670733879222,0.11205145780816252,0,0,0
15.1165521,7345,3992,4294967290,7346,3992,-6,-0.092778977118975314,0.068329640215577997,0.025918139392115791,0.10245202042975482,0.68123849098654843,0.03050298425782107,-4.3205885228977303,0.047231728119390567,0.092705657111501763,0,0,0
15.121548000000001,7324,3988,4294967293,7325,3988,-3,-0.092315523617667386,0.071471232869167789,0.024347343065320895,0.097898248324631315,0.65655069930226539,-0.13028605973974705,-11.519293930139693,-0.010364741531307897,0.053926964292194679,0,0,0
15.126543,7307,3984,4294967294,7308,3984,-2,-0.091940346973751461,0.074612825522757595,0.025918139392115805,0.087232424086120725,0.64338005644336382,0.077052977277696194,-2.8027968539807024,-0.02437872580121141,0.023189285016964285,0,0,0
15.131520399999999,7296,3982,4294967295,7297,3982,-1,-0.091697585615923505,0.076183621849552477,0.025918139392115784,0.069187672296881206,0.48979463674208912,0.041106845760762359,-3.538814748557777,-0.042072799544000297,-0.0067879203317126081,0,0,0
15.1364714,7292,3981,0,7293,3981,0,-0.091609308758531516,0.076969020012949932,0.025132741228718343,0.045147240271583011,0.33457912507421511,-0.051349506616330837,-6.5153316994225001,-0.074649458041112796,-0.040669549641067053,0,0,0
15.141501399999999,7293,3981,0,7294,3981,0,-0.091631377972879513,0.076969020012949932,0.025132741228718343,0.022026404767797443,0.17849397875477452,-0.027394350263216318,-4.4578218005122903,-0.096938567043674248,-0.07264038125994407,0,0,0
15.14648,7299,3982,0,7300,3982,0,-0.091763793258967497,0.076183621849552477,0.024347343065320888,-0.0006038369431523357,0.021944892705122954,-0.087894078920621982,-5.9428669635990694,-0.12665290186166961,-0.10794876554721194,0,0,0
15.1514633,7311,3984,4294967295,7312,3984,-1,-0.09202862383114345,0.074612825522757595,0.024347343065320902,-0.025031462970780467,-0.13485169966557758,-0.046890444381572104,-2.9365918867667604,-0.14133586129550341,-0.13759691310800418,0,0,0
15.156233800000001,7329,3988,4294967293,7330,3988,-3,-0.092425869689407372,0.071471232869167789,0.024347343065320895,-0.05041797212647043,-0.36505985300304905,-0.025015493663539098,-0.22634453944593913,-0.1424675839927331,-0.15808444674937222,0,0,0
15.161226299999999,7355,3993,4294967291,7356,3993,-5,-0.092999669262455273,0.067544242052180556,0.023561944901923454,-0.080434254537172373,-0.56115268057267986,-0.086624987254279417,-1.0068535890311696,-0.14750185193788895,-0.17169593544376741,0,0,0
15.1661959,7384,3998,4294967288,7385,3998,-8,-0.093639676478547151,0.063617251235193309,0.024347343065320895,-0.1026249145302702,-0.66576586882946032,0.027066120200939681,5.2643644780566499,-0.12118002954760571,-0.16797356966943941,0,0,0
15.170850099999999,7414,4004,4294967285,7415,4004,-11,-0.094301752908987027,0.058904862254808621,0.024347343065320902,-0.11652247763276043,-0.79485527822754065,0.014439452799242306,6.1739135483101544,-0.090310461806054926,-0.15283824184430153,0,0,0
15.1758036,7446,4010,4294967282,7447,4010,-14,-0.095007967768122911,0.054192473274423933,0.024347343065320898,-0.12805488256856892,-0.86372294082740053,0.0077032761102675427,7.0676113202691102,-0.054972405204709376,-0.12466928987937172,0,0,0
15.181370899999999,7478,4016,4294967279,7479,4016,-17,-0.095714182627258781,0.049480084294039245,0.024347343065320898,-0.13420728326346171,-0.90046301868570588,0.0041096060672143305,7.851711898352697,-0.015713845712945894,-0.084502088907134343,0,0,0
15.185558500000001,7498,4020,4294967277,7499,4020,-19,-0.096155566914218699,0.046338491640449446,0.024347343065320895,-0.1127801926131598,-0.77350437410483841,0.002192425895934266,7.2689300687537077,0.020630804630822647,-0.045795958906435077,0,0,0
15.1910924,7517,4023,4294967276,7518,4023,-20,-0.096574881986830619,0.043982297150257102,0.023561944901923444,-0.099289984661773439,-0.63249392986785991,-0.072109886185936653,3.5759950853096543,0.038510780057370922,-0.0077995942867369536,0,0,0
15.196072600000001,7525,4025,4294967275,7526,4025,-21,-0.096751435701614596,0.042411500823462206,0.023561944901923447,-0.069442906483440536,-0.48398701785594878,-0.03846976553013174,3.9449931506907636,0.058235745810824739,0.024851661596236436,0,0,0
15.2007642,7527,4025,4294967275,7528,4025,-21,-0.096795574130310591,0.042411500823462206,0.023561944901923447,-0.041165184145110216,-0.25820131026884585,-0.020523161777392308,3.2400112145752318,0.0744358018837009,0.053889947896233685,0,0,0
15.2059943,7522,4024,4294967275,7523,4024,-21,-0.096685228058570605,0.043196898986859661,0.024347343065320902,-0.011665584195384793,-0.064467804840530607,0.062330656892242729,5.3456869142870502,0.10116423645513616,0.083855189703782113,0,0,0
15.2109729,7512,4022,4294967276,7513,4022,-20,-0.096464535915090646,0.04476769531365455,0.024347343065320892,0.014367652383347942,0.11216623244282492,0.033252663161896123,2.7215085764416376,0.11477177933734434,0.10872767911598673,0,0,0
15.2159432,7496,4018,4294967277,7497,4018,-19,-0.096111428485522704,0.047909287967244349,0.025918139392115798,0.040610735646983726,0.35295742639887229,0.16429893837797041,6.5882099480825964,0.14771282907775732,0.13885087830811549,0,0,0
15.2219269,7469,4013,4294967280,7470,4013,-16,-0.09551555969812682,0.051836278784231589,0.025132741228718346,0.077261320931571453,0.55469618010604793,0.014372007711540916,-1.8330775141696993,0.13854744150690881,0.14715125574947807,0,0,0
15.2269091,7442,4007,4294967283,7443,4007,-13,-0.094919690910730922,0.056548667764616277,0.025132741228718343,0.096813971712419122,0.73560092201240446,0.0076672949591762556,-3.8384515724196842,0.11935518364481039,0.14626329941549343,0,0,0
15.2319014,7414,4002,4294967286,7415,4002,-10,-0.094301752908987027,0.060475658581603517,0.024347343065320895,0.10930418831598529,0.7588319281493382,-0.069189108740413618,-8.1021699280924899,0.078844334004347941,0.12849894682742619,0,0,0
15.236893999999999,7386,3996,4294967288,7387,3996,-8,-0.093683814907243146,0.065188047561988219,0.025918139392115805,0.1159675701291349,0.84450491255947502,0.10964747303781727,-1.5170667928661352,0.07125900004001727,0.11386286406341797,0,0,0
15.241878,7361,3991,4294967291,7362,3991,-5,-0.093132084548543242,0.069115038378975438,0.025132741228718336,0.11334507418468227,0.81693091017849651,-0.014783898208110602,-7.1808636553321969,0.035354681763356287,0.086814730089862444,0,0,0
15.246864499999999,7340,3987,4294967293,7341,3987,-3,-0.092668631047235328,0.072256631032565244,0.02513274122871835,0.10370956277849903,0.72894098899251292,-0.0078870336339288138,-6.8125807110743484,0.0012917782079845466,0.054764997668969605,0,0,0
15.2514726,7325,3984,4294967294,7326,3984,-2,-0.092337592832015383,0.074612825522757595,0.025918139392115805,0.08621447061540452,0.60871989461172826,0.069071880774281641,-2.9803717785419508,-0.013610080684725207,0.028279150806603835,0,0,0
15.2561006,7315,3982,4294967295,7316,3982,-1,-0.092116900688535425,0.076183621849552477,0.025918139392115784,0.066585495980248488,0.4713038531696212,0.036849025822341848,-3.5789183769323651,-0.031504672569387035,0.0021069941932911999,0,0,0
15.2602423,7310,3981,0,7311,3981,0,-0.092006554616795452,0.076969020012949932,0.025132741228718343,0.045818120458459607,0.32471451224336051,-0.053621002847488428,-6.5834504340347513,-0.064421924739560793,-0.029844795806883588,0,0,0
15.266366700000001,7310,3980,0,7311,3980,0,-0.092006554616795452,0.077754418176347387,0.025918139392115798,0.024443421620765841,0.24651084457830674,0.044673352840520431,-1.7042638286321126,-0.072943243882721359,-0.053825587147809162,0,0,0
15.2713465,7314,3981,0,7315,3981,0,-0.092094831474187427,0.076969020012949932,0.025132741228718343,0.0048038332893156205,0.05823108061531887,-0.049446817562489087,-4.5285133317850716,-0.095585810541646721,-0.081471327081114514,0,0,0
15.2762048,7323,3982,0,7324,3982,0,-0.092293454403319389,0.076183621849552477,0.024347343065320888,-0.015969204513048674,-0.042213931252379031,-0.099658807603959995,-5.8237404064457383,-0.12470451257387541,-0.11233207981891333,0,0,0
15.280983600000001,7336,3985,4294967294,7337,3985,-2,-0.092580354189843339,0.07382742735936014,0.02513274122871835,-0.035287813847278374,-0.24235918747733312,0.02011273226296615,0.71871449082889127,-0.12111094011973095,-0.13138013119056816,0,0,0
15.2853081,7353,3988,4294967293,7354,3988,-3,-0.092955530833759278,0.071471232869167789,0.024347343065320895,-0.053830502914414387,-0.34913429816172492,-0.062549616150421386,-1.7141046674915568,-0.12968146345718873,-0.15006490070577516,0,0,0
15.2912731,7383,3994,4294967290,7384,3994,-6,-0.093617607264199154,0.066758843888783101,0.024347343065320895,-0.090491240123903957,-0.62593610601283278,-0.033369475318569548,1.9435500226280067,-0.11996371334404869,-0.14967434075714089,0,0,0
15.296248,7411,3999,4294967287,7412,3999,-9,-0.094235545265943049,0.062831853071795868,0.02513274122871835,-0.10593108631034691,-0.70032705480186896,0.055477301603602293,6.9370293460334613,-0.08527856661388139,-0.13507566171410537,0,0,0
15.3010304,7438,4004,4294967285,7439,4004,-11,-0.094831414053338933,0.058904862254808621,0.024347343065320902,-0.11210895011637055,-0.74001374006578924,-0.043683039560625803,3.527297070973062,-0.067642081259016079,-0.11878302427365965,0,0,0
15.305495199999999,7462,4009,4294967283,7463,4009,-13,-0.095361075197690839,0.054977871437821381,0.023561944901923447,-0.10922743609710593,-0.76118611402897085,-0.09658390068027306,1.7186879825218679,-0.059048641346406736,-0.10420660303016879,0,0,0
15.311473700000001,7490,4014,4294967280,7491,4014,-16,-0.095979013199434735,0.051050880620834134,0.024347343065320892,-0.11592662373439924,-0.77248132339845621,0.0217531584879651,7.4917835893146822,-0.021589723399833324,-0.070787180934739999,0,0,0
15.3164634,7509,4017,4294967279,7510,4017,-17,-0.096398328272046654,0.04869468613064179,0.023561944901923444,-0.10096856819439312,-0.6319481444994226,-0.061674468295070263,3.3926898995958847,-0.0046262739018539008,-0.044413790563319205,0,0,0
15.321448200000001,7522,4020,4294967278,7523,4020,-18,-0.096685228058570605,0.046338491640449446,0.022776546738525999,-0.080633962121597264,-0.55697536715361273,-0.10618211365181249,0.9620912500157397,0.0001841823482247977,-0.025387238524556332,0,0,0
15.325979,7530,4021,4294967277,7531,4021,-19,-0.096861781773354569,0.045553093477052005,0.023561944901923454,-0.05949014063112805,-0.37041924469956361,0.016632626171893622,5.1447889841395478,0.025908127268922537,-0.0015052839741015404,0,0,0
15.330973,7535,4021,4294967277,7536,4021,-19,-0.096972127845094555,0.045553093477052005,0.023561944901923454,-0.042032832877645594,-0.19761425575817848,0.0088733079862754523,3.8331850274873811,0.045074052406359442,0.02232112618169162,0,0,0
15.335963100000001,7535,4021,4294967277,7536,4021,-19,-0.096972127845094555,0.045553093477052005,0.023561944901923454,-0.022424015775046515,-0.1054248520768197,0.0047338041392615332,2.8806081488682711,0.059477093150700801,0.043497385847157011,0,0,0
15.340943299999999,7530,4020,4294967277,7531,4020,-19,-0.096861781773354569,0.046338491640449446,0.024347343065320895,-0.0016673940568225441,0.017036616203991876,0.075804947425870156,4.9553356103468769,0.084253771202435185,0.067419710607188488,0,0,0
15.3469383,7520,4018,4294967278,7521,4018,-18,-0.09664108962987461,0.047909287967244349,0.024347343065320902,0.019701567754735409,0.15564787044135403,0.040441036697489559,2.3146467559639086,0.095827004982254729,0.086210347612905788,0,0,0
15.3519375,7508,4015,4294967279,7509,4015,-17,-0.096376259057698657,0.050265482457436693,0.025132741228718346,0.035219874925623666,0.30287484316020435,0.094854330761505651,3.5388400334668453,0.11352120514958895,0.10774336751273668,0,0,0
15.3551793,7497,4013,4294967280,7498,4013,-16,-0.096133497699870701,0.051836278784231589,0.025132741228718346,0.041439596732465465,0.30813916050108869,0.050603655849679768,1.3464530211121473,0.12025347025514969,0.12911537115763083,0,0,0
15.360796199999999,7475,4008,4294967283,7476,4008,-13,-0.09564797498421479,0.055763269601218829,0.024347343065320895,0.067407957136242286,0.53078616898622588,-0.046283071530540523,-4.7191424414858893,0.096657758047720255,0.12809128433371275,0,0,0
15.366797,7446,4002,4294967286,7447,4002,-10,-0.095007967768122911,0.060475658581603517,0.024347343065320895,0.095675539995863007,0.72284521582212347,-0.024691467480661051,-5.822202755392258,0.067546744270758963,0.11016836209334989,0,0,0
15.3717629,7422,3997,4294967288,7423,3997,-8,-0.094478306623771005,0.06440264939859075,0.025132741228718336,0.10046040750179913,0.7520269108033657,0.060106915439520438,-2.9275932887152929,0.0529087778271825,0.093833311970291142,0,0,0
15.3767724,7401,3992,4294967290,7402,3992,-6,-0.094014853122463091,0.068329640215577997,0.025918139392115791,0.096835746545502574,0.76759499755371263,0.10534584287122177,-1.3931550121462575,0.045943002766451212,0.079490870611149012,0,0,0
15.3817751,7382,3989,4294967292,7383,3989,-4,-0.093595538049851157,0.070685834705770348,0.025132741228718343,0.090783812565635252,0.62934134785206197,-0.017078766674265583,-6.3081670889303298,0.01440216732179956,0.0542798241316522,0,0,0
15.386734799999999,7368,3986,4294967294,7369,3986,-2,-0.093286569048979223,0.073042029195962685,0.024347343065320895,0.077259626545701343,0.55558467218634888,-0.082390837923261295,-8.9240295554167979,-0.030217980455284434,0.019663597125099037,0,0,0
15.3917342,7358,3984,4294967295,7359,3984,-1,-0.093065876905499251,0.074612825522757595,0.024347343065320902,0.061808193311485349,0.44295684478820696,-0.043954530847076505,-6.8271975250363504,-0.064353968080466187,-0.01776340624110171,0,0,0
15.396678400000001,7354,3982,4294967295,7355,3982,-1,-0.092977600048107276,0.076183621849552477,0.025918139392115784,0.04121037611441597,0.3828712401458314,0.12310981982762086,0.86652026590371456,-0.060021366750947616,-0.040608501479964046,0,0,0
15.4017015,7356,3982,0,7357,3982,0,-0.09302173847680327,0.076183621849552477,0.024347343065320888,0.017867024360984651,0.20425724703908299,-0.080881415809626878,-6.6848757103259873,-0.093445745302577543,-0.072477534112801584,0,0,0
15.4066876,7363,3984,4294967295,7364,3984,-1,-0.093176222977239237,0.074612825522757595,0.024347343065320902,-0.0048819271192240953,-0.037590229769628419,-0.043149272125022328,-3.5741845922590811,-0.11131666826387294,-0.10033686908845238,0,0,0
15.4116584,7374,3986,4294967294,7375,3986,-2,-0.093418984335067193,0.073042029195962685,0.024347343065320895,-0.025254662869607834,-0.16661297850751033,-0.023019622817949364,-1.6098741122531206,-0.11936603882513855,-0.12352873486240441,0,0,0
15.4166542,7392,3989,4294967293,7393,3989,-3,-0.093816230193331115,0.070685834705770348,0.023561944901923454,-0.050537046614427567,-0.30872459773102506,-0.085560213926801368,-2.9407732663610524,-0.13406990515694381,-0.14417847353454119,0,0,0
15.4216517,7415,3993,4294967291,7416,3993,-5,-0.094323822123335024,0.067544242052180556,0.023561944901923454,-0.074320448570287995,-0.45781897348446132,-0.045645355201155695,0.1996788964878895,-0.13307151067450437,-0.15558053694378562,0,0,0
15.426634699999999,7442,3998,4294967288,7443,3998,-8,-0.094919690910730922,0.063617251235193309,0.024347343065320895,-0.095245051330255431,-0.61063856668959937,0.048928265878576446,5.8192885311574116,-0.10397506801871731,-0.14893385327483455,0,0,0
15.431609399999999,7471,4004,4294967286,7472,4004,-10,-0.095559698126822801,0.058904862254808621,0.022776546738525999,-0.11052629823895033,-0.7654455190419438,-0.12045639142007428,0.058891651710301751,-0.1036806097601658,-0.14428189045545836,0,0,0
15.436583000000001,7500,4009,4294967283,7501,4009,-13,-0.096199705342914693,0.054977871437821381,0.023561944901923447,-0.11867866148176306,-0.77475366524801037,0.0090174689735988134,6.3152253152461331,-0.072104483183935142,-0.12455573414761703,0,0,0
15.441596199999999,7528,4014,4294967280,7529,4014,-16,-0.096817643344658574,0.051050880620834134,0.024347343065320892,-0.12096873992333046,-0.7797194503990823,0.078090231601215171,9.9521017598823054,-0.022343974384523617,-0.088557941748762983,0,0,0
15.446558100000001,7551,4018,4294967278,7552,4018,-18,-0.097325235274662483,0.047909287967244349,0.024347343065320902,-0.11189491818596863,-0.70908911834807797,0.041660208589795404,8.4523379348460814,0.019917715289706789,-0.046994714481694282,0,0,0
15.4515619,7568,4021,4294967277,7569,4021,-19,-0.097700411918578423,0.045553093477052005,0.023561944901923454,-0.094699480772079236,-0.59812915803704059,-0.051054294136989864,4.0169248083475892,0.040002339331444731,-0.010105169460730073,0,0,0
15.456548,7578,4023,4294967276,7579,4023,-20,-0.097921104062058381,0.043982297150257102,0.023561944901923444,-0.07111214785162151,-0.4656538213311443,-0.027236857921147401,4.1925284377538601,0.060964981520214033,0.025083211137961609,0,0,0
15.4609822,7580,4023,4294967276,7581,4023,-20,-0.097965242490754376,0.043982297150257102,0.023561944901923444,-0.042055704536191382,-0.24842076825122986,-0.014530539339672523,3.2832321581556707,0.077381142310992385,0.055055908932263906,0,0,0
15.4660058,7576,4022,4294967277,7577,4022,-19,-0.097876965633362387,0.04476769531365455,0.022776546738525999,-0.014199776481621148,-0.059250002149716971,-0.081031388986862768,-1.0419846409439639,0.072171219106272569,0.072424224514322996,0,0,0
15.470385800000001,7567,4020,4294967277,7568,4020,-19,-0.097678342704230425,0.046338491640449446,0.024347343065320895,0.010956580715385151,0.11494986804003772,0.10332975755497192,5.4618417146179112,0.099480427679362132,0.096713176442291771,0,0,0
15.476363900000001,7550,4016,4294967279,7551,4016,-17,-0.0973031660603145,0.049480084294039245,0.024347343065320898,0.040850079796986773,0.35444246283992259,0.055125195110908805,1.5382749139981808,0.10717180224935303,0.11062365909234073,0,0,0
15.4813519,7532,4012,4294967281,7533,4012,-15,-0.096905920202050563,0.052621676947629037,0.024347343065320898,0.058857015820786132,0.48220891007016758,0.029408635110743358,-0.80964161066474172,0.10312359419602933,0.11860570931977424,0,0,0
15.4856877,7513,4008,4294967283,7514,4008,-13,-0.096486605129438643,0.055763269601218829,0.024347343065320895,0.070522612009241939,0.55037078810852313,0.015689156606824947,-2.3171811679934908,0.09153768835606188,0.12009450956829942,0,0,0
15.4917091,7486,4002,4294967286,7487,4002,-10,-0.095890736342042746,0.060475658581603517,0.024347343065320895,0.093218950753026969,0.73329337689242413,0.0083699782090044129,-4.4310966811850907,0.069382204950136431,0.10558526021457111,0,0,0
15.4966553,7463,3998,4294967288,7464,3998,-8,-0.095383144412038837,0.063617251235193309,0.024347343065320895,0.09709073613332285,0.68432136101615626,0.0044652836971958961,-4.9629592146885848,0.044567408876693505,0.086240377193608192,0,0,0
15.500279900000001,7448,3994,4294967290,7449,3994,-6,-0.095052106196818906,0.066758843888783101,0.024347343065320895,0.08268340542320525,0.65819537374944292,0.0023821756757972626,-5.0456676149713422,0.019339070801836795,0.067189625520185675,0,0,0
15.5054649,7431,3991,4294967292,7432,3991,-4,-0.094676929552902966,0.069115038378975438,0.023561944901923433,0.079115486590389195,0.57097795138263596,-0.072008656938093565,-8.2317247130316336,-0.021819552763321374,0.033170838042862243,0,0,0
15.511048000000001,7417,3988,4294967293,7418,3988,-3,-0.094367960552031019,0.071471232869167789,0.024347343065320895,0.071034713594939874,0.52444849521428294,0.034863758360080634,-3.6536737255020646,-0.040087921390831699,0.0013339593829329345,0,0,0
15.5156215,7411,3986,4294967294,7412,3986,-2,-0.094235545265943049,0.073042029195962685,0.024347343065320895,0.050250835333290986,0.42634606517150342,0.01859939989578091,-3.7017566347531896,-0.058596704564597646,-0.027645359273678064,0,0,0
15.5217449,7411,3986,4294967294,7412,3986,-2,-0.094235545265943049,0.073042029195962685,0.024347343065320895,0.026808222217690775,0.22745054845254847,0.0099225583458402225,-2.8251429033652089,-0.072722419081423684,-0.052841590676659618,0,0,0
15.526629700000001,7415,3987,4294967294,7416,3987,-2,-0.094323822123335024,0.072256631032565244,0.023561944901923454,0.0060654262455802042,0.048062639619558228,-0.067985952581353967,-4.991179847370149,-0.097678318318274421,-0.081610760296553592,0,0,0
15.5316961,7423,3988,4294967293,7424,3988,-3,-0.094500375838119002,0.071471232869167789,0.024347343065320895,-0.013237049432357633,-0.0476386734285799,0.037009823228379563,0.38663486940558012,-0.095745143971246519,-0.10006552881755976,0,0,0
15.535478599999999,7433,3990,4294967293,7434,3990,-3,-0.094721067981598961,0.069900436542372907,0.022776546738526013,-0.027652910860553364,-0.17197370353355826,-0.12681473863830534,-5.7071404142658171,-0.12428084604257561,-0.12869664263246977,0,0,0
15.540740700000001,7451,3993,4294967291,7452,3993,-5,-0.095118313839862884,0.067544242052180556,0.023561944901923454,-0.051816483357080174,-0.31158448069203698,0.0056253664536496661,1.2722335632139501,-0.11791967822650586,-0.14105005199094731,0,0,0
15.5467064,7480,3998,4294967289,7481,3998,-7,-0.095758321055954776,0.063617251235193309,0.022776546738525992,-0.08735767441212211,-0.53262420627809326,-0.070278453280972805,0.12806735336936148,-0.11727934145965904,-0.14261622708584235,0,0,0
15.5513777,7504,4003,4294967286,7505,4003,-10,-0.096287982200306682,0.059690260418206069,0.023561944901923447,-0.096022925269576814,-0.65054626753629896,0.035786801406316182,5.7996473431251703,-0.088281104744033195,-0.13374650778079106,0,0,0
15.5563637,7531,4008,4294967284,7532,4008,-12,-0.096883850987702566,0.055763269601218829,0.022776546738525999,-0.10682306419650688,-0.71345628289446728,-0.054187686923504966,2.9539551281373888,-0.073511329103346248,-0.12014975468346661,0,0,0
15.5613949,7557,4013,4294967282,7558,4013,-14,-0.097457650560750467,0.051836278784231589,0.021991148575128554,-0.11052569943343404,-0.74701802689840857,-0.10218800494947969,1.5478227908666815,-0.065772215149012839,-0.10600679907224599,0,0,0
15.566316,7580,4017,4294967280,7581,4017,-16,-0.097965242490754376,0.04869468613064179,0.021991148575128548,-0.10632368044982668,-0.69164329834874305,-0.05451608369290678,3.6447328405780044,-0.047548550946122814,-0.087613617966775054,0,0,0
15.5713761,7601,4021,4294967278,7602,4021,-18,-0.09842869599206229,0.045553093477052005,0.021991148575128558,-0.099963732838091901,-0.6621015401200927,-0.029083681423090691,4.8670797414495803,-0.02321315223887491,-0.06365538000779411,0,0,0
15.5762768,7617,4023,4294967276,7618,4023,-20,-0.098781803421630232,0.043982297150257102,0.023561944901923444,-0.086275225213665568,-0.4997823253311825,0.1310432408997266,11.143750337239583,0.032505599447323008,-0.024019113418208303,0,0,0
15.581249,7628,4025,4294967276,7629,4025,-20,-0.099024564779458188,0.042411500823462206,0.021991148575128548,-0.068677018097620557,-0.41318695728603927,-0.076649030146047251,1.7833443817217813,0.041422321355931914,0.0041450408969123612,0,0,0
15.5862222,7633,4026,4294967275,7634,4026,-21,-0.09913491085119816,0.041626102660064758,0.022776546738525999,-0.04693392260033126,-0.29370984039828729,0.032388174515418151,5.6102417822254367,0.069473530267059103,0.036710513585598584,0,0,0
15.5912144,7632,4025,4294967275,7633,4025,-21,-0.099112841636850163,0.042411500823462206,0.023561944901923447,-0.022979578512747553,-0.083411182796737912,0.090558224688172942,6.7926654912449802,0.10343685772328401,0.072644568375682506,0,0,0
15.5961982,7625,4024,4294967276,7626,4024,-20,-0.098958357136414196,0.043196898986859661,0.022776546738526002,0.0021544403642002104,0.028780646606134865,-0.024967784870524083,0.78917780297134121,0.10738274673814072,0.097242347721470071,0,0,0
15.6011881,7612,4021,4294967277,7613,4021,-19,-0.098671457349890246,0.045553093477052005,0.023561944901923454,0.027917801692635393,0.23519269009432556,0.059959503402668105,2.810400350390633,0.12143474849009388,0.1203838786330171,0,0,0
15.6061681,7593,4017,4294967279,7594,4017,-17,-0.098252142277278326,0.04869468613064179,0.023561944901923444,0.054016909724155904,0.41859057644507058,0.031987681013058947,-0.011488098175573835,0.12137730799921601,0.13386300743325161,0,0,0
15.6111603,7570,4012,4294967281,7571,4012,-15,-0.097744550347274417,0.052621676947629037,0.024347343065320898,0.076176914097955309,0.58971068403649096,0.090344566174105592,0.9123842552725816,0.12593922927557891,0.14413117757367142,0,0,0
15.6161463,7544,4006,4294967284,7545,4006,-12,-0.097170750774226516,0.057334065928013725,0.024347343065320895,0.094176343318066333,0.75428074287475844,0.048197750148677124,-2.4448740020111233,0.11371485926552329,0.14396629301805478,0,0,0
15.621128199999999,7515,4001,4294967287,7516,4001,-9,-0.096530743558134638,0.061261056745000965,0.023561944901923447,0.10995615524159379,0.76879739012311921,-0.047566593570313301,-7.5311608840227553,0.076059054845409507,0.1251956649692296,0,0,0
15.6261239,7488,3995,4294967290,7489,3995,-6,-0.09593487477073874,0.06597344572538566,0.023561944901923454,0.11425627645701285,0.84982136784470774,-0.025376211203532142,-7.6562111339255194,0.037777999175781909,0.096881918263988856,0,0,0
15.631112099999999,7465,3990,4294967292,7466,3990,-4,-0.095427282840734831,0.069900436542372907,0.024347343065320902,0.10831389886480408,0.81976717575998914,0.059741612817919967,-4.2902016120255411,0.016326991115654204,0.069253899687492987,0,0,0
15.6360966,7446,3986,4294967294,7447,3986,-2,-0.095007967768122911,0.073042029195962685,0.024347343065320895,0.096907270135711029,0.7304541029034084,0.031871438980935266,-5.2901154037795983,-0.01012358590324379,0.037647657864810301,0,0,0
15.641094300000001,7433,3984,4294967295,7434,3984,-1,-0.094721067981598961,0.074612825522757595,0.024347343065320902,0.078467307972918954,0.53624760357163903,0.017003033142266383,-5.0242318776068284,-0.035244745291277933,0.0057427879829335705,0,0,0
15.646077200000001,7426,3982,0,7427,3982,0,-0.09456658348116298,0.076183621849552477,0.024347343065320888,0.056275146182575564,0.43264074896564508,0.0090709156938251628,-4.6806216587434895,-0.058647853584995385,-0.02550439232491792,0,0,0
15.6510763,7425,3982,0,7426,3982,0,-0.094544514266814997,0.076183621849552477,0.024347343065320888,0.03208123057553449,0.23080868729390722,0.0048392254979471166,-3.5952579987573632,-0.076624143578782195,-0.053735670736197658,0,0,0
15.656067800000001,7429,3982,0,7430,3982,0,-0.094632791124206972,0.076183621849552477,0.024347343065320888,0.008878513408713682,0.12313368599166995,0.0025816691732592012,-2.7625228616815556,-0.090436757887189967,-0.078860575471577293,0,0,0
15.661051199999999,7437,3984,0,7438,3984,0,-0.094809344838990936,0.074612825522757595,0.022776546738526006,-0.011736300931623369,-0.080868683495325389,-0.1451817488249619,-7.7879498734069257,-0.12937650725422459,-0.11392191948348519,0,0,0
15.666066000000001,7452,3986,4294967295,7453,3986,-1,-0.095140383054210881,0.073042029195962685,0.022776546738525992,-0.037147830721292616,-0.18970151817100706,-0.077452734041898244,-3.8256774002362977,-0.14850489425540608,-0.14285736093576804,0,0,0
15.6710938,7472,3990,4294967293,7473,3990,-3,-0.095581767341170798,0.069900436542372907,0.022776546738526013,-0.061000130554090481,-0.39432157797420153,-0.041320111233797266,-0.65555980313162188,-0.1517826932710642,-0.16366524272226579,0,0,0
15.676040800000001,7499,3995,4294967290,7500,3995,-6,-0.096177636128566696,0.06597344572538566,0.023561944901923454,-0.088138820299067777,-0.5767634623695741,0.051235732026225805,5.131587059940629,-0.12612475797136105,-0.1644180533857425,0,0,0
15.681028100000001,7530,4001,4294967288,7531,4001,-8,-0.096861781773354569,0.061261056745000965,0.021991148575128551,-0.11085342913671117,-0.74737355430274222,-0.11922538570970814,-0.4378626071058509,-0.1283140710068903,-0.16543787344631031,0,0,0
15.686101000000001,7562,4007,4294967285,7563,4007,-11,-0.097567996632490453,0.056548667764616277,0.021991148575128558,-0.12503051270810872,-0.838392006569045,-0.063605323431872043,3.1347144269618785,-0.1126404988720809,-0.15671945168346557,0,0,0
15.690985299999999,7594,4013,4294967282,7595,4013,-14,-0.098274211491626323,0.051836278784231589,0.021991148575128554,-0.13259381795985134,-0.88694926692266163,-0.033932682580901964,5.3479651888513642,-0.085900672927824079,-0.13793773890953831,0,0,0
15.6959207,7625,4019,4294967279,7626,4019,-17,-0.098958357136414196,0.047123889803846894,0.021991148575128548,-0.13456964097822205,-0.9128539870573269,-0.018102682055686371,6.7852475245098605,-0.051974435305274777,-0.10917466246247695,0,0,0
15.700895600000001,7652,4024,4294967277,7653,4024,-19,-0.099554225923810094,0.043196898986859661,0.02120575041173111,-0.12738727797774474,-0.8533943274602005,-0.082937084585533324,4.1201529555612835,-0.03137367052746836,-0.080835676130983081,0,0,0
15.706866700000001,7677,4028,4294967274,7678,4028,-22,-0.10010595628250998,0.040055306333269862,0.022776546738526002,-0.11943735232565393,-0.74839378787278688,0.10231309164783614,11.969096664109932,0.028471812793081301,-0.031559001168601983,0,0,0
15.7118401,7691,4030,4294967273,7692,4030,-23,-0.10041492528338193,0.038484510006474966,0.022776546738525999,-0.092545948775278025,-0.5458182118607271,0.054582815956832877,8.9185326490139261,0.07306447603815093,0.016342040276068715,0,0,0
15.716828599999999,7696,4031,4294967273,7697,4031,-23,-0.10052527135512192,0.037699111843077518,0.021991148575128551,-0.059667712863941909,-0.36446703522035567,-0.04416023700082921,3.4013489428924952,0.09007122075261341,0.053914683937101401,0,0,0
15.7218102,7693,4031,4294967273,7694,4031,-23,-0.10045906371207793,0.037699111843077518,0.021991148575128551,-0.025654683447394151,-0.19443882288534145,-0.023558960539703085,2.8463307286065973,0.10430287439564639,0.085442576915489704,0,0,0
15.7267876,7683,4028,4294967274,7684,4028,-22,-0.10023837156859797,0.040055306333269862,0.022776546738526002,0.0069046345273094875,0.11610776142094908,0.060711094405600505,4.3319368024112093,0.12596255840770243,0.11562628224991921,0,0,0
15.7318499,7666,4025,4294967275,7667,4025,-21,-0.099863194924682028,0.042411500823462206,0.023561944901923447,0.038688414759907711,0.28178066587737438,0.10566816515451227,4.7100015226893248,0.14951256602114904,0.14406672401900705,0,0,0
15.736820099999999,7643,4020,4294967278,7644,4020,-18,-0.099355602994678119,0.046338491640449446,0.022776546738525999,0.06799934458017895,0.51672422600538548,-0.016906811574636804,-2.5251879760796849,0.13688662614075062,0.15511765349424086,0,0,0
15.741771099999999,7615,4014,4294967281,7616,4014,-15,-0.098737664992934238,0.051050880620834134,0.022776546738525996,0.093931927891703265,0.71534333670424299,-0.0090195826333902829,-4.1508583740743381,0.11613233427037892,0.15270812568374201,0,0,0
15.746761299999999,7585,4008,4294967284,7586,4008,-12,-0.098075588562494348,0.055763269601218829,0.022776546738525999,0.1118848727850722,0.82130426692518965,-0.0048118399215255252,-5.4261709649330552,0.089001479445713641,0.13841452553286906,0,0,0
15.7519799,7554,4002,4294967287,7555,4002,-9,-0.097391442917706475,0.060475658581603517,0.022776546738525999,0.12352166534841882,0.87783316131899947,-0.0025670592943706169,-6.4642151711737403,0.056680403589844941,0.11245496854259533,0,0,0
15.7557448,7533,3998,4294967289,7534,3998,-7,-0.096927989416398561,0.063617251235193309,0.022776546738525992,0.10913865297225545,0.76143161469660958,-0.0013694955626721026,-6.1182636486252058,0.026089085346718912,0.087114090227647212,0,0,0
15.761713500000001,7507,3992,4294967291,7508,3992,-5,-0.09635418984335066,0.068329640215577997,0.024347343065320895,0.11176103846916013,0.84589181437301275,0.14582842901054699,-0.7187617027940254,0.022495276832748785,0.061893419663858668,0,0,0
15.766485599999999,7491,3989,4294967293,7492,3989,-3,-0.096001082413782732,0.070685834705770348,0.023561944901923454,0.092568947274801194,0.67111176719550014,0.0045182109276348248,-5.9601419300095664,-0.0073054328172990485,0.033017785716967604,0,0,0
15.7713783,7480,3987,4294967294,7481,3987,-2,-0.095758321055954776,0.072256631032565244,0.023561944901923454,0.072034643865873757,0.50458917417393823,0.0024104117229308657,-5.2136356910360817,-0.033373611272479453,0.003561459321286705,0,0,0
15.776357600000001,7474,3986,4294967294,7475,3986,-2,-0.095625905769866792,0.073042029195962685,0.024347343065320895,0.05078428622475701,0.3424718346073069,0.074565445240826367,-1.1281344902888981,-0.039014283723923945,-0.017874411230716154,0,0,0
15.7815376,7472,3986,4294967295,7473,3986,-1,-0.095581767341170798,0.073042029195962685,0.022776546738525992,0.031211032440911352,0.18270464529712022,-0.106779261541148,-7.9129290037647113,-0.078578928742747495,-0.051116151172600058,0,0,0
15.7863206,7476,3986,4294967295,7477,3986,-1,-0.095670044198562787,0.073042029195962685,0.022776546738525992,0.0084142730670012499,0.097470752453037782,-0.056965464407704711,-5.042340881574666,-0.10379063315062083,-0.081846165957471406,0,0,0
15.791317400000001,7483,3987,4294967294,7484,3987,-2,-0.095824528698998754,0.072256631032565244,0.023561944901923454,-0.0099248573626102565,-0.021280033628631755,0.04288912242703373,0.17813175803131842,-0.10289997436046423,-0.10348808548733372,0,0,0
15.796287599999999,7497,3990,4294967293,7498,3990,-3,-0.096133497699870701,0.069900436542372907,0.022776546738526013,-0.034122336886819794,-0.23119120239494359,-0.050398683239845504,-2.2100359448806173,-0.11395015408486732,-0.12267508216684139,0,0,0
15.801280200000001,7515,3994,4294967291,7516,3994,-5,-0.096530743558134638,0.066758843888783101,0.022776546738525999,-0.055267845098289442,-0.41645583041080469,-0.026887097315131652,0.31473722752646016,-0.11237646794723502,-0.13400495535321832,0,0,0
15.8062571,7538,3998,4294967289,7539,3998,-7,-0.097038335488138547,0.063617251235193309,0.022776546738525992,-0.076844273222780146,-0.51529230315768837,-0.01434394622163096,2.1197638927237921,-0.10177764848361606,-0.13494542210778432,0,0,0
15.8113291,7564,4003,4294967287,7565,4003,-9,-0.097612135061186434,0.059690260418206069,0.021991148575128551,-0.094532371463640075,-0.64129990362561828,-0.080931843780507703,0.60347860189908342,-0.098760255474120651,-0.13235996236555009,0,0,0
15.816220599999999,7590,4008,4294967284,7591,4008,-12,-0.098185934634234334,0.055763269601218829,0.022776546738525999,-0.10396876122918963,-0.70852345786222459,0.030103344445070561,6.3298166622278709,-0.067111172162981292,-0.11501302816386985,0,0,0
15.8211972,7615,4013,4294967282,7616,4013,-14,-0.098737664992934238,0.051836278784231589,0.021991148575128554,-0.10694385252928354,-0.744386423488271,-0.057219743528558027,3.3106284145417004,-0.050558030090272793,-0.096273774098232512,0,0,0
15.826186099999999,7637,4017,4294967280,7638,4017,-16,-0.099223187708590149,0.04869468613064179,0.021991148575128548,-0.1023536975196301,-0.6902393692689599,-0.030526051747773581,4.546778655169005,-0.027824136814427768,-0.07288491981991338,0,0,0
15.831190100000001,7656,4020,4294967278,7657,4020,-18,-0.099642502781202069,0.046338491640449446,0.022776546738525999,-0.093727573697555522,-0.58807304138327554,0.056994234216549367,8.095758832528567,0.012654657348215068,-0.038428236776253052,0,0,0
15.836175799999999,7669,4023,4294967277,7670,4023,-19,-0.099929402567726019,0.043982297150257102,0.021991148575128551,-0.076770977789878209,-0.53356852214575412,-0.04287377407663083,3.5593982226638197,0.030451648461534166,-0.0093268565513561844,0,0,0
15.841144399999999,7676,4024,4294967276,7677,4024,-20,-0.100083887068162,0.043196898986859661,0.022776546738526002,-0.055370174231364935,-0.35793197163785578,0.050406871402004318,6.567912980186474,0.063291213362466542,0.024770695140613752,0,0,0
15.846132000000001,7677,4024,4294967276,7678,4024,-20,-0.10010595628250998,0.043196898986859661,0.022776546738526002,-0.03159843881679214,-0.1909524442895546,0.026891465602130009,4.477330553792302,0.085677866131428054,0.056185982600423179,0,0,0
15.851116899999999,7672,4023,4294967276,7673,4023,-20,-0.099995610210770011,0.043982297150257102,0.023561944901923444,-0.0065618394922269448,-0.028591335701198373,0.087625795942738754,5.8943752504339288,0.11514974238359769,0.089846459553864638,0,0,0
15.8561041,7662,4021,4294967277,7663,4021,-19,-0.099774918067290053,0.045553093477052005,0.023561944901923454,0.017090439402451953,0.13130590147905744,0.046747318607831212,2.9028204732945424,0.1296638447500704,0.1185964072226445,0,0,0
15.8606414,7647,4018,4294967279,7648,4018,-17,-0.099443879852070108,0.047909287967244349,0.022776546738526002,0.0400041998335324,0.28988869260510985,-0.048340381524297843,-2.5851984627538989,0.1167378524363009,0.13286333793131902,0,0,0
15.8666272,7619,4012,4294967281,7620,4012,-15,-0.098825941850326227,0.052621676947629037,0.024347343065320898,0.078996851560995673,0.5943292809988977,0.1207700207220207,2.0904969995435301,0.12719033743401856,0.14073834910568098,0,0,0
15.871610199999999,7593,4006,4294967284,7594,4006,-12,-0.098252142277278326,0.057334065928013725,0.024347343065320895,0.09568074637222003,0.75674470935175187,0.064429367816023486,-1.8058940429305399,0.11816086721936586,0.14217957602975248,0,0,0
15.8766213,7565,4001,4294967287,7566,4001,-9,-0.097634204275534431,0.061261056745000965,0.023561944901923447,0.1086996260924664,0.77011188689544285,-0.038907218845640058,-7.1290177972413469,0.082515778233159129,0.12635042274057795,0,0,0
15.881607199999999,7538,3996,4294967289,7539,3996,-7,-0.097038335488138547,0.065188047561988219,0.024347343065320902,0.11358593311984326,0.77724311692650372,0.052522981380393338,-3.8951469003634589,0.063040043731341838,0.10831786513042764,0,0,0
15.8865879,7514,3991,4294967292,7515,3991,-4,-0.096508674343786641,0.069115038378975438,0.023561944901923433,0.11001538894020259,0.78104754322290271,-0.045259134216979344,-8.553035040696674,0.020274868527858467,0.077032891034803042,0,0,0
15.891630899999999,7494,3987,4294967294,7495,3987,-2,-0.09606729005682671,0.072256631032565244,0.023561944901923454,0.099874105090767884,0.70979764005345158,-0.024145209117850404,-7.6478980818430333,-0.017964621881356703,0.040158757571568907,0,0,0
15.8965911,7480,3984,4294967295,7481,3984,-1,-0.095758321055954776,0.074612825522757595,0.024347343065320902,0.082109189352394071,0.59850714592913756,0.060398337770739483,-3.5290702352560719,-0.035609973057637065,0.008396105342037323,0,0,0
15.901599300000001,7472,3982,0,7473,3982,0,-0.095581767341170798,0.076183621849552477,0.024347343065320888,0.060277156790412748,0.46585547337015265,0.032221793922386194,-3.9237113175869718,-0.055228529645571928,-0.022392004320350177,0,0,0
15.906596499999999,7470,3982,0,7471,3982,0,-0.095537628912474817,0.076183621849552477,0.024347343065320888,0.036275365837956666,0.24852834721258504,0.017189943331184725,-3.2324096256337347,-0.07139057777374061,-0.050050655387136711,0,0,0
15.9115755,7474,3982,0,7475,3982,0,-0.095625905769866792,0.076183621849552477,0.024347343065320888,0.01111603462364117,0.13258691353646893,0.0091706300537179805,-2.5593314981519564,-0.084187235264500393,-0.073557256986694908,0,0,0
15.9165604,7481,3984,0,7482,3984,0,-0.095780390270302773,0.074612825522757595,0.022776546738526006,-0.0084834997471763887,-0.075825499177800737,-0.14166661666257202,-7.720717671271621,-0.1227908236208585,-0.10784096414998637,0,0,0
15.9215535,7494,3986,4294967295,7495,3986,-1,-0.09606729005682671,0.073042029195962685,0.022776546738525992,-0.031294279501260298,-0.18701103939643024,-0.075577452894651925,-3.8819755303095915,-0.14220070127240644,-0.13717353564973936,0,0,0
15.9265191,7514,3990,4294967293,7515,3990,-3,-0.096508674343786641,0.069900436542372907,0.022776546738526013,-0.057877330687612735,-0.39288623958863145,-0.040319671074293691,-0.67661917931978444,-0.14558379716900535,-0.15667828964755973,0,0,0
15.931519,7540,3995,4294967290,7541,3995,-6,-0.097082473916834527,0.06597344572538566,0.023561944901923454,-0.084413733496718962,-0.57599772643418656,0.051769454937170244,5.078543091178318,-0.12019108171311377,-0.15699093237828673,0,0,0
15.936514799999999,7569,4001,4294967288,7570,4001,-8,-0.09772248113292642,0.061261056745000965,0.021991148575128551,-0.10474791916393722,-0.74696504330029245,-0.11894065089277681,-0.55896771383475574,-0.12298592028228755,-0.15875811020259331,0,0,0
15.941493700000001,7600,4007,4294967285,7601,4007,-11,-0.098406626777714293,0.056548667764616277,0.021991148575128558,-0.11971418558487379,-0.8381740708141584,-0.063453420797920171,3.027656180551813,-0.10784763937952849,-0.15013532420888487,0,0,0
15.9464591,7631,4013,4294967282,7632,4013,-14,-0.099090772422502166,0.051836278784231589,0.021991148575128554,-0.12769851048854011,-0.88683300079280669,-0.033851644334683267,5.2481870845254006,-0.081606703956901477,-0.13152998958660964,0,0,0
15.951469899999999,7660,4018,4294967279,7661,4018,-17,-0.099730779638594058,0.047909287967244349,0.022776546738526002,-0.12783983221460798,-0.83951244116963442,0.055220070175611854,9.4751916732114587,-0.034230745590844186,-0.097702425781610897,0,0,0
15.956462399999999,7685,4023,4294967277,7686,4023,-19,-0.10028250999729396,0.043982297150257102,0.021991148575128551,-0.11967878462159459,-0.81426748614690614,-0.043820269464113396,5.5044158013192614,-0.0067086665842478778,-0.063715508257082346,0,0,0
15.961426400000001,7704,4026,4294967275,7705,4026,-21,-0.10070182506990588,0.041626102660064758,0.022776546738525999,-0.10297030134356966,-0.65424056469811542,0.049901927384509374,8.9173893551070762,0.0378782801912875,-0.020668267813119031,0,0,0
15.966430600000001,7716,4028,4294967274,7717,4028,-22,-0.10096665564208183,0.040055306333269862,0.022776546738526002,-0.079642752655504481,-0.49558858855919707,0.026622083982129081,7.0945229057947579,0.073350894720261295,0.022826128829701274,0,0,0
15.9714215,7719,4029,4294967274,7720,4029,-22,-0.10103286328512583,0.039269908169872414,0.021991148575128554,-0.048665790871588267,-0.33767012936899721,-0.059076954527523914,2.2318738492539292,0.084510263966530941,0.055216496979217079,0,0,0
15.976381999999999,7715,4028,4294967274,7716,4028,-22,-0.10094458642773384,0.040055306333269862,0.022776546738526002,-0.017726178822639417,-0.10686347344353521,0.041762667593652353,4.9132348652700939,0.10907643829288141,0.088305984810339994,0,0,0
15.981408500000001,7705,4026,4294967274,7706,4026,-22,-0.10072389428425388,0.041626102660064758,0.024347343065320898,0.011134397324776875,0.089548648129277583,0.16883892439744386,8.9182847082267287,0.15366786183401504,0.12962157275870342,0,0,0
15.9863754,7688,4023,4294967276,7689,4023,-20,-0.10034871764033794,0.043982297150257102,0.023561944901923444,0.040944942840496747,0.26761169522632822,0.016794036186649777,0.87538463068318217,0.15804478498743096,0.15666047811316097,0,0,0
15.991342100000001,7663,4017,4294967278,7664,4017,-18,-0.09979698728163805,0.04869468613064179,0.025132741228718343,0.073321395963826086,0.58244476819205004,0.15551845689096502,4.4415742891967218,0.18025265643341457,0.18370157373802759,0,0,0
15.9963187,7631,4011,4294967282,7632,4011,-14,-0.099090772422502166,0.053407075111026485,0.02356194490192345,0.10500761997593829,0.75040446330087973,-0.063591793887838713,-6.8758175256440346,0.14587356880519439,0.18284362382666697,0,0,0
16.001367200000001,7595,4004,4294967285,7596,4004,-11,-0.09829628070597432,0.058904862254808621,0.024347343065320902,0.13014828418892557,0.91328847971674931,0.039354054561735366,-4.4012165224389728,0.12386748619299953,0.17266139393923413,0,0,0
16.006308300000001,7559,3997,4294967289,7560,3997,-7,-0.097501788989446461,0.06440264939859075,0.023561944901923433,0.14356052914867584,1.0001851627037028,-0.05228459984718363,-9.7186032555349264,0.075274469915324896,0.14306321092349292,0,0,0
16.011283500000001,7526,3990,4294967292,7527,3990,-4,-0.096773504915962594,0.069900436542372907,0.024347343065320902,0.14453847132133701,1.046543508232564,0.045386307926082767,-6.481974941528029,0.04286459520768475,0.10960145733435256,0,0,0
16.0163306,7499,3985,4294967295,7500,3985,-1,-0.096177636128566696,0.07382742735936014,0.023561944901923447,0.13270553024790421,0.92471609491086137,-0.049066464514858743,-10.38847878615233,-0.0090777987230769019,0.064100256997868463,0,0,0
16.021356699999998,7479,3981,1,7480,3981,1,-0.095736251841606779,0.076969020012949932,0.023561944901923447,0.11197902526359974,0.78644310144328289,-0.026176374490621348,-8.9307761811948829,-0.053731679629051315,0.0150514390109521,0,0,0
16.026226699999999,7467,3978,2,7468,3978,2,-0.095471421269430826,0.079325214503142283,0.024347343065320902,0.084448799582768089,0.63939658681679556,0.05931473523333021,-4.4155930466320443,-0.075809644862211534,-0.027236934108611541,0,0,0
16.030624100000001,7464,3978,2,7465,3978,2,-0.095405213626386834,0.079325214503142283,0.024347343065320902,0.051229759672508396,0.34111046455105914,0.031643704873203539,-3.7469987448774145,-0.094544638586598603,-0.063988893325113358,0,0,0
16.036592800000001,7469,3979,2,7470,3979,2,-0.09551555969812682,0.078539816339744828,0.023561944901923447,0.017034915381138681,0.10869885129252635,-0.056397979584162053,-5.821516456680313,-0.12365222087000016,-0.10105871295148658,0,0,0
16.0415481,7480,3981,1,7481,3981,1,-0.095758321055954776,0.076969020012949932,0.023561944901923447,-0.013562288401344933,-0.088569495904188403,-0.030087650469749629,-3.129931655226474,-0.13930187914613254,-0.132317844261436,0,0,0
16.046540499999999,7498,3984,4294967295,7499,3984,-1,-0.096155566914218699,0.074612825522757595,0.024347343065320902,-0.04429930407903164,-0.2670893291748771,0.057228116077494576,2.2998386579554202,-0.12780268585635543,-0.14726123972716995,0,0,0
16.051526800000001,7522,3989,4294967293,7523,3989,-3,-0.096685228058570605,0.070685834705770348,0.023561944901923454,-0.0730517974750826,-0.50888657283239414,-0.042749000889094335,0.075057106713319888,-0.12742740032278882,-0.15669965228871946,0,0,0
16.056508600000001,7551,3994,4294967290,7552,3994,-6,-0.097325235274662483,0.066758843888783101,0.024347343065320895,-0.098686461604653886,-0.63788252278233326,0.050473436411641544,5.6769137088837507,-0.099042831778370061,-0.14707241035430463,0,0,0
16.0614952,7581,4000,4294967288,7582,4000,-8,-0.097987311705102373,0.06204645490839842,0.022776546738526006,-0.11442135989962252,-0.77997984517162555,-0.11963206134197854,-0.14331086887248112,-0.099759386122732469,-0.14041037552343519,0,0,0
16.0664905,7610,4006,4294967285,7611,4006,-11,-0.098627318921194251,0.057334065928013725,0.022776546738526006,-0.12075663049179593,-0.85578707444224755,-0.063822280038625903,3.1936989499403827,-0.083790891373030557,-0.12641494819983101,0,0,0
16.071475100000001,7637,4011,4294967282,7638,4011,-14,-0.099223187708590149,0.053407075111026485,0.02356194490192345,-0.12001820138111989,-0.82294980918471961,0.039231092945128332,8.0159043624209794,-0.04371136956092566,-0.098730706922121353,0,0,0
16.076461500000001,7661,4015,4294967280,7662,4015,-16,-0.099752848852942055,0.050265482457436693,0.02356194490192345,-0.11344692745629695,-0.73215199993381175,0.020929320886714162,7.2498538313751304,-0.007462100404050008,-0.064772764476245193,0,0,0
16.081465300000001,7680,4019,4294967278,7681,4019,-18,-0.10017216392555398,0.047123889803846894,0.023561944901923447,-0.09964567976050262,-0.68371245000129144,0.011165543447685972,6.7927069034125811,0.026501434113012895,-0.027083832102567665,0,0,0
16.0864467,7692,4021,4294967277,7693,4021,-19,-0.10043699449772993,0.045553093477052005,0.023561944901923454,-0.077869106633553772,-0.51131148839044371,0.0059566844599014124,5.6987147871577557,0.054995008048801669,0.0099985390072594924,0,0,0
16.0914365,7697,4021,4294967277,7698,4021,-19,-0.10054734056946991,0.045553093477052005,0.023561944901923454,-0.051837792366507977,-0.27277858989436865,0.0031778202217448439,4.1633157260925797,0.075811586679264575,0.043525218935033166,0,0,0
16.096464399999999,7694,4021,4294967277,7695,4021,-19,-0.10048113292642592,0.045553093477052005,0.023561944901923454,-0.021477514107823024,-0.14552412921326965,0.0016953292439293632,2.9389946800745568,0.090506560079637366,0.070941164091151282,0,0,0
16.101468300000001,7686,4019,4294967278,7687,4019,-18,-0.10030457921164196,0.047123889803846894,0.023561944901923447,0.0050148840990000502,0.068923648682351096,0.00090443796211415203,1.3322676373957423,0.097167898266616079,0.092252887112835635,0,0,0
16.106427199999999,7674,4016,4294967279,7675,4016,-17,-0.10003974863946601,0.049480084294039245,0.024347343065320898,0.027384704097666506,0.25660850364263299,0.07376202617393593,3.0069265130790166,0.11220253083201116,0.11383336659311984,0,0,0
16.111444200000001,7656,4012,4294967281,7657,4012,-15,-0.099642502781202069,0.052621676947629037,0.024347343065320898,0.051673398243131233,0.43001565793412067,0.039351162538545079,0.00036416345010237272,0.11220435164926168,0.12580508681369651,0,0,0
16.116430699999999,7634,4008,4294967283,7635,4008,-13,-0.099156980065546158,0.055763269601218829,0.024347343065320895,0.072867568368772617,0.5225263096586269,0.020993376584903824,-2.010907242094961,0.10214981543878687,0.12808652638209947,0,0,0
16.1214026,7609,4002,4294967286,7610,4002,-10,-0.098605249706846254,0.060475658581603517,0.024347343065320895,0.090351736519523412,0.71843867923676163,0.011199716399837006,-4.1402785286695636,0.081448422795439054,0.11880923073365894,0,0,0
16.126414700000002,7584,3997,4294967288,7585,3997,-8,-0.098053519348146365,0.06440264939859075,0.025132741228718336,0.099679332010582017,0.74967607601211783,0.079254434614927122,-2.0462592217976221,0.071217126686450943,0.10760383480813514,0,0,0
16.1314241,7561,3992,4294967291,7562,3992,-5,-0.097545927418142456,0.068329640215577997,0.024347343065320895,0.10053727259813663,0.76634085518845929,-0.030998222258794228,-7.3626012779003123,0.034404120296949378,0.082967113230944467,0,0,0
16.136353700000001,7541,3988,4294967293,7542,3988,-3,-0.097104543131182525,0.071471232869167789,0.024347343065320895,0.094817642896299736,0.70195179712768274,-0.016537182420061882,-6.8593119991456097,0.00010756030122132526,0.052251543477372889,0,0,0
16.141363200000001,7525,3985,4294967294,7526,3985,-2,-0.096751435701614596,0.07382742735936014,0.02513274122871835,0.083529847514034444,0.59432148216366854,0.064457129410713479,-3.0564332005573016,-0.015174605701565183,0.024882354397467162,0,0,0
16.146353000000001,7516,3983,4294967295,7517,3983,-1,-0.096552812772482635,0.075398223686155036,0.025132741228718343,0.063094171263878729,0.46362247159796466,0.034387110926533099,-3.5692726704968392,-0.03302096905404938,-0.00060265716679255843,0,0,0
16.151339700000001,7511,3982,0,7512,3982,0,-0.096442466700742649,0.076183621849552477,0.024347343065320888,0.043955540300145618,0.3206165866517538,-0.054934405125683483,-6.5786513527526402,-0.065914225817812588,-0.032743326662646691,0,0,0
16.156330000000001,7511,3982,0,7512,3982,0,-0.096442466700742649,0.076183621849552477,0.024347343065320888,0.023449757287602745,0.17104513078498945,-0.029306850925726203,-4.5388864868054082,-0.088608658251839625,-0.063393055754163277,0,0,0
16.1612814,7517,3983,0,7518,3983,0,-0.096574881986830619,0.075398223686155036,0.023561944901923447,0.00015550467558960411,0.017971021020895775,-0.088914375248273558,-5.9828280561504945,-0.11852279853259209,-0.096627777400745421,0,0,0
16.166302999999999,7527,3985,4294967295,7528,3985,-1,-0.096795574130310591,0.07382742735936014,0.023561944901923447,-0.020508142734671577,-0.13697171288463822,-0.0474347603217595,-3.0561927977893695,-0.13380376252153894,-0.12624871172736302,0,0,0
16.171256799999998,7543,3987,4294967294,7544,3987,-2,-0.097148681559878519,0.072256631032565244,0.023561944901923454,-0.04388661412287341,-0.21963181622433831,-0.025305879735418837,-1.0878647589587958,-0.13924308631633292,-0.14876591265278369,0,0,0
16.176273299999998,7567,3992,4294967292,7568,3992,-4,-0.097678342704230425,0.068329640215577997,0.022776546738525992,-0.072831632298159268,-0.48356855484047995,-0.086779904765447932,-1.6657630595629005,-0.14757190161414743,-0.16523486885015565,0,0,0
16.1812641,7595,3997,4294967289,7596,3997,-7,-0.09829628070597432,0.06440264939859075,0.023561944901923433,-0.096509895841972865,-0.6243756616936168,0.026983473553629803,4.7639020961236955,-0.12375239113352896,-0.16404074325447801,0,0,0
16.186212399999999,7627,4004,4294967286,7628,4004,-10,-0.099002495565110191,0.058904862254808621,0.022776546738525999,-0.1173784085111958,-0.84605361492479048,-0.058884157494882475,3.0732831322953968,-0.10838597547205198,-0.1550904992343832,0,0,0
16.191234999999999,7660,4010,4294967283,7661,4010,-13,-0.099730779638594058,0.054192473274423933,0.022776546738525999,-0.13057062176173079,-0.89103664373905589,-0.031413996777452734,5.3230030775047643,-0.081770960084528152,-0.13474928942668787,0,0,0
16.1961847,7690,4015,4294967280,7691,4015,-16,-0.10039285606903393,0.050265482457436693,0.02356194490192345,-0.13143117963786319,-0.84175503462065748,0.056520526117671999,9.5152230051902595,-0.034194845058576853,-0.099776877967905506,0,0,0
16.2012155,7715,4020,4294967278,7716,4020,-18,-0.10094458642773384,0.046338491640449446,0.022776546738525999,-0.12159472570287197,-0.81546388304618578,-0.04312649170603565,5.4753195733981972,-0.0068182471915858682,-0.065630002862098316,0,0,0
16.206208400000001,7735,4024,4294967276,7736,4024,-20,-0.10138597071469375,0.043196898986859661,0.022776546738526002,-0.10605154335638411,-0.7281583474881157,-0.023007469735708934,6.0653623226758189,0.023508564421793228,-0.02798772049395,0,0,0
16.211156500000001,7747,4026,4294967275,7748,4026,-21,-0.10165080128686971,0.041626102660064758,0.022776546738525999,-0.081286558575110579,-0.53502284539752176,-0.012274211110140014,5.4794630708386629,0.05090587977598654,0.0081780573639717823,0,0,0
16.216083000000001,7752,4026,4294967275,7753,4026,-21,-0.10176114735860969,0.041626102660064758,0.022776546738525999,-0.053660962279204708,-0.28542831648125438,-0.0065481454547978079,4.2151255021087159,0.071981507286530119,0.040922529765354973,0,0,0
16.221071200000001,7750,4026,4294967275,7751,4026,-21,-0.1017170089299137,0.041626102660064758,0.022776546738525999,-0.024509263807003096,-0.15227260770293169,-0.0034933576188669671,3.1861965823216134,0.087912490198138182,0.06889667454583627,0,0,0
16.226051699999999,7743,4024,4294967276,7744,4024,-20,-0.10156252442947773,0.043196898986859661,0.022776546738526002,0.0013383714765976881,0.065323415775133203,-0.0018636646875875764,1.6839226026932526,0.096332103211604445,0.091407938105663902,0,0,0
16.231044099999998,7730,4021,4294967277,7731,4021,-19,-0.10127562464295378,0.045553093477052005,0.023561944901923454,0.027482438659589485,0.25468782226147729,0.07228527637540233,3.312951537971764,0.11289686090146327,0.11274555640220588,0,0,0
16.236030499999998,7712,4017,4294967279,7713,4017,-17,-0.10087837878468985,0.04869468613064179,0.023561944901923444,0.051725538468005143,0.42899099729049306,0.038563334107505245,0.3326165160431116,0.11455994348167882,0.12564644265482175,0,0,0
16.241012699999999,7690,4013,4294967281,7691,4013,-15,-0.10039285606903393,0.051836278784231589,0.02356194490192345,0.072895384557809667,0.52197966540784246,0.020573079499122057,-1.6646629225126399,0.10623662886911561,0.12933980969244815,0,0,0
16.245999300000001,7665,4008,4294967283,7666,4008,-13,-0.09984112571033403,0.055763269601218829,0.024347343065320895,0.090366576125114215,0.64486753174688771,0.084255012201868831,-0.25072850614064768,0.10498298633841237,0.12991577031239726,0,0,0
16.250990099999999,7639,4002,4294967286,7640,4002,-10,-0.099267326137286144,0.060475658581603517,0.024347343065320895,0.10174635902616197,0.7837062642703807,0.044949045624432617,-3.2454037739519808,0.088755967468652469,0.12143914027312433,0,0,0
16.255978800000001,7613,3997,4294967289,7614,3997,-7,-0.098693526564238243,0.06440264939859075,0.023561944901923433,0.1078173376830744,0.78449555536182958,-0.049299738745472832,-7.9859048046979408,0.048826443445162765,0.097231508346415793,0,0,0
16.2609566,7591,3992,4294967291,7592,3992,-5,-0.098208003848582331,0.068329640215577997,0.024347343065320895,0.10281969144692241,0.78491663275952306,0.046978695777405891,-4.2884320976225005,0.027384282957050261,0.073903935488797409,0,0,0
16.266949,7569,3988,4294967293,7570,3988,-3,-0.09772248113292642,0.071471232869167789,0.024347343065320895,0.10015350669644904,0.71186175324460255,0.025062574732237945,-5.3144367293038792,0.00081209931053086507,0.04277867569331123,0,0,0
16.271928299999999,7556,3985,4294967295,7557,3985,-1,-0.097435581346402469,0.07382742735936014,0.023561944901923447,0.080199136518937231,0.59960832573528067,-0.059908934140287251,-8.44660243819553,-0.041420912880446789,0.0059311067930536941,0,0,0
16.276913199999999,7549,3984,4294967295,7550,3984,-1,-0.097281096845966503,0.074612825522757595,0.024347343065320902,0.057199056087686648,0.39316342039086499,0.041318816378213177,-2.9875890969963521,-0.056358858365428546,-0.023278345818959018,0,0,0
16.281936099999999,7547,3983,4294967295,7548,3983,-1,-0.097236958417270508,0.075398223686155036,0.025132741228718343,0.034633235769874426,0.28302752192318786,0.095322615767773122,0.22045251742656591,-0.055256595778295718,-0.04328834541407485,0,0,0
16.2858974,7550,3984,4294967295,7551,3984,-1,-0.0973031660603145,0.074612825522757595,0.024347343065320902,0.012299088051016142,0.077712293105030514,-0.022426038968256373,-3.4449762700103053,-0.072481477128347238,-0.065259430066117757,0,0,0
16.291908200000002,7558,3985,4294967295,7559,3985,-1,-0.097479719775098464,0.07382742735936014,0.023561944901923447,-0.0099114650952667957,-0.031820936389102612,-0.085243544011927436,-5.1891761659223103,-0.098427357957958789,-0.08983108012204373,0,0,0
16.296258300000002,7567,3986,4294967294,7568,3986,-2,-0.097678342704230425,0.073042029195962685,0.024347343065320895,-0.023819640958075546,-0.09025560990297142,0.027803103719253382,0.26218621049499946,-0.097116426905483791,-0.10688177308309288,0,0,0
16.301244499999999,7582,3989,4294967293,7583,3989,-3,-0.09800938091945037,0.070685834705770348,0.023561944901923454,-0.043594148726009307,-0.26798885091344987,-0.058446894562423912,-2.0531612343630763,-0.10738223307729917,-0.12239298957063985,0,0,0
16.306240299999999,7602,3993,4294967291,7603,3993,-5,-0.098450765206410287,0.067544242052180556,0.023561944901923454,-0.064439164440992999,-0.4360869376755826,-0.031180722210310517,0.56145841723588208,-0.10457494099111976,-0.1289722338349647,0,0,0
16.3112049,7625,3997,4294967289,7626,3997,-7,-0.098958357136414196,0.06440264939859075,0.023561944901923433,-0.081737062871705984,-0.52576526509838084,-0.016634543970822466,2.3132763941015964,-0.093008559020611781,-0.12681996732294948,0,0,0
16.3153802,7646,4001,4294967287,7647,4001,-9,-0.099421810637722111,0.061261056745000965,0.023561944901923447,-0.086847065159953329,-0.57360758480741048,-0.0088743311091638039,3.3515207837801628,-0.076250955101710968,-0.1200228484899374,0,0,0
16.321346200000001,7675,4007,4294967285,7676,4007,-11,-0.100061817853814,0.056548667764616277,0.021991148575128558,-0.10604607262794766,-0.7456899312063856,-0.15129338854717156,-1.1571769827907614,-0.082036840015664775,-0.11112599362489371,0,0,0
16.326330500000001,7699,4011,4294967283,7700,4011,-13,-0.10059147899816591,0.053407075111026485,0.021991148575128551,-0.10599296315928797,-0.69093477511321877,-0.080713221050735792,1.9771618553233483,-0.072151030739048036,-0.10021878590599667,0,0,0
16.331335899999999,7720,4015,4294967281,7721,4015,-15,-0.10105493249947382,0.050265482457436693,0.021991148575128554,-0.099787299102071569,-0.66172355141167982,-0.043059542224170966,3.7023943026594184,-0.053639059225750949,-0.085543625797295589,0,0,0
16.336307900000001,7739,4018,4294967279,7740,4018,-17,-0.10147424757208574,0.047909287967244349,0.022776546738526002,-0.092358430704793007,-0.57286019214869366,0.050307766307587265,7.5628643703660519,-0.015824737373920691,-0.059410146976140756,0,0,0
16.341297300000001,7755,4021,4294967278,7756,4021,-18,-0.10182735500165369,0.045553093477052005,0.021991148575128558,-0.082217887096400849,-0.52545264824754023,-0.046440925077524634,3.3450320518468506,0.00090042288531356346,-0.035782972283926281,0,0,0
16.345572199999999,7765,4023,4294967277,7766,4023,-19,-0.10204804714513364,0.043982297150257102,0.021991148575128551,-0.064453366267809065,-0.42688176885637985,-0.024775680468114212,3.6872828086634959,0.019336836928631043,-0.013038676642236827,0,0,0
16.351549899999998,7773,4024,4294967277,7774,4024,-19,-0.10222460085991761,0.043196898986859661,0.02120575041173111,-0.050857985436373959,-0.30101585928080005,-0.086497049770433737,0.33475895299929448,0.021010631693627515,0.0042199644909046213,0,0,0
16.3565334,7775,4024,4294967276,7776,4024,-20,-0.1022687392886136,0.043196898986859661,0.022776546738526002,-0.031250350092631801,-0.16058837615586219,0.10041389261699284,7.4094474361095584,0.058057868874175314,0.031472311942567555,0,0,0
16.361083600000001,7773,4023,4294967276,7774,4023,-20,-0.10222460085991761,0.043982297150257102,0.023561944901923444,-0.012553469091405301,-0.012392466954794609,0.12684913518328289,7.6319185132861573,0.096217461440606111,0.064343751267947419,0,0,0
16.3658626,7768,4022,4294967277,7769,4022,-19,-0.10211425478817762,0.04476769531365455,0.022776546738525999,0.0035984250514588274,0.066668285752394044,-0.005607016306529794,1.2684459816495701,0.10255969134885397,0.089297553606013172,0,0,0
16.371837899999999,7754,4019,4294967278,7755,4019,-18,-0.10180528578730569,0.047123889803846894,0.023561944901923447,0.030747260589725246,0.25540529437841192,0.070288242865929731,2.9456961390379011,0.11728817204404347,0.11042793582692524,0,0,0
16.376837399999999,7737,4015,4294967280,7738,4015,-16,-0.10143010914338975,0.050265482457436693,0.02356194490192345,0.051408171824544879,0.42937376012056894,0.037497940512693034,0.092440970462864369,0.1177503768963578,0.12470456404746377,0,0,0
16.381835899999999,7715,4011,4294967282,7716,4011,-14,-0.10094458642773384,0.053407075111026485,0.02356194490192345,0.072726073233014055,0.5221838648193996,0.020004704703964354,-1.8876132372146452,0.10831231071028458,0.1287767739993092,0,0,0
16.386808500000001,7691,4006,4294967285,7692,4006,-11,-0.10041492528338193,0.057334065928013725,0.022776546738526006,0.088217140286928133,0.64497646970116129,-0.062607247566657531,-6.7863825950271135,0.074380397735149012,0.11614471710509988,0,0,0
16.391815600000001,7666,4001,4294967287,7667,4001,-9,-0.099863194924682028,0.061261056745000965,0.023561944901923447,0.09854055034120579,0.71048486207963635,0.039879298299212107,-3.4268370149956784,0.057246212660170617,0.10005287880795428,0,0,0
16.3968147,7644,3996,4294967290,7645,3996,-6,-0.099377672209026116,0.065188047561988219,0.022776546738526013,0.097870635876450812,0.74543280928007727,-0.052004388568316351,-8.0172518272881188,0.017159953523730023,0.071166052531816265,0,0,0
16.4018278,7625,3992,4294967292,7626,3992,-4,-0.098958357136414196,0.068329640215577997,0.022776546738525992,0.091335913699292073,0.69079760362757359,-0.027743721985673028,-7.1264753183488798,-0.018472423068014374,0.036280223810018108,0,0,0
16.4068139,7612,3989,4294967293,7613,3989,-3,-0.098671457349890246,0.070685834705770348,0.023561944901923454,0.075495055662865684,0.5883708527656345,0.05847857401011932,-3.0150949101605629,-0.033547897618817185,0.0069763954513759711,0,0,0
16.411785900000002,7605,3988,4294967294,7606,3988,-2,-0.098516972849454279,0.071471232869167789,0.022776546738525999,0.054689484971442832,0.38716836238759933,-0.042081896473629282,-6.2503315442271195,-0.064799555339952783,-0.027165941098049141,0,0,0
16.416251800000001,7604,3988,4294967294,7605,3988,-2,-0.098494903635106282,0.071471232869167789,0.022776546738525999,0.031235299202891378,0.20654971058102889,-0.022450190619209918,-4.280702538958999,-0.086203068034747782,-0.058505179098935545,0,0,0
16.421241599999998,7608,3988,4294967294,7609,3988,-2,-0.098583180492498257,0.071471232869167789,0.022776546738525999,0.0084272190955282308,0.11019181081329296,-0.011976909338073693,-2.9762223708106541,-0.10108417988880106,-0.086646402539108699,0,0,0
16.4261932,7618,3990,4294967293,7619,3990,-3,-0.098803872635978229,0.069900436542372907,0.022776546738526013,-0.016095281598727765,-0.087773019779377057,-0.0063895384999388492,-1.2757336523529617,-0.10746284815056587,-0.10804975567025656,0,0,0
16.431197900000001,7632,3993,4294967292,7633,3993,-4,-0.099112841636850163,0.067544242052180556,0.021991148575128551,-0.037414184733767106,-0.26666441864745316,-0.076688261989303785,-2.8999444093810838,-0.12196257019747128,-0.12965036714959258,0,0,0
16.436153300000001,7652,3996,4294967290,7653,3996,-6,-0.099554225923810094,0.065188047561988219,0.022776546738526013,-0.061142227247761249,-0.36210084954219895,0.032367244794250211,2.9707949146490695,-0.10710859562422594,-0.13511652353553497,0,0,0
16.4411731,7677,4001,4294967288,7678,4001,-8,-0.10010595628250998,0.061261056745000965,0.021991148575128551,-0.084096406667481749,-0.55957408746482085,-0.056011979652855301,0.9309084123444058,-0.10245405356250391,-0.13510351833053127,0,0,0
16.446128399999999,7702,4006,4294967286,7703,4006,-10,-0.10065768664120989,0.057334065928013725,0.021205750411731103,-0.096342188028672421,-0.66492370820573843,-0.10316124339525248,0.0050204934135447132,-0.10242895109543619,-0.13453818526947101,0,0,0
16.451127499999998,7729,4011,4294967283,7730,4011,-13,-0.10125355542860578,0.053407075111026485,0.021991148575128551,-0.10699338707641456,-0.72112647627198223,0.018244224478499063,6.147682926279316,-0.071690536464039611,-0.11755628514188479,0,0,0
16.456124599999999,7754,4016,4294967281,7755,4016,-15,-0.10180528578730569,0.049480084294039245,0.021205750411731106,-0.10855745439878436,-0.75110998372167859,-0.063546442801544645,3.3000284158691584,-0.055190394384693822,-0.099895621245771532,0,0,0
16.461090200000001,7777,4020,4294967279,7778,4020,-17,-0.1023128777173096,0.046338491640449446,0.0212057504117311,-0.10527364516349189,-0.69382630858321659,-0.03390127046582668,4.6784739106702631,-0.031798024831342503,-0.076437662898840603,0,0,0
16.4660884,7796,4024,4294967277,7797,4024,-19,-0.10273219278992152,0.043196898986859661,0.02120575041173111,-0.095285330992165324,-0.66326615008291434,-0.018085924066376102,5.4159604313927749,-0.0047182226743786269,-0.048908075815623488,0,0,0
16.4703391,7809,4026,4294967276,7810,4026,-20,-0.10301909257644547,0.041626102660064758,0.0212057504117311,-0.077602022755362821,-0.50040363087711381,-0.0096486251057906029,5.0100750813471091,0.020332152732356921,-0.021139776343351218,0,0,0
16.4761256,7820,4028,4294967275,7821,4028,-21,-0.10326185393427342,0.040055306333269862,0.021205750411731103,-0.064049967874493949,-0.41351841639572251,-0.0051474265893415999,4.7949117491832718,0.044306711478273281,0.0099925777776044885,0,0,0
16.481333899999999,7823,4028,4294967275,7824,4028,-21,-0.10332806157731741,0.040055306333269862,0.021205750411731103,-0.040347225883972555,-0.22060715059396999,-0.0027460907851794385,3.6773596398087771,0.062693509677317169,0.036856706496686764,0,0,0
16.486335,7821,4028,4294967275,7822,4028,-21,-0.10328392314862142,0.040055306333269862,0.021205750411731103,-0.017406543992220549,-0.1176912876514246,-0.0014650067309482477,2.8278797295400291,0.07683290832501731,0.060717127638411653,0,0,0
16.4912803,7815,4027,4294967275,7816,4027,-21,-0.10315150786253344,0.040840704496667317,0.021991148575128558,0.0030684776494215166,0.010492618904805198,0.072497955647688447,5.0079648627513897,0.10187273263877426,0.088215940966517581,0,0,0
16.4962646,7803,4024,4294967276,7804,4024,-20,-0.10288667729035748,0.043196898986859661,0.022776546738526002,0.026346319436393442,0.22543624510612198,0.11195631525850946,5.2093214554670286,0.1279193399161094,0.11613903428430626,0,0,0
16.5013109,7786,4021,4294967278,7787,4021,-18,-0.10251150064644156,0.045553093477052005,0.021991148575128558,0.049060322129648323,0.34010610994046209,-0.013552158379160718,-1.3692821912398232,0.12107292895991029,0.13026156367157526,0,0,0
16.505866900000001,7766,4017,4294967280,7767,4017,-16,-0.10207011635948164,0.04869468613064179,0.021991148575128548,0.06735530285567333,0.4745606365286254,-0.0072299151038637231,-2.4416598297726528,0.10886462981104703,0.13597849157204628,0,0,0
16.5106632,7742,4012,4294967282,7743,4012,-14,-0.10154045521512974,0.052621676947629037,0.022776546738526002,0.085351898250631983,0.61957004454872089,0.069422445684506659,-0.58465798454979323,0.10594133988829806,0.13777206145702875,0,0,0
16.516142200000001,7712,4006,4294967285,7713,4006,-11,-0.10087837878468985,0.057334065928013725,0.022776546738526006,0.10730752915035199,0.77021035611562905,0.037036048027103585,-3.5966686054891071,0.087957996860852525,0.1253586724319741,0,0,0
16.521421,7684,4001,4294967288,7685,4001,-8,-0.10026044078294596,0.061261056745000965,0.021991148575128551,0.11490237624230165,0.7772956490828109,-0.053521228728479739,-8.2457045069032482,0.046729474326336284,0.098163782381899586,0,0,0
16.526420399999999,7661,3996,4294967290,7662,3996,-6,-0.099752848852942055,0.065188047561988219,0.022776546738526013,0.10865858540591217,0.78107556850269522,0.044726581144811331,-4.4490795756890513,0.024484076447891027,0.072556375695663838,0,0,0
16.531353200000002,7642,3993,4294967292,7643,3993,-4,-0.099333533780330135,0.067544242052180556,0.021991148575128551,0.097091156300551568,0.63653307191445152,-0.049418420896041565,-8.0561012973878636,-0.015796430039048289,0.036908373455287691,0,0,0
16.5363392,7629,3990,4294967293,7630,3990,-3,-0.099046633993806185,0.069900436542372907,0.022776546738526013,0.078565409051977814,0.55942137132804837,0.046915380263452391,-3.5507051602165536,-0.033549955840131054,0.0067762247949666836,0,0,0
16.541287400000002,7622,3989,4294967293,7623,3989,-3,-0.098892149493370204,0.070685834705770348,0.023561944901923454,0.056327481939976665,0.37172415879738413,0.098308315951578795,-0.20306181732709661,-0.034565264926766537,-0.013944745614488161,0,0,0
16.545870900000001,7620,3989,4294967294,7621,3989,-2,-0.09884801106467421,0.070685834705770348,0.021991148575128558,0.034168261341568272,0.1983104118892626,-0.094112722768645157,-7.3309243533845283,-0.071219886693689172,-0.045008717794340236,0,0,0
16.5508463,7623,3989,4294967294,7624,3989,-2,-0.098914218707718202,0.070685834705770348,0.021991148575128558,0.012051029730852914,0.10579624308229314,-0.050208016817230715,-4.6941429837926734,-0.094690601612652539,-0.074072585252571349,0,0,0
16.556798700000002,7632,3991,4294967293,7633,3991,-3,-0.099112841636850163,0.069115038378975438,0.021991148575128544,-0.012102911517690707,-0.090118002817452386,-0.026785379049295718,-2.2831011312319127,-0.1061061072688121,-0.097160529698745002,0,0,0
16.561798899999999,7645,3993,4294967292,7646,3993,-4,-0.099399741423374113,0.067544242052180556,0.021991148575128551,-0.033225192577585945,-0.19463591988005804,-0.014289680738159756,-0.69161782108747194,-0.10956419637424947,-0.11459250617204175,0,0,0
16.5661758,7660,3997,4294967290,7661,3997,-6,-0.099730779638594058,0.06440264939859075,0.021991148575128544,-0.048611898505160747,-0.39695402252264239,-0.0076233744993028036,1.0609324654781616,-0.10425953404685866,-0.12589292148240636,0,0,0
16.5709345,7680,4001,4294967288,7681,4001,-8,-0.10017216392555398,0.061261056745000965,0.021991148575128551,-0.067116074192245301,-0.50488832089460667,-0.004066979509305001,2.4533463455713478,-0.091992802319001921,-0.1270708747419412,0,0,0
16.5760386,7704,4005,4294967286,7705,4005,-10,-0.10070182506990588,0.058119464091411173,0.021991148575128551,-0.085224272607645479,-0.56246998369632406,-0.002169685134925757,3.6039161465926659,-0.073973221586038584,-0.11753009071940193,0,0,0
16.5810566,7728,4010,4294967283,7729,4010,-13,-0.10123148621425779,0.054192473274423933,0.022776546738525999,-0.094884780813376271,-0.66646863435828085,0.072122018111116709,7.9590247367014157,-0.034178097902531505,-0.092237272593411024,0,0,0
16.5860135,7750,4015,4294967281,7751,4015,-15,-0.1017170089299137,0.050265482457436693,0.021991148575128554,-0.095920326369580006,-0.72195067597597884,-0.034803281524279056,4.1570904671564923,-0.013392645566749042,-0.066027019156089162,0,0,0
16.591003300000001,7768,4018,4294967280,7769,4018,-16,-0.10211425478817762,0.047909287967244349,0.021205750411731106,-0.088236336540713972,-0.60499064586440765,-0.091846655516110889,1.3883887516298836,-0.0064507018085996235,-0.044078466071147258,0,0,0
16.595761,7780,4021,4294967278,7781,4021,-18,-0.10237908536035357,0.045553093477052005,0.021991148575128558,-0.071782357898625498,-0.54259386266622756,0.024280422367625176,6.0400019639922409,0.023749308011361582,-0.015810630663433654,0,0,0
16.601461700000002,7789,4022,4294967278,7790,4022,-18,-0.10257770828948555,0.04476769531365455,0.021205750411731103,-0.056827025453842953,-0.36274688332357163,-0.060326203112227569,1.5437342246696399,0.031467979134709778,0.0067264215376173974,0,0,0
16.605566400000001,7791,4023,4294967277,7792,4023,-19,-0.10262184671818153,0.043982297150257102,0.021991148575128551,-0.034434761857196447,-0.26680066162555638,0.041096208350900533,5.1208424864322852,0.057072191566871204,0.032011449752508345,0,0,0
16.610872400000002,7789,4022,4294967277,7790,4022,-19,-0.10257770828948555,0.04476769531365455,0.022776546738525999,-0.014252314844932237,-0.069055456380444455,0.095203857036221182,6.2709336890432716,0.088426860012087563,0.061745826821835083,0,0,0
16.6161292,7783,4021,4294967278,7784,4021,-18,-0.10244529300339757,0.045553093477052005,0.021991148575128558,0.0047512213360722758,0.036439255688189384,-0.022489395337252416,0.35155139926562873,0.090184617008415707,0.081708603400126062,0,0,0
16.620631199999998,7773,4019,4294967278,7774,4019,-18,-0.10222460085991761,0.047123889803846894,0.023561944901923447,0.023125822628138837,0.16599894754190617,0.13456121399576942,6.0552661172125335,0.12046094759447837,0.11013139841395703,0,0,0
16.626133299999999,7755,4016,4294967280,7756,4016,-16,-0.10182735500165369,0.049480084294039245,0.022776546738526002,0.049401335697768348,0.30839701952331539,-0.0014927141025122131,-1.1322005268855464,0.11479994496005064,0.12204045008804294,0,0,0
16.631118099999998,7734,4012,4294967282,7735,4012,-14,-0.10136390150034576,0.052621676947629037,0.022776546738526002,0.069596339795887904,0.45764421441174719,-0.00079634519709401001,-2.529613014245871,0.10215187988882128,0.12491869346265215,0,0,0
16.636095900000001,7710,4007,4294967284,7711,4007,-12,-0.10083424035599386,0.056548667764616277,0.023561944901923447,0.086547464769930416,0.61054533480549567,0.072854678612969431,-0.79544303255864968,0.098174664726028038,0.12429093622616806,0,0,0
16.641088700000001,7686,4002,4294967287,7687,4002,-9,-0.10030457921164196,0.060475658581603517,0.022776546738525999,0.095590688074180363,0.69211626165004747,-0.034412415871728101,-6.4051148238547286,0.06614909060675439,0.1089493213737288,0,0,0
16.646171599999999,7662,3997,4294967289,7663,3997,-7,-0.099774918067290053,0.06440264939859075,0.023561944901923433,0.10041514001207526,0.73563337970087883,0.054920905238774298,-3.3740431778978057,0.049278874717265359,0.091237489535201027,0,0,0
16.6511593,7641,3993,4294967291,7642,3993,-5,-0.099311464565982138,0.067544242052180556,0.023561944901923454,0.096811596878821293,0.68556972464758792,0.029299648896831017,-4.6036400764526277,0.026260674335002218,0.068694102143548236,0,0,0
16.656143499999999,7624,3990,4294967292,7625,3990,-4,-0.098936287922066199,0.069900436542372907,0.024347343065320902,0.086652708480615431,0.58558184158814663,0.088910533051626925,-1.7254491072887568,0.017633428798558434,0.050334592344510001,0,0,0
16.661132500000001,7611,3988,4294967294,7612,3988,-2,-0.098649388135542249,0.071471232869167789,0.022776546738525999,0.072996621450565985,0.45895997743050587,-0.099126328028429772,-9.2568416350074259,-0.028650779376478697,0.017016732315110156,0,0,0
16.666116500000001,7602,3986,4294967294,7603,3986,-2,-0.098450765206410287,0.073042029195962685,0.024347343065320895,0.057474820598247892,0.39140872083065043,0.093676323067276468,-0.61595786408126552,-0.031730568696885023,-0.0048291607188316096,0,0,0
16.671107500000002,7598,3986,4294967295,7599,3986,-1,-0.098362488349018298,0.073042029195962685,0.022776546738525992,0.038898573377645934,0.20881189131235425,-0.096583835810439847,-7.7139045708847842,-0.070300091551308952,-0.037911589863737383,0,0,0
16.676095799999999,7600,3986,4294967295,7601,3986,-1,-0.098406626777714293,0.073042029195962685,0.022776546738525992,0.016633705131966017,0.1113986572933508,-0.051526326196768099,-5.0108067957606348,-0.095354125530112133,-0.068650353974460676,0,0,0
16.680462299999999,7604,3987,4294967295,7605,3987,-1,-0.098494903635106282,0.072256631032565244,0.021991148575128551,0.00063744254774179138,-0.013849662262474624,-0.10076820069566768,-6.3035769688712584,-0.12687201037446844,-0.1058717982702812,0,0,0
16.6855835,7616,3989,4294967293,7617,3989,-3,-0.098759734207282235,0.070685834705770348,0.023561944901923454,-0.024369255144672822,-0.15394766846669808,0.09280040355221772,3.2790925181758448,-0.11047654778358922,-0.12166837843179576,0,0,0
16.690724899999999,7634,3993,4294967292,7635,3993,-4,-0.099156980065546158,0.067544242052180556,0.021991148575128551,-0.050064692137414671,-0.37524732494629276,-0.097051128440477988,-3.0608276003326296,-0.12578068578525237,-0.14024126289831776,0,0,0
16.696154100000001,7659,3998,4294967289,7660,3998,-7,-0.099708710424246061,0.063617251235193309,0.022776546738525992,-0.078186673607469559,-0.56658757553272632,0.021503898042068273,3.8383183025623246,-0.10658909427244075,-0.13939347334094401,0,0,0
16.701184099999999,7686,4004,4294967286,7687,4004,-10,-0.10030457921164196,0.058904862254808621,0.022776546738525999,-0.097307636345070059,-0.74194483985899251,0.011472073517481364,5.1327886809472307,-0.08092515086770459,-0.12690891915643474,0,0,0
16.706190500000002,7712,4009,4294967284,7713,4009,-12,-0.10087837878468985,0.054977871437821381,0.021991148575128551,-0.1054493319930546,-0.76221633277135326,-0.067159304690319069,2.5430030154246981,-0.068210135790581106,-0.11310012825124746,0,0,0
16.7111579,7737,4014,4294967281,7738,4014,-15,-0.10143010914338975,0.051050880620834134,0.022776546738525996,-0.10773371939982315,-0.77303093282873614,0.037450830033772593,7.6458573619536825,-0.029980848980812692,-0.084814391879137974,0,0,0
16.716159600000001,7758,4018,4294967279,7759,4018,-17,-0.10189356264469766,0.047909287967244349,0.022776546738526002,-0.10071597182588962,-0.70552087387724471,0.019979571824495349,6.9783182656568838,0.0049107423474717277,-0.051277887176547243,0,0,0
16.7208106,7773,4021,4294967278,7774,4021,-18,-0.10222460085991761,0.045553093477052005,0.021991148575128558,-0.084617425492589327,-0.5962255421057493,-0.062620655658549074,2.9864597398259192,0.019843041046601326,-0.023283485785116503,0,0,0
16.726876799999999,7785,4024,4294967277,7786,4024,-19,-0.10248943143209356,0.043196898986859661,0.02120575041173111,-0.069851711951732981,-0.53791778419380543,-0.10668689334216963,0.76456715502315031,0.023665876821717079,-3.4548141182918352e-06,0,0,0
16.730847099999998,7788,4024,4294967276,7789,4024,-20,-0.10255563907513755,0.043196898986859661,0.022776546738526002,-0.043442387256737922,-0.2869727318535093,0.089642851510479474,7.6920933288182898,0.062126343465808531,0.030669308031806602,0,0,0
16.736831299999999,7787,4024,4294967276,7788,4024,-20,-0.10253356986078956,0.043196898986859661,0.022776546738526002,-0.021116885987316824,-0.15309653491172773,0.047823393732288923,4.999432634476948,0.087123506638193265,0.060375113183227774,0,0,0
16.7412724,7782,4023,4294967276,7783,4023,-20,-0.10242322378904957,0.043982297150257102,0.023561944901923444,-0.00097005588155831338,-0.0083956588707037177,0.098792730323753408,6.1964164602708189,0.11810558893954737,0.09447588268013353,0,0,0
16.7456219,7773,4022,4294967277,7774,4022,-19,-0.10222460085991761,0.04476769531365455,0.022776546738525999,0.01801447910398132,0.068800535267633176,-0.020574774177919329,0.30140975468158571,0.1196126377129553,0.1187614379863728,0,0,0
16.751583799999999,7752,4018,4294967279,7753,4018,-17,-0.10176114735860969,0.047909287967244349,0.022776546738526002,0.052851825586316965,0.32982234339404437,-0.010976397000808382,-1.4604672106406833,0.11231030165975188,0.12723008366980318,0,0,0
16.7565618,7729,4013,4294967281,7730,4013,-15,-0.10125355542860578,0.051836278784231589,0.02356194490192345,0.075555355585299092,0.5423538888365681,0.06742374220899762,0.13004936054473637,0.11296054846247557,0.1333598947713143,0,0,0
16.761085000000001,7706,4009,4294967283,7707,4009,-13,-0.10074596349860188,0.054977871437821381,0.023561944901923447,0.087667418465485675,0.58245741801932516,0.035969763525296461,-2.0202049686985104,0.10285952361898301,0.13346340737249635,0,0,0
16.765402999999999,7684,4004,4294967285,7685,4004,-11,-0.10026044078294596,0.058904862254808621,0.024347343065320902,0.092069949507891061,0.67713169254106753,0.092468959772126449,-0.48495833289065526,0.10043473195452973,0.13449298054585423,0,0,0
16.770958199999999,7655,3999,4294967288,7656,3999,-8,-0.099620433566854072,0.062831853071795868,0.023561944901923454,0.10883241922871856,0.72763929053110765,-0.023948430458005238,-6.5558143158437385,0.067655660375311039,0.11445777822142589,0,0,0
16.775563900000002,7631,3994,4294967290,7632,3994,-6,-0.099090772422502166,0.066758843888783101,0.024347343065320895,0.10747944588845143,0.75458449256840976,0.06050331684234711,-3.5179271564180659,0.050066024593220709,0.096033555232185416,0,0,0
16.781099900000001,7607,3990,4294967292,7608,3990,-4,-0.098561111278150274,0.069900436542372907,0.024347343065320902,0.10675765072385388,0.69567991767533899,0.032277799006904605,-4.8962402040527726,0.025584823572956845,0.069840198847423277,0,0,0
16.786072699999998,7589,3987,4294967294,7590,3987,-2,-0.098163865419886337,0.072256631032565244,0.023561944901923454,0.094017920023011958,0.59097550916708286,-0.05605969791520115,-8.3691377828233318,-0.016260865341159812,0.03482585432070745,0,0,0
16.790227099999999,7578,3985,4294967295,7579,3985,-1,-0.097921104062058381,0.07382742735936014,0.023561944901923447,0.072807653571359751,0.46183743485117379,-0.029907181227925211,-6.578026396596286,-0.049150997324141243,-0.00020535721671707807,0,0,0
16.795428900000001,7570,3984,0,7571,3984,0,-0.097744550347274417,0.074612825522757595,0.022776546738526006,0.055314898222371858,0.31966429080518211,-0.089234644315217854,-8.4094861639711809,-0.091198428143997146,-0.044183796920392954,0,0,0
16.801432200000001,7571,3984,0,7572,3984,0,-0.097766619561622414,0.074612825522757595,0.022776546738526006,0.027450729198831063,0.17053709229164793,-0.047605620054919147,-5.5388204640370926,-0.11889253046418261,-0.083665865022802682,0,0,0
16.8064122,7579,3985,4294967295,7580,3985,-1,-0.097943173276406378,0.07382742735936014,0.023561944901923447,-0.0018282449824216004,0.017699988534880917,0.047882487923709194,-0.11581131700158709,-0.11947158704919054,-0.11026358221350625,0,0,0
16.810651700000001,7590,3988,4294967294,7591,3988,-2,-0.098185934634234334,0.071471232869167789,0.022776546738525999,-0.023625559815646069,-0.21039582478024363,-0.047734782212904572,-2.598850707042156,-0.13246584058440133,-0.13806590698742771,0,0,0
16.816258999999999,7612,3992,4294967292,7613,3992,-4,-0.098671457349890246,0.068329640215577997,0.022776546738525992,-0.057904380586861863,-0.40536174410361842,-0.025465937841412659,0.23015681507718511,-0.1313150565090154,-0.15150946061402087,0,0,0
16.820836799999999,7636,3997,4294967289,7637,3997,-7,-0.099201118494242152,0.06440264939859075,0.023561944901923433,-0.080309943770393355,-0.58265325952328539,0.059693744725156428,5.5818326560367062,-0.10340589322883187,-0.14868871620433055,0,0,0
16.825961299999999,7665,4003,4294967286,7666,4003,-10,-0.09984112571033403,0.059690260418206069,0.023561944901923447,-0.10255859621659918,-0.75051569094318815,0.031845901923504616,6.2028846387958687,-0.072391470034852523,-0.13095623852002564,0,0,0
16.8305422,7691,4009,4294967284,7692,4009,-12,-0.10041492528338193,0.054977871437821381,0.021991148575128551,-0.10825065655131395,-0.84006829904730396,-0.12956962915778902,0.31586144122434856,-0.070812162828730776,-0.11953899905757759,0,0,0
16.836038800000001,7720,4014,4294967281,7721,4014,-15,-0.10105493249947382,0.051050880620834134,0.022776546738525996,-0.11746463374181861,-0.81456402970498198,0.004155665169245662,6.6563525445323766,-0.037530400106068895,-0.09030752279155517,0,0,0
16.8410343,7742,4019,4294967279,7743,4019,-17,-0.10154045521512974,0.047123889803846894,0.021991148575128548,-0.10796640900549256,-0.80095780573887265,-0.071062521413662344,3.6607444145225827,-0.019226678033455982,-0.064762805908573667,0,0,0
16.8455008,7758,4022,4294967277,7759,4022,-19,-0.10189356264469766,0.04476769531365455,0.022776546738525999,-0.090544557645831122,-0.64714000870420096,0.035368510394921955,7.593317273581107,0.018739908334449554,-0.031557947792413943,0,0,0
16.851001,7770,4025,4294967276,7771,4025,-20,-0.10215839321687362,0.042411500823462206,0.021991148575128548,-0.073013766369810648,-0.56508004578833515,-0.054410840196694572,3.3625258156260731,0.035552537412579924,-0.002374314966788707,0,0,0
16.855982699999998,7776,4026,4294967275,7777,4026,-21,-0.1022908085029616,0.041626102660064758,0.022776546738525999,-0.051306636420326644,-0.37474299423330915,0.044251984020819674,6.5338443860841338,0.068221759343000593,0.031871528445878247,0,0,0
16.860980699999999,7775,4026,4294967275,7776,4026,-21,-0.1022687392886136,0.041626102660064758,0.022776546738525999,-0.025312369261464577,-0.19992092464329242,0.023607906482261094,4.4791181163453073,0.090617349924727128,0.062524790842265615,0,0,0
16.865977699999998,7770,4025,4294967276,7771,4025,-20,-0.10215839321687362,0.042411500823462206,0.021991148575128548,-0.0032082962446880487,-0.033375913165101384,-0.06068498232813857,-0.35624491727935448,0.088836125338330352,0.083077431101109392,0,0,0
16.870966200000002,7759,4023,4294967276,7760,4023,-20,-0.10191563185904566,0.043982297150257102,0.023561944901923444,0.020938625050693702,0.12875338638116163,0.11418432320389801,5.8244267587185288,0.117958259131923,0.11016827055271926,0,0,0
16.8759573,7743,4020,4294967277,7744,4020,-19,-0.10156252442947773,0.046338491640449446,0.024347343065320895,0.044116271311896528,0.28852695619805219,0.13419549591059446,5.4162267032815379,0.14503939264833068,0.13812014101949335,0,0,0
16.880976100000002,7721,4016,4294967279,7722,4016,-17,-0.10107700171382182,0.049480084294039245,0.024347343065320898,0.068835931148095053,0.4470437722584939,0.071591698946367313,1.2976291560242132,0.15152753842845176,0.15716520245509574,0,0,0
16.886209000000001,7693,4010,4294967282,7694,4010,-14,-0.10045906371207793,0.054192473274423933,0.024347343065320898,0.094378236862854584,0.67816964444845185,0.03819331880886645,-2.1083276755489493,0.14098590005070702,0.16325416157916511,0,0,0
16.890542499999999,7666,4005,4294967285,7667,4005,-11,-0.099863194924682028,0.058119464091411173,0.023561944901923454,0.10594564251796626,0.72819302551282183,-0.0529038385482406,-7.0178858557568837,0.1058964707719226,0.15484265491963206,0,0,0
16.896484900000001,7628,3998,4294967288,7629,3998,-8,-0.099024564779458188,0.063617251235193309,0.024347343065320895,0.13476692856971401,0.90143894217080944,0.045055951453523549,-4.8715825695297399,0.081538557924273905,0.13089873904347188,0,0,0
16.9014791,7599,3992,4294967291,7600,3992,-5,-0.098384557563366296,0.068329640215577997,0.024347343065320895,0.1316107490837673,0.9205840562459906,0.024036813533233697,-6.3716420179550699,0.049680347834498553,0.10361116519748016,0,0,0
16.906244399999999,7575,3988,4294967293,7576,3988,-3,-0.097854896419014389,0.071471232869167789,0.024347343065320895,0.11963141360106486,0.78423870802364637,0.012823353767757643,-6.5256629843715173,0.017052032912640964,0.07219791611255777,0,0,0
16.911189799999999,7556,3984,4294967295,7557,3984,-1,-0.097435581346402469,0.074612825522757595,0.024347343065320902,0.10294502946825422,0.71150008847135759,0.0068411065229475789,-6.5593632432574527,-0.015744783303646301,0.037251788889118842,0,0,0
16.916191999999999,7542,3982,0,7543,3982,0,-0.097126612345530522,0.076183621849552477,0.024347343065320888,0.083747490936425695,0.52613586259376843,0.0036496488598769037,-5.8288003519652882,-0.044888785063472741,0.00072963098810664706,0,0,0
16.9211791,7535,3981,1,7536,3981,1,-0.096972127845094555,0.076969020012949932,0.023561944901923447,0.059092060912387251,0.35396673628173819,-0.071332475088607808,-8.0235549907854917,-0.085006560017400201,-0.040960218750315996,0,0,0
16.926079600000001,7535,3981,1,7536,3981,1,-0.096972127845094555,0.076969020012949932,0.023561944901923447,0.031524910774788674,0.18883703844869248,-0.038055025967825055,-5.4480571839420859,-0.11224684593711062,-0.079719757503308925,0,0,0
16.931050200000001,7541,3982,0,7542,3982,0,-0.097104543131182525,0.076183621849552477,0.024347343065320888,0.0044635028947360919,0.027462791877272588,0.052977616132018998,-0.23351433147285938,-0.11341441759447492,-0.10688590551531202,0,0,0
16.935513799999999,7552,3985,4294967295,7553,3985,-1,-0.09734730448901048,0.07382742735936014,0.023561944901923447,-0.020268987251034713,-0.20518748546141194,-0.045016591991188307,-2.726627292051524,-0.12704755405473253,-0.13371823488891804,0,0,0
16.941442800000001,7576,3989,4294967293,7577,3989,-3,-0.097876965633362387,0.070685834705770348,0.023561944901923454,-0.060231909622200097,-0.40258315710266013,-0.024015815728805449,0.19857419638440121,-0.12605468307281054,-0.14411834091702713,0,0,0
16.946399,7600,3995,4294967290,7601,3995,-6,-0.098406626777714293,0.06597344572538566,0.023561944901923454,-0.081551652792415066,-0.65445043574022999,-0.012812151689156113,2.6635915351475932,-0.11273672539707257,-0.14630352436801314,0,0,0
16.951160999999999,7627,4000,4294967288,7628,4000,-8,-0.099002495565110191,0.06204645490839842,0.022776546738526006,-0.099102812667007933,-0.7155391101368811,-0.080114649639434543,0.90077385367684526,-0.10823285612868834,-0.14479873085693096,0,0,0
16.9560864,7655,4006,4294967285,7656,4006,-11,-0.099620433566854072,0.057334065928013725,0.022776546738526006,-0.11052525770765871,-0.8214087097200542,-0.04274021150457448,3.7097514356035299,-0.089684098950670685,-0.13377680159318389,0,0,0
16.96106,7683,4012,4294967282,7684,4012,-14,-0.10023837156859797,0.052621676947629037,0.022776546738526002,-0.11661899610798983,-0.87788888030625989,-0.022801393848405772,5.5147762209591562,-0.062110217845874907,-0.11299925995149003,0,0,0
16.9655445,7706,4016,4294967280,7707,4016,-16,-0.10074596349860188,0.049480084294039245,0.022776546738526002,-0.10957438166118721,-0.76146134011276057,-0.01216427207840242,5.8312788722102651,-0.032953823484823577,-0.088331588859307072,0,0,0
16.971502000000001,7732,4021,4294967277,7733,4021,-19,-0.10131976307164978,0.045553093477052005,0.023561944901923454,-0.11199349453565197,-0.77262815323651501,0.066790025001397607,9.8935610244831533,0.016513981637592191,-0.044294925053092668,0,0,0
16.976449800000001,7747,4025,4294967276,7748,4025,-20,-0.10165080128686971,0.042411500823462206,0.021991148575128548,-0.090633849555255705,-0.70530599576146147,-0.11092735564211231,1.9429371305854506,0.026228667290519446,-0.014838138183677792,0,0,0
16.981516299999999,7756,4026,4294967275,7757,4026,-21,-0.10184942421600168,0.041626102660064758,0.022776546738525999,-0.066884071751958457,-0.44955186860590884,0.014101096080722901,5.9239479886125554,0.055848407233582226,0.019356224327575989,0,0,0
16.986453900000001,7758,4027,4294967274,7759,4027,-22,-0.10189356264469766,0.040840704496667317,0.023561944901923457,-0.039800076288792924,-0.31311008752102115,0.080802286122415079,7.8376651387668019,0.09503673292741624,0.057940942257472802,0,0,0
16.990814799999999,7755,4027,4294967274,7756,4027,-22,-0.10182735500165369,0.040840704496667317,0.023561944901923457,-0.01505553593642743,-0.16704050289295785,0.043107057379244369,5.2127368217370504,0.1211004170361015,0.094940495436193165,0,0,0
16.996784699999999,7742,4024,4294967275,7743,4024,-21,-0.10154045521512974,0.043196898986859661,0.024347343065320902,0.018736484288290424,0.130724438852789,0.096276621045824434,5.4417183617485119,0.14830900884484405,0.12874005995158708,0,0,0
17.000786900000001,7728,4022,4294967276,7729,4022,-20,-0.10123148621425779,0.04476769531365455,0.024347343065320892,0.038823234914807873,0.21629896992656344,0.051362430778437447,2.6166159524813475,0.16139208860725079,0.16057298969300673,0,0,0
17.006741999999999,7698,4016,4294967279,7699,4016,-17,-0.10056940978381791,0.049480084294039245,0.024347343065320898,0.082485041366301276,0.55507004032319696,0.027401245149788173,-1.2042508291884571,0.1553708344613085,0.17130920292112028,0,0,0
17.011690699999999,7667,4010,4294967282,7668,4010,-14,-0.099885264139030025,0.054192473274423933,0.024347343065320898,0.10783720540641978,0.73580037198598613,0.014618237968479844,-3.6003178814539845,0.13736924505403858,0.17147917800544746,0,0,0
17.016747800000001,7632,4003,4294967285,7633,4003,-11,-0.099112841636850163,0.059690260418206069,0.02513274122871835,0.12959872405609285,0.90549737091904647,0.081078175160937127,-2.5520009582016039,0.12460924026303057,0.16391814316199804,0,0,0
17.021562299999999,7600,3997,4294967288,7601,3997,-8,-0.098406626777714293,0.06440264939859075,0.025132741228718336,0.1350309043115881,0.92274917965171621,0.043254240895757155,-4.9418862723148393,0.099899808901456361,0.14900725731018996,0,0,0
17.026965499999999,7565,3990,4294967291,7566,3990,-5,-0.097634204275534431,0.069900436542372907,0.025918139392115805,0.14410623857471733,1.0052323334523967,0.096355141699091165,-3.839701107872445,0.080701303362094134,0.12679863363833324,0,0,0
17.030948299999999,7542,3986,4294967293,7543,3986,-3,-0.097126612345530522,0.073042029195962685,0.025918139392115791,0.12423849817411999,0.82939755584464137,0.051404320611859615,-5.0447868912398519,0.055477368905894872,0.1072690138059041,0,0,0
17.035925599999999,7517,3982,0,7518,3982,0,-0.096574881986830619,0.076183621849552477,0.024347343065320888,0.11775751579895324,0.73559179599125246,-0.11913544570697862,-12.36716963697862,-0.0063584792789982275,0.063793819289106476,0,0,0
17.040868100000001,7498,3978,1,7499,3978,1,-0.096155566914218699,0.079325214503142283,0.025918139392115798,0.10194532730690588,0.68554754023371889,0.083001697072531494,-3.6159396142651432,-0.024438177350323945,0.029262121307384308,0,0,0
17.047006199999998,7484,3976,3,7485,3976,3,-0.095846597913346751,0.080896010829937165,0.024347343065320888,0.083214161738708312,0.51229048717552073,-0.10227862165548846,-10.757316602671111,-0.078224760363679494,-0.02063636280038884,0,0,0
17.050995499999999,7480,3975,3,7481,3975,3,-0.095758321055954776,0.081681408993334634,0.025132741228718357,0.05263020534861157,0.34658039337941882,0.018715092665603235,-4.4407097107482638,-0.10042830891742081,-0.060453688241673617,0,0,0
17.0559729,7482,3976,3,7483,3976,3,-0.09580245948465077,0.080896010829937165,0.024347343065320888,0.023959367259722038,0.11161699318157084,-0.063295240231253172,-6.3973992753696542,-0.13241530529426909,-0.10327175832308379,0,0,0
17.060959400000002,7492,3977,2,7493,3977,2,-0.096023151628130729,0.080110612666539724,0.025132741228718343,-0.0078090655240665302,-0.013733182666251439,0.039512262405893589,-0.70519141355131265,-0.13594126236202567,-0.13278380584044699,0,0,0
17.065621,7508,3981,1,7509,3981,1,-0.096376259057698657,0.076969020012949932,0.023561944901923447,-0.03711180766316919,-0.30044456657329188,-0.12547971713842304,-5.7286730921958382,-0.16458462782300487,-0.16708277948154041,0,0,0
17.0715796,7539,3987,4294967294,7540,3987,-2,-0.097060404702486544,0.072256631032565244,0.023561944901923454,-0.083631125571505344,-0.59996071405198148,-0.066941934766828248,-0.55821407792597499,-0.16737569821263473,-0.18182272954127821,0,0,0
17.076566700000001,7571,3994,4294967290,7572,3994,-6,-0.097766619561622414,0.066758843888783101,0.024347343065320895,-0.11050773794400323,-0.8330285311133665,0.037566794299315996,6.093899204060758,-0.13690620219233093,-0.17862801537762238,0,0,0
17.081561600000001,7606,4001,4294967287,7607,4001,-9,-0.098539042063802276,0.061261056745000965,0.023561944901923447,-0.13102342136176492,-0.95736743593221463,-0.053238081912862764,3.873181134997552,-0.11754029651734317,-0.16780888563293361,0,0,0
17.085843300000001,7636,4007,4294967284,7637,4007,-12,-0.099201118494242152,0.056548667764616277,0.023561944901923447,-0.13167274283213221,-0.95042124162036346,-0.028401882693044948,5.5360363036056945,-0.089860114999314705,-0.15142016558016164,0,0,0
17.091392299999999,7673,4014,4294967280,7674,4014,-16,-0.10001767942511801,0.051050880620834134,0.024347343065320892,-0.14643291994290825,-1.0199950489686036,0.0581274531107107,10.621375303753528,-0.036753238480547068,-0.10959058193200626,0,0,0
17.096346499999999,7701,4020,4294967278,7702,4020,-18,-0.10063561742686189,0.046338491640449446,0.022776546738525999,-0.13577530628941589,-0.98383232734873882,-0.11554873458401302,3.4206205343804807,-0.019650135808644664,-0.077076597878884212,0,0,0
17.101206699999999,7722,4024,4294967276,7723,4024,-20,-0.1010990709281698,0.043196898986859661,0.022776546738526002,-0.11567582448678376,-0.81798090743906349,-0.061643873841217327,5.0169972341146902,0.005434850361928787,-0.043479324883502396,0,0,0
17.105864100000002,7736,4026,4294967274,7737,4026,-22,-0.10140803992904175,0.041626102660064758,0.024347343065320898,-0.090539218468933147,-0.58294211144266905,0.11367276600102216,11.391640177077793,0.062393051247317755,0.0035402750160422464,0,0,0
17.110160799999999,7743,4028,4294967273,7744,4028,-23,-0.10156252442947773,0.040055306333269862,0.024347343065320895,-0.062715366668916833,-0.45755171283420071,0.060643066942930653,8.3541831024142041,0.10416396675938877,0.051108166509854613,0,0,0
17.115523400000001,7742,4028,4294967273,7743,4028,-23,-0.10154045521512974,0.040055306333269862,0.024347343065320895,-0.031398790983558279,-0.2440983898553824,0.032352354021294064,5.7301161294021377,0.13281454740639947,0.094965888768240581,0,0,0
17.121081,7731,4026,4294967274,7732,4026,-22,-0.10129769385730178,0.041626102660064758,0.024347343065320898,0.0058993318255400294,0.016335454541674094,0.017259595589124072,3.1231484447617968,0.14843028963020846,0.12954641887014898,0,0,0
17.125716499999999,7714,4023,4294967276,7715,4023,-20,-0.10092251721338584,0.043982297150257102,0.023561944901923444,0.038152097740571989,0.22855332833659422,-0.064071730588171422,-2.2106955961809875,0.13737681164930352,0.14854196772423786,0,0,0
17.131264600000002,7686,4017,4294967278,7687,4017,-18,-0.10030457921164196,0.04869468613064179,0.025132741228718343,0.078008777150916378,0.56160759459890985,0.1123775333396473,2.6483910516074407,0.15061876690734072,0.16335601461105714,0,0,0
17.136255500000001,7656,4011,4294967281,7657,4011,-15,-0.099642502781202069,0.053407075111026485,0.025132741228718346,0.10339006149221391,0.73928807933694141,0.059952075742895579,-1.3532991698628667,0.14385227105802639,0.16849421075951634,0,0,0
17.1412412,7623,4005,4294967284,7624,4005,-12,-0.098914218707718202,0.058119464091411173,0.025132741228718343,0.12310800521305423,0.83407850196397504,0.031983718445026274,-3.9474014700854165,0.12411526370759932,0.16166427936021541,0,0,0
17.1462276,7590,3998,4294967287,7591,3998,-9,-0.098185934634234334,0.063617251235193309,0.025918139392115791,0.13362729336892715,0.95792758287700708,0.090342452191249367,-2.8020251819941415,0.11010513779762861,0.15089800282411295,0,0,0
17.151221799999998,7559,3992,4294967290,7560,3992,-6,-0.097501788989446461,0.068329640215577997,0.025918139392115791,0.13512098780139953,0.95072007334467123,0.048196622363998888,-5.1904871477270831,0.084152702058993195,0.13219626224286385,0,0,0
17.156210999999999,7530,3987,4294967293,7531,3987,-3,-0.096861781773354569,0.072256631032565244,0.02513274122871835,0.13179963546741238,0.87359543355072811,-0.047567195230007811,-9.5070809579860054,0.036617297269063168,0.098538501487239832,0,0,0
17.161193399999998,7506,3982,4294967295,7507,3982,-1,-0.096332120629002663,0.076183621849552477,0.025918139392115784,0.11973218223730878,0.83245035669096712,0.047902987110201002,-5.5333158207764468,0.0089507181651809348,0.065819663530485156,0,0,0
17.166190799999999,7487,3979,1,7488,3979,1,-0.095912805556390743,0.078539816339744828,0.025132741228718343,0.10299878833564584,0.66394090959522378,-0.047723846141033498,-8.9952649946196903,-0.036025606807917519,0.02319934924886467,0,0,0
17.170349099999999,7477,3977,2,7478,3977,2,-0.095692113412910784,0.080110612666539724,0.025132741228718343,0.075539729601086611,0.50076360704128076,-0.025460103577305476,-7.0969583591273695,-0.071510398603554376,-0.017948817317382366,0,0,0
17.1755116,7471,3976,2,7472,3976,2,-0.095559698126822801,0.080896010829937165,0.025918139392115784,0.052654207722746371,0.34043094010036462,0.05969685723557789,-2.4475557210268177,-0.083748177208688462,-0.052860867459692672,0,0,0
17.180712700000001,7474,3976,2,7475,3976,2,-0.095625905769866792,0.080896010829937165,0.025918139392115784,0.021913061977760107,0.18161585238249325,0.031847562410746565,-2.3049180147009114,-0.095272767282193027,-0.081042061339013316,0,0,0
17.1860195,7483,3978,2,7484,3978,2,-0.095824528698998754,0.079325214503142283,0.024347343065320902,-0.0068416347600092839,-0.049669144184612782,-0.12956874330761875,-7.5971493818038152,-0.1332585141912121,-0.11683620781626301,0,0,0
17.190830299999998,7497,3981,0,7498,3981,0,-0.096133497699870701,0.076969020012949932,0.025132741228718343,-0.032477474346149254,-0.24633645479322952,0.0041561377597616606,-0.34272710531154382,-0.13497214971776983,-0.14020377343587578,0,0,0
17.196118999999999,7519,3985,4294967294,7520,3985,-2,-0.096619020415526613,0.07382742735936014,0.02513274122871835,-0.062626771572241613,-0.42453564220185785,0.0022172499997675501,1.3434708926929955,-0.12825479525430486,-0.15128734252591253,0,0,0
17.201170600000001,7546,3991,4294967292,7547,3991,-4,-0.097214889202922511,0.069115038378975438,0.023561944901923433,-0.089006613910731724,-0.66616182511050814,-0.14537616211418822,-2.9716897939934217,-0.14311324422427196,-0.16382228190423426,0,0,0
17.206130300000002,7576,3997,4294967289,7577,3997,-7,-0.097876965633362387,0.06440264939859075,0.023561944901923433,-0.10925727643133806,-0.79506651618807245,-0.077556451216449038,1.3707488076635439,-0.13625950018595423,-0.16623408913737428,0,0,0
17.211154199999999,7608,4003,4294967286,7609,4003,-10,-0.098583180492498257,0.059690260418206069,0.023561944901923447,-0.12417898424822801,-0.86383563376372996,-0.041375443111262372,4.0958522626576244,-0.11578023887266611,-0.15759425344254052,0,0,0
17.216045600000001,7640,4009,4294967282,7641,4009,-14,-0.099289395351634141,0.054977871437821381,0.025132741228718346,-0.13213953766728112,-0.90052313902518777,0.12448573242055842,12.229663240438073,-0.054631922670475744,-0.12422760086157923,0,0,0
17.221026899999998,7670,4015,4294967280,7671,4015,-16,-0.099951471782074017,0.050265482457436693,0.02356194490192345,-0.13226817758939768,-0.92009548617401771,-0.080147382826912403,4.2161143297484411,-0.033551351021733539,-0.093756399605555332,0,0,0
17.2260122,7694,4020,4294967277,7695,4020,-19,-0.10048113292642592,0.046338491640449446,0.024347343065320895,-0.11998214387956249,-0.85725758100060301,0.030521845021739318,8.965927619111735,0.011278287073825138,-0.052458234458710458,0,0,0
17.230590200000002,7710,4023,4294967276,7711,4023,-20,-0.10083424035599386,0.043982297150257102,0.023561944901923444,-0.09695480910685679,-0.67717526833743957,-0.056996478454791125,4.3708542848838814,0.033132558498244549,-0.017545796608024623,0,0,0
17.236181599999998,7721,4025,4294967275,7722,4025,-21,-0.10107700171382182,0.042411500823462206,0.023561944901923447,-0.074374448922446434,-0.50782397982348026,-0.03040694248976139,4.562635500465607,0.05594573600057258,0.017682560438415686,0,0,0
17.2407641,7723,4025,4294967275,7724,4025,-21,-0.1011211401425178,0.042411500823462206,0.023561944901923447,-0.043796103307028947,-0.27091804560631544,-0.016221741704779764,3.6113994129310987,0.074002733065228074,0.047234403519787929,0,0,0
17.246268700000002,7720,4024,4294967275,7721,4024,-21,-0.10105493249947382,0.043196898986859661,0.024347343065320902,-0.017187368762334638,-0.071252031700628049,0.064625413275761753,5.6872695517126015,0.10243908082379108,0.079862515286538233,0,0,0
17.251262799999999,7710,4023,4294967275,7711,4023,-21,-0.10083424035599386,0.043982297150257102,0.025132741228718343,0.011421846075309553,0.035267408913685523,0.10775640765647614,6.481890742242582,0.13484853453500401,0.11387176416789811,0,0,0
17.256241800000002,7695,4020,4294967277,7696,4020,-19,-0.10050320214077392,0.046338491640449446,0.024347343065320895,0.036980072800263428,0.23865330053514247,-0.015792759068528797,-0.37862917127574813,0.13295538867862527,0.13484385239041594,0,0,0
17.261244600000001,7673,4015,4294967279,7674,4015,-17,-0.10001767942511801,0.050265482457436693,0.025132741228718346,0.065028854226476737,0.49371629019517022,0.064854270403486194,1.0327215305765942,0.13811899633150826,0.15045885947957499,0,0,0
17.266252600000001,7646,4010,4294967282,7647,4010,-14,-0.099421810637722111,0.054192473274423933,0.024347343065320898,0.090288096400582663,0.62978935765688759,-0.038680538375354907,-5.0026633614429583,0.11310567952429347,0.1475705463063392,0,0,0
17.2712395,7617,4004,4294967284,7618,4004,-12,-0.098781803421630232,0.058904862254808621,0.025918139392115791,0.10788182181589456,0.77566223795796718,0.12592343200378942,0.53592236963758388,0.11578529137248139,0.1470199426445353,0,0,0
17.275603100000001,7592,3999,4294967287,7593,3999,-9,-0.098230073062930329,0.062831853071795868,0.02513274122871835,0.10903142375200858,0.78020416311973473,-0.0061008679286743972,-5.6356087075562371,0.087607247834700197,0.1359564389615609,0,0,0
17.280958300000002,7562,3993,4294967290,7563,3993,-6,-0.097567996632490453,0.067544242052180556,0.02513274122871835,0.11994027400802318,0.85590674539618106,-0.0032547403852674376,-6.6942573858782826,0.054135960905308783,0.11020084973045495,0,0,0
17.285720000000001,7537,3988,4294967292,7538,3988,-4,-0.09701626627379055,0.071471232869167789,0.025918139392115784,0.11546446439350061,0.82301365221349199,0.07154315405688226,-3.7761685311244819,0.035255118249686371,0.085951420324227132,0,0,0
17.291220800000001,7514,3984,4294967294,7515,3984,-2,-0.096508674343786641,0.074612825522757595,0.025918139392115805,0.10895845274072023,0.73218605942936232,0.038167420688444781,-5.1170381420143505,0.0096699275396146187,0.055709266289616158,0,0,0
17.2962393,7498,3981,0,7499,3981,0,-0.096155566914218699,0.076969020012949932,0.025132741228718343,0.09107380116441792,0.61045110104453792,-0.052917654887068809,-8.5189623544621469,-0.032924884232696114,0.017781792397113853,0,0,0
17.301129,7488,3979,1,7489,3979,1,-0.09593487477073874,0.078539816339744828,0.025132741228718343,0.069177890958822333,0.47222743118474675,-0.028230938690720131,-6.7403441894073683,-0.066626605179732956,-0.021010467493755496,0,0,0
17.306110400000001,7485,3978,1,7486,3978,1,-0.095868667127694748,0.079325214503142283,0.025918139392115798,0.043082911781492907,0.32520723011562352,0.058218649700195392,-2.0024417805760208,-0.076638814082613055,-0.050440434827663222,0,0,0
17.310511200000001,7487,3979,1,7488,3979,1,-0.095912805556390743,0.078539816339744828,0.025132741228718343,0.018865999839513533,0.10021466511139152,-0.042220562997558775,-4.8519217437821709,-0.10089842280152392,-0.082784514360591005,0,0,0
17.316119700000002,7496,3980,1,7497,3980,1,-0.096111428485522704,0.077754418176347387,0.024347343065320902,-0.008467206123578425,-0.019816188902405912,-0.095803686850375658,-6.0594682534070614,-0.13119576406855923,-0.11645476936044563,0,0,0
17.3207147,7509,3983,4294967295,7510,3983,-1,-0.096398328272046654,0.075398223686155036,0.025132741228718343,-0.03128558704711136,-0.23041025866629691,0.022169393274719611,0.52976318113416609,-0.12854694816288839,-0.13813124143244873,0,0,0
17.325839999999999,7531,3987,4294967293,7532,3987,-3,-0.096883850987702566,0.072256631032565244,0.02513274122871835,-0.061990913892282153,-0.41603920623175805,0.011827107298778755,1.9116601441584007,-0.11898864744209639,-0.14627317652902527,0,0,0
17.330987100000002,7557,3992,4294967291,7558,3992,-5,-0.097457650560750467,0.068329640215577997,0.024347343065320895,-0.086608281148123772,-0.58834955841172409,-0.066969898396062516,0.22021055374078724,-0.11788759467339245,-0.15008927557642962,0,0,0
17.336105400000001,7586,3998,4294967288,7587,3998,-8,-0.098097657776842345,0.063617251235193309,0.024347343065320895,-0.10591868420129233,-0.75355459856346629,-0.035727643255880528,3.1686165679483818,-0.10204451183365054,-0.14271562157644246,0,0,0
17.341121399999999,7615,4003,4294967285,7616,4003,-11,-0.098737664992934238,0.059690260418206069,0.02513274122871835,-0.11622055426432834,-0.76841000078063137,0.054219247092254015,7.8850745747528057,-0.062619138959886522,-0.11929233571561917,0,0,0
17.3460967,7642,4009,4294967283,7643,4009,-13,-0.099333533780330135,0.054977871437821381,0.023561944901923447,-0.11759825873348448,-0.84961470024387431,-0.11763371595239121,1.4401482461498016,-0.055418397729137515,-0.10095965301846258,0,0,0
17.351126499999999,7666,4013,4294967281,7667,4013,-15,-0.099863194924682028,0.051836278784231589,0.02356194490192345,-0.11215591687265869,-0.74637740176411249,-0.062756186571393938,3.6426729197962944,-0.037205033130156044,-0.078424130315118842,0,0,0
17.3557974,7684,4016,4294967279,7685,4016,-17,-0.10026044078294596,0.049480084294039245,0.024347343065320898,-0.096897830725939549,-0.61802201317672489,0.039799841113886916,7.5552775855829415,0.00057135479775866083,-0.048054155903105134,0,0,0
17.361101699999999,7700,4019,4294967278,7701,4019,-18,-0.10061354821251389,0.047123889803846894,0.023561944901923447,-0.084639602948379938,-0.54954594193798334,-0.052046778030440582,3.4158288117766031,0.017650498856641678,-0.01956806348511108,0,0,0
17.365370800000001,7707,4020,4294967277,7708,4020,-19,-0.10076803271294987,0.046338491640449446,0.024347343065320895,-0.059567992046685461,-0.36645573482337401,0.045513183033114878,6.4843802345392296,0.050072400029337827,0.011357894624195512,0,0,0
17.3714087,7711,4021,4294967277,7712,4021,-19,-0.10085630957034185,0.045553093477052005,0.023561944901923454,-0.040015255417997997,-0.26877928973232568,-0.048998778156199907,1.7413426757753923,0.058779113408214789,0.036080090022307075,0,0,0
17.376386799999999,7708,4020,4294967277,7709,4020,-19,-0.10079010192729787,0.046338491640449446,0.024347343065320895,-0.015170331439309691,-0.070111030912104647,0.047139254667668815,4.4867286920264196,0.081212756868346891,0.061669493372034243,0,0,0
17.381383499999998,7701,4019,4294967277,7702,4019,-19,-0.10063561742686189,0.047123889803846894,0.025132741228718343,0.0063205806782686523,0.035876119246288952,0.098427750280129012,5.7908807743329254,0.11016716074001151,0.091051498504440359,0,0,0
17.386458999999999,7690,4016,4294967278,7691,4016,-18,-0.10039285606903393,0.049480084294039245,0.025918139392115798,0.026022167410563936,0.23897804024851116,0.12578955189935548,5.6262919214179279,0.13829862034710116,0.1228835179147684,0,0,0
17.391363800000001,7672,4013,4294967280,7673,4013,-16,-0.099995610210770011,0.051836278784231589,0.025132741228718346,0.050946501146885995,0.34733049638092206,-0.0061722913700249099,-1.2488936681420972,0.13205415200639067,0.13917219927296881,0,0,0
17.396338499999999,7649,4008,4294967283,7650,4008,-13,-0.099488018280766102,0.055763269601218829,0.024347343065320895,0.074538887687197838,0.55169427995206854,-0.076572363232670013,-6.1171171832532547,0.1014685660901244,0.1366911773995749,0,0,0
17.401328899999999,7623,4002,4294967285,7624,4002,-11,-0.098914218707718202,0.060475658581603517,0.025918139392115798,0.093302475735034529,0.73399944402961181,0.10570859469270294,-0.0057940428742497829,0.10143959587575316,0.13550553935037152,0,0,0
17.406321999999999,7596,3997,4294967288,7597,3997,-8,-0.098318349920322318,0.06440264939859075,0.025132741228718336,0.10537173676741424,0.75797755871737316,-0.016885242897485074,-6.1250557016287406,0.070814317367609458,0.11849001899512999,0,0,0
17.411276300000001,7571,3992,4294967291,7572,3992,-5,-0.097766619561622414,0.068329640215577997,0.024347343065320895,0.10769232327101849,0.77076959735011175,-0.082287595293005278,-9.637594434748884,0.022626345193865034,0.086430664352375786,0,0,0
17.416296500000001,7549,3987,4294967293,7550,3987,-3,-0.097281096845966503,0.072256631032565244,0.02513274122871835,0.10275299774687582,0.77759399762145509,0.029380067158675006,-5.3355888230847501,-0.0040515989215587182,0.053680471905467868,0,0,0
17.421275099999999,7532,3984,4294967294,7533,3984,-2,-0.096905920202050563,0.074612825522757595,0.025918139392115805,0.089822375088120868,0.63467569531102164,0.08895343523662759,-2.249320953724947,-0.015298203690183454,0.025601038855549138,0,0,0
17.426058099999999,7522,3982,4294967295,7523,3982,-1,-0.096685228058570605,0.076183621849552477,0.025918139392115784,0.068510270050236993,0.48515096373742839,0.047455598360382593,-3.1446775109668934,-0.031021591245017924,-0.00026659454722079493,0,0,0
17.430585499999999,7517,3981,0,7518,3981,0,-0.096574881986830619,0.076969020012949932,0.025132741228718343,0.04684496450284073,0.3321017808273074,-0.047962522711149758,-6.3075541464338443,-0.062559361977187145,-0.031582806430087457,0,0,0
17.435943699999999,7518,3981,0,7519,3981,0,-0.096596951201178616,0.076969020012949932,0.025132741228718343,0.022932120427130234,0.17717234510151619,-0.025587434685084971,-4.2988945624149748,-0.084053834789262011,-0.060033707511058944,0,0,0
17.440660699999999,7522,3981,0,7523,3981,0,-0.096685228058570605,0.076969020012949932,0.025132741228718343,0.0039975721004579575,0.094519336182342054,-0.013650591686064266,-3.0747327603215631,-0.099427498590869828,-0.087317517383205839,0,0,0
17.446155999999998,7533,3983,0,7534,3983,0,-0.096927989416398561,0.075398223686155036,0.023561944901923447,-0.020517555781054714,-0.096134098352918085,-0.15384146668489651,-7.7389861633745323,-0.1381224294077425,-0.12162319779077635,0,0,0
17.451199899999999,7549,3986,4294967294,7550,3986,-2,-0.097281096845966503,0.073042029195962685,0.024347343065320895,-0.043891635871020997,-0.27112495449511431,-0.0087930711003640083,-0.14911774036740233,-0.13886801810957952,-0.14319369254532388,0,0,0
17.456146799999999,7571,3990,4294967292,7572,3990,-4,-0.097766619561622414,0.069900436542372907,0.024347343065320902,-0.068716090815550954,-0.43776001158882755,-0.0046909987161608945,1.6148960669982999,-0.13079353777458802,-0.15403279487395005,0,0,0
17.460585099999999,7595,3995,4294967290,7596,3995,-6,-0.09829628070597432,0.06597344572538566,0.023561944901923454,-0.086077862421726853,-0.59993734939862853,-0.075782111242412492,0.025733166208815828,-0.13066487194354395,-0.16292300870614104,0,0,0
17.4661331,7628,4001,4294967287,7629,4001,-9,-0.099024564779458188,0.061261056745000965,0.023561944901923447,-0.11387215317835091,-0.75973654705703331,-0.040428853865568923,3.3329848186837587,-0.11399994785012516,-0.15495485459451241,0,0,0
17.470904000000001,7657,4007,4294967284,7658,4007,-12,-0.099664571995550066,0.056548667764616277,0.023561944901923447,-0.12046363524645035,-0.84498751597370492,-0.021568312073743538,5.2017651473758635,-0.087991122113245834,-0.14031922064365102,0,0,0
17.475590199999999,7686,4012,4294967282,7687,4012,-14,-0.10030457921164196,0.052621676947629037,0.022776546738526002,-0.12398011243242324,-0.81718837335271,-0.084785956928295325,2.9695784302806496,-0.073143229961842582,-0.12328767589586653,0,0,0
17.481302899999999,7717,4018,4294967279,7718,4018,-17,-0.10098872485642983,0.047909287967244349,0.022776546738526002,-0.12997433165917355,-0.87563738111388312,-0.045232298313008776,5.5793646507179506,-0.045246406708252827,-0.094310748512656722,0,0,0
17.485920799999999,7739,4021,4294967277,7740,4021,-19,-0.10147424757208574,0.045553093477052005,0.023561944901923454,-0.11464018386754862,-0.68698067281450947,0.049148626809346944,8.9595389457816665,-0.00044871197934449186,-0.058175612654130598,0,0,0
17.491993799999999,7760,4025,4294967275,7761,4025,-21,-0.10193770107339366,0.042411500823462206,0.023561944901923447,-0.10440048837096501,-0.65961408492436302,0.026220207096266875,8.1235248756160381,0.040168912398735698,-0.013673847247642014,0,0,0
17.4959852,7768,4027,4294967274,7769,4027,-22,-0.10211425478817762,0.040840704496667317,0.023561944901923457,-0.072169299351769842,-0.49845529760713669,0.013988168231801787,6.5231347434165219,0.072784586115818312,0.025532909074226524,0,0,0
17.500974599999999,7771,4027,4294967274,7772,4027,-22,-0.10218046243122161,0.040840704496667317,0.023561944901923457,-0.044678792534720381,-0.26591996521467914,0.007462521167845149,4.8182917052730536,0.096876044642183579,0.063140886419667433,0,0,0
17.505098700000001,7768,4026,4294967274,7769,4026,-22,-0.10211425478817762,0.041626102660064758,0.024347343065320898,-0.017658272953441127,-0.068585615333375413,0.077260685464577011,6.4415511530376399,0.12908380040737177,0.10369494874019053,0,0,0
17.5107632,7755,4024,4294967275,7756,4024,-21,-0.10182735500165369,0.043196898986859661,0.024347343065320902,0.017347955085470344,0.1099694295835235,0.041217655604887667,3.3065166304727382,0.14561638355973547,0.13500216834866352,0,0,0
17.5161078,7733,4019,4294967278,7734,4019,-18,-0.10134183228599777,0.047123889803846894,0.023561944901923447,0.054555353222735935,0.42506497752697586,-0.051290390884115612,-3.1608293379122916,0.12981223687017401,0.14577944886464292,0,0,0
17.520577899999999,7710,4014,4294967280,7711,4014,-16,-0.10083424035599386,0.051050880620834134,0.024347343065320892,0.076464167292173188,0.59316469991063414,0.045916706567933327,-0.6376733183588108,0.12662387027837996,0.15480507615189715,0,0,0
17.526237699999999,7677,4007,4294967284,7678,4007,-12,-0.10010595628250998,0.056548667764616277,0.023561944901923447,0.10874336131535479,0.82940293850207103,-0.048783503155899618,-7.0330622775025073,0.091458558890867417,0.13799816852336058,0,0,0
17.530818700000001,7650,4001,4294967286,7651,4001,-10,-0.0995100874951141,0.061261056745000965,0.025132741228718343,0.11360926534041543,0.88215370615892374,0.12053362060865629,-0.68270094188516683,0.088045054181441582,0.1296055379382301,0,0,0
17.5369153,7616,3995,4294967290,7617,3995,-6,-0.098759734207282235,0.06597344572538566,0.023561944901923454,0.13061893902922289,0.91029561249976898,-0.082255787413222065,-10.515197704664347,0.035469065658119844,0.091389652929848991,0,0,0
17.541910900000001,7593,3990,4294967292,7594,3990,-4,-0.098252142277278326,0.069900436542372907,0.024347343065320902,0.11704318448562025,0.85202946510119415,0.029397036283741552,-5.7880845016077771,0.0065286431500809587,0.058785086535654868,0,0,0
17.546893000000001,7576,3986,4294967294,7577,3986,-2,-0.097876965633362387,0.073042029195962685,0.024347343065320895,0.097446019532709038,0.74766565005827657,0.015682968770748533,-5.9602975924911687,-0.023272844812374887,0.024354215020764167,0,0,0
17.551504399999999,7565,3984,4294967295,7566,3984,-1,-0.097634204275534431,0.074612825522757595,0.024347343065320902,0.074636503834858398,0.54542975900801416,0.0083666770721486684,-5.2524182181896064,-0.049534935903322919,-0.0097935372793023188,0,0,0
17.556193499999999,7561,3983,4294967295,7562,3983,-1,-0.097545927418142456,0.075398223686155036,0.025132741228718343,0.048054127007454164,0.36425980024948235,0.077743041872012655,-1.0859558935076792,-0.054964715370861311,-0.03380115719667165,0,0,0
17.560474599999999,7561,3983,4294967295,7562,3983,-1,-0.097545927418142456,0.075398223686155036,0.025132741228718343,0.025636304486256156,0.19432826549632293,0.041474987003915748,-1.4544539524554136,-0.062236985133138377,-0.054800745897302404,0,0,0
17.5657973,7567,3984,4294967295,7568,3984,-1,-0.097678342704230425,0.074612825522757595,0.024347343065320902,0.0013220015666798104,0.030392296112662073,-0.051153107647269026,-4.1831751124481942,-0.083152860695379346,-0.076997241783738013,0,0,0
17.5715909,7577,3986,4294967294,7578,3986,-2,-0.097899034847710384,0.073042029195962685,0.024347343065320895,-0.019885830534978857,-0.13034511054701564,-0.027289573752119919,-1.9419544653745697,-0.0928626330222522,-0.094631327695840373,0,0,0
17.576544599999998,7591,3988,4294967294,7592,3988,-2,-0.098208003848582331,0.071471232869167789,0.022776546738525999,-0.03943639744995641,-0.2160966027928202,-0.16111770119174232,-6.8135323332000866,-0.12693029468825262,-0.12086775700536447,0,0,0
17.581256100000001,7608,3991,4294967292,7609,3991,-4,-0.098583180492498257,0.069115038378975438,0.023561944901923433,-0.056043722861337658,-0.33512352199126572,-0.012674855557753689,0.56480393246533456,-0.12410627502592594,-0.13574700397653588,0,0,0
17.586030399999999,7629,3996,4294967290,7630,3996,-6,-0.099046633993806185,0.065188047561988219,0.022776546738526013,-0.07313997424406854,-0.54518200448693077,-0.080041403788375889,-0.72222267526764572,-0.12771738840226418,-0.14805558095809804,0,0,0
17.5903685,7652,4000,4294967288,7653,4000,-8,-0.099554225923810094,0.06204645490839842,0.022776546738526006,-0.086378841284495508,-0.58396618403902267,-0.042701135715313504,1.6910806502498639,-0.11926198515101485,-0.15302906114955653,0,0,0
17.5964001,7686,4006,4294967285,7687,4006,-11,-0.10030457921164196,0.057334065928013725,0.022776546738526006,-0.11609183208002891,-0.75121612053683684,-0.022780547380184736,4.4414172539150716,-0.097054898881439491,-0.13854347531421779,0,0,0
17.600985600000001,7713,4011,4294967283,7714,4011,-13,-0.10090044799903784,0.053407075111026485,0.021991148575128551,-0.11752958698110021,-0.76716245060214627,-0.085432670027882837,2.3251104273939709,-0.085429346744469642,-0.12752501518348014,0,0,0
17.606009,7741,4016,4294967280,7742,4016,-16,-0.10151838600078174,0.049480084294039245,0.022776546738526002,-0.12035572236145167,-0.77566962778859683,0.027702207242026003,7.7823418827605533,-0.046517637330666876,-0.10007592016222049,0,0,0
17.610511200000001,7763,4020,4294967278,7764,4020,-18,-0.10200390871643765,0.046338491640449446,0.022776546738525999,-0.10950877035435583,-0.70692858621435373,0.014778797660558266,7.2029317293902153,-0.010502978683715802,-0.068814169215973733,0,0,0
17.615824199999999,7783,4024,4294967276,7784,4024,-20,-0.10244529300339757,0.043196898986859661,0.022776546738526002,-0.099603830108491928,-0.6702560591652954,0.0078843125525532159,6.9972799833579069,0.024483421233073732,-0.030795948612984396,0,0,0
17.621374899999999,7797,4026,4294967275,7798,4026,-21,-0.10275426200426951,0.041626102660064758,0.022776546738525999,-0.081965000868031282,-0.50413266413037372,0.004206186853226916,6.0884552903595477,0.054925697684871475,0.0084691604943400306,0,0,0
17.626342399999999,7802,4027,4294967275,7803,4027,-21,-0.10286460807600949,0.040840704496667317,0.021991148575128558,-0.054022903162969142,-0.34222829193560178,-0.071035568696915838,1.713864006798731,0.063495017718865135,0.036711899151642954,0,0,0
17.6311888,7801,4026,4294967275,7802,4026,-21,-0.1028425388616615,0.041626102660064758,0.022776546738525999,-0.026761465220892466,-0.10929519889007665,0.035382889348327798,4.7068094618073939,0.0870290650279021,0.066764412004870349,0,0,0
17.635497900000001,7795,4025,4294967275,7796,4025,-21,-0.10271012357557352,0.042411500823462206,0.023561944901923447,-0.0019222614191703024,0.014971832270727535,0.092155869387744116,6.092674889638106,0.11749243947609263,0.10001873196295565,0,0,0
17.641301899999998,7781,4022,4294967277,7782,4022,-19,-0.10240115457470157,0.04476769531365455,0.022776546738525999,0.027802040102998127,0.22782585209429765,-0.024115460449508345,-0.60392064625110597,0.1144728362448371,0.11752594406563587,0,0,0
17.646272,7762,4018,4294967279,7763,4018,-17,-0.10198183950208965,0.047909287967244349,0.022776546738526002,0.053955152294678649,0.41466045610305952,-0.012865310960990882,-1.8401725769016002,0.1052719733603291,0.12501777023964755,0,0,0
17.6506258,7742,4013,4294967281,7743,4013,-15,-0.10154045521512974,0.051836278784231589,0.02356194490192345,0.06996663645663051,0.58761401163747251,0.066416029106144525,0.081970120003760361,0.10568182396034791,0.1318525768245033,0,0,0
17.656390399999999,7714,4008,4294967284,7715,4008,-12,-0.10092251721338584,0.055763269601218829,0.022776546738525999,0.094981454679491734,0.67988267382694556,-0.037847358706329132,-5.8328380887539204,0.076517633516578309,0.11711512355052313,0,0,0
17.6614185,7689,4002,4294967286,7690,4002,-10,-0.10037078685468594,0.060475658581603517,0.024347343065320895,0.10214923151403463,0.80238642557795448,0.1263679234349542,0.023780416880304855,0.076636535600979827,0.10895789819897288,0,0,0
17.666442199999999,7666,3998,4294967289,7667,3998,-7,-0.099863194924682028,0.063617251235193309,0.022776546738525992,0.10185493456942044,0.72118167966706448,-0.079143256335574244,-8.9156334189470101,0.032058368506244779,0.082141728734893699,0,0,0
17.670981600000001,7647,3994,4294967291,7648,3994,-5,-0.099443879852070108,0.066758843888783101,0.022776546738525999,0.093461489603341219,0.67785991478352581,-0.042221984745198726,-7.500888218567785,-0.0054460725865941445,0.050196707640794383,0,0,0
17.675934699999999,7632,3991,4294967292,7633,3991,-4,-0.099112841636850163,0.069115038378975438,0.023561944901923433,0.080747245619827629,0.58146874984109154,0.050754593248221958,-3.2115448496252443,-0.021503796834720368,0.021987099730436149,0,0,0
17.680957299999999,7622,3989,4294967293,7623,3989,-3,-0.098892149493370204,0.070685834705770348,0.023561944901923454,0.063668796553792609,0.45676569196588951,0.027076971066101276,-3.5662156701629706,-0.039334875185535217,-0.0059593649104427316,0,0,0
17.685898900000002,7618,3988,4294967294,7619,3988,-2,-0.098803872635978229,0.071471232869167789,0.022776546738525999,0.04220298578643239,0.31695857637480562,-0.058834277685434241,-6.3898588559588756,-0.071284169465329589,-0.038487923860656609,0,0,0
17.691204899999999,7620,3988,4294967294,7621,3988,-2,-0.09884801106467421,0.071471232869167789,0.022776546738525999,0.01839656980010855,0.16909362586514873,-0.03138738649312621,-4.2000085758275141,-0.092284212344467154,-0.067866587880398524,0,0,0
17.695753499999999,7625,3989,4294967294,7626,3989,-2,-0.098958357136414196,0.070685834705770348,0.021991148575128558,-0.00048120040831965694,0.016929916386455052,-0.090024316196572945,-5.7158061271824057,-0.12086324298037918,-0.10211596625180169,0,0,0
17.701724899999999,7639,3992,4294967293,7640,3992,-3,-0.099267326137286144,0.068329640215577997,0.021205750411731103,-0.02908425836535608,-0.21080664910070976,-0.12130641989150924,-5.4106347521811697,-0.14791641674128503,-0.13392166985799903,0,0,0
17.706263799999999,7656,3995,4294967291,7657,3995,-5,-0.099642502781202069,0.06597344572538566,0.021991148575128558,-0.050520979942384622,-0.33230139469410003,0.0085639889070005387,1.3370548181004067,-0.14123114265078299,-0.15335145456911109,0,0,0
17.711081,7680,3999,4294967289,7681,3999,-7,-0.10017216392555398,0.062831853071795868,0.021991148575128551,-0.076370987454810371,-0.47039691389033467,0.0045687860941204545,2.702773975698165,-0.12771727277229217,-0.16012945367446618,0,0,0
17.715962000000001,7708,4005,4294967286,7709,4005,-10,-0.10079010192729787,0.058119464091411173,0.021991148575128551,-0.098398099668188105,-0.6906282673986035,0.002437392971955899,4.5389622551590323,-0.10502246149649701,-0.15386808514005851,0,0,0
17.7209453,7739,4011,4294967283,7740,4011,-13,-0.10147424757208574,0.053407075111026485,0.021991148575128551,-0.11632663250331352,-0.80811907178013909,0.0013003201238476236,5.9773676768583544,-0.07513562311220523,-0.13413974578496418,0,0,0
17.726074499999999,7769,4017,4294967280,7770,4017,-16,-0.10213632400252562,0.04869468613064179,0.021991148575128548,-0.12383218099886797,-0.87079901673040339,0.00069370530067849195,7.0010655604747125,-0.040130295309831664,-0.10388827891529732,0,0,0
17.731053899999999,7795,4022,4294967278,7796,4022,-18,-0.10271012357557352,0.04476769531365455,0.021205750411731103,-0.11959986068747128,-0.83095850161959761,-0.072909435775377937,4.1151149210879243,-0.019554720704392042,-0.073934305346938206,0,0,0
17.736033299999999,7815,4025,4294967276,7816,4025,-20,-0.10315150786253344,0.042411500823462206,0.021991148575128548,-0.10498730662733358,-0.66314502268101361,0.034383203577680918,8.1070435079457273,0.020980496835336593,-0.035256918985690902,0,0,0
17.741023999999999,7828,4028,4294967275,7829,4028,-21,-0.10343840764905739,0.040055306333269862,0.021205750411731103,-0.08277791121678113,-0.57361853014271136,-0.054936489649762901,3.7564202420126351,0.03976259804539977,-0.002787894440990122,0,0,0
17.746014299999999,7835,4029,4294967274,7836,4029,-22,-0.10359289214949337,0.039269908169872414,0.021991148575128554,-0.058574801678594718,-0.37929817395233656,0.043971556297519164,6.8640236605937091,0.074082716348368313,0.034850697003950673,0,0,0
17.7504259,7835,4029,4294967274,7836,4029,-22,-0.10359289214949337,0.039269908169872414,0.021991148575128554,-0.031248959133553449,-0.20235105877617326,0.023458301631468479,4.7755198067197036,0.097960315381966839,0.069116517291081453,0,0,0
17.7559212,7827,4028,4294967275,7828,4028,-21,-0.10341633843470939,0.040055306333269862,0.021205750411731103,-0.00019806545497723371,-0.034672360784747322,-0.060764794734405894,-0.28078566764042723,0.096556387043764708,0.089398351502721685,0,0,0
17.761456500000001,7814,4025,4294967276,7815,4025,-20,-0.10312943864818544,0.042411500823462206,0.021991148575128548,0.026662767853881705,0.20134126630737414,0.040862224943615764,2.2963176684984963,0.10803797538625719,0.1086013934425171,0,0,0
17.765728500000002,7799,4022,4294967277,7800,4022,-19,-0.10279840043296551,0.04476769531365455,0.022776546738525999,0.045110923066381418,0.32725172569623751,0.095079029674922169,3.5099623484343079,0.12558778712842872,0.1301684449146108,0,0,0
17.771559100000001,7774,4017,4294967280,7775,4017,-16,-0.10224667007426561,0.04869468613064179,0.021991148575128548,0.075543896802057892,0.54098249490804018,-0.022555989247948736,-3.4821640039432808,0.10817696710871232,0.13036749102143677,0,0,0
17.776547399999998,7748,4012,4294967282,7749,4012,-14,-0.1016728705012177,0.052621676947629037,0.022776546738526002,0.093838636129250363,0.65500531498227854,0.061246167645458024,-1.239613141527776,0.10197890140107344,0.12815665773855933,0,0,0
17.781555600000001,7722,4006,4294967285,7723,4006,-11,-0.1010990709281698,0.057334065928013725,0.022776546738526006,0.10359866168992363,0.78911465089652466,0.032674101063821417,-3.7416610457892716,0.083270596172127079,0.11754378050662274,0,0,0
17.786589200000002,7697,4001,4294967287,7698,4001,-9,-0.10054734056946991,0.061261056745000965,0.023561944901923447,0.10674640883256552,0.78738086521889428,0.090710763096672226,-1.7958899187779758,0.074291146578237197,0.10659796428537838,0,0,0
17.791271399999999,7676,3997,4294967289,7677,3997,-7,-0.100083887068162,0.06440264939859075,0.023561944901923433,0.10018925339604927,0.71317639191535664,0.048393111845859663,-3.5539113619420322,0.056521589768527031,0.092789462858772473,0,0,0
17.795812999999999,7658,3994,4294967291,7659,3994,-5,-0.099686641209898064,0.066758843888783101,0.022776546738525999,0.09051375827107358,0.60030966981021583,-0.047462370431409773,-7.3810899203249773,0.019616140166902142,0.068745714164849314,0,0,0
17.801764899999998,7638,3990,4294967293,7639,3990,-3,-0.099245256922938146,0.069900436542372907,0.022776546738526013,0.089470217371929242,0.6133761369786519,-0.025320609400110331,-6.9350446832041914,-0.015059083249118817,0.034469100144128545,0,0,0
17.806420299999999,7627,3988,4294967294,7628,3988,-2,-0.099002495565110191,0.071471232869167789,0.022776546738525999,0.070381508365183684,0.47378790302160878,-0.013508243574129601,-5.7456207811843507,-0.043787187155040569,0.0019084612718162815,0,0,0
17.811395099999999,7620,3987,4294967294,7621,3987,-2,-0.09884801106467421,0.072256631032565244,0.023561944901923454,0.051961468384899692,0.32603972325707248,0.066073032213661578,-1.4746123299846303,-0.051160248804963719,-0.023945946269981887,0,0,0
17.816383800000001,7619,3987,4294967294,7620,3987,-2,-0.098825941850326227,0.072256631032565244,0.023561944901923454,0.029779934841670318,0.17393830958028719,0.035249175828267289,-1.6864092510717701,-0.05959229506032257,-0.045601540631703269,0,0,0
17.821378200000002,7623,3988,4294967294,7624,3988,-2,-0.098914218707718202,0.071471232869167789,0.022776546738525999,0.0076507995406183832,0.019514497453583135,-0.054474503766860673,-4.3825299588855264,-0.081504944854750211,-0.069634624227260411,0,0,0
17.826319399999999,7630,3989,4294967294,7631,3989,-2,-0.099068703208154182,0.070685834705770348,0.021991148575128558,-0.010332161396800137,-0.062868767296902092,-0.10234101831973397,-5.7109699433401859,-0.11005979457145114,-0.098464025164687025,0,0,0
17.831340600000001,7642,3991,4294967293,7643,3991,-3,-0.099333533780330135,0.069115038378975438,0.021991148575128544,-0.030221408213071933,-0.18009877723851037,-0.054597714503715804,-2.6717182262080374,-0.12341838570249132,-0.12245169106348858,0,0,0
17.836272399999999,7659,3995,4294967291,7660,3995,-5,-0.099708710424246061,0.06597344572538566,0.021991148575128558,-0.051127635843927093,-0.38919863004488148,-0.029127230488523094,0.0053377178804181469,-0.12339169711308923,-0.13819506268651605,0,0,0
17.840951100000002,7680,3999,4294967289,7681,3999,-7,-0.10017216392555398,0.062831853071795868,0.021991148575128551,-0.07051730036551114,-0.50075091136598426,-0.015539030592093417,1.8406076895180987,-0.11418865866549874,-0.14483964289306125,0,0,0
17.846900999999999,7712,4006,4294967286,7713,4006,-10,-0.10087837878468985,0.057334065928013725,0.021205750411731103,-0.10351166836795499,-0.78010128286088887,-0.081569407059999169,1.4453068787543328,-0.10696212427172708,-0.13853150355576094,0,0,0
17.851486099999999,7737,4011,4294967283,7738,4011,-13,-0.10143010914338975,0.053407075111026485,0.021991148575128551,-0.10669999893129209,-0.78257234071126147,0.029763212028144873,6.8166273705184146,-0.072878987419135011,-0.12269096631261128,0,0,0
17.855580100000001,7759,4015,4294967281,7760,4015,-15,-0.10191563185904566,0.050265482457436693,0.021991148575128554,-0.10222360452913194,-0.71061110135481531,0.015878319169635096,6.3430958136823463,-0.041163508350723278,-0.10130170510451567,0,0,0
17.861120100000001,7785,4020,4294967279,7786,4020,-17,-0.10248943143209356,0.046338491640449446,0.0212057504117311,-0.10807194247543567,-0.74550015643001255,-0.064808625108473752,3.6617972040484812,-0.02285452233048087,-0.073944683351399573,0,0,0
17.8659824,7804,4024,4294967277,7805,4024,-19,-0.10290874650470548,0.043196898986859661,0.02120575041173111,-0.09677818928341958,-0.69083353253003366,-0.034574629695357635,4.8752850408263528,0.0015219028736508933,-0.045048777506809717,0,0,0
17.870993200000001,7818,4026,4294967276,7819,4026,-20,-0.10321771550557743,0.041626102660064758,0.0212057504117311,-0.080457555138154349,-0.51511050111520595,-0.018445153196359091,4.7741247723566058,0.025392526735433924,-0.015110257251967685,0,0,0
17.875977899999999,7826,4028,4294967275,7827,4028,-21,-0.10339426922036139,0.040055306333269862,0.021205750411731103,-0.059396029606275949,-0.42136435652496684,-0.0098402695686082495,4.5186061404167628,0.047985557437517742,0.014158442180493586,0,0,0
17.880978299999999,7828,4029,4294967274,7829,4029,-22,-0.10343840764905739,0.039269908169872414,0.021991148575128554,-0.035805294978484337,-0.29807238550835263,0.068029852664038645,7.0162931387799103,0.083067023131417297,0.048322299662066456,0,0,0
17.885969200000002,7825,4028,4294967274,7826,4028,-22,-0.1033722000060134,0.040055306333269862,0.022776546738526002,-0.012924367680863191,-0.0857385486598055,0.10957263552696397,7.5397419039799818,0.12076573265131721,0.08708582755176536,0,0,0
17.890957499999999,7816,4027,4294967275,7817,4027,-21,-0.10317357707688143,0.040840704496667317,0.021991148575128558,0.011636996121862307,0.027539024634576338,-0.014823823128915475,1.1842715496247198,0.12668709039944082,0.11479415191688321,0,0,0
17.895376800000001,7802,4024,4294967276,7803,4024,-20,-0.10286460807600949,0.043196898986859661,0.022776546738526002,0.035035742525176258,0.23453029955886204,0.065371186188299429,3.0680722033091308,0.14202745141598647,0.14223140394778366,0,0,0
17.9013697,7775,4019,4294967278,7776,4019,-18,-0.1022687392886136,0.047123889803846894,0.023561944901923447,0.074287128493172344,0.49151671827476634,0.10815426862397365,2.6540049062042881,0.15529747594700791,0.15942755270166381,0,0,0
17.906549099999999,7746,4013,4294967281,7747,4013,-15,-0.10162873207252171,0.051836278784231589,0.02356194490192345,0.099345495991361513,0.70189543152387146,0.057699014311558432,-1.3670989355843202,0.1484619812690863,0.16694810853494957,0,0,0
17.911306400000001,7715,4007,4294967284,7716,4007,-12,-0.10094458642773384,0.056548667764616277,0.023561944901923447,0.11683205715927003,0.81412996966133844,0.030781737002911234,-3.9205604323217011,0.12885917910747779,0.16351934606165261,0,0,0
17.9163572,7683,4001,4294967287,7684,4001,-9,-0.10023837156859797,0.061261056745000965,0.023561944901923447,0.12822003955920613,0.87400575916678735,0.016421690114151493,-5.6406955491030377,0.10065570136196261,0.14895051192221562,0,0,0
17.921308799999998,7652,3995,4294967290,7653,3995,-6,-0.099554225923810094,0.06597344572538566,0.023561944901923454,0.13223628228840634,0.90594877981262267,0.0087607761114889687,-6.8149065605656167,0.066581168559134526,0.12436729161954715,0,0,0
17.926281100000001,7624,3990,4294967293,7625,3990,-3,-0.098936287922066199,0.069900436542372907,0.022776546738526013,0.1282015691672049,0.84971048162863605,-0.068605749567821561,-10.432927899008622,0.014416529064091417,0.084981944044415003,0,0,0
17.9312936,7601,3985,4294967295,7602,3985,-1,-0.09842869599206229,0.07382742735936014,0.023561944901923447,0.11575354645247111,0.81970801928424741,0.036679168917204297,-6.0862689767079452,-0.01601481581944831,0.04616748824061169,0,0,0
17.936088999999999,7585,3982,0,7586,3982,0,-0.098075588562494348,0.076183621849552477,0.024347343065320888,0.094698902737485047,0.65714302433607275,0.092847419100463804,-2.87482469227559,-0.030388939280826262,0.013596264541317096,0,0,0
17.941031599999999,7576,3981,1,7577,3981,1,-0.097876965633362387,0.076969020012949932,0.023561944901923447,0.06905272921432852,0.42385749691890351,-0.023746526913374276,-6.540023554831583,-0.063089057054984188,-0.023351727716577595,0,0,0
17.946041000000001,7574,3981,1,7575,3981,1,-0.097832827204666392,0.076969020012949932,0.023561944901923447,0.040957029218624506,0.22612292692591904,-0.012668489313059552,-4.7494176111914275,-0.086836145110941329,-0.057073134636405932,0,0,0
17.9510304,7577,3981,1,7578,3981,1,-0.097899034847710384,0.076969020012949932,0.023561944901923447,0.015672756546444247,0.12063388863764159,-0.0067584881806321828,-3.5406578050654915,-0.10453943413626879,-0.088165849064304941,0,0,0
17.955651100000001,7586,3983,0,7587,3983,0,-0.098097657776842345,0.075398223686155036,0.023561944901923447,-0.010170763392387426,-0.082202295613841847,-0.0036055729581472469,-1.8914484504350484,-0.11399667638844403,-0.11324931558964206,0,0,0
17.9616264,7604,3987,4294967295,7605,3987,-1,-0.098494903635106282,0.072256631032565244,0.021991148575128551,-0.042489965876116455,-0.33697202293840306,-0.14848256881876568,-6.126145710067485,-0.14462740493878146,-0.14052249882855114,0,0,0
17.966624500000002,7626,3992,4294967292,7627,3992,-4,-0.098980426350762193,0.068329640215577997,0.022776546738525992,-0.067968316565629655,-0.54616815772860183,-0.0059341629074103203,1.7437593727804601,-0.13590860807487914,-0.1527108909764337,0,0,0
17.971573599999999,7652,3997,4294967290,7653,3997,-6,-0.099554225923810094,0.06440264939859075,0.021991148575128544,-0.089797154290010783,-0.6577718043414621,-0.076445324533714956,0.12120408219434831,-0.1353025876639074,-0.16095908352302227,0,0,0
17.9765972,7681,4003,4294967287,7682,4003,-9,-0.10019423313990197,0.059690260418206069,0.021991148575128551,-0.10761991004648933,-0.79059054002377871,-0.040782670258330829,3.106364384906108,-0.11977076573937687,-0.15823599057752027,0,0,0
17.981623299999999,7713,4009,4294967284,7714,4009,-12,-0.10090044799903784,0.054977871437821381,0.021991148575128551,-0.12330546878115833,-0.86144775378407223,-0.021757068905714827,5.1579463886198953,-0.093981033796277397,-0.14285284080960409,0,0,0
17.986571399999999,7743,4015,4294967281,7744,4015,-15,-0.10156252442947773,0.050265482457436693,0.021991148575128554,-0.12755530704277404,-0.8992492334930855,-0.011607137158247079,6.4581963189735321,-0.061690052201409738,-0.11849187442826874,0,0,0
17.9915433,7770,4021,4294967278,7771,4021,-18,-0.10215839321687362,0.045553093477052005,0.021991148575128558,-0.12364521435624576,-0.91941587274346603,-0.0061922694455855236,7.3064081063914674,-0.025158011669452397,-0.086028379090657289,0,0,0
17.995836199999999,7790,4025,4294967276,7791,4025,-20,-0.10259977750383355,0.042411500823462206,0.021991148575128548,-0.10714545463387776,-0.78361549603684111,-0.0033035020060481566,7.0106806309949992,0.0098953914855225977,-0.05108769482054995,0,0,0
18.001362,7809,4028,4294967274,7810,4028,-22,-0.10301909257644547,0.040055306333269862,0.022776546738526002,-0.096283919053407732,-0.63788809300615346,0.071517140312895383,9.8435630048549161,0.059113206509797178,-0.0022263406185998036,0,0,0
18.0063478,7817,4030,4294967273,7818,4030,-23,-0.10319564629122943,0.038484510006474966,0.022776546738525999,-0.067839206280337599,-0.48686473965163091,0.038153542665820821,7.5080886268372486,0.09665364964398343,0.043823961945967778,0,0,0
18.010643000000002,7818,4030,4294967273,7819,4030,-23,-0.10321771550557743,0.038484510006474966,0.022776546738525999,-0.038250518922353656,-0.25973654057631557,0.020354460645151715,5.3095188013677754,0.1232012436508223,0.086868541037519176,0,0,0
18.016694000000001,7807,4029,4294967274,7808,4029,-22,-0.10297495414774947,0.039269908169872414,0.021991148575128554,0.002244016566796507,-0.065286831926648484,-0.062420656937245717,-0.0084280599263735212,0.12315910335119043,0.11221901282732477,0,0,0
18.021684799999999,7792,4026,4294967275,7793,4026,-21,-0.10264391593252953,0.041626102660064758,0.022776546738525999,0.032083810055407211,0.18500881053811763,0.039978842177912838,2.4792356884235707,0.13555528179330828,0.13701645948818936,0,0,0
18.026681700000001,7769,4021,4294967277,7770,4021,-19,-0.10213632400252562,0.045553093477052005,0.023561944901923454,0.064475866623963665,0.46509759362910164,0.094607755489544851,2.6410287109424297,0.14876042534802042,0.15631964600119272,0,0,0
18.031507000000001,7743,4016,4294967279,7744,4016,-17,-0.10156252442947773,0.049480084294039245,0.024347343065320898,0.087933973837398871,0.61452162385634013,0.12375163017054783,2.4130513613282116,0.16082568215466148,0.17394969417363068,0,0,0
18.036476400000002,7712,4010,4294967282,7713,4010,-14,-0.10087837878468985,0.054192473274423933,0.024347343065320898,0.11074414598890997,0.76751708379742589,0.066020020949097744,-1.6609141633392173,0.15252111133796539,0.17962882108359834,0,0,0
18.041438899999999,7678,4004,4294967286,7679,4004,-10,-0.10012802549685798,0.058904862254808621,0.022776546738525999,0.12909043197564005,0.84913833966700114,-0.11133814363410552,-10.666465445551712,0.099188784110206832,0.15865322578132343,0,0,0
18.046410399999999,7644,3997,4294967289,7645,3997,-7,-0.099377672209026116,0.06440264939859075,0.023561944901923433,0.13887795706531214,0.96596182694533561,0.013881945579029678,-6.755816238447597,0.065409702917968854,0.13097480803079692,0,0,0
18.0514036,7614,3992,4294967292,7615,3992,-4,-0.09871559577858624,0.068329640215577997,0.022776546738525992,0.13586304409102454,0.88172672758402748,-0.06587366664442923,-10.404519750304377,0.013387104166446964,0.089084920811258794,0,0,0
18.056395599999998,7590,3987,4294967294,7591,3987,-2,-0.098185934634234334,0.072256631032565244,0.023561944901923454,0.12189996234724276,0.83678830522289371,0.038136702620710068,-6.0238727352384753,-0.016732259509745412,0.04874609016203809,0,0,0
18.061351899999998,7573,3984,4294967295,7574,3984,-1,-0.097810757990318409,0.074612825522757595,0.024347343065320902,0.10003705268295826,0.66625515347677267,0.093624995973648678,-2.7945098986902797,-0.03070480900319681,0.014866052337526178,0,0,0
18.0663467,7563,3983,0,7564,3983,0,-0.097590065846838436,0.075398223686155036,0.023561944901923447,0.073959678901419149,0.42871870929994987,-0.02333169891162358,-6.450363117696261,-0.062956624591678112,-0.023212749130859668,0,0,0
18.0708026,7561,3982,0,7562,3982,0,-0.097545927418142456,0.076183621849552477,0.024347343065320888,0.043574828440269275,0.30199584513148825,0.060832335777741921,-1.7673649043609281,-0.07179344911348276,-0.050483539401290578,0,0,0
18.076193499999999,7564,3983,0,7565,3983,0,-0.097612135061186434,0.075398223686155036,0.023561944901923447,0.017069321256060584,0.087831667644625758,-0.040826192601335791,-4.6459219114018522,-0.095023058670492017,-0.080158820408563883,0,0,0
18.080955100000001,7572,3985,4294967295,7573,3985,-1,-0.097788688775970412,0.07382742735936014,0.023561944901923447,-0.0073666024886495391,-0.099701889874954375,-0.021780287557404354,-2.4344939280699687,-0.10719552831084186,-0.10490520864177097,0,0,0
18.0856697,7585,3988,4294967294,7586,3988,-2,-0.098075588562494348,0.071471232869167789,0.022776546738525999,-0.030698428114863924,-0.27302832878361649,-0.084899043324431947,-3.7357680051265731,-0.12587436833647472,-0.12976517509350122,0,0,0
18.091467300000001,7607,3993,4294967292,7608,3993,-4,-0.098561111278150274,0.067544242052180556,0.021991148575128551,-0.061677671594351668,-0.51205495839665005,-0.11857214785062907,-3.2142795997266633,-0.14194576633510803,-0.14875414848695162,0,0,0
18.0964223,7632,3998,4294967289,7633,3998,-7,-0.099112841636850163,0.063617251235193309,0.022776546738525992,-0.084382059849829785,-0.63957281874884875,0.010022690478612192,3.7506838417736383,-0.12319234712623983,-0.15177052070799998,0,0,0
18.101450199999999,7661,4004,4294967286,7662,4004,-10,-0.099752848852942055,0.058904862254808621,0.022776546738525999,-0.10473102165052042,-0.78088159794018153,0.0053469860110324421,5.1818351894228467,-0.097283171179125605,-0.14143313628611853,0,0,0
18.106392899999999,7689,4010,4294967283,7690,4010,-13,-0.10037078685468594,0.054192473274423933,0.022776546738525999,-0.11352784017453459,-0.85626814880537994,0.0028525533601165306,6.2012357296950222,-0.066276992530650489,-0.12151086793122177,0,0,0
18.110774899999999,7713,4014,4294967281,7714,4014,-15,-0.10090044799903784,0.051050880620834134,0.022776546738525996,-0.10998439704570401,-0.74992693733636351,0.0015218032468237567,6.1494012502383733,-0.035529986279458622,-0.09651153566231048,0,0,0
18.116320900000002,7740,4020,4294967278,7741,4020,-18,-0.10149631678643374,0.046338491640449446,0.022776546738525999,-0.11427134312317658,-0.83975420600947603,0.00081186390916457285,7.1785574977311351,0.00036280120919705144,-0.058327964650666503,0,0,0
18.121316400000001,7757,4023,4294967276,7758,4023,-20,-0.10187149343034967,0.043982297150257102,0.023561944901923444,-0.095967275175450312,-0.66783742622577147,0.073712639019142656,9.6638457152375103,0.048682029785384606,-0.013869923398118052,0,0,0
18.126275199999998,7768,4026,4294967275,7769,4026,-21,-0.10211425478817762,0.041626102660064758,0.022776546738525999,-0.073847611330492696,-0.57612187155243333,-0.033954704212406699,4.5595907309752688,0.07147998344026095,0.025490619355770801,0,0,0
18.131290100000001,7770,4026,4294967275,7771,4026,-21,-0.10215839321687362,0.041626102660064758,0.022776546738525999,-0.043515041725783798,-0.30735415749034145,-0.018114430333839894,3.5765199219957076,0.089362583050239489,0.05912658344624562,0,0,0
18.136261999999999,7766,4026,4294967275,7767,4026,-21,-0.10207011635948164,0.041626102660064758,0.022776546738525999,-0.014978315493156358,-0.16396978276843657,-0.0096638328600030226,2.7477864452321867,0.10310151527640042,0.08834453483286199,0,0,0
18.141232599999999,7755,4024,4294967276,7756,4024,-20,-0.10182735500165369,0.043196898986859661,0.022776546738526002,0.0146594599497228,0.059083112178278552,-0.0051555397451061658,1.2503188728876895,0.10935310964083887,0.109702307655344,0,0,0
18.146214799999999,7739,4021,4294967277,7740,4021,-19,-0.10147424757208574,0.045553093477052005,0.023561944901923454,0.040766411508534987,0.25135869460776239,0.070529100234856326,2.9318412548767601,0.12401231591522267,0.13011810769395257,0,0,0
18.1512277,7718,4017,4294967279,7719,4017,-17,-0.10101079407077783,0.04869468613064179,0.023561944901923444,0.064989710573456122,0.42721494733351412,0.037626435050665617,-0.021130210211210976,0.12390666486416661,0.14164647433156852,0,0,0
18.156065999999999,7693,4012,4294967281,7694,4012,-15,-0.10045906371207793,0.052621676947629037,0.024347343065320898,0.086148993202412844,0.59431168319862837,0.09335277430176063,0.8323835337517802,0.12806858253292552,0.14990523775797132,0,0,0
18.161028099999999,7665,4007,4294967284,7666,4007,-12,-0.09984112571033403,0.056548667764616277,0.023561944901923447,0.1036145492891544,0.68345580184286181,-0.023476925931712446,-5.3996737076786268,0.10107021399453239,0.14121476079589915,0,0,0
18.1662313,7635,4001,4294967287,7636,4001,-9,-0.099179049279894155,0.061261056745000965,0.023561944901923447,0.11705043599115497,0.80429264682238977,-0.012524660399996494,-6.3389013013099493,0.069375707487982649,0.12021911332250357,0,0,0
18.170545700000002,7612,3996,4294967289,7613,3996,-7,-0.098671457349890246,0.065188047561988219,0.024347343065320902,0.10980454970087755,0.79547814529197391,0.066597762123659185,-3.2555346238150054,0.053098034368907622,0.10328263255368811,0,0,0
18.175880100000001,7586,3992,4294967291,7587,3992,-5,-0.098097657776842345,0.068329640215577997,0.024347343065320895,0.11211628644377655,0.71749619440457324,0.035529112986289677,-4.7617233439081446,0.029289417649366899,0.076217714355958338,0,0,0
18.1801998,7570,3989,4294967293,7571,3989,-3,-0.097744550347274417,0.070685834705770348,0.023561944901923454,0.092758467838643277,0.60261423299407857,-0.054325160626800553,-8.100132259835144,-0.011211243649808821,0.044340180569148638,0,0,0
18.1862213,7553,3986,4294967294,7554,3986,-2,-0.097369373703358478,0.073042029195962685,0.024347343065320895,0.084490412406024951,0.54132607470039074,0.044297693051006962,-3.8062816546472575,-0.030242651923045108,0.011424849688988485,0,0,0
18.191165900000001,7545,3985,4294967294,7546,3985,-2,-0.097192819988574514,0.07382742735936014,0.02513274122871835,0.061547510931755117,0.3620705335417691,0.096911810997538983,-0.41999795189725786,-0.032342641682531398,-0.010173767408207836,0,0,0
18.1961756,7543,3985,4294967294,7544,3985,-2,-0.097148681559878519,0.07382742735936014,0.02513274122871835,0.036953084643832373,0.19316031777953568,0.051701297053258863,-1.103998680789215,-0.03786263508647747,-0.026940613816275695,0,0,0
18.201164500000001,7544,3985,4294967294,7545,3985,-2,-0.097170750774226516,0.07382742735936014,0.02513274122871835,0.017654920323845334,0.1030487292067554,0.027582026271877155,-1.3169801608271314,-0.044447535890613128,-0.04141988956132623,0,0,0
18.206123900000001,7547,3986,4294967294,7548,3986,-2,-0.097236958417270508,0.073042029195962685,0.024347343065320895,0.003241358953771486,-0.018304249458141686,-0.05856483674780924,-4.1656575798578341,-0.065275823789902293,-0.061074179677376911,0,0,0
18.211133199999999,7554,3988,4294967294,7555,3988,-2,-0.097391442917706475,0.071471232869167789,0.022776546738525999,-0.01268454543825543,-0.15632413768631337,-0.17780268154568485,-8.3617505181135385,-0.10708457638046999,-0.091221100707512187,0,0,0
18.216040499999998,7564,3990,4294967293,7565,3990,-3,-0.097612135061186434,0.069900436542372907,0.022776546738526013,-0.027358156559419568,-0.22995610438976682,-0.09485561316868546,-4.1603880762906522,-0.12788651676192325,-0.11946685722904021,0,0,0
18.220362000000002,7578,3993,4294967291,7579,3993,-5,-0.097921104062058381,0.067544242052180556,0.023561944901923454,-0.043422794396745658,-0.34251740104169481,0.022675179293378228,1.9222647932603572,-0.11827519279562146,-0.13505533167208367,0,0,0
18.2254714,7600,3997,4294967289,7601,3997,-7,-0.098406626777714293,0.06440264939859075,0.023561944901923433,-0.068465969472415455,-0.47584703161528896,0.01209693811637092,2.9833377671567405,-0.10335850395983776,-0.13728354047962604,0,0,0
18.2310622,7629,4003,4294967286,7630,4003,-10,-0.099046633993806185,0.059690260418206069,0.023561944901923447,-0.096239976977440161,-0.69353584029990989,0.0064535724237512236,4.8089256987402482,-0.07931387546613651,-0.12338613859180339,0,0,0
18.236045799999999,7655,4009,4294967283,7656,4009,-13,-0.099620433566854072,0.054977871437821381,0.023561944901923447,-0.10487974843508219,-0.80967022729696525,0.0034429040330652251,5.9371853629986173,-0.049627948651143422,-0.10156952696106561,0,0,0
18.240602299999999,7677,4013,4294967281,7678,4013,-15,-0.10010595628250998,0.051836278784231589,0.02356194490192345,-0.10125252256660129,-0.72506750114202567,0.0018367483004101514,5.9429985485687338,-0.019912955908299751,-0.074912045925938892,0,0,0
18.2460974,7698,4018,4294967279,7699,4018,-17,-0.10056940978381791,0.047909287967244349,0.022776546738526002,-0.097258330499349677,-0.75321247355654064,-0.072299635947416355,3.263504409952287,-0.0035954338585383154,-0.047404864436068062,0,0,0
18.251096100000002,7712,4021,4294967278,7713,4021,-18,-0.10087837878468985,0.045553093477052005,0.021991148575128558,-0.080713704758893765,-0.62166844257973797,-0.11185051406018555,0.94104530227541527,0.0011097926528387614,-0.027443611996134459,0,0,0
18.256086,7721,4022,4294967277,7722,4022,-19,-0.10107700171382182,0.04476769531365455,0.022776546738525999,-0.061591792641199988,-0.40493223001546119,0.013608602058489357,5.1816478847939376,0.027018032076808449,-0.002297420407142519,0,0,0
18.261075099999999,7725,4023,4294967276,7726,4023,-20,-0.1011652785712138,0.043982297150257102,0.023561944901923444,-0.041094928933914601,-0.28930604170422897,0.080539546426618633,7.3354222247435299,0.063695143200526105,0.028908343604114276,0,0,0
18.266083200000001,7725,4024,4294967276,7726,4024,-20,-0.1011652785712138,0.043196898986859661,0.022776546738526002,-0.02192365519047865,-0.2276208472219286,-0.030312630411536291,2.0529368663395022,0.073959827532223618,0.053193697845130963,0,0,0
18.271066999999999,7720,4023,4294967276,7721,4023,-20,-0.10105493249947382,0.043982297150257102,0.023561944901923444,-0.0014004576437054994,-0.048153491984949989,0.057108091957815736,4.6112472394975352,0.097016063729711291,0.080222105573082125,0,0,0
18.275928700000001,7711,4021,4294967277,7712,4021,-19,-0.10085630957034185,0.045553093477052005,0.023561944901923454,0.01778486488949246,0.12086972406561294,0.030466486964431275,2.2793281576673445,0.10841270451804802,0.10328965955871709,0,0,0
18.280331100000001,7699,4019,4294967277,7700,4019,-19,-0.10059147899816591,0.047123889803846894,0.025132741228718343,0.034197336772855066,0.21104159694650562,0.1628125465569398,7.1535172293996032,0.14418029066504603,0.13646897767706304,0,0,0
18.2861759,7674,4015,4294967280,7675,4015,-16,-0.10003974863946601,0.050265482457436693,0.02356194490192345,0.069721628483366493,0.40570625586387793,-0.059700483915690494,-4.2666802452055572,0.12284688943901825,0.14057841340651195,0,0,0
18.291424299999999,7647,4009,4294967282,7648,4009,-14,-0.099443879852070108,0.054977871437821381,0.025132741228718346,0.092791635580812257,0.65611657173664106,0.11470954138263716,1.1931370026935637,0.12881257445248606,0.14722528892674783,0,0,0
18.2963962,7619,4004,4294967285,7620,4004,-11,-0.098825941850326227,0.058904862254808621,0.024347343065320902,0.10715831989140626,0.71642797384910462,-0.012083345029857674,-5.2739089815877795,0.10244302954454716,0.13861963927375998,0,0,0
18.301387999999999,7591,3999,4294967287,7592,3999,-9,-0.098208003848582331,0.062831853071795868,0.02513274122871835,0.11482277487957486,0.74860338863311138,0.066833198618043058,-2.7010910196503475,0.088937574446295423,0.12782005134121888,0,0,0
18.306379499999998,7565,3994,4294967290,7566,3994,-6,-0.097634204275534431,0.066758843888783101,0.024347343065320895,0.11479344981502508,0.76576858924629432,-0.037624803739765296,-7.7626407670849575,0.050124370610870633,0.10337830177733967,0,0,0
18.311341599999999,7541,3990,4294967292,7542,3990,-4,-0.097104543131182525,0.069900436542372907,0.024347343065320902,0.11065958471687577,0.70164650006260199,-0.020072384724804142,-7.1748479459105763,0.014250130881317748,0.071634481808086362,0,0,0
18.3158979,7523,3986,4294967294,7524,3986,-2,-0.096707297272918602,0.073042029195962685,0.024347343065320895,0.0960995553405114,0.667438129107218,-0.010708378210482629,-6.762015335192987,-0.019559945794647191,0.036941407987665431,0,0,0
18.320874799999999,7509,3984,4294967295,7510,3984,-1,-0.096398328272046654,0.074612825522757595,0.024347343065320902,0.080095512011402636,0.50262933200286231,-0.0057127922501912952,-5.8438028331899332,-0.048778959960596856,-0.00023339419540580053,0,0,0
18.325840599999999,7502,3983,4294967295,7503,3983,-1,-0.096243843771610688,0.075398223686155036,0.025132741228718343,0.057143773646971763,0.34142628214861975,0.07023181265966176,-1.5657713615570743,-0.056607816768382224,-0.028224204927355188,0,0,0
18.3317984,7501,3983,4294967295,7502,3983,-1,-0.09622177455726269,0.075398223686155036,0.025132741228718343,0.032544632983385821,0.1821468555117996,0.037467835669670935,-1.7738215848796643,-0.065476924692780547,-0.05185861960686633,0,0,0
18.336741100000001,7506,3984,4294967295,7507,3984,-1,-0.096332120629002663,0.074612825522757595,0.024347343065320902,0.007066622811964544,0.023893658953220612,-0.053290875163288461,-4.4171594259383387,-0.087562721822472239,-0.076797944310652941,0,0,0
18.341762899999999,7514,3986,4294967294,7515,3986,-2,-0.096508674343786641,0.073042029195962685,0.024347343065320895,-0.012702922987350283,-0.13381205607989979,-0.028430047263437695,-2.1813855337654484,-0.09846964949129948,-0.09835968920323146,0,0,0
18.346713900000001,7527,3989,4294967293,7528,3989,-3,-0.096795574130310591,0.070685834705770348,0.023561944901923454,-0.033545291551167401,-0.29122569623909178,-0.088446610936217585,-3.4696713583885117,-0.11581800628324204,-0.1199444000619542,0,0,0
18.351721699999999,7545,3993,4294967291,7546,3993,-5,-0.097192819988574514,0.067544242052180556,0.023561944901923454,-0.054959998283697936,-0.44848351793133856,-0.047185213631840216,-0.30755394480394638,-0.11735577600726177,-0.13321341138578449,0,0,0
18.356678599999999,7567,3997,4294967289,7568,3997,-7,-0.097678342704230425,0.06440264939859075,0.023561944901923433,-0.074620930350594486,-0.53237869303508167,-0.025172749548178285,1.7867042348703097,-0.10842225483291022,-0.13719276741258507,0,0,0
18.361682800000001,7593,4002,4294967286,7594,4002,-10,-0.098252142277278326,0.060475658581603517,0.024347343065320895,-0.093346244518918028,-0.65041528914494662,0.059850157188046232,6.8479681479318728,-0.074182414093250854,-0.12248480531421801,0,0,0
18.366501700000001,7618,4008,4294967284,7619,4008,-12,-0.098803872635978229,0.055763269601218829,0.022776546738525999,-0.10127686636693739,-0.78666592677450764,-0.11462969247428073,0.63713464033187073,-0.070996740891591498,-0.11230823832693246,0,0,0
18.3714969,7642,4013,4294967281,7643,4013,-15,-0.099333533780330135,0.051836278784231589,0.02356194490192345,-0.10344864841508186,-0.78607450006143076,0.012125943471553095,6.6015269163871801,-0.037989106309655594,-0.088301866965052905,0,0,0
18.376507,7663,4017,4294967279,7664,4017,-17,-0.09979698728163805,0.04869468613064179,0.023561944901923444,-0.098429937486050112,-0.71247946166123466,0.0064690464353168399,6.4441784030193263,-0.0057682142945589612,-0.058386809107858609,0,0,0
18.381495399999999,7680,4020,4294967278,7681,4020,-18,-0.10017216392555398,0.046338491640449446,0.022776546738525999,-0.087516073921899862,-0.59993786581932007,-0.069828360058059799,2.8260685736011912,0.0083621285734469947,-0.03192072815942093,0,0,0
18.386456200000001,7691,4022,4294967277,7692,4022,-19,-0.10041492528338193,0.04476769531365455,0.022776546738525999,-0.069338996106309322,-0.46661874539325354,-0.037252598511396562,3.4884778269260783,0.025804517708077387,-0.0063642233921093437,0,0,0
18.391431499999999,7696,4024,4294967276,7697,4024,-20,-0.10052527135512192,0.043196898986859661,0.022776546738526002,-0.047287079984532215,-0.39549458233120577,-0.019873817668027906,3.6396733697440338,0.044002884556797559,0.01759042816489945,0,0,0
18.396445499999999,7697,4024,4294967276,7698,4024,-20,-0.10054734056946991,0.043196898986859661,0.022776546738526002,-0.027286204296941171,-0.21099164976474816,-0.010602445050408849,2.9194234060250914,0.058600001586923016,0.03980702719519897,0,0,0
18.401454300000001,7694,4024,4294967276,7695,4024,-20,-0.10048113292642592,0.043196898986859661,0.022776546738526002,-0.0083795342553347196,-0.11256153246915812,-0.0056562781708409332,2.3322561259187129,0.070261282216516577,0.059735877548436511,0,0,0
18.406161099999998,7688,4022,4294967276,7689,4022,-20,-0.10034871764033794,0.04476769531365455,0.024347343065320892,0.0078842798422135395,0.08650880149677298,0.14354148153999116,7.5396884036220087,0.10795972423462663,0.090614480560089167,0,0,0
18.411128399999999,7677,4021,4294967277,7678,4021,-19,-0.10010595628250998,0.045553093477052005,0.023561944901923454,0.026856382292577648,0.11943093466511023,0.0032981516871426891,0.93967292717222617,0.11265808887048775,0.11121166852951435,0,0,0
18.416098300000002,7660,4017,4294967278,7661,4017,-18,-0.099730779638594058,0.04869468613064179,0.025132741228718343,0.049332434589130517,0.35683305851978331,0.14831856323173603,5.4786363637957187,0.14005127068946635,0.13659083759064164,0,0,0
18.420361100000001,7642,4014,4294967280,7643,4014,-16,-0.099333533780330135,0.051050880620834134,0.024347343065320892,0.063382251086803079,0.4102047451039702,0.0058466678798566318,-1.3773754696096183,0.13316439334141825,0.15166341110715803,0,0,0
18.426324399999999,7611,4008,4294967283,7612,4008,-13,-0.098649388135542249,0.055763269601218829,0.024347343065320895,0.097646094285696608,0.6585164621741324,0.0031191276864687063,-3.8048062764301571,0.11414036195926747,0.14652504595443416,0,0,0
18.431326299999998,7582,4003,4294967286,7583,4003,-10,-0.09800938091945037,0.059690260418206069,0.023561944901923447,0.11180722606187637,0.7177082868174296,-0.071615501816693392,-8.1421894993329076,0.073429414462602927,0.12628606255351837,0,0,0
18.436276899999999,7554,3997,4294967288,7555,3997,-8,-0.097391442917706475,0.06440264939859075,0.025132741228718336,0.11730291095812062,0.82256593964659808,0.10835302122731419,-1.5458153360022306,0.065700337782591767,0.10997291071239962,0,0,0
18.441329799999998,7529,3993,4294967290,7530,3993,-6,-0.096839712559006572,0.067544242052180556,0.02513274122871835,0.11405746261449387,0.73194721010669261,0.05780504645851494,-3.6677580840131436,0.047361547362526048,0.089248212020609299,0,0,0
18.446592200000001,7507,3989,4294967292,7508,3989,-4,-0.09635418984335066,0.070685834705770348,0.025132741228718343,0.10614872378475537,0.68360319706734618,0.030838303890585027,-4.8531029644252524,0.023096032540399786,0.063879765706003483,0,0,0
18.451560099999998,7490,3986,4294967294,7491,3986,-2,-0.095979013199434735,0.073042029195962685,0.024347343065320895,0.09163395448993629,0.58453272254328414,-0.056827651416941447,-8.2734109909129536,-0.018271022414164981,0.029372010523141923,0,0,0
18.456548300000001,7478,3984,4294967295,7479,3984,-1,-0.095714182627258781,0.074612825522757595,0.024347343065320902,0.073594946612612983,0.45840028491393747,-0.030316875275614073,-6.5555981104473098,-0.051049012966401533,-0.0069348754446763756,0,0,0
18.4613078,7473,3983,0,7474,3983,0,-0.095603836555518795,0.075398223686155036,0.023561944901923447,0.049557578895918365,0.31783061224637071,-0.08945321121065207,-8.2232392558872895,-0.092165209245837987,-0.048274217384244124,0,0,0
18.466356999999999,7474,3983,0,7475,3983,0,-0.095625905769866792,0.075398223686155036,0.023561944901923447,0.024379267901559473,0.16955884661763296,-0.047722222890740053,-5.4168893445622137,-0.11924965596864906,-0.087397131260321809,0,0,0
18.4713131,7481,3985,4294967295,7482,3985,-1,-0.095780390270302773,0.07382742735936014,0.023561944901923447,-0.0014077227440437573,-0.056101413174383802,-0.025459237592605065,-2.9158120755895194,-0.13382871634659665,-0.12113337208483307,0,0,0
18.4763217,7496,3988,4294967293,7497,3988,-3,-0.096111428485522704,0.071471232869167789,0.024347343065320895,-0.03163765726031427,-0.24976799369796696,0.059697319228103264,2.4622540234141654,-0.12151744622952583,-0.13774349827251875,0,0,0
18.4810664,7516,3992,4294967291,7517,3992,-5,-0.096552812772482635,0.068329640215577997,0.024347343065320895,-0.058060518632813578,-0.42636632734165109,0.031847808878257028,2.9952998923464973,-0.10654094676779334,-0.14338132891880156,0,0,0
18.485591100000001,7539,3997,4294967289,7540,3997,-7,-0.097060404702486544,0.06440264939859075,0.023561944901923433,-0.078334131295754075,-0.59385895453910764,-0.05628909252812267,0.79978692277796659,-0.1025420121539035,-0.14554839824067245,0,0,0
18.4915795,7572,4004,4294967285,7573,4004,-11,-0.097788688775970412,0.058904862254808621,0.024347343065320902,-0.10974096484203294,-0.82977331507854513,0.043249958769940304,7.3699695472175275,-0.065692164417815863,-0.12136901949530784,0,0,0
18.496557599999999,7598,4010,4294967283,7599,4010,-13,-0.098362488349018298,0.054192473274423933,0.022776546738525999,-0.11208236467880794,-0.88235129765169162,-0.12348570064009029,1.0620745023169125,-0.060381791906231302,-0.10603254582400744,0,0,0
18.500565300000002,7618,4014,4294967281,7619,4014,-15,-0.098803872635978229,0.051050880620834134,0.022776546738525996,-0.10097681203188807,-0.76384198662402758,-0.065878150711529526,3.1851378989622909,-0.044456102411419847,-0.089904329593860535,0,0,0
18.506175500000001,7641,4018,4294967278,7642,4018,-18,-0.099311464565982138,0.047909287967244349,0.024347343065320902,-0.10122946273793204,-0.70061868050735587,0.1114138297163291,11.047393745550067,0.01078086631633049,-0.049673409251126677,0,0,0
18.5111378,7657,4022,4294967277,7658,4022,-19,-0.099664571995550066,0.04476769531365455,0.022776546738525999,-0.086950477041766921,-0.66688979961470551,-0.087121087247521017,2.5329681634967764,0.023445707133814372,-0.020156985601882345,0,0,0
18.5161196,7667,4024,4294967276,7668,4024,-20,-0.099885264139030025,0.043196898986859661,0.022776546738526002,-0.066978146643679348,-0.50233680474861098,-0.046478062529461121,3.3765751031148854,0.040328582649388801,0.0082597294283936838,0,0,0
18.521153000000002,7670,4025,4294967275,7671,4025,-21,-0.099951471782074017,0.042411500823462206,0.023561944901923447,-0.041909374385918768,-0.34127022234215837,0.048484026435561545,6.410275837627692,0.072379961837527262,0.040374719456192136,0,0,0
18.5258985,7668,4025,4294967275,7669,4025,-21,-0.099907333353378022,0.042411500823462206,0.023561944901923447,-0.018239931614524661,-0.18206359946355447,0.025865650711518317,4.3830591156839986,0.094295257415947256,0.070443473999684217,0,0,0
18.5309074,7661,4023,4294967275,7662,4023,-21,-0.099752848852942055,0.043982297150257102,0.025132741228718343,0.0046829855403790095,0.0494302764490471,0.16035805520695112,8.7208877599646151,0.13789969621577033,0.11013465977812537,0,0,0
18.535889900000001,7648,4021,4294967276,7649,4021,-20,-0.099465949066418105,0.045553093477052005,0.025132741228718346,0.029266750431912639,0.17292950240894231,0.085549112763438434,4.4427874850383855,0.16011363364096226,0.14503674930062727,0,0,0
18.540833899999999,7627,4017,4294967278,7628,4017,-18,-0.099002495565110191,0.04869468613064179,0.025132741228718343,0.058854778337494196,0.38537390730154836,0.045639432862703985,0.95225475373814428,0.16487490740965299,0.16919336840546981,0,0,0
18.545197399999999,7603,4013,4294967280,7604,4013,-16,-0.098472834420758285,0.051836278784231589,0.025132741228718346,0.080816969652155485,0.49871046733069146,0.024348093916404839,-1.267066110592447,0.15853957685669076,0.18508491841452207,0,0,0
18.551190500000001,7563,4005,4294967284,7564,4005,-12,-0.097590065846838436,0.058119464091411173,0.025132741228718343,0.12547930137632263,0.85229224955953864,0.012989418145169398,-4.867054345063389,0.13420430513137382,0.17502110080747876,0,0,0
18.556145799999999,7528,3998,4294967287,7529,3998,-9,-0.096817643344658574,0.063617251235193309,0.025918139392115791,0.1390105721579224,0.9676444003133795,0.08020921918266756,-3.4070385717611242,0.11716911227256821,0.16362194318316017,0,0,0
18.561127200000001,7494,3992,4294967291,7495,3992,-5,-0.09606729005682671,0.068329640215577997,0.024347343065320895,0.1441702337145141,0.95590387973028235,-0.10376837535436477,-12.051532826331208,0.056911448140912167,0.12828695245440305,0,0,0
18.566132199999998,7463,3986,4294967293,7464,3986,-3,-0.095383144412038837,0.073042029195962685,0.025918139392115791,0.14074552092085407,0.94964045181598999,0.091199846100608842,-4.2600706952380865,0.035611094664721732,0.096683042042391851,0,0,0
18.5704095,7441,3982,4294967295,7442,3982,-1,-0.094897621696382925,0.076183621849552477,0.025918139392115784,0.12038648506554356,0.79973994903027323,0.048654031804015563,-5.4403850277811907,0.0084091695258157774,0.065217446775618165,0,0,0
18.576367399999999,7419,3978,1,7420,3978,1,-0.094412098980727013,0.079325214503142283,0.025918139392115798,0.10952518189063862,0.71976981594552603,0.025956346551011384,-6.2750934348184062,-0.022966297648276252,0.025752197780257481,0,0,0
18.581416900000001,7407,3976,2,7408,3976,2,-0.09414726840855106,0.080896010829937165,0.025918139392115784,0.083139703365890508,0.53054766371780615,0.013847401773196912,-5.7185796826882038,-0.051559196061717272,-0.011013840645161329,0,0,0
18.586355900000001,7402,3975,3,7403,3975,3,-0.094036922336811088,0.081681408993334634,0.025132741228718357,0.054649592956152016,0.35632037964167596,-0.065892095353460689,-8.0057600832894185,-0.091587996478164374,-0.052574953993634307,0,0,0
18.5913112,7404,3976,3,7405,3976,3,-0.094081060765507069,0.080896010829937165,0.024347343065320888,0.025036686499643114,0.11681315985987598,-0.10843216746012965,-8.315979061093989,-0.13316789178363431,-0.097444248122932189,0,0,0
18.596314100000001,7413,3978,2,7414,3978,2,-0.094279683694639044,0.079325214503142283,0.024347343065320902,-0.0051752182765458492,-0.084240608916067591,-0.057847270031174118,-4.6330189196478333,-0.15633298638187348,-0.1369884196793397,0,0,0
18.6013023,7430,3981,0,7431,3981,0,-0.094654860338554969,0.076969020012949932,0.025132741228718343,-0.03776579178558459,-0.26477991951903673,0.042418689628253695,1.3759949981114143,-0.14945301139131642,-0.16003927024296005,0,0,0
18.6059029,7454,3986,4294967294,7455,3986,-2,-0.095184521482906875,0.073042029195962685,0.024347343065320895,-0.069566246473531268,-0.50765453028355256,-0.050649653535653955,-0.48919663074449327,-0.15189899454503888,-0.17698530734610673,0,0,0
18.610980600000001,7485,3992,4294967291,7486,3992,-5,-0.095868667127694748,0.068329640215577997,0.024347343065320895,-0.10094518217987711,-0.71050476204682522,-0.02702098697916178,2.5692288862746242,-0.13905285011366575,-0.17931386326344023,0,0,0
18.615939300000001,7518,3999,4294967288,7519,3999,-8,-0.096596951201178616,0.062831853071795868,0.023561944901923454,-0.12180369121576753,-0.89200246425961771,-0.087694894054926933,1.7727042197683516,-0.130189329014824,-0.17622802004493368,0,0,0
18.620341199999999,7549,4005,4294967285,7550,4005,-11,-0.097281096845966503,0.058119464091411173,0.023561944901923454,-0.12881323685889104,-0.91554980765852623,-0.046784181627799515,4.3472743711747235,-0.10845295715895037,-0.16555647937613024,0,0,0
18.6263063,7590,4013,4294967281,7591,4013,-15,-0.098185934634234334,0.051836278784231589,0.02356194490192345,-0.15314384861066196,-1.0746710735227099,-0.024958803749874549,7.2347321694238733,-0.072279296311830998,-0.13283228118764562,0,0,0
18.631302999999999,7621,4020,4294967278,7622,4020,-18,-0.098870080279022207,0.046338491640449446,0.022776546738525999,-0.14553283760198668,-1.0862808546085769,-0.086594743860455375,5.1408833438871664,-0.046574879592395167,-0.10285681949711903,0,0,0
18.636262200000001,7647,4025,4294967275,7648,4025,-21,-0.099443879852070108,0.042411500823462206,0.023561944901923447,-0.13117690255409262,-0.94591549597402702,0.02708225469137962,9.7074031032435979,0.0019621359238228206,-0.060756684623783537,0,0,0
18.640849100000001,7665,4028,4294967273,7666,4028,-23,-0.09984112571033403,0.040055306333269862,0.024347343065320895,-0.10704530006779767,-0.72447321015672883,0.087727579649764187,11.387649512650549,0.058900383487075568,-0.010046153950115353,0,0,0
18.646829700000001,7677,4031,4294967272,7678,4031,-24,-0.10010595628250998,0.037699111843077518,0.023561944901923447,-0.081816715946091564,-0.60633638780920796,-0.026477900288621577,5.8541280015500448,0.088171023494825793,0.036578105758420271,0,0,0
18.651812100000001,7678,4031,4294967272,7679,4031,-24,-0.10012802549685798,0.037699111843077518,0.023561944901923447,-0.045707353872144182,-0.32347324209140926,-0.014125644481077297,4.5406942069781069,0.11087449452971633,0.076442144439892376,0,0,0
18.656049899999999,7672,4030,4294967272,7673,4030,-24,-0.099995610210770011,0.038484510006474966,0.024347343065320895,-0.012029667389752474,-0.099289603150379255,0.065743656182375487,6.3215543955879383,0.14248226650765602,0.11778778198139131,0,0,0
18.660596000000002,7660,4028,4294967273,7661,4028,-23,-0.099730779638594058,0.040055306333269862,0.024347343065320895,0.018291638860427898,0.093589217734144969,0.035073457638085309,3.4730931120380308,0.15984773206784619,0.153675875823196,0,0,0
18.6665758,7632,4023,4294967275,7633,4023,-21,-0.099112841636850163,0.043982297150257102,0.025132741228718343,0.067413458854756261,0.41632632957578364,0.091990791255323806,3.1760331855304065,0.17572789799549823,0.17693727665919462,0,0,0
18.671526700000001,7602,4017,4294967278,7603,4017,-18,-0.098450765206410287,0.04869468613064179,0.025132741228718343,0.097737585359891493,0.66178225458845241,0.049075991624762852,-0.78286230808791246,0.17181358645505868,0.19077487810668631,0,0,0
18.676574800000001,7566,4010,4294967282,7567,4010,-14,-0.097656273489882428,0.054192473274423933,0.024347343065320898,0.12626980729944581,0.86600958676247974,-0.047098062201718985,-7.0423274301769281,0.13660194930417402,0.1820906618116839,0,0,0
18.681580499999999,7529,4003,4294967285,7530,4003,-11,-0.096839712559006572,0.059690260418206069,0.02513274122871835,0.1435505181792871,0.97496243635262947,0.048153263993932223,-4.5114229100390499,0.11404483475397877,0.16695331870944405,0,0,0
18.686518800000002,7494,3996,4294967288,7495,3996,-8,-0.09606729005682671,0.065188047561988219,0.025918139392115805,0.14865135111382938,1.033087484099416,0.098968712179946502,-3.3247407039034869,0.097421131234461333,0.14921074278028393,0,0,0
18.691524000000001,7462,3990,4294967291,7463,3990,-5,-0.095361075197690839,0.069900436542372907,0.025918139392115805,0.14519525395089067,0.99081698557441,0.052798629338624482,-5.6408097873780472,0.069217082297571092,0.12424200511457638,0,0,0
18.696275700000001,7435,3985,4294967294,7436,3985,-2,-0.094765206410294955,0.07382742735936014,0.02513274122871835,0.1330559159592053,0.89498665871481764,-0.045112079313928147,-9.7666444033355511,0.020383860280893333,0.08721565095693351,0,0,0
18.700835600000001,7413,3981,0,7414,3981,0,-0.094279683694639044,0.076969020012949932,0.025132741228718343,0.11628417239330888,0.77058280127784085,-0.024066757078338625,-8.5275202491276403,-0.022253740964744868,0.045154559967905482,0,0,0
18.706244900000002,7395,3978,1,7396,3978,1,-0.093882437836375107,0.079325214503142283,0.025918139392115798,0.099100205883187534,0.63093530555740196,0.060440190999541475,-4.3325096887020784,-0.04391628940825526,0.0057339614912059085,0,0,0
18.710914800000001,7387,3976,2,7388,3976,2,-0.093705884121591143,0.080896010829937165,0.025918139392115784,0.06934166176512184,0.48315551034783311,0.032244122121525769,-4.4842267704392844,-0.066337423260451681,-0.029578657617842476,0,0,0
18.7156898,7385,3976,2,7386,3976,2,-0.093661745692895149,0.080896010829937165,0.025918139392115784,0.041111171293601319,0.25775771091561328,0.017201855159521197,-3.6633280171291638,-0.084654063346097499,-0.061750777901103719,0,0,0
18.721664000000001,7391,3978,2,7392,3978,2,-0.093794160978983132,0.079325214503142283,0.024347343065320902,0.0095776587196181612,-0.0090483694236497547,-0.1373820537117541,-8.4932155498478501,-0.12712014109533676,-0.10062704558268763,0,0,0
18.7266318,7403,3980,1,7404,3980,1,-0.094058991551159071,0.077754418176347387,0.024347343065320902,-0.019599756285195391,-0.151386235915344,-0.073291689584859113,-4.477836522632213,-0.14950932370849782,-0.13448074695648185,0,0,0
18.731634700000001,7421,3984,4294967295,7422,3984,-1,-0.094456237409423008,0.074612825522757595,0.024347343065320902,-0.047520221295412154,-0.37388083118401227,-0.039100243569468188,-1.229244235108764,-0.15565554488404162,-0.15975792043517067,0,0,0
18.736481099999999,7446,3989,4294967292,7447,3989,-4,-0.095007967768122911,0.070685834705770348,0.025132741228718343,-0.076829228715132675,-0.56585856738399942,0.052420004988943586,4.5993405595275032,-0.13265884208640411,-0.16541688820628953,0,0,0
18.7414995,7476,3995,4294967289,7477,3995,-7,-0.095670044198562787,0.06597344572538566,0.025132741228718343,-0.10276078644885686,-0.74155592269333837,0.027965448396537626,5.4750314802211282,-0.10528368468529846,-0.15650286200585939,0,0,0
18.746464100000001,7507,4001,4294967286,7508,4001,-10,-0.09635418984335066,0.061261056745000965,0.025132741228718343,-0.11865407394596089,-0.83528836938707363,0.014919233681575614,6.2998822844868254,-0.073784273262864325,-0.13585733001590647,0,0,0
18.7514903,7537,4007,4294967283,7538,4007,-13,-0.09701626627379055,0.056548667764616277,0.025132741228718343,-0.12507384329123356,-0.88529351344701235,0.0079592334973258676,6.996256086468426,-0.038802992830522194,-0.10511201143154371,0,0,0
18.756478399999999,7563,4013,4294967281,7564,4013,-15,-0.097590065846838436,0.051836278784231589,0.02356194490192345,-0.1202622727336039,-0.91197066229628465,-0.14231288229899694,1.0988458249479534,-0.033308763705782424,-0.081511685451952087,0,0,0
18.761264000000001,7583,4016,4294967279,7584,4016,-17,-0.098031450133798367,0.049480084294039245,0.024347343065320898,-0.10534069556534192,-0.70636404563558508,-0.002642708623347742,6.277734087754852,-0.0019200932670081633,-0.050624046042709751,0,0,0
18.766262900000001,7599,4019,4294967277,7600,4019,-19,-0.098384557563366296,0.047123889803846894,0.025132741228718343,-0.089143770794892913,-0.59667536419756895,0.071869665713236899,9.0853690957369828,0.043506752211676748,-0.0095470191034534892,0,0,0
18.7712036,7607,4021,4294967277,7608,4021,-19,-0.098561111278150274,0.045553093477052005,0.023561944901923454,-0.064030022215796359,-0.46487823963088326,-0.10821742781532291,0.51545934336148402,0.046084048928484167,0.016127218770290209,0,0,0
18.776171000000001,7609,4021,4294967276,7610,4021,-20,-0.098605249706846254,0.045553093477052005,0.025132741228718346,-0.038277474849866364,-0.2480070046504724,0.088826329596047804,7.6002721051085871,0.084085409454027094,0.051369983901071767,0,0,0
18.780607799999999,7606,4021,4294967276,7607,4021,-20,-0.098539042063802276,0.045553093477052005,0.025132741228718346,-0.014243246201281933,-0.13230878348820291,0.047387789014824717,4.9405241935980868,0.10878803042201753,0.084708739206855704,0,0,0
18.786542799999999,7595,4019,4294967277,7596,4019,-19,-0.09829628070597432,0.047123889803846894,0.025132741228718343,0.015051610663064575,0.075973878246325927,0.02528082110254647,2.4156618681967057,0.12086633976300105,0.11017973750963322,0,0,0
18.791527299999998,7579,4016,4294967278,7580,4016,-18,-0.097943173276406378,0.049480084294039245,0.025918139392115798,0.040975619244015701,0.26036971715447199,0.086766536283230847,3.5490813845804765,0.13861174668590343,0.13506934362049414,0,0,0
18.796095699999999,7559,4012,4294967280,7560,4012,-16,-0.097501788989446461,0.052621676947629037,0.025918139392115794,0.063042210146178446,0.43202222055073775,0.046288913812327449,0.35448761611588009,0.14038418476648282,0.15229872926009133,0,0,0
18.801140400000001,7533,4006,4294967283,7534,4006,-13,-0.096927989416398561,0.057334065928013725,0.025918139392115791,0.087169135179786125,0.67015582550265473,0.024694584268418852,-2.5580968221216702,0.12759370065587447,0.15656822829267628,0,0,0
18.806096499999999,7504,4001,4294967286,7505,4001,-10,-0.096287982200306682,0.061261056745000965,0.025132741228718343,0.10621789314802463,0.72391774854107882,-0.060105252670369834,-7.4071555172521784,0.090557923069613577,0.14224481997169541,0,0,0
18.811085899999998,7474,3995,4294967289,7475,3995,-7,-0.095625905769866792,0.06597344572538566,0.025132741228718343,0.11843928893687869,0.8258786135282522,-0.03206543651166404,-7.5579994989328396,0.05276792557494938,0.1155115010729412,0,0,0
18.815387900000001,7451,3990,4294967291,7452,3990,-5,-0.095118313839862884,0.069900436542372907,0.025918139392115805,0.11054548620769797,0.80699400146424005,0.056172990777407686,-4.0540395532507585,0.032497727808695587,0.092210855198537403,0,0,0
18.821354599999999,7424,3985,4294967293,7425,3985,-3,-0.094522445052467,0.07382742735936014,0.026703537555513246,0.11457067750913935,0.79691928582321281,0.10324714091273374,-2.5497946990355373,0.019748754313517899,0.063589586272328177,0,0,0
18.826332399999998,7406,3982,4294967295,7407,3982,-1,-0.094125199194203063,0.076183621849552477,0.025918139392115784,0.098186076768337571,0.64498550642356145,-0.01819839917586983,-7.1267084139373411,-0.015884787756168806,0.02932564341151217,0,0,0
18.831356899999999,7394,3980,0,7395,3980,0,-0.09386036862202711,0.077754418176347387,0.025918139392115798,0.077090425819512781,0.49065112518736964,-0.0097086292372474091,-5.9753605368252911,-0.045761590440295263,-0.0054250082909903033,0,0,0
18.836336899999999,7389,3979,0,7390,3979,0,-0.093750022550287138,0.078539816339744828,0.026703537555513239,0.051422375425454685,0.33503605145992815,0.068100081213125968,-1.5725267377332504,-0.053624224128961513,-0.030582615163712148,0,0,0
18.841332300000001,7389,3979,1,7390,3979,1,-0.093750022550287138,0.078539816339744828,0.025132741228718343,0.027433224905095879,0.17873774354005773,-0.11022845625449432,-8.1370303503471426,-0.094309375880697224,-0.06645839759752413,0,0,0
18.8463037,7394,3980,0,7395,3980,0,-0.09386036862202711,0.077754418176347387,0.025918139392115798,0.0043397474734900004,0.022074938315100212,0.014473950580888288,-1.6634351676748458,-0.10262655171907145,-0.092679564092734021,0,0,0
18.8512953,7405,3982,0,7406,3982,0,-0.094103129979855066,0.076183621849552477,0.024347343065320888,-0.020335009294477464,-0.13478232188135864,-0.13883735831809024,-6.9701295017132603,-0.13747719922763776,-0.12613961570799509,0,0,0
18.856267599999999,7422,3985,4294967294,7423,3985,-2,-0.094478306623771005,0.07382742735936014,0.02513274122871835,-0.045853359757082268,-0.29174332148936299,-0.00078855796923117671,0.3277883835004477,-0.13583825731013552,-0.14554722541890019,0,0,0
18.8612635,7445,3990,4294967292,7446,3990,-4,-0.094985898553774914,0.069900436542372907,0.024347343065320902,-0.071821757409494355,-0.5220391841300227,-0.073700205577736808,-0.90057237627523756,-0.14034111919151171,-0.16018365666125842,0,0,0
18.866249199999999,7473,3995,4294967289,7474,3995,-7,-0.095603836555518795,0.06597344572538566,0.025132741228718343,-0.095971139615376885,-0.64489928427636856,0.033961337305327667,5.2326491612448471,-0.11417787338528748,-0.15604320173695507,0,0,0
18.870874799999999,7501,4001,4294967286,7502,4001,-10,-0.09622177455726269,0.061261056745000965,0.025132741228718343,-0.10885454742942391,-0.78372320386672134,0.01811796900992033,6.017580987632126,-0.08408996844712685,-0.14162192911633747,0,0,0
18.875238800000002,7527,4006,4294967284,7528,4006,-12,-0.096795574130310591,0.057334065928013725,0.024347343065320895,-0.11160947154544654,-0.7845045924347458,-0.063613798590466827,3.1053922151636688,-0.068563007371308507,-0.12670864445478885,0,0,0
18.8811027,7560,4012,4294967281,7561,4012,-15,-0.097523858203794458,0.052621676947629037,0.024347343065320898,-0.12749296259224832,-0.85820097322231859,-0.033937203977081741,5.6056846058856111,-0.040534584341880453,-0.09532573779346816,0,0,0
18.885772299999999,7582,4016,4294967279,7583,4016,-17,-0.09800938091945037,0.049480084294039245,0.024347343065320898,-0.11331640302074217,-0.75095807614496979,-0.018105094166702737,5.9894684090871824,-0.010587242296444539,-0.06475012355260043,0,0,0
18.891748400000001,7603,4020,4294967277,7604,4020,-19,-0.098472834420758285,0.046338491640449446,0.024347343065320895,-0.10369426705397927,-0.69374526770009592,-0.0096588521260192375,6.3484532164135707,0.021155023785623318,-0.027059191605152841,0,0,0
18.8966955,7615,4022,4294967276,7616,4022,-20,-0.098737664992934238,0.04476769531365455,0.024347343065320892,-0.080028979740366324,-0.51666387715284456,-0.0051528825828415711,5.5887169466899884,0.049098608519073259,0.0085753507604665099,0,0,0
18.9017102,7619,4023,4294967275,7620,4023,-21,-0.098825941850326227,0.043982297150257102,0.025132741228718343,-0.050930948684539651,-0.3489135448500163,0.070530517799280587,7.7166965061970725,0.087682091050058614,0.0477082527543366,0,0,0
18.906698800000001,7617,4023,4294967276,7618,4023,-20,-0.098781803421630232,0.043982297150257102,0.023561944901923444,-0.023052834065732473,-0.18614122099786526,-0.10893184727962904,-1.216959311805736,0.08159729449102994,0.069850463452652001,0,0,0
18.9116553,7610,4021,4294967276,7611,4021,-20,-0.098627318921194251,0.045553093477052005,0.025132741228718346,0.0021153593990777542,0.047254913920516325,0.088445195319797776,5.6222846110373075,0.10970871754621647,0.09943045147864718,0,0,0
18.916672699999999,7596,4018,4294967277,7597,4018,-19,-0.098318349920322318,0.047909287967244349,0.025918139392115798,0.029956062725873686,0.24504849169818169,0.12046397770935602,5.4647116726349472,0.13703227590939121,0.12824794294474509,0,0,0
18.921341699999999,7578,4015,4294967279,7579,4015,-17,-0.097921104062058381,0.050265482457436693,0.025132741228718346,0.053045187449204112,0.35056900993686801,-0.009013421778611766,-1.2550199375742006,0.13075717622152019,0.14394461951925419,0,0,0
18.926051099999999,7556,4010,4294967281,7557,4010,-15,-0.097435581346402469,0.054192473274423933,0.025918139392115794,0.073599401573699819,0.55342198836700274,0.068470966113146431,0.38315071996883887,0.13267292982136439,0.15653954925168634,0,0,0
18.930829899999999,7529,4005,4294967284,7530,4005,-12,-0.096839712559006572,0.058119464091411173,0.025132741228718343,0.094860381344458622,0.66164163660184006,-0.036751074285151217,-5.5312284268679175,0.1050167876870248,0.15047669702126149,0,0,0
18.936876999999999,7493,3997,4294967287,7494,3997,-9,-0.096045220842478726,0.06440264939859075,0.026703537555513232,0.12473485322157157,0.93921408803324447,0.12695277811810071,-0.98258094112834815,0.10010388298138306,0.13756460727151476,0,0,0
18.9408508,7469,3993,4294967290,7470,3993,-6,-0.09551555969812682,0.067544242052180556,0.02513274122871835,0.11596320504300087,0.79417760811879634,-0.078831243327094777,-9.5154486093026946,0.052526639934869591,0.11345172761608961,0,0,0
18.946149200000001,7442,3987,4294967292,7443,3987,-4,-0.094919690910730922,0.072256631032565244,0.026703537555513239,0.1174609659886547,0.86336141189469706,0.10450350906312331,-2.5658456521238593,0.039697411674250296,0.089876709894071261,0,0,0
18.950921900000001,7421,3983,4294967294,7422,3983,-2,-0.094456237409423008,0.075398223686155036,0.026703537555513246,0.1059053420401378,0.75371110872148961,0.055751377562408111,-4.346779210222989,0.017963515623135352,0.064300327783012964,0,0,0
18.955688200000001,7404,3980,0,7405,3980,0,-0.094081060765507069,0.077754418176347387,0.025918139392115798,0.091504113227595135,0.6219344585020381,-0.043536823300548526,-8.1353970609489501,-0.022713469681609397,0.028731944228931362,0,0,0
18.961658400000001,7390,3977,1,7391,3977,1,-0.093772091764635135,0.080110612666539724,0.026703537555513239,0.077643898370861969,0.55163318492608171,0.050053142537236056,-3.8788050591255083,-0.042107494977236939,-0.0045970178540563345,0,0,0
18.9666721,7385,3976,2,7386,3976,2,-0.093661745692895149,0.080896010829937165,0.025918139392115784,0.051717646440346585,0.36756925410073726,-0.046576763826716681,-6.8844345835625234,-0.076529667895049558,-0.0407530585023268,0,0,0
18.971610099999999,7386,3976,2,7387,3976,2,-0.093683814907243146,0.080896010829937165,0.025918139392115784,0.02553163821246433,0.19609381971398301,-0.024848148823116232,-4.7918855384506571,-0.10048909558730285,-0.074377872131850709,0,0,0
18.9765804,7392,3977,2,7393,3977,2,-0.093816230193331115,0.080110612666539724,0.025132741228718343,0.0012661633560729912,0.031334198261959406,-0.086535710774808275,-6.2582377343168325,-0.13178028425888699,-0.11156504147462463,0,0,0
18.980976600000002,7403,3979,1,7404,3979,1,-0.094058991551159071,0.078539816339744828,0.025132741228718343,-0.021974729818086198,-0.12984261696739111,-0.046165771152464286,-3.2927742302019363,-0.14824415540989666,-0.14443792242024653,0,0,0
18.9859422,7423,3982,4294967295,7424,3982,-1,-0.094500375838119002,0.076183621849552477,0.025918139392115784,-0.052905461917307488,-0.28910804774425847,0.048650630166139464,2.3846752054864875,-0.13632077938246423,-0.15924631867304118,0,0,0
18.990895099999999,7449,3988,4294967293,7450,3988,-3,-0.095074175411166889,0.071471232869167789,0.024347343065320895,-0.081761300717293345,-0.593912816262262,-0.1206045067663204,-2.544381224914106,-0.14904268550703476,-0.17450818468469659,0,0,0
18.9953346,7477,3993,4294967290,7478,3993,-6,-0.095692113412910784,0.067544242052180556,0.02513274122871835,-0.10127376760097322,-0.68324301108237973,0.0089384512002693289,4.2563896922240021,-0.12776073704591473,-0.17431667167276685,0,0,0
19.001411900000001,7517,4001,4294967286,7518,4001,-10,-0.096574881986830619,0.061261056745000965,0.025132741228718343,-0.1363927594638725,-0.95073816406981304,0.0047685572681420187,6.7058647727856799,-0.094231413181986329,-0.15057641134582861,0,0,0
19.006334599999999,7549,4007,4294967283,7550,4007,-13,-0.097281096845966503,0.056548667764616277,0.025132741228718343,-0.13865544129209112,-0.94688460402916674,0.0025439685142396918,7.3165479115333101,-0.057648673624319781,-0.12171240822607102,0,0,0
19.011315199999999,7578,4012,4294967281,7579,4012,-15,-0.097921104062058381,0.052621676947629037,0.024347343065320898,-0.13368522431321042,-0.87154925634716029,-0.071922342385559085,4.2614702536571514,-0.036341322356034024,-0.092488870525540459,0,0,0
19.016366600000001,7602,4017,4294967278,7603,4017,-18,-0.098450765206410287,0.04869468613064179,0.025132741228718343,-0.12073812143123624,-0.83135874552060285,0.034909806145944029,8.913601742758388,0.0082266863577579175,-0.051976609372784845,0,0,0
19.021458800000001,7620,4020,4294967277,7621,4020,-19,-0.09884801106467421,0.046338491640449446,0.024347343065320895,-0.10147633465324718,-0.6633585480357318,-0.054655553450856847,4.3679844276077588,0.030066608495796711,-0.015995950357734049,0,0,0
19.026428599999999,7630,4021,4294967276,7631,4021,-20,-0.099068703208154182,0.045553093477052005,0.025132741228718346,-0.074727518692290426,-0.42717340479256488,0.044121432413991947,7.2710611999305614,0.066421914495449513,0.023843564809921024,0,0,0
19.030947300000001,7632,4021,4294967276,7633,4021,-20,-0.099112841636850163,0.045553093477052005,0.025132741228718346,-0.043984461824564988,-0.2278919242876726,0.023538258754745692,5.0233018396899984,0.091538423693899501,0.059421965319436859,0,0,0
19.035988100000001,7628,4020,4294967277,7629,4020,-19,-0.099024564779458188,0.046338491640449446,0.024347343065320895,-0.015228745525574929,-0.048298108371292336,-0.060722138561339595,-0.015969073297414038,0.091458578327412429,0.08303714165995757,0,0,0
19.040949399999999,7618,4018,4294967278,7619,4018,-18,-0.098803872635978229,0.047909287967244349,0.024347343065320902,0.012466748247055169,0.12079257294572267,-0.032394537788057891,-0.31654340984699791,0.089875861278177441,0.098667524230424852,0,0,0
19.045914499999999,7602,4015,4294967279,7603,4015,-17,-0.098450765206410287,0.050265482457436693,0.025132741228718346,0.039596625927965708,0.28427995703484743,0.055997419165687075,1.9529369022426715,0.0996405457893908,0.11175364782246414,0,0,0
19.050907200000001,7583,4010,4294967281,7584,4010,-15,-0.098031450133798367,0.054192473274423933,0.025918139392115794,0.060247423371650788,0.51805756807406667,0.10315347554874775,2.2520382098135325,0.11090073683845847,0.12373973330747107,0,0,0
19.055884899999999,7561,4006,4294967283,7562,4006,-13,-0.097545927418142456,0.057334065928013725,0.025918139392115791,0.077441708667553663,0.56949562023520106,0.05503115075991391,-0.73866816511843059,0.10720739601286632,0.12801669618883638,0,0,0
19.060877300000001,7537,4001,4294967286,7538,4001,-10,-0.09701626627379055,0.061261056745000965,0.025132741228718343,0.090732875633182233,0.67021672778410635,-0.043921055722563801,-6.1766084183965599,0.07632435392088352,0.11617503769614566,0,0,0
19.065862299999999,7513,3996,4294967288,7514,3996,-8,-0.096486605129438643,0.065188047561988219,0.025918139392115805,0.09782355492604855,0.72395023918295487,0.049848159115881759,-3.0539200420422006,0.061054753710672517,0.10222261105744021,0,0,0
19.071847999999999,7487,3990,4294967291,7488,3990,-5,-0.095912805556390743,0.069900436542372907,0.025918139392115805,0.10572456841198054,0.82589594689876433,0.026593399251137337,-5.1875657791017105,0.035116924815163965,0.077067555657640452,0,0,0
19.076824299999998,7468,3986,4294967293,7469,3986,-3,-0.095493490483778823,0.073042029195962685,0.025918139392115791,0.095525893175230137,0.73372372931896779,0.01418726180211154,-5.5773883171100112,0.0072299832296139101,0.050043772029540128,0,0,0
19.081798800000001,7453,3983,4294967295,7454,3983,-1,-0.095162452268558878,0.075398223686155036,0.025132741228718343,0.081848580340636301,0.6112714296186732,-0.065710784075398779,-8.6234376240053336,-0.035887204890412763,0.012955932465778964,0,0,0
19.086735099999999,7444,3981,0,7445,3981,0,-0.094963829339426917,0.076969020012949932,0.025132741228718343,0.062197235248928423,0.47266506670982966,-0.035055920760484166,-6.6547507443069378,-0.06916095861194746,-0.024962813430026355,0,0,0
19.091746499999999,7442,3980,0,7443,3980,0,-0.094919690910730922,0.077754418176347387,0.025918139392115798,0.03729970482953663,0.32544070345649367,0.054577603044065975,-1.815235249110974,-0.078237134857502333,-0.053309916394236226,0,0,0
19.096677499999998,7445,3981,0,7446,3981,0,-0.094985898553774914,0.076969020012949932,0.025132741228718343,0.013721617539608818,0.10033922035833298,-0.044163018027710901,-4.6102921502293359,-0.10128859560864902,-0.08426788116728523,0,0,0
19.101660500000001,7454,3982,4294967295,7455,3982,-1,-0.095184521482906875,0.076183621849552477,0.025918139392115784,-0.011211672816597452,-0.019749740161481018,0.049719075107590882,0.53330231598786648,-0.098622084028709686,-0.10290072784604933,0,0,0
19.106258799999999,7466,3984,4294967295,7467,3984,-1,-0.095449352055082828,0.074612825522757595,0.024347343065320902,-0.030690617081512429,-0.15709528976232651,-0.12003450411406887,-5.6344289433188983,-0.12679422874530419,-0.13041347907657541,0,0,0
19.111239399999999,7485,3987,4294967293,7486,3987,-3,-0.095868667127694748,0.072256631032565244,0.02513274122871835,-0.055496173712915951,-0.30364702413075895,0.009242540827135215,1.2551337350042122,-0.12051856007028312,-0.14237490283790813,0,0,0
19.116216699999999,7509,3992,4294967291,7510,3992,-5,-0.096398328272046654,0.068329640215577997,0.024347343065320895,-0.07902519408225947,-0.52838966772909846,-0.068348733829317693,-0.24143633147278321,-0.12172574172764704,-0.14988611973400645,0,0,0
19.1212096,7537,3997,4294967289,7538,3997,-7,-0.09701626627379055,0.06440264939859075,0.023561944901923433,-0.099814087295227283,-0.64828719164914483,-0.10974275483111491,-0.67454890034210369,-0.12509848622935757,-0.15357800067819533,0,0,0
19.126172499999999,7566,4002,4294967286,7567,4002,-10,-0.097656273489882428,0.060475658581603517,0.024347343065320895,-0.11296382451402975,-0.71225109281179888,0.014733066506087855,5.6808603370878847,-0.096694184543918149,-0.14170547088350166,0,0,0
19.130588899999999,7592,4007,4294967284,7593,4007,-12,-0.098230073062930329,0.056548667764616277,0.023561944901923447,-0.11380172193307732,-0.74637507234180389,-0.065419603765765916,2.8963470464402041,-0.082212449311717131,-0.13041883339850965,0,0,0
19.136564499999999,7625,4013,4294967281,7626,4013,-15,-0.098958357136414196,0.051836278784231589,0.02356194490192345,-0.12866250206673918,-0.83785932833371513,-0.034900579532934482,5.4647527862378471,-0.054888685380527893,-0.10290668496155941,0,0,0
19.141512200000001,7649,4017,4294967279,7650,4017,-17,-0.099488018280766102,0.04869468613064179,0.023561944901923444,-0.1180585589278855,-0.74010605084369629,-0.018619043552999096,5.9864423462490013,-0.024956473649282888,-0.074290033589706275,0,0,0
19.146500700000001,7669,4021,4294967277,7670,4021,-19,-0.099929402567726019,0.045553093477052005,0.023561944901923454,-0.10416504049381681,-0.68795584143764588,-0.0099330380030306295,6.2670734694027015,0.0063788936977306233,-0.041303638553658401,0,0,0
19.151511200000002,7683,4023,4294967276,7684,4023,-20,-0.10023837156859797,0.043982297150257102,0.023561944901923444,-0.084398352289563161,-0.51357528718757806,-0.0052991574829731663,5.6176748960166343,0.034467268177813794,-0.0077120174978173063,0,0,0
19.156501200000001,7691,4024,4294967276,7692,4024,-20,-0.10041492528338193,0.043196898986859661,0.022776546738526002,-0.061498397955958295,-0.34726581888528252,-0.076106556701998854,1.5338365021370639,0.042136450688499111,0.01752785270806068,0,0,0
19.1617596,7692,4024,4294967276,7693,4024,-20,-0.10043699449772993,0.043196898986859661,0.022776546738526002,-0.034867773193405963,-0.18526217881829818,-0.040601941654466185,1.7949160623099183,0.051111031000048698,0.037564041839112945,0,0,0
19.166738899999999,7688,4023,4294967276,7689,4023,-20,-0.10034871764033794,0.043982297150257102,0.023561944901923444,-0.010365100710664642,-0.025555646837136167,0.051618866944182842,4.5173284711733306,0.073697673355915344,0.059916105414252102,0,0,0
19.171520699999999,7682,4021,4294967276,7683,4021,-20,-0.10021630235424997,0.045553093477052005,0.025132741228718346,0.006825003784223755,0.13292540533629249,0.1740970893743724,8.7474149358034978,0.11743474803493284,0.094559190995086792,0,0,0
19.176244799999999,7671,4019,4294967277,7672,4019,-19,-0.099973540996422014,0.047123889803846894,0.025132741228718343,0.02629127113046217,0.2174731593344032,0.092878723874850813,4.4628332298554554,0.13974891418421012,0.12570537640414572,0,0,0
19.1809181,7655,4015,4294967279,7656,4015,-17,-0.099620433566854072,0.050265482457436693,0.025132741228718346,0.046971844251279787,0.40913741780493074,0.049549693102972164,1.1216222578684474,0.14535702547355236,0.14955633220449377,0,0,0
19.185884600000001,7631,4010,4294967282,7632,4010,-14,-0.099090772422502166,0.054192473274423933,0.024347343065320898,0.074477565829939557,0.58466753647878067,-0.046845348104362368,-4.8067301688318782,0.12132337462939297,0.15292761354423873,0,0,0
19.190850999999999,7602,4004,4294967285,7603,4004,-11,-0.098450765206410287,0.058904862254808621,0.024347343065320902,0.099447092042624641,0.75159028371110481,-0.024991435336694193,-5.7354322424947481,0.092646213416919226,0.14143497257876969,0,0,0
19.1968502,7567,3996,4294967289,7568,3996,-7,-0.097678342704230425,0.065188047561988219,0.024347343065320902,0.12512269849360383,0.98720062007579534,-0.01333263313139973,-7.5412754480675517,0.054939836176581471,0.1110768426887366,0,0,0
19.2018396,7541,3991,4294967291,7542,3991,-5,-0.097104543131182525,0.069115038378975438,0.025132741228718336,0.12028833640225757,0.89305737078827263,0.066166718293527271,-4.220894990092102,0.033835361226120964,0.084805919076539157,0,0,0
19.206958,7519,3986,4294967294,7520,3986,-2,-0.096619020415526613,0.073042029195962685,0.024347343065320895,0.10947282074761902,0.84283306843676087,-0.037980363055839711,-8.7816335710841038,-0.010072806629299554,0.046571922288630399,0,0,0
19.210313599999999,7508,3984,4294967295,7509,3984,-1,-0.096376259057698657,0.074612825522757595,0.024347343065320902,0.081052659056932874,0.59620044337282008,-0.020262071385606342,-6.7697477286911942,-0.043921545272755526,0.011851743268115958,0,0,0
19.215700500000001,7497,3981,0,7498,3981,0,-0.096133497699870701,0.076969020012949932,0.025132741228718343,0.065890841248068224,0.53790439431868553,0.062469945506957565,-2.9621068519263978,-0.058732079532387516,-0.02173321430374521,0,0,0
19.221327200000001,7495,3981,0,7496,3981,0,-0.096089359271174707,0.076969020012949932,0.025132741228718343,0.039270199643260367,0.28696558851459164,0.033326971979072036,-2.6707642280374344,-0.072085900672574685,-0.049411333705388957,0,0,0
19.226312700000001,7498,3981,0,7499,3981,0,-0.096155566914218699,0.076969020012949932,0.025132741228718343,0.014772853056287213,0.15309272402548452,0.01777954266296183,-2.2618435484084718,-0.083395118414617039,-0.073542822810445552,0,0,0
19.230955099999999,7506,3982,0,7507,3982,0,-0.096332120629002663,0.076183621849552477,0.024347343065320888,-0.0085917409247967588,0.0083936258082751708,-0.063794345016281312,-4.6259640458565014,-0.10652493864389954,-0.099942526919279046,0,0,0
19.235918900000001,7518,3984,4294967295,7519,3984,-1,-0.096596951201178616,0.074612825522757595,0.024347343065320902,-0.029292914617766973,-0.14208113917424298,-0.034033523345141856,-2.1898059060847017,-0.11747396817432305,-0.12199602543029078,0,0,0
19.240907400000001,7536,3987,4294967294,7537,3987,-2,-0.096994197059442552,0.072256631032565244,0.023561944901923454,-0.052691405830899589,-0.29563715359416792,-0.091435998694521223,-3.3195503104018496,-0.13407171972633231,-0.1427445770430554,0,0,0
19.245887700000001,7559,3991,4294967292,7560,3991,-4,-0.097501788989446461,0.069115038378975438,0.023561944901923433,-0.075469773556208181,-0.45083697789462929,-0.048780016400550685,-0.071784484073204702,-0.13443064214669834,-0.15462851140759809,0,0,0
19.250405399999998,7584,3996,4294967290,7585,3996,-6,-0.098053519348146365,0.065188047561988219,0.022776546738526013,-0.091739981997595782,-0.60691375519037072,-0.099303077124936912,-0.86916966200012791,-0.13877649045669899,-0.16518198386790631,0,0,0
19.256434299999999,7621,4003,4294967286,7622,4003,-10,-0.098870080279022207,0.059690260418206069,0.023561944901923447,-0.12512926759329254,-0.83673789575756441,0.020302510237160509,6.5488929665633098,-0.10603202562388243,-0.14812165345903319,0,0,0
19.2614187,7652,4008,4294967284,7653,4008,-12,-0.099554225923810094,0.055763269601218829,0.022776546738525999,-0.13058739225231453,-0.8127872992113746,-0.062448371861236654,3.5818067397611202,-0.088122991925076832,-0.13245017686627006,0,0,0
19.2664002,7681,4013,4294967281,7682,4013,-15,-0.10019423313990197,0.051836278784231589,0.02356194490192345,-0.12938101623215062,-0.80000994117945468,0.039964056596018815,8.4336601350349465,-0.045954691249902098,-0.10255192268316098,0,0,0
19.2711024,7705,4018,4294967279,7706,4018,-17,-0.10072389428425388,0.047909287967244349,0.022776546738526002,-0.11844187767841277,-0.79319337283381808,-0.051959171026350101,4.7454496120731458,-0.022227443189536369,-0.074272165659971343,0,0,0
19.275519800000001,7723,4021,4294967278,7724,4021,-18,-0.1011211401425178,0.045553093477052005,0.021991148575128558,-0.1002513159568735,-0.64299777621527843,-0.10099911825754036,1.936277446016037,-0.012546055959456183,-0.052123396869131297,0,0,0
19.280935100000001,7739,4023,4294967277,7740,4023,-19,-0.10147424757208574,0.043982297150257102,0.021991148575128551,-0.086428647382734397,-0.48959069479294792,-0.053881826801100451,3.2335951922590986,0.0036219200018393089,-0.027387588345608241,0,0,0
19.285843700000001,7748,4025,4294967276,7749,4025,-20,-0.1016728705012177,0.042411500823462206,0.021991148575128548,-0.064640646472286609,-0.40774984376509071,-0.028745312924620851,3.6737912599310372,0.021990876301494496,-0.0046125052266300093,0,0,0
19.291907500000001,7754,4025,4294967276,7755,4025,-20,-0.10180528578730569,0.042411500823462206,0.021991148575128548,-0.04683967666971961,-0.21752968579293386,-0.015335282119972397,3.1593584451105343,0.037787668527047166,0.017876126012634441,0,0,0
19.295861599999999,7754,4025,4294967276,7755,4025,-20,-0.10180528578730569,0.042411500823462206,0.021991148575128548,-0.0249884096938532,-0.11604949682931978,-0.0081811903845276021,2.5814925197166723,0.050695131125630524,0.036700797245984094,0,0,0
19.300864900000001,7751,4024,4294967276,7752,4024,-20,-0.1017390781442617,0.043196898986859661,0.022776546738526002,-0.0071536881988138795,0.011368494756460797,0.068914951650923123,4.9576919085757822,0.075483590668509432,0.060264535388772522,0,0,0
19.306865299999998,7743,4022,4294967277,7744,4022,-19,-0.10156252442947773,0.04476769531365455,0.022776546738525999,0.012656474640318625,0.15262399515023686,0.036765306003886326,2.4782621184750138,0.0878749012608845,0.079238117171908956,0,0,0
19.311820300000001,7732,4019,4294967278,7733,4019,-18,-0.10131976307164978,0.047123889803846894,0.023561944901923447,0.029402291385733623,0.30126164170344871,0.092893372210410594,3.7381285194628582,0.10656554385819879,0.10042226399281642,0,0,0
19.316316400000002,7718,4016,4294967280,7719,4016,-16,-0.10101079407077783,0.049480084294039245,0.022776546738526002,0.044513315983168787,0.38055805602739645,-0.0237220114764694,-2.1739909633810548,0.095695589041293522,0.10956490142392883,0,0,0
19.321285700000001,7700,4012,4294967282,7701,4012,-14,-0.10061354821251389,0.052621676947629037,0.022776546738526002,0.060811308700968222,0.49614126802746483,-0.012655410619422904,-2.9409502138690877,0.080990837971948088,0.1094328804454073,0,0,0
19.3262754,7679,4008,4294967284,7680,4008,-12,-0.10015009471120598,0.055763269601218829,0.022776546738525999,0.075683424512764746,0.5578035351595596,-0.0067515108533303262,-3.706635989135068,0.062457658026272747,0.099848970257709543,0,0,0
19.331255500000001,7658,4003,4294967286,7659,4003,-10,-0.099686641209898064,0.059690260418206069,0.023561944901923447,0.083617521187685881,0.66397913963622757,0.06967766865489293,-1.4830951853713321,0.055042182099416088,0.089370705635556699,0,0,0
19.3359722,7640,3999,4294967288,7641,3999,-8,-0.099289395351634141,0.062831853071795868,0.023561944901923454,0.081672936489159548,0.64734304089691275,0.037172206442377877,-3.1428590995853343,0.03932788660148942,0.075458994221993703,0,0,0
19.340942200000001,7623,3996,4294967290,7624,3996,-6,-0.098914218707718202,0.065188047561988219,0.022776546738526013,0.078576413447658283,0.56518836104525572,-0.053448589835427773,-7.0185454608071245,0.0042351592974537999,0.049627538834182305,0,0,0
19.345897799999999,7609,3993,4294967291,7610,3993,-5,-0.098605249706846254,0.067544242052180556,0.023561944901923454,0.070747124493065888,0.52135981771699313,0.044765333129202646,-2.8084034724423041,-0.0098068580647577216,0.02675967243019849,0,0,0
19.350912900000001,7600,3990,4294967292,7601,3990,-4,-0.098406626777714293,0.069900436542372907,0.024347343065320902,0.056274740760475922,0.49797781180149592,0.097161291410172643,-0.36827747304894309,-0.011648245430002438,0.010694045504891479,0,0,0
19.355911599999999,7594,3989,4294967293,7595,3989,-3,-0.098274211491626323,0.070685834705770348,0.023561944901923454,0.042376565601276277,0.33894475151572112,-0.02144512740965758,-4.6466058132881027,-0.034881274496442953,-0.01184584502479607,0,0,0
19.360852699999999,7592,3989,4294967294,7593,3989,-2,-0.098230073062930329,0.070685834705770348,0.021991148575128558,0.026725613615063315,0.18082298847147041,-0.15799975866901772,-9.7074854946401707,-0.083418701969643808,-0.04750437582032481,0,0,0
19.366851700000002,7596,3989,4294967294,7597,3989,-2,-0.098318349920322318,0.070685834705770348,0.021991148575128558,0.0060213555398554823,0.096466910945033318,-0.08429098964518926,-5.9172093394568153,-0.11300474866692789,-0.081240145908130057,0,0,0
19.371521600000001,7603,3990,4294967293,7604,3990,-3,-0.098472834420758285,0.069900436542372907,0.022776546738526013,-0.011201450366305696,-0.021815571118495074,0.028311280130025679,-0.20609408672992657,-0.11403521910057753,-0.10609064308133136,0,0,0
19.3764678,7616,3992,4294967292,7617,3992,-4,-0.098759734207282235,0.068329640215577997,0.022776546738525992,-0.032744273788740764,-0.15819738597610344,0.015103730792910939,0.45354227597732422,-0.1117675077206909,-0.12314101997853999,0,0,0
19.3814943,7634,3996,4294967291,7635,3996,-5,-0.099156980065546158,0.065188047561988219,0.021205750411731117,-0.054532664846690879,-0.37751449862806064,-0.1385013780749681,-4.5113618201251739,-0.13432431682131676,-0.14482308125937063,0,0,0
19.386459200000001,7658,4000,4294967289,7659,4000,-7,-0.099686641209898064,0.06204645490839842,0.021205750411731103,-0.07851117357646771,-0.49451756640036765,-0.073888835802703209,-0.46528644752090731,-0.1366507490589213,-0.1566233928710421,0,0,0
19.390824200000001,7681,4004,4294967286,7682,4004,-10,-0.10019423313990197,0.058904862254808621,0.022776546738525999,-0.089244312163206954,-0.55693730967801869,0.10714022461870588,8.2205919572527772,-0.095547789272657419,-0.14899483398345315,0,0,0
19.3968609,7717,4011,4294967283,7718,4011,-13,-0.10098872485642983,0.053407075111026485,0.021991148575128551,-0.12173874719463135,-0.81007605724165987,-0.016121485381111564,5.3960863515992514,-0.068567357514661156,-0.12393308274776547,0,0,0
19.401866900000002,7745,4016,4294967281,7746,4016,-15,-0.10160666285817371,0.049480084294039245,0.021205750411731106,-0.12260125920886372,-0.79856352587654544,-0.081880139753539027,3.0488484509634999,-0.053323115259843658,-0.10232876811310107,0,0,0
19.4058192,7765,4020,4294967279,7766,4020,-17,-0.10204804714513364,0.046338491640449446,0.0212057504117311,-0.10658851699511619,-0.71914220820292774,-0.04368207945538894,4.3901970308030895,-0.031372130105828205,-0.080951459923745098,0,0,0
19.411499299999999,7788,4024,4294967277,7789,4024,-19,-0.10255563907513755,0.043196898986859661,0.02120575041173111,-0.10422324050653109,-0.67677188104528807,-0.023303869183544376,5.4627400541544846,-0.0040584298350557803,-0.049416244761653044,0,0,0
19.416475899999998,7803,4027,4294967276,7804,4027,-20,-0.10288667729035748,0.040840704496667317,0.020420352248333658,-0.086488511565967055,-0.58088829679903697,-0.085711855977783205,2.2980539016694426,0.0074318396732914321,-0.025181752624852265,0,0,0
19.421419100000001,7813,4028,4294967275,7814,4028,-21,-0.10310736943383746,0.040055306333269862,0.021205750411731103,-0.066731693563846187,-0.38317650788849811,0.027553264862553557,6.0895520764012447,0.037879600055297655,0.0049876662806959318,0,0,0
19.426398899999999,7817,4029,4294967274,7818,4029,-22,-0.10319564629122943,0.039269908169872414,0.021991148575128554,-0.043837004865534518,-0.27769962303640694,0.087978857966868593,7.9531642056366714,0.07764542108348102,0.040824725106307039,0,0,0
19.431101900000002,7816,4028,4294967274,7817,4028,-22,-0.10317357707688143,0.040055306333269862,0.022776546738526002,-0.021327409782144657,-0.074869922498394706,0.12021519228513702,8.1387689605234907,0.11833926588609847,0.081807892486193648,0,0,0
19.4360292,7808,4027,4294967275,7809,4027,-21,-0.10299702336209747,0.040840704496667317,0.021991148575128558,0.0050949629691707191,0.033337307258210207,-0.0091461458396690093,1.5527061831294611,0.12610279680174577,0.11112141609056866,0,0,0
19.441015499999999,7794,4023,4294967276,7795,4023,-20,-0.10268805436122552,0.043982297150257102,0.023561944901923444,0.031545645746692115,0.3109031335793675,0.14167967869918718,6.099754290377513,0.15660156825363333,0.14561517112882871,0,0,0
19.445995,7772,4019,4294967279,7773,4019,-17,-0.10220253164556961,0.047123889803846894,0.021991148575128548,0.062129652111493128,0.45898119641556701,-0.070974617248403774,-4.6426328876931748,0.13338840381516745,0.15517154334423272,0,0,0
19.450255200000001,7749,4014,4294967281,7750,4014,-15,-0.1016949397155657,0.051050880620834134,0.022776546738525996,0.080504965547689725,0.61125859878253663,0.035415406220244375,-1.6066229212716543,0.12535528920880917,0.16252761368507512,0,0,0
19.455937299999999,7714,4007,4294967285,7715,4007,-11,-0.10092251721338584,0.056548667764616277,0.021991148575128558,0.11501729958861479,0.83905581807163776,-0.054385821832361882,-7.829978503525524,0.086205396691181546,0.14148919912222865,0,0,0
19.460654099999999,7686,4001,4294967287,7687,4001,-9,-0.10030457921164196,0.061261056745000965,0.023561944901923447,0.11901544695616108,0.88730340245402406,0.11754485031226579,-1.3374827431771683,0.079517982975295706,0.12890148285237721,0,0,0
19.466503599999999,7653,3995,4294967291,7654,3995,-5,-0.099576295138158091,0.06597344572538566,0.021991148575128558,0.13144396227677807,0.91304291414594096,-0.083850260773353225,-10.992798077408107,0.02455399258825517,0.087910540009097676,0,0,0
19.4710964,7631,3990,4294967293,7632,3990,-3,-0.099090772422502166,0.069900436542372907,0.022776546738526013,0.11542421430034477,0.85349511781206178,0.028546403734550217,-6.1709470016452901,-0.0063007424199712815,0.052374504028889574,0,0,0
19.476044600000002,7614,3987,4294967294,7615,3987,-2,-0.09871559577858624,0.072256631032565244,0.023561944901923454,0.09658231821903171,0.67516803903318345,0.088508685727877498,-2.8073477679810956,-0.02033748125987676,0.021671086473037657,0,0,0
19.481059999999999,7604,3985,0,7605,3985,0,-0.098494903635106282,0.07382742735936014,0.021991148575128551,0.072116619207031038,0.50675314689357054,-0.099340708790086912,-9.9274286229215782,-0.069974624374484651,-0.021224409232440882,0,0,0
19.486008200000001,7600,3984,0,7601,3984,0,-0.098406626777714293,0.074612825522757595,0.022776546738526006,0.046709798567586031,0.34362628828267805,0.020282434191956994,-3.8017419274224817,-0.088983334011597054,-0.056709895048400447,0,0,0
19.490958599999999,7604,3984,0,7605,3984,0,-0.098494903635106282,0.074612825522757595,0.022776546738526006,0.016682680222188377,0.18332053258464706,0.010820437099748061,-2.9218809242970369,-0.10359273863308224,-0.086409069669019276,0,0,0
19.495972099999999,7613,3986,0,7614,3986,0,-0.098693526564238243,0.073042029195962685,0.021205750411731096,-0.0096319811384669805,-0.048759717597647537,-0.14078646425091934,-7.8713827995860051,-0.14294965263101228,-0.12475244644671594,0,0,0
19.501945899999999,7632,3989,4294967294,7633,3989,-2,-0.099112841636850163,0.070685834705770348,0.021991148575128558,-0.044261642222678144,-0.24585128653936061,-0.0018283827726705143,-0.18019818016167879,-0.14385064353182067,-0.14557031616717192,0,0,0
19.505930899999999,7650,3993,4294967292,7651,3993,-4,-0.0995100874951141,0.067544242052180556,0.021991148575128551,-0.060677043746906356,-0.42427681071624335,-0.00097542043517649874,1.2830193464501083,-0.13743554679957012,-0.16218562230522499,0,0,0
19.510763099999998,7676,3998,4294967290,7677,3998,-6,-0.100083887068162,0.063617251235193309,0.021205750411731103,-0.08590734707232564,-0.59274422230331569,-0.073799894477990555,-0.16276526171891259,-0.13824937310816468,-0.17192300347187306,0,0,0
19.516755,7714,4005,4294967286,7715,4005,-10,-0.10092251721338584,0.058119464091411173,0.021991148575128551,-0.12407673658369964,-0.82917861870599552,0.033908154464228957,6.9095976831535086,-0.10370138469239713,-0.15333253043433592,0,0,0
19.5217128,7746,4011,4294967283,7747,4011,-13,-0.10162873207252171,0.053407075111026485,0.021991148575128551,-0.13208498975591207,-0.88203403421912141,0.018089596597543778,7.2941396378082777,-0.067230686503355744,-0.12781565731112002,0,0,0
19.526224800000001,7773,4017,4294967280,7774,4017,-16,-0.10222460085991761,0.04869468613064179,0.021991148575128548,-0.12606174614012744,-0.91023176894504676,0.0096505843574314232,7.5526914102668945,-0.029467229452021272,-0.096021899386932369,0,0,0
19.531019400000002,7797,4021,4294967278,7798,4021,-18,-0.10275426200426951,0.045553093477052005,0.021991148575128558,-0.11667108661320352,-0.77871588603303854,0.0051484718267607232,7.1455235315638435,0.0062603882057979468,-0.058089748722240833,0,0,0
19.535591,7815,4024,4294967277,7816,4024,-19,-0.10315150786253344,0.043196898986859661,0.02120575041173111,-0.099306620011773844,-0.63527420941813395,-0.070532870885122098,3.2932110214217349,0.022726443312906623,-0.025302535693554874,0,0,0
19.541638800000001,7828,4027,4294967276,7829,4027,-20,-0.10343840764905739,0.040840704496667317,0.020420352248333658,-0.079747332558159384,-0.55874978317794111,-0.11090796593969637,1.0448375497545825,0.027950631061679537,0.0011955965369301602,0,0,0
19.546617999999999,7832,4027,4294967275,7833,4027,-21,-0.10352668450644938,0.040840704496667317,0.021991148575128558,-0.050780693266942886,-0.29808635522516763,0.087390959548068609,7.9584501763793352,0.067742881943576208,0.035145571930092753,0,0,0
19.551330400000001,7831,4027,4294967275,7832,4027,-21,-0.10350461529210138,0.040840704496667317,0.021991148575128558,-0.02503178485254344,-0.15902552062937919,0.04662203618791895,5.2077964128142895,0.093781864007647653,0.067277470379285303,0,0,0
19.5559364,7825,4026,4294967276,7826,4026,-20,-0.1033722000060134,0.041626102660064758,0.0212057504117311,-0.00099949754126202502,-0.011558702143320013,-0.04840721820334476,-0.049619699146255858,0.093533765511916375,0.088430981958381172,0,0,0
19.561033699999999,7813,4023,4294967277,7814,4023,-19,-0.10310736943383746,0.043982297150257102,0.021991148575128551,0.024176103117308417,0.2136721279341206,0.047454844857684426,2.3698368399510024,0.10538294971167139,0.10795807557627243,0,0,0
19.5660536,7796,4020,4294967278,7797,4020,-18,-0.10273219278992152,0.046338491640449446,0.022776546738525999,0.047902537568326187,0.33383009352699905,0.098596113888167525,3.347240377329495,0.12211915159831888,0.1267383195027838,0,0,0
19.570230800000001,7778,4016,4294967280,7779,4016,-16,-0.10233494693165759,0.049480084294039245,0.022776546738526002,0.062619418054717324,0.47121245651255184,0.05259985258719984,0.22155239578254204,0.12322691357723159,0.14065270196251653,0,0,0
19.576208099999999,7748,4010,4294967283,7749,4010,-13,-0.1016728705012177,0.054192473274423933,0.022776546738525999,0.095180021684867167,0.69106334967533289,0.028061394948418351,-2.9585485332008652,0.10843417091122726,0.13570771992032601,0,0,0
19.5812068,7721,4004,4294967286,7722,4004,-10,-0.10107700171382182,0.058904862254808621,0.022776546738525999,0.10637338517212627,0.80835118299341902,0.014970420024385235,-4.8096384414134867,0.084385978704159814,0.12342764014899631,0,0,0
19.586200399999999,7695,3999,4294967288,7696,3999,-8,-0.10050320214077392,0.062831853071795868,0.023561944901923454,0.11028580102911352,0.79764332600647991,0.081266060093658957,-2.5168026663228367,0.071801965372545629,0.1100676472677747,0,0,0
19.590946500000001,7673,3995,4294967291,7674,3995,-5,-0.10001767942511801,0.06597344572538566,0.021991148575128558,0.10413658724532918,0.71865129253082349,-0.10320456331417299,-10.462560221352092,0.019489164265785168,0.078903397345162135,0,0,0
19.595929300000002,7653,3991,4294967293,7654,3991,-3,-0.099576295138158091,0.069115038378975438,0.021991148575128544,0.096737834396665431,0.67650998338048984,-0.055058405474370353,-8.6190656341494645,-0.023606163904962153,0.039985134245747629,0,0,0
19.600958599999998,7638,3988,4294967294,7639,3988,-2,-0.099245256922938146,0.071471232869167789,0.022776546738525999,0.082495136549374445,0.58074857751378328,0.043906515656975856,-4.0504192157704306,-0.043858259983814304,0.0047880255001056492,0,0,0
19.605944900000001,7631,3987,4294967295,7632,3987,-1,-0.099090772422502166,0.072256631032565244,0.021991148575128551,0.058423944761071003,0.38310196931371954,-0.049855916067715306,-6.940569163932599,-0.078561105803477305,-0.034111635877967103,0,0,0
19.610497200000001,7630,3986,4294967295,7631,3986,-1,-0.099068703208154182,0.073042029195962685,0.022776546738525992,0.033227589027315298,0.27765985759443501,0.046681981799452654,-1.9500043986862388,-0.088311127796908501,-0.064146749347249121,0,0,0
19.616471300000001,7636,3988,4294967295,7637,3988,-1,-0.099201118494242152,0.071471232869167789,0.021205750411731096,0.0053718614654188548,0.00156918881664872,-0.12165475722549438,-7.3995326488721922,-0.12530879104126946,-0.10107607394689858,0,0,0
19.621451100000002,7647,3990,4294967294,7648,3990,-2,-0.099443879852070108,0.069900436542372907,0.021205750411731117,-0.01978438877113492,-0.14572189503767727,-0.064901364204378656,-3.7655086132969897,-0.14413633410775442,-0.13351193189717347,0,0,0
19.6264097,7665,3993,4294967292,7666,3993,-4,-0.09984112571033403,0.067544242052180556,0.021991148575128551,-0.047618720527888146,-0.29757945348988024,0.038655414393413273,2.1670418078655209,-0.13330112506842681,-0.14968566377982437,0,0,0
19.630956099999999,7687,3998,4294967290,7688,3998,-6,-0.10032664842598996,0.063617251235193309,0.021205750411731103,-0.070704446094479234,-0.52515269105033568,-0.052657316056939393,0.10891936043529649,-0.13275652826625034,-0.16218626793982438,0,0,0
19.6357432,7715,4003,4294967287,7716,4003,-9,-0.10094458642773384,0.059690260418206069,0.021991148575128551,-0.095375067334774966,-0.64656030313988455,0.045187468266819492,5.8500432766514585,-0.10350631188299304,-0.15467595319560373,0,0,0
19.6411324,7748,4010,4294967284,7749,4010,-12,-0.1016728705012177,0.054192473274423933,0.021205750411731103,-0.11883210127989577,-0.85788885694150108,-0.049172543105111655,3.8428798094572234,-0.084291912835706931,-0.13766924437703951,0,0,0
19.645831699999999,7776,4015,4294967281,7777,4015,-15,-0.1022908085029616,0.050265482457436693,0.021991148575128554,-0.12105059822833499,-0.82407108511813498,0.047046553136776317,8.4560725563878361,-0.042011550053767749,-0.10831890661843824,0,0,0
19.651305000000001,7805,4021,4294967278,7806,4021,-18,-0.10293081571905348,0.045553093477052005,0.021991148575128558,-0.12429325019316873,-0.87930922587515004,0.025098775825355277,8.480871172996622,0.00039280581121536179,-0.066437210087887499,0,0,0
19.656239299999999,7825,4025,4294967277,7826,4025,-19,-0.1033722000060134,0.042411500823462206,0.020420352248333655,-0.10749117403547512,-0.7622190775589982,-0.13316914058024235,1.2720445840779648,0.0067530287316051865,-0.037470808923490501,0,0,0
19.661231600000001,7838,4027,4294967275,7839,4027,-21,-0.10365909979253735,0.040840704496667317,0.021991148575128558,-0.084113694660695792,-0.55319383926420496,0.075514887983638382,9.1349210304513075,0.052427633883861728,0.0034088324234859378,0,0,0
19.666245199999999,7844,4028,4294967275,7845,4028,-21,-0.10379151507862533,0.040055306333269862,0.021205750411731103,-0.057228315975479095,-0.36840184460443698,-0.032993225852667916,3.3553639608196817,0.069204453687960132,0.035726139634013235,0,0,0
19.670997499999999,7843,4028,4294967275,7844,4028,-21,-0.10376944586427733,0.040055306333269862,0.021205750411731103,-0.028471514783396074,-0.19653799683246234,-0.017601493079077445,2.7113704204115496,0.082761305790017878,0.063023010352630457,0,0,0
19.675720099999999,7837,4027,4294967275,7838,4027,-21,-0.10363703057818935,0.040840704496667317,0.021991148575128558,-0.0028345524959415298,-0.031571161465001996,0.063889332348907354,4.9505097273216485,0.10751385442662612,0.092657885764571388,0,0,0
19.681937900000001,7822,4024,4294967276,7823,4024,-20,-0.10330599236296942,0.043196898986859661,0.022776546738526002,0.029374453940651465,0.2029957192125581,0.10736371724792035,5.0310188740847419,0.13266894879704982,0.11927769520388848,0,0,0
19.6858796,7808,4022,4294967278,7809,4022,-18,-0.10299702336209747,0.04476769531365455,0.021205750411731103,0.044498465037731055,0.25485483732640657,-0.089281774016996329,-4.1448283516703848,0.1119448070386979,0.13103554003017187,0,0,0
19.691877099999999,7781,4016,4294967280,7782,4016,-16,-0.10240115457470157,0.049480084294039245,0.022776546738526002,0.079335378262921308,0.57563913642270104,0.098928275394479681,1.3572058478519393,0.11873083627795759,0.13662315457676416,0,0,0
19.696180600000002,7758,4012,4294967282,7759,4012,-14,-0.10189356264469766,0.052621676947629037,0.022776546738526002,0.089684015548051416,0.60021470121554588,0.052777056795135925,-1.2975564997259363,0.11224305377932792,0.13968353933813205,0,0,0
19.700942600000001,7732,4006,4294967285,7733,4006,-11,-0.10131976307164978,0.057334065928013725,0.022776546738526006,0.10138222108685069,0.75988451094840048,0.028155931283044128,-3.7704362312132602,0.093390872623261623,0.13202680564788719,0,0,0
19.7057024,7707,4002,4294967287,7708,4002,-9,-0.10076803271294987,0.060475658581603517,0.022776546738525999,0.10556396416621662,0.69850741436362673,0.015020854033082844,-4.6459403540422528,0.070161170853050361,0.11753399138040842,0,0,0
19.711758199999998,7676,3996,4294967290,7677,3996,-6,-0.100083887068162,0.065188047561988219,0.022776546738526013,0.12014953587538427,0.81232250285393692,0.0080134467446687611,-6.3223865372266728,0.038549238166916994,0.087186360207968064,0,0,0
19.716703500000001,7655,3992,4294967292,7656,3992,-4,-0.099620433566854072,0.068329640215577997,0.022776546738525992,0.10733966205677548,0.72648245856596083,0.0042750784068716109,-6.3170148667067689,0.0069641638333831496,0.056705439594965629,0,0,0
19.7216767,7639,3989,4294967293,7640,3989,-3,-0.099267326137286144,0.070685834705770348,0.023561944901923454,0.090210195612562868,0.60740829790757767,0.075560222710565034,-2.7291988249527455,-0.0066818302913805774,0.0311716176184017,0,0,0
19.726647700000001,7628,3987,4294967294,7629,3987,-2,-0.099024564779458188,0.072256631032565244,0.023561944901923454,0.070776277944228264,0.47060413194764383,0.040310478976277972,-3.4583398107339827,-0.023973529345050489,0.0059747690009360789,0,0,0
19.731633899999999,7623,3986,4294967295,7624,3986,-1,-0.098914218707718202,0.073042029195962685,0.022776546738525992,0.048053852728603505,0.32434121930435056,-0.051774358811995713,-6.481972060769456,-0.056383389648897768,-0.023967024756869314,0,0,0
19.736629000000001,7622,3986,4294967295,7623,3986,-1,-0.098892149493370204,0.073042029195962685,0.022776546738525992,0.027695268424476449,0.17303217794883888,-0.027621003850077434,-4.5005953516049058,-0.078886366406922301,-0.053130056803048525,0,0,0
19.7415904,7625,3987,4294967294,7626,3987,-2,-0.098958357136414196,0.072256631032565244,0.023561944901923454,0.0085977650958673629,0.019031087019245788,0.058544042674020476,0.29520918374014737,-0.077410320488221565,-0.072649001046236769,0,0,0
19.746596100000001,7633,3989,4294967294,7634,3989,-2,-0.09913491085119816,0.070685834705770348,0.021991148575128558,-0.011886076813120799,-0.13640618029874788,-0.11532648901311471,-5.9577779093345926,-0.10719921003489452,-0.10005845559089893,0,0,0
19.7509032,7644,3991,4294967293,7645,3991,-3,-0.099377672209026116,0.069115038378975438,0.021991148575128544,-0.028991293319521123,-0.21933011132464314,-0.06152530847584696,-2.853530313129407,-0.12146686160054156,-0.12451609733743886,0,0,0
19.755422200000002,7660,3994,4294967292,7661,3994,-4,-0.099730779638594058,0.066758843888783101,0.021205750411731096,-0.048412273934824467,-0.33684856028543342,-0.10610253866458787,-3.6778546873856701,-0.13985613503746991,-0.14902023254304564,0,0,0
19.761419100000001,7688,4000,4294967289,7689,4000,-7,-0.10034871764033794,0.06204645490839842,0.021205750411731103,-0.083482458963046513,-0.61938181116556379,-0.056604440812090318,0.78691507588434728,-0.13592155965804817,-0.15615793285732021,0,0,0
19.766409400000001,7717,4006,4294967286,7718,4006,-10,-0.10098872485642983,0.057334065928013725,0.021205750411731103,-0.10425109529068655,-0.77010993584736953,-0.030197795076121404,3.5260693194250914,-0.11829121306092272,-0.15303694772882617,0,0,0
19.770831099999999,7743,4011,4294967283,7744,4011,-13,-0.10156252442947773,0.053407075111026485,0.021991148575128551,-0.10915358465152228,-0.77724207606559026,0.057169355241696668,7.9785418541888795,-0.078398503789978313,-0.1366699401424889,0,0,0
19.776814399999999,7778,4018,4294967280,7779,4018,-16,-0.10233494693165759,0.047909287967244349,0.021205750411731106,-0.13030099670671452,-0.92760602652003687,-0.042780349095214776,5.486607032661956,-0.050965468626668536,-0.1065048670615461,0,0,0
19.7818215,7804,4023,4294967277,7805,4023,-19,-0.10290874650470548,0.043982297150257102,0.021991148575128551,-0.12305089683106918,-0.8612643648328635,0.050456712516999555,9.6384712239136334,-0.0027731125071003698,-0.066660259170168407,0,0,0
19.7868125,7824,4028,4294967275,7825,4028,-21,-0.10335013079166541,0.040055306333269862,0.021205750411731103,-0.10682839331186932,-0.82587187837956089,-0.046361464048590324,5.5253996767572824,0.024853885876686042,-0.029053234713632893,0,0,0
19.791698,7837,4030,4294967274,7838,4030,-22,-0.10363703057818935,0.038484510006474966,0.021205750411731106,-0.083760109037646052,-0.5871518504665697,-0.024733288955470941,5.2747665260080083,0.051227718506726083,0.0079884774273945997,0,0,0
19.796679000000001,7842,4031,4294967273,7843,4031,-23,-0.10374737664992933,0.037699111843077518,0.021991148575128551,-0.054980571993680269,-0.38651803917803618,0.060084604180757832,7.6745602272384534,0.089600519642918347,0.048752159705876985,0,0,0
19.801667299999998,7839,4031,4294967273,7840,4031,-23,-0.10368116900688534,0.037699111843077518,0.021991148575128551,-0.023154149611843179,-0.2062027708933668,0.032054420788357019,5.1572368890561533,0.11538670408819912,0.08507094737630827,0,0,0
19.8066532,7831,4029,4294967274,7832,4029,-22,-0.10350461529210138,0.039269908169872414,0.021991148575128554,0.0041204190245047682,0.036552315962435619,0.017100651757411888,2.8607085217542365,0.1296902466969703,0.11664001616291014,0,0,0
19.8116369,7815,4027,4294967275,7816,4027,-21,-0.10315150786253344,0.040840704496667317,0.021991148575128558,0.035143958683409401,0.16605926385179329,0.0091229940624757127,1.1273942904112704,0.13532721814902665,0.13911991394139411,0,0,0
19.8166349,7792,4022,4294967277,7793,4022,-19,-0.10264391593252953,0.04476769531365455,0.022776546738525999,0.066108419473971614,0.45498823614037143,0.078146527979441993,1.8814537066685992,0.14473448668236966,0.15646865748136213,0,0,0
19.8208603,7769,4018,4294967279,7770,4018,-17,-0.10213632400252562,0.047909287967244349,0.022776546738526002,0.08262759055279395,0.53584888273550357,0.041690242037150327,-0.71504055343667905,0.14115928391518626,0.16865522739692698,0,0,0
19.8259662,7737,4012,4294967282,7738,4012,-14,-0.10143010914338975,0.052621676947629037,0.022776546738526002,0.10997236396252781,0.7255461133159663,0.022241247641525397,-3.4615392428669089,0.12385158770085171,0.16436517327394212,0,0,0
19.830089399999999,7710,4006,4294967284,7711,4006,-12,-0.10083424035599386,0.057334065928013725,0.024347343065320895,0.11426492361660168,0.82674732674360629,0.15842447933179557,1.3925104728403896,0.13081414006505365,0.16931406040284724,0,0,0
19.835246999999999,7676,4000,4294967288,7677,4000,-8,-0.100083887068162,0.06204645490839842,0.022776546738526006,0.13096872491139355,0.88073696891122188,-0.062041465523211811,-9.2382507197220214,0.084622886466443545,0.14547957414189838,0,0,0
19.841334199999999,7638,3993,4294967291,7639,3993,-5,-0.099245256922938146,0.067544242052180556,0.023561944901923454,0.14811644502900023,0.98281931934193123,0.040181136281544232,-6.3977678377795852,0.052634047277545615,0.1108547460738348,0,0,0
19.846298099999998,7612,3988,4294967293,7613,3988,-3,-0.098671457349890246,0.071471232869167789,0.024347343065320895,0.13255522634845887,0.8907199990232687,0.094715676984728853,-3.8392974392754002,0.033437560081168612,0.083438627848816005,0,0,0
19.851301299999999,7590,3985,4294967295,7591,3985,-1,-0.098185934634234334,0.07382742735936014,0.023561944901923447,0.1160170604486426,0.69502706985164475,-0.022749833581032455,-8.1075009309451112,-0.0070999445735569419,0.045877155516938453,0,0,0
19.8562878,7575,3982,0,7576,3982,0,-0.097854896419014389,0.076183621849552477,0.024347343065320888,0.092780374053557602,0.59062722262784717,0.06114275400223107,-3.9046944178230008,-0.026623416662671946,0.01430651059863108,0,0,0
19.861275200000001,7566,3981,1,7567,3981,1,-0.097656273489882428,0.076969020012949932,0.023561944901923447,0.068029217009036538,0.3883721088381879,-0.040660588175313185,-7.0915836949189153,-0.062081335137266519,-0.022750555538283989,0,0,0
19.866292900000001,7563,3980,1,7564,3980,1,-0.097590065846838436,0.077754418176347387,0.024347343065320902,0.042470107908735608,0.28047141426912869,0.051587579723728329,-2.2597532090436205,-0.073380101182484628,-0.05146325024299854,0,0,0
19.871306300000001,7567,3981,1,7568,3981,1,-0.097678342704230425,0.076969020012949932,0.023561944901923447,0.01442085574578148,0.076348640112041843,-0.045758159861195719,-4.9575555654943466,-0.098167879009956355,-0.081275143246660936,0,0,0
19.876255499999999,7575,3983,0,7576,3983,0,-0.097854896419014389,0.075398223686155036,0.023561944901923447,-0.0087795272980476652,-0.10582794831325915,-0.024411433356190847,-2.7002674861667173,-0.11166921644078995,-0.10730953110486216,0,0,0
19.8812751,7589,3986,4294967295,7590,3986,-1,-0.098163865419886337,0.073042029195962685,0.022776546738525992,-0.033511316937007048,-0.27629650800578021,-0.086302728274009588,-3.9262917000365665,-0.13130067494097278,-0.13279459816095313,0,0,0
19.885640299999999,7606,3990,4294967293,7607,3990,-3,-0.098539042063802276,0.069900436542372907,0.022776546738526013,-0.052882762968924496,-0.44051897379920818,-0.046041477762853618,-0.83231286420299044,-0.13546223926198772,-0.15235327805211774,0,0,0
19.891437100000001,7635,3996,4294967290,7636,3996,-6,-0.099179049279894155,0.065188047561988219,0.022776546738526013,-0.087926521886813019,-0.67468874217365338,-0.024562580082718256,2.3306579225502433,-0.1238089496492365,-0.15363606481245692,0,0,0
19.896523200000001,7664,4002,4294967287,7665,4002,-9,-0.099819056495986047,0.060475658581603517,0.022776546738525999,-0.10662194993657548,-0.79961552489498322,-0.013103843960603011,4.3247475576212251,-0.10218521186113037,-0.1451806956812704,0,0,0
19.901538800000001,7694,4008,4294967284,7695,4008,-12,-0.10048113292642592,0.055763269601218829,0.022776546738525999,-0.11865484842169378,-0.86626247573513715,-0.0069907447004977823,5.7460370664856022,-0.073455026528702366,-0.12563938868300437,0,0,0
19.9065273,7722,4014,4294967281,7723,4014,-15,-0.1010990709281698,0.051050880620834134,0.022776546738525996,-0.12095603593937107,-0.90181783031589424,-0.0037294790455741321,6.709606075706418,-0.039906996150170272,-0.097303288718602457,0,0,0
19.9114933,7746,4019,4294967279,7747,4019,-17,-0.10162873207252171,0.047123889803846894,0.021991148575128548,-0.11394725102453765,-0.84750666926723195,-0.075269151948804611,3.7911500166723759,-0.020951246066808392,-0.070043913649680448,0,0,0
19.916107,7764,4022,4294967277,7765,4022,-19,-0.10202597793078565,0.04476769531365455,0.022776546738525999,-0.097853486163131775,-0.67197327305040566,0.033124323100803363,7.7653099680260169,0.017875303773321694,-0.034705239070667637,0,0,0
19.9210821,7777,4025,4294967276,7778,4025,-20,-0.1023128777173096,0.042411500823462206,0.021991148575128548,-0.078972102955147463,-0.57832829657995266,-0.055608087392284802,3.5063480616633131,0.035407044081638264,-0.0040658050926756922,0,0,0
19.9260512,7783,4026,4294967275,7784,4026,-21,-0.10244529300339757,0.041626102660064758,0.022776546738525999,-0.054485338031314973,-0.38181077825842535,0.043613266899880057,6.6120676758717112,0.068467382460996817,0.030674672662243184,0,0,0
19.931093400000002,7783,4027,4294967275,7784,4027,-21,-0.10244529300339757,0.040840704496667317,0.021991148575128558,-0.029067278978779715,-0.27697102254311223,-0.05001236078735255,1.7362930696483008,0.077148847809238322,0.056340440028235177,0,0,0
19.936036600000001,7778,4026,4294967275,7779,4026,-21,-0.10233494693165759,0.041626102660064758,0.022776546738525999,-0.0052114958619992307,-0.07448122281205953,0.046598520404612098,4.5115787856133975,0.099706741737305316,0.084434744126078987,0,0,0
19.941023099999999,7768,4024,4294967275,7769,4024,-21,-0.10211425478817762,0.043196898986859661,0.024347343065320902,0.017810831648060462,0.10682419320389788,0.17141879428236098,8.6173066949555199,0.1427932752120829,0.12179156096201427,0,0,0
19.946031399999999,7751,4021,4294967277,7752,4021,-19,-0.1017390781442617,0.045553093477052005,0.023561944901923454,0.044506741042919143,0.27682799279074571,0.018170366046818293,0.62811716686277763,0.1459338610463968,0.14493692512205517,0,0,0
19.951021999999998,7728,4017,4294967279,7729,4017,-17,-0.10123148621425779,0.04869468613064179,0.023561944901923444,0.071103352362247921,0.44080251460258402,0.0096936738967427164,-1.3491433852007404,0.1391881441203931,0.15731819981259451,0,0,0
19.955990499999999,7700,4011,4294967281,7701,4011,-15,-0.10061354821251389,0.053407075111026485,0.025132741228718346,0.095587879078092464,0.67484000781559339,0.15173049816686759,2.8105252045193567,0.15324077014298987,0.17100673827533222,0,0,0
19.960995199999999,7668,4005,4294967284,7669,4005,-12,-0.099907333353378022,0.058119464091411173,0.025132741228718343,0.11688652354787925,0.79969622331354817,0.080946413827344021,-1.6658643178578307,0.14491144855370072,0.17324043413627033,0,0,0
19.965966600000002,7635,3999,4294967287,7636,3999,-9,-0.099179049279894155,0.062831853071795868,0.02513274122871835,0.13030820699161463,0.86630552738041211,0.043183947793420899,-4.4120723269565572,0.12285108691891794,0.16484024360250896,0,0,0
19.970779199999999,7603,3993,4294967290,7604,3993,-6,-0.098472834420758285,0.067544242052180556,0.02513274122871835,0.13540940500852133,0.90184079785594962,0.023038121874089976,-6.1338946976751725,0.09218161343054207,0.14673001900550373,0,0,0
19.976608200000001,7567,3987,4294967294,7568,3987,-2,-0.097678342704230425,0.072256631032565244,0.023561944901923454,0.14636727445172165,0.9207984414683501,-0.13426847492310154,-13.935603357444471,0.022503596643319718,0.098772366475759113,0,0,0
19.981860399999999,7539,3981,0,7540,3981,0,-0.097060404702486544,0.076969020012949932,0.025132741228718343,0.13574028520163403,0.93091211857071521,0.074928406203594269,-5.4410322888250606,-0.0047015648008055869,0.057868995980173629,0,0,0
19.986846799999999,7519,3978,2,7520,3978,2,-0.096619020415526613,0.079325214503142283,0.024347343065320902,0.11359803089079561,0.71646908698591738,-0.033306106897962068,-9.1332254753891942,-0.050367692177751555,0.0093639535997665259,0,0,0
19.991827000000001,7508,3976,3,7509,3976,3,-0.096376259057698657,0.080896010829937165,0.024347343065320888,0.08325340954156582,0.52878676412593539,-0.017768411390671306,-7.3579649693417686,-0.087157517024460396,-0.037807133202606778,0,0,0
19.996787900000001,7506,3976,3,7507,3976,3,-0.096332120629002663,0.080896010829937165,0.024347343065320888,0.048532923058597313,0.28210144138778676,-0.0094792358745306501,-5.3573355486387619,-0.1139441947676542,-0.08024786944253523,0,0,0
