time_s,raw_cart,raw_theta1,raw_theta2,cart_counts,theta1_counts,theta2_relative_counts,x_m,theta1_rad,theta2_rad,xdot_m_s,theta1dot_rad_s,theta2dot_rad_s,accel_m_s2,velocity_ref_m_s,voltage,left_limit,right_limit,warning
5.7299999999999997e-05,4294966944,4010,4294967279,-351,4010,-17,-0.0025158904356715472,-0,-0,0,0,0,0.05221888111659112,0.00026109440558295558,-0.0014083864237376699,0,0,0
0.0062226,4294966944,4010,4294967279,-351,4010,-17,-0.0025158904356715472,-0,-0,0,0,0,0.05221888111659112,0.00052218881116591117,-0.0012203984517179421,0,0,0
0.011226999999999999,4294966944,4010,4294967279,-351,4010,-17,-0.0025158904356715472,-0,-0,0,0,0,0.05221888111659112,0.00078328321674886675,-0.00096191499019081597,0,0,0
0.0162057,4294966944,4010,4294967279,-351,4010,-17,-0.0025158904356715472,-0,-0,0,0,0,0.05221888111659112,0.0010443776223318223,-0.00063293603915629188,0,0,0
0.0212017,4294966944,4011,4294967279,-351,4011,-17,-0.0025158904356715472,-0.00078539816339744833,-0.00078539816339744833,0,-0.073279519292017037,-0.073279519292017037,-2.7846172415375432,-0.012878708585355893,-0.0066163428745861716,0,0,0
0.0261762,4294966944,4011,4294967279,-351,4011,-17,-0.0025158904356715472,-0.00078539816339744833,-0.00078539816339744833,0,-0.039093750863171843,-0.039093750863171843,-1.5044980081915291,-0.020401198626313538,-0.013478714711063202,0,0,0
0.031135900000000001,4294966944,4011,4294967279,-351,4011,-17,-0.0025158904356715472,-0.00078539816339744833,-0.00078539816339744833,0,-0.020856050521584717,-0.020856050521584717,-0.82156964202475724,-0.024509046836437325,-0.020835570034723565,0,0,0
0.036134399999999997,4294966944,4011,4294967279,-351,4011,-17,-0.0025158904356715472,-0.00078539816339744833,-0.00078539816339744833,0,-0.011126454580459841,-0.011126454580459841,-0.45723549160648014,-0.026795224294469726,-0.028481792536676223,0,0,0
0.0411131,4294966944,4011,4294967280,-351,4011,-16,-0.0025158904356715472,-0.00078539816339744833,-0.0023561944901923449,0,-0.0059358310147413834,-0.15249486959877542,-6.6355448390215779,-0.059972948489577613,-0.050646478983981599,0,0,0
0.046094400000000001,4294966944,4011,4294967280,-351,4011,-16,-0.0025158904356715472,-0.00078539816339744833,-0.0023561944901923449,0,-0.0031666951570937471,-0.081354196883437424,-3.7456810107884166,-0.078701353543519703,-0.075266957350441491,0,0,0
0.051082200000000001,4294966944,4010,4294967280,-351,4010,-16,-0.0025158904356715472,-0,-0.0015707963267948967,0,0.071590125137591651,0.029878024094422209,0.63286304910305491,-0.075537038298004427,-0.095092380946709937,0,0,0
0.056076899999999999,4294966944,4010,4294967280,-351,4010,-16,-0.0025158904356715472,-0,-0.0015707963267948967,0,0.038192479200626975,0.015939570039707293,0.1752266402137902,-0.074660905096935473,-0.1150931213466901,0,0,0
0.061059599999999999,4294966945,4010,4294967280,-350,4010,-16,-0.0025379596500195432,-0,-0.0015707963267948967,-0.0020591102627206402,0.02037523282277915,0.0085035707932963854,-0.018132885861640025,-0.074751569526243677,-0.13436576509782708,0,0,0
0.066052100000000002,4294966952,4011,4294967280,-343,4011,-16,-0.0026924441504555157,-0.00078539816339744833,-0.0023561944901923449,-0.015512282642449497,-0.062409575227855799,-0.068742965542043274,-2.6532060336626344,-0.088017599694556845,-0.15390851510384124,0,0,0
0.071049200000000007,4294966968,4015,4294967278,-327,4015,-18,-0.0030455515800234521,-0.0039269908169872417,-0.0023561944901923449,-0.041221382258916403,-0.32641284232218354,-0.036673553462966156,0.59111367639918289,-0.085062031312560932,-0.16058585010860196,0,0,0
0.076040200000000002,4294966994,4020,4294967276,-301,4020,-20,-0.0036193511530713488,-0.0078539816339744835,-0.0031415926535897937,-0.07552798336418283,-0.54053496061816819,-0.092844423322502423,0.19666658712396723,-0.084078698376941097,-0.15654235503468719,0,0,0
0.081023999999999999,4294967026,4026,4294967273,-269,4026,-23,-0.0043255660122072217,-0.012566370614359173,-0.0031415926535897937,-0.10618480807597923,-0.72804608006029348,-0.049531394166776127,3.9893601341564837,-0.06413189770615868,-0.13607941666597143,0,0,0
0.085757799999999995,4294967056,4032,4294967270,-239,4032,-26,-0.0049876424426471026,-0.01727875959474386,-0.0031415926535897903,-0.11842163844494877,-0.8280810292298284,-0.026424408923114082,6.2184723381318889,-0.033039536015499235,-0.10522699443928683,0,0,0
0.090448100000000003,4294967082,4037,4294967268,-213,4037,-28,-0.0055614420156949998,-0.021205750411731103,-0.0039269908169872435,-0.11671340066861341,-0.80816896401266258,-0.087376626766620336,3.975595883487248,-0.013161556598062996,-0.073997443044840072,0,0,0
0.096612600000000007,4294967109,4042,4294967266,-186,4042,-30,-0.0061573108030908924,-0.025132741228718346,-0.004712388980384688,-0.11786118642090715,-0.79754611435027534,-0.11989390911172076,2.9924129811017561,0.0018005083074457851,-0.038789012349780314,0,0,0
0.1016256,4294967124,4044,4294967265,-171,4044,-31,-0.0064883490183108329,-0.026703537555513242,-0.0047123889803846915,-0.093764193298232143,-0.57204039268588913,-0.063961972705462458,4.15911374248833,0.022596077019887438,-0.0079659957577300315,0,0,0
0.1066061,4294967132,4044,4294967265,-163,4044,-31,-0.0066649027330948005,-0.026703537555513242,-0.0047123889803846915,-0.066494962597136206,-0.30517673712100013,-0.03412295072105842,3.8304084810990986,0.04174811942538293,0.019798542495142062,0,0,0
0.1115714,4294967133,4043,4294967266,-162,4043,-30,-0.0066869719474427968,-0.025918139392115794,-0.005497787143782136,-0.037533380925841187,-0.089528635640076806,-0.091483707134589934,-0.23457182842875612,0.040575260283239149,0.035463676275174771,0,0,0
0.1165834,4294967131,4042,4294967267,-164,4042,-29,-0.006642833518746805,-0.025132741228718346,-0.0062831853071795875,-0.015905391216880962,0.025517058366401502,-0.12208498757718726,-2.6987892560085451,0.027081314003196424,0.040748138206575135,0,0,0
0.1215511,4294967128,4039,4294967268,-167,4039,-28,-0.0065766258757028167,-0.022776546738526002,-0.0054977871437821429,-0.0023080060101890653,0.23345160463420284,0.008148632318581997,1.4655805202935517,0.034409216604664186,0.049533281443645168,0,0,0
0.1265609,4294967122,4037,4294967270,-173,4037,-26,-0.006444210589614841,-0.021205750411731103,-0.0070685834705770337,0.011123367855721281,0.27110268950249017,-0.14221184028338993,-5.7321475990343744,0.0057484786094923121,0.040505481212168543,0,0,0
0.13155120000000001,4294967116,4034,4294967272,-179,4034,-24,-0.0063117953035268645,-0.018849555921538759,-0.0078539816339744835,0.018288845860176806,0.3644686141883986,-0.14914784249535573,-7.0234166310128021,-0.029368604545571698,0.020027108593902929,0,0,0
0.13651170000000001,4294967111,4031,4294967274,-184,4031,-22,-0.0062014492317868843,-0.016493361431346415,-0.0086393797973719315,0.020052432779808393,0.4142782231220396,-0.15284811707522086,-7.9064135524157706,-0.068900672307650554,-0.011423447622418868,0,0,0
0.1415034,4294967109,4029,4294967275,-186,4029,-21,-0.0061573108030908924,-0.014922565104551517,-0.0086393797973719315,0.014815954610873927,0.36757153701802525,-0.081542650205329054,-4.9339792228685688,-0.093570568421993405,-0.044185824071466553,0,0,0
0.14649780000000001,4294967110,4027,4294967276,-185,4027,-20,-0.0061793800174388879,-0.013351768777756621,-0.0086393797973719315,0.0058450250803269623,0.34265407620720312,-0.043502032800550559,-3.2964579300761239,-0.11005285807237403,-0.076830297344265885,0,0,0
0.1514779,4294967114,4026,4294967277,-181,4026,-19,-0.0062676568748308726,-0.012566370614359173,-0.0094247779607693795,-0.005118189778399387,0.2560813883123832,-0.09648733572936527,-5.2072918958489742,-0.1360893175516189,-0.11490568587472849,0,0,0
0.1564893,4294967125,4027,4294967277,-170,4027,-19,-0.0065104182326588284,-0.013351768777756621,-0.010210176124166827,-0.02538070618464737,0.063336851722715873,-0.12475436384474248,-5.3148113170285551,-0.16266337413676168,-0.15310808345400043,0,0,0
0.1614437,4294967144,4029,4294967276,-151,4029,-20,-0.0069297333052707535,-0.014922565104551517,-0.010210176124166827,-0.052663399484684049,-0.11276958246276204,-0.066554967422816622,-1.4710061124177303,-0.17001840469885032,-0.18120695556899469,0,0,0
0.16644700000000001,4294967171,4033,4294967274,-124,4033,-22,-0.0075256020926666462,-0.018064157758141311,-0.010210176124166827,-0.083691273554909767,-0.35327930644926786,-0.035506282523029009,1.7891175145291722,-0.16107281712620447,-0.19490474923752737,0,0,0
0.1714309,4294967206,4038,4294967272,-89,4038,-24,-0.0082980245948465065,-0.021991148575128551,-0.010995574287564275,-0.11671715696501475,-0.55486789927969382,-0.092221698176969152,1.3038841272171391,-0.15455339649011879,-0.19800237918099117,0,0,0
0.17641870000000001,4294967245,4044,4294967269,-50,4044,-27,-0.0091587239544183522,-0.026703537555513242,-0.010995574287564275,-0.14257251351295172,-0.73569253214655683,-0.049199177717611155,4.9484993846986578,-0.1298108995666255,-0.18544912979062564,0,0,0
0.1814125,4294967284,4050,4294967266,-11,4050,-30,-0.010019423313990198,-0.031415926535897934,-0.010995574287564275,-0.15636603832219048,-0.8321603203569492,-0.026247175403820319,7.201677515175601,-0.093802511990747489,-0.15959263345181501,0,0,0
0.18639120000000001,25,4056,4294967264,26,4056,-32,-0.010835984244866051,-0.036128315516282622,-0.012566370614359175,-0.15960649901664767,-0.88362473654109186,-0.16056159408675177,2.238295134819146,-0.082611036316651759,-0.13620610997647659,0,0,0
0.1913716,58,4061,4294967262,59,4061,-34,-0.01156426831834992,-0.040055306333269862,-0.013351768777756619,-0.15309880515590682,-0.83780087039827111,-0.15893721762390248,2.3457225966449906,-0.0708824233334268,-0.11306792144235986,0,0,0
0.19636600000000001,86,4064,4294967260,87,4064,-36,-0.012182206320093808,-0.042411500823462206,-0.012566370614359171,-0.13933147666713158,-0.66679534493928949,-0.011511593541489992,7.9868626350421188,-0.030948110158216205,-0.07909435524139434,0,0,0
0.20132659999999999,107,4066,4294967260,108,4066,-36,-0.012645659821401724,-0.043982297150257102,-0.014137166941154067,-0.11757299903318619,-0.50228641430412935,-0.15270033664790017,0.98194240791540288,-0.02603839811863919,-0.057412790801452958,0,0,0
0.2063683,123,4067,4294967260,124,4067,-36,-0.012998767250969661,-0.04476769531365455,-0.014922565104551515,-0.095669559021601042,-0.34124333964012199,-0.1547433303992741,-0.2542929303410606,-0.027309862770344494,-0.043127155653005976,0,0,0
0.21132819999999999,134,4067,4294967260,135,4067,-36,-0.013241528608797617,-0.04476769531365455,-0.014922565104551515,-0.073688783307888667,-0.1820492578621617,-0.082553723943788626,1.6292265693007693,-0.019163729923840647,-0.030895626955410545,0,0,0
0.21630579999999999,142,4066,4294967261,143,4066,-35,-0.013418082323581586,-0.043982297150257102,-0.015707963267948963,-0.055784970443516768,-0.023841591769419676,-0.11732094789125069,-1.0517809110936414,-0.024422634479308855,-0.026597085380645622,0,0,0
0.22126789999999999,147,4064,4294967262,148,4064,-34,-0.013528428395321566,-0.042411500823462206,-0.015707963267948963,-0.040056168707088537,0.13383983330239294,-0.062589328535502128,0.060666641009848643,-0.024119301274259611,-0.025070715509430033,0,0,0
0.22628429999999999,151,4063,4294967264,152,4063,-32,-0.01361670525271355,-0.041626102660064758,-0.018064157758141311,-0.029605930030850408,0.14468147647246207,-0.25322921927913034,-8.7052466202200325,-0.067645534375359778,-0.04505717360236846,0,0,0
0.23126959999999999,156,4061,4294967265,157,4061,-31,-0.013727051324453531,-0.040055306333269862,-0.018064157758141311,-0.026089962410738472,0.22374488328357017,-0.13509477280171364,-4.4508241194339382,-0.089899654972529469,-0.066924406473162723,0,0,0
0.23623479999999999,164,4060,4294967266,165,4060,-30,-0.013903605039237498,-0.039269908169872414,-0.018849555921538756,-0.030391566344908631,0.19264474996637054,-0.14535097175038919,-4.9647176927272367,-0.11472324343616566,-0.093387916503105989,0,0,0
0.2412493,177,4060,4294967266,178,4060,-30,-0.014190504825761447,-0.039269908169872414,-0.018849555921538756,-0.042981972129982372,0.1027736799182819,-0.077543012457352012,-1.5908632616810925,-0.12267755974457112,-0.11407122905324465,0,0,0
0.24622169999999999,194,4061,4294967266,195,4061,-30,-0.014565681469677379,-0.040055306333269862,-0.019634954084936204,-0.057935244729206303,-0.018450984978004729,-0.11464779298534336,-2.4218740538581121,-0.13478693001386169,-0.1343092816607136,0,0,0
0.25119970000000003,217,4063,4294967266,218,4063,-30,-0.015073273399681288,-0.041626102660064758,-0.0212057504117311,-0.078267299160055093,-0.15640241933870036,-0.20772227081159281,-5.4370061100765046,-0.16197196056424421,-0.15814307594136076,0,0,0
0.25622610000000001,244,4066,4294967265,245,4066,-31,-0.015669142187077181,-0.043982297150257102,-0.021991148575128551,-0.097350649117211585,-0.30327738601108456,-0.18409687702440319,-3.3882481263677411,-0.17891320119608292,-0.17977938532409882,0,0,0
0.26120710000000003,276,4070,4294967263,277,4070,-33,-0.016375357046213054,-0.047123889803846894,-0.021991148575128548,-0.11782694037108182,-0.45491295090222117,-0.098213491499582126,1.557134086996764,-0.1711275307610991,-0.18908339162540974,0,0,0
0.26619029999999999,312,4075,4294967261,313,4075,-35,-0.01716984876274091,-0.051050880620834134,-0.022776546738525996,-0.13698723895561687,-0.60908823824953173,-0.12567524739152136,1.7688983465470285,-0.16228303902836397,-0.19087239538794284,0,0,0
0.27116899999999999,350,4080,4294967259,351,4080,-37,-0.01800847890796476,-0.054977871437821381,-0.023561944901923447,-0.15132725059765761,-0.69133891798987146,-0.14032576712032221,2.1481579873410563,-0.1515422490916587,-0.18641590069714886,0,0,0
0.27615410000000001,389,4086,4294967257,390,4086,-39,-0.018869178267536604,-0.059690260418206069,-0.02513274122871835,-0.16103658629751455,-0.80849819540750745,-0.22142116421595007,-0.27041837020293968,-0.1528943409426734,-0.18271319055855015,0,0,0
0.28112369999999998,427,4091,4294967255,428,4091,-41,-0.019707808412760455,-0.063617251235193309,-0.025918139392115791,-0.16415729100307347,-0.79772175537863799,-0.19140507351675326,1.3474123245068785,-0.146157279320139,-0.17607878946510103,0,0,0
0.28613810000000001,464,4096,4294967253,465,4096,-43,-0.020524369343636308,-0.067544242052180556,-0.026703537555513239,-0.16376303953658039,-0.79197265295887931,-0.17539184658762197,2.3248669006178595,-0.13453294481704969,-0.16616524894424042,0,0,0
0.29112389999999999,499,4101,4294967251,500,4101,-45,-0.02129679184581617,-0.071471232869167789,-0.027488935718910687,-0.15943449054886993,-0.78890557528347371,-0.16684898072099108,2.9096907049072955,-0.11998449129251322,-0.15367416632839542,0,0,0
0.29609380000000002,532,4105,4294967250,533,4105,-46,-0.022025075919300037,-0.074612825522757595,-0.02905973204570559,-0.15300704068678039,-0.71398980657717837,-0.2355709828093725,-0.25121786817940617,-0.12124058063341026,-0.14648025917052307,0,0,0
0.30110110000000001,563,4108,4294967248,564,4108,-48,-0.022709221564087913,-0.076969020012949932,-0.028274333882308142,-0.14545985220382929,-0.60074361684541533,-0.05239479464341025,7.1910367292549759,-0.085285396987135373,-0.12511971713261744,0,0,0
0.30607469999999998,590,4111,4294967248,591,4111,-48,-0.023305090351483808,-0.079325214503142283,-0.030630528372500493,-0.13319707597607255,-0.54032812326207746,-0.24779055685347495,-1.5368532363988781,-0.09296966316912976,-0.11784878330849807,0,0,0
0.31104330000000002,616,4114,4294967247,617,4114,-49,-0.023878889924531705,-0.081681408993334634,-0.031415926535897941,-0.12459592063212849,-0.50809717691797573,-0.20547283045817882,0.0046884783682106246,-0.092946220777288702,-0.11084735267906988,0,0,0
0.3161233,639,4116,4294967247,640,4116,-49,-0.024386481854535614,-0.083252205320129516,-0.032986722862692823,-0.11382997589834776,-0.41762283158678215,-0.25617634667625244,-2.7986915332759184,-0.10693967844366829,-0.11344366479833527,0,0,0
0.32103229999999999,660,4117,4294967246,661,4117,-50,-0.024849935355843528,-0.084037603483526971,-0.032201324699295382,-0.10396825206808924,-0.29607632651131138,-0.063387510878990264,4.7320016010854653,-0.083279670438240971,-0.10537405660674587,0,0,0
0.32602229999999999,681,4119,4294967246,682,4119,-50,-0.025313388857151446,-0.085608399810321853,-0.033772121026090264,-0.098707139847017303,-0.30451223283181844,-0.18037552076188176,-0.31202880349798878,-0.084839814455730911,-0.10285770487403967,0,0,0
0.3309897,701,4120,4294967246,702,4120,-50,-0.025754773144111367,-0.086393797973719322,-0.034557519189487733,-0.093841288868460798,-0.23573316909935535,-0.16950771154283892,-0.29901658101924244,-0.086334897360827126,-0.10197594726603608,0,0,0
0.33599839999999997,721,4121,4294967247,722,4121,-49,-0.026196157431071287,-0.087179196137116763,-0.03691371367968007,-0.091245415318376905,-0.19904035768168771,-0.31026890333226087,-6.7037767823591778,-0.11985378127262301,-0.11620086241682089,0,0,0
0.34097270000000002,741,4122,4294967247,742,4122,-49,-0.026637541718031208,-0.087964594300514204,-0.037699111843077511,-0.089860547693428772,-0.17946517976171034,-0.23880428425567424,-3.9737465771423519,-0.13972251415833478,-0.1334892414542643,0,0,0
0.34593869999999999,764,4123,4294967246,765,4123,-50,-0.027145133648035117,-0.088749992463911659,-0.03691371367968007,-0.095299068095943282,-0.16902205546041421,-0.054119722459920513,3.9686966586208592,-0.11987903086523048,-0.13557507073676045,0,0,0
0.35095490000000001,789,4125,4294967246,790,4125,-50,-0.027696864006735017,-0.090320788790706555,-0.038484510006474966,-0.10231867448928197,-0.23673029230390497,-0.1754312660095573,-0.75367449289933752,-0.12364740332972717,-0.14074860541648909,0,0,0
0.35594110000000001,816,4127,4294967246,817,4127,-50,-0.028292732794130911,-0.091891585117501451,-0.040055306333269862,-0.11018177142971665,-0.27285183032868315,-0.24014952980516827,-3.2526901053730004,-0.13991085385659216,-0.15028752131730294,0,0,0
0.3609096,844,4129,4294967245,845,4129,-51,-0.0289106707958748,-0.093462381444296347,-0.040055306333269862,-0.11643575026925389,-0.29212224069679676,-0.12811691423218524,1.7567485954469513,-0.13112711087935741,-0.15154739875501194,0,0,0
0.3654773,871,4132,4294967244,872,4132,-52,-0.02950653958327069,-0.095818575934488698,-0.040840704496667317,-0.11771306323936198,-0.37568229443064161,-0.14162836730222877,1.6477494384804228,-0.1228883636869553,-0.15123183904661031,0,0,0
0.37144759999999999,908,4135,4294967244,909,4135,-52,-0.030323100514146543,-0.098174770424681035,-0.043196898986859654,-0.13898559712471753,-0.42026058798857918,-0.29539560519246599,-4.2126042786165989,-0.1439513850800383,-0.15253488954593783,0,0,0
0.37644270000000002,938,4137,4294967243,939,4137,-53,-0.030985176944586426,-0.099745566751475931,-0.043196898986859654,-0.1359204687808423,-0.37076305743088578,-0.15759003753082987,1.3930026156140771,-0.13698637200196792,-0.15212070416348664,0,0,0
0.38144129999999998,969,4140,4294967242,970,4140,-54,-0.031669322589374299,-0.10210176124166827,-0.043982297150257095,-0.13634436957443918,-0.41763623363195468,-0.1573519275893141,1.7040475675794022,-0.12846613416407091,-0.1483836356490183,0,0,0
0.38640039999999998,998,4142,4294967241,999,4142,-55,-0.032309329805466185,-0.10367255756846318,-0.043982297150257109,-0.13245229507418632,-0.36936299563482483,-0.083945379479129986,4.6687419658782616,-0.1051224243346796,-0.13750327619010658,0,0,0
0.39140239999999998,1028,4144,4294967241,1029,4144,-55,-0.032971406235906067,-0.10524335389525807,-0.045553093477052005,-0.13243502994138281,-0.34360979804494818,-0.19134289883827332,0.034836705850157301,-0.10494824080542881,-0.13005359781203849,0,0,0
0.39641110000000002,1055,4146,4294967240,1056,4146,-56,-0.033567275023301958,-0.10681415022205297,-0.045553093477052005,-0.12624848841047875,-0.32987077382323293,-0.10207915784506852,3.70284208327912,-0.086434030389033203,-0.11708471374685971,0,0,0
0.4013565,1081,4147,4294967240,1082,4147,-56,-0.034141074596349859,-0.10759954838545042,-0.04633849164044946,-0.1208889319159808,-0.24926164872571926,-0.12773753435097068,2.1789855001447274,-0.075539102888309562,-0.10384389312826785,0,0,0
0.4063755,1104,4148,4294967240,1105,4148,-56,-0.034648666526353768,-0.10838494654884787,-0.047123889803846901,-0.11185234156447386,-0.20625764045292144,-0.14142597265359994,1.1759313706112025,-0.06965944603525355,-0.093020059365099522,0,0,0
0.41135300000000002,1124,4148,4294967241,1125,4148,-55,-0.035090050813313685,-0.10838494654884787,-0.048694686130641797,-0.10085409743971387,-0.11003599487818419,-0.22200811076570559,-3.0857630791419703,-0.085088261430963402,-0.093520154356421456,0,0,0
0.41632710000000001,1143,4148,4294967242,1144,4148,-54,-0.035509365885925612,-0.10838494654884787,-0.050265482457436693,-0.092927554913521601,-0.058702892858872903,-0.26499772180317249,-5.5925955414910504,-0.11305123913841866,-0.10541366273920023,0,0,0
0.42130509999999999,1162,4147,4294967242,1163,4147,-54,-0.035928680958537539,-0.10759954838545042,-0.049480084294039252,-0.088698838872270841,0.041962225039210696,-0.068093609456249385,2.0968537259469948,-0.10256697050868369,-0.10803205881510454,0,0,0
0.4263113,1182,4147,4294967243,1183,4147,-53,-0.036370065245497456,-0.10759954838545042,-0.051050880620834148,-0.088501979486377752,0.022386347334103811,-0.18288616830835158,-2.9122872920571945,-0.11712840696896966,-0.11841768748771658,0,0,0
0.43133090000000002,1203,4147,4294967243,1204,4147,-53,-0.03683351874680537,-0.10759954838545042,-0.051050880620834148,-0.090456067611105057,0.011942849705773452,-0.09756759281778872,0.65637177677930936,-0.11384654808507311,-0.12379064675413567,0,0,0
0.43627490000000002,1226,4148,4294967243,1227,4148,-53,-0.037341110676809279,-0.10838494654884787,-0.051836278784231589,-0.095616770880031135,-0.066908151200295335,-0.12533066813673249,-0.17057163237456763,-0.11469940624694594,-0.12816754618393308,0,0,0
0.44129849999999998,1250,4148,4294967244,1251,4148,-52,-0.037870771821161185,-0.10838494654884787,-0.053407075111026485,-0.10042905487837889,-0.035694701862280472,-0.21342145748347197,-4.1351769176249471,-0.13537529083507066,-0.14045847799839972,0,0,0
0.44619130000000001,1275,4149,4294967244,1276,4149,-52,-0.038422502179861089,-0.10917034471224531,-0.054192473274423926,-0.10505546134516645,-0.092322217650590413,-0.18713732524275489,-2.8452518348462661,-0.149601550009302,-0.1542138954250562,0,0,0
0.45116879999999998,1303,4150,4294967244,1304,4150,-52,-0.039040440181604977,-0.10995574287564276,-0.054977871437821381,-0.11370092488790613,-0.12253232295172849,-0.17311505370766989,-2.0426963565978804,-0.1598150317922914,-0.16694694757248515,0,0,0
0.45616250000000003,1334,4152,4294967243,1335,4152,-53,-0.03972458582639285,-0.11152653920243766,-0.054977871437821381,-0.12449050751808169,-0.21192857365251022,-0.092354819541638628,2.0363354687005479,-0.14963335444878867,-0.16996068944851395,0,0,0
0.46114539999999998,1366,4154,4294967243,1367,4154,-53,-0.040430800685528727,-0.11309733552923255,-0.056548667764616277,-0.13230573162184517,-0.25962040878957193,-0.19582923496436611,-2.0026566633397147,-0.15964663776548724,-0.17773838476562565,0,0,0
0.46613159999999998,1401,4156,4294967242,1402,4156,-54,-0.041203223187708589,-0.11466813185602745,-0.056548667764616277,-0.14265239139857278,-0.28506343487747465,-0.10447256474097082,2.2878594530311718,-0.14820734050033138,-0.17531674875556144,0,0,0
0.47111710000000001,1436,4159,4294967241,1437,4159,-55,-0.041975645689888451,-0.1170243263462198,-0.057334065928013732,-0.14817221117202828,-0.37191650558870865,-0.12901438842706986,1.8476035412540934,-0.13896932279406091,-0.17017555814715959,0,0,0
0.47563680000000003,1468,4161,4294967240,1469,4161,-56,-0.042681860549024321,-0.11859512267301468,-0.057334065928013718,-0.1449396384979737,-0.34497206519582657,-0.068827639805242341,4.3615585902563723,-0.11716152984277904,-0.1593319291603561,0,0,0
0.48162100000000002,1508,4164,4294967239,1509,4164,-57,-0.043564629122944162,-0.12095131716320703,-0.058119464091411166,-0.1596879815745445,-0.40387704641712885,-0.10999824546602177,3.379159819035805,-0.10026573074760002,-0.13759197584616614,0,0,0
0.48661929999999998,1539,4166,4294967239,1540,4166,-57,-0.044248774767732042,-0.12252211349000193,-0.059690260418206062,-0.14902405460473539,-0.36202263311262095,-0.20524179258107256,-1.0724250046200865,-0.10562785577070045,-0.1287596915197004,0,0,0
0.49161700000000003,1568,4167,4294967238,1569,4167,-58,-0.044888781983823921,-0.12330751165339937,-0.058904862254808621,-0.13921675603663483,-0.26641428276304335,-0.036214532844176209,5.58068001576002,-0.077724455691900354,-0.10889947215469618,0,0,0
0.49663990000000002,1593,4168,4294967238,1594,4168,-58,-0.045440512342523824,-0.12409290981679684,-0.05969026041820609,-0.12574823799389659,-0.21540836644268038,-0.092599541288814577,2.7038762585777296,-0.064205074399011713,-0.092273662599050191,0,0,0
0.50065000000000004,1610,4168,4294967239,1611,4168,-57,-0.045815688986439757,-0.12409290981679684,-0.061261056745000972,-0.10209006191168464,-0.11491779821855842,-0.1959597911021142,-2.8109341625692448,-0.07825974521185794,-0.092627789531207455,0,0,0
0.50664989999999999,1633,4168,4294967239,1634,4168,-57,-0.046323280916443665,-0.12409290981679684,-0.061261056745000972,-0.10182336829121211,-0.061307276804011324,-0.10454221488567828,0.74123547040508253,-0.074553567859832526,-0.084645836343055447,0,0,0
0.51156199999999996,1651,4167,4294967240,1652,4167,-56,-0.046720526774707595,-0.12330751165339937,-0.062046454908398406,-0.091385539107116887,0.040572817219853077,-0.12905154594981214,-1.1485708445331682,-0.080296422082498362,-0.084564297759625429,0,0,0
0.51653300000000002,1667,4166,4294967240,1668,4166,-56,-0.04707363420427553,-0.12252211349000193,-0.061261056745000965,-0.081698861015117391,0.094924634100824024,0.0044320563908952781,3.9747352164346363,-0.060422746000325184,-0.076986087067400275,0,0,0
0.52150989999999997,1683,4166,4294967241,1684,4166,-55,-0.047426741633843465,-0.12252211349000193,-0.062831853071795868,-0.076531133610802576,0.050641161843970058,-0.14419458928044782,-2.4548377622122293,-0.072696934811386338,-0.079090398310325563,0,0,0
0.52650529999999995,1698,4165,4294967241,1699,4165,-55,-0.04775777984906341,-0.12173671532660449,-0.06204645490839842,-0.071715102319875365,0.10029597605479156,-0.0036465768888747779,3.0904510353840022,-0.057244679634466326,-0.07326886388578642,0,0,0
0.5314719,1713,4164,4294967242,1714,4164,-54,-0.048088818064283348,-0.12095131716320703,-0.062831853071795868,-0.069145806979842933,0.12678622810160739,-0.075224924635479737,-0.27737674658470191,-0.058631563367389838,-0.071142130343556154,0,0,0
0.53564020000000001,1725,4164,4294967242,1726,4164,-54,-0.048353648636459301,-0.12095131716320703,-0.062831853071795868,-0.06159778772527813,0.067638942806567723,-0.040131601446254196,1.1691612207348625,-0.052785757263715524,-0.069069280486094523,0,0,0
0.54112159999999998,1740,4163,4294967242,1741,4163,-54,-0.048684686851679239,-0.12016591899980959,-0.06204645490839842,-0.063748340129803099,0.10936408977331248,0.051869787844025884,4.9326245539742102,-0.028122634493844473,-0.054623878432994419,0,0,0
0.54611520000000002,1753,4162,4294967243,1754,4162,-53,-0.048971586638203189,-0.11938052083641214,-0.062831853071795868,-0.060777413701443635,0.13162395877909816,-0.04560760518980711,0.51264601013488376,-0.025559404443170054,-0.045188401281243858,0,0,0
0.55109169999999996,1763,4161,4294967243,1764,4161,-53,-0.049192278781683148,-0.11859512267301468,-0.062046454908398406,-0.053015129044243756,0.14349933380293278,0.048948405060071407,4.2342828173916987,-0.0043879903562115616,-0.029645430538118616,0,0,0
0.55608219999999997,1772,4160,4294967244,1773,4160,-52,-0.049390901710815116,-0.11780972450961724,-0.062831853071795868,-0.046814932357248318,0.149834704955388,-0.047166128114566705,-0.1582940849006973,-0.0051794607807150485,-0.019662353292524436,0,0,0
0.56106780000000001,1777,4158,4294967245,1778,4158,-51,-0.049501247782555095,-0.11623892818282235,-0.062831853071795868,-0.035270760211430691,0.22649406930988261,-0.025162567651998612,-0.0095187939588574633,-0.0052270547505093362,-0.013637070718885815,0,0,0
0.56606270000000003,1781,4156,4294967245,1782,4156,-51,-0.049589524639947077,-0.11466813185602745,-0.061261056745000965,-0.027052971587410594,0.26739092726361929,0.13313510840041917,6.2926509481029447,0.026236199990005385,0.0049351895079855351,0,0,0
0.57104690000000002,1782,4154,4294967246,1783,4154,-50,-0.049611593854295075,-0.11309733552923255,-0.061261056745000965,-0.016491548433230294,0.28920891394498227,0.071025994837746728,3.2172059967796378,0.042322229973903572,0.021809338907260899,0,0,0
0.576048,1782,4152,4294967247,1783,4152,-49,-0.049611593854295075,-0.11152653920243766,-0.061261056745000965,-0.0087980446927805045,0.30084855001107375,0.037891522403836059,1.4257605962440278,0.049451032955123708,0.037434943735533695,0,0,0
0.58105490000000004,1780,4150,4294967248,1781,4150,-48,-0.04956745542559908,-0.10995574287564276,-0.061261056745000972,-0.00057543154304416037,0.30705815723696805,0.020214675955757624,0.26831592629001266,0.05079261258657377,0.050065729617238999,0,0,0
0.58602449999999995,1777,4147,4294967249,1778,4147,-47,-0.049501247782555095,-0.10759954838545042,-0.060475658581603531,0.0058703449127093998,0.38365042803435229,0.08406380817967872,2.3362958853886981,0.062474092013517259,0.066291167869271306,0,0,0
0.59104630000000002,1770,4144,4294967250,1771,4144,-46,-0.049346763282119122,-0.10524335389525807,-0.059690260418206069,0.017545530940572391,0.42451149237438296,0.11812655984764378,3.1788981166766166,0.078368582596900341,0.083472866636473478,0,0,0
0.59603510000000004,1759,4141,4294967252,1760,4141,-44,-0.049104001924291166,-0.10288715940506574,-0.060475658581603531,0.032010544698592935,0.44631038358909536,-0.010260406371739847,-3.0057561172050078,0.063339802010875301,0.086622883128861503,0,0,0
0.60103450000000003,1745,4137,4294967253,1746,4137,-43,-0.048795032923419218,-0.099745566751475931,-0.058904862254808614,0.045904788064128149,0.53121935174315382,0.14108523397495748,2.5059929860174934,0.075869766940962771,0.094467857307226261,0,0,0
0.60604100000000005,1728,4133,4294967255,1729,4133,-41,-0.048419856279503286,-0.096603974097886139,-0.058904862254808621,0.059494532222524391,0.57651727508017647,0.075267292154441084,-1.0951401808127486,0.070394066036899031,0.093978951325864618,0,0,0
0.61098680000000005,1710,4128,4294967256,1711,4128,-40,-0.048022610421239363,-0.092676983280898892,-0.05654866776461627,0.068803609154723791,0.67396269702365352,0.25999276188912079,5.9384711988135361,0.10008642203096671,0.1060943010335865,0,0,0
0.61599979999999999,1690,4124,4294967258,1691,4124,-38,-0.047581226134279439,-0.0895353906273091,-0.05654866776461627,0.07788811136254524,0.65266914986982849,0.13870304223773081,0.40562519723018831,0.10211454801711765,0.11136529121042034,0,0,0
0.62096620000000002,1669,4120,4294967260,1670,4120,-36,-0.047117772632971525,-0.086393797973719322,-0.056548667764616284,0.084793695366628924,0.64130929604617481,0.073996421231934395,-2.8014636882271784,0.088107229575981758,0.10849562300680608,0,0,0
0.62597860000000005,1647,4116,4294967261,1648,4116,-35,-0.046632249917315613,-0.083252205320129516,-0.054977871437821374,0.090536852457557562,0.63524894931472242,0.18603524809463318,1.6046747377669695,0.096130603264816608,0.11041637471238916,0,0,0
0.63098379999999998,1625,4112,4294967262,1626,4112,-34,-0.046146727201659694,-0.080110612666539724,-0.053407075111026478,0.093600758370834064,0.63201582650560828,0.24580662796569966,3.937031338537361,0.11581575995750341,0.11940625028108372,0,0,0
0.63593160000000004,1602,4108,4294967263,1603,4108,-33,-0.045639135271655785,-0.076969020012949932,-0.051836278784231582,0.097294425950510799,0.63029099398991084,0.27769394731499608,5.1122659839130913,0.14137708987706887,0.13524474876243436,0,0,0
0.64093449999999996,1577,4104,4294967264,1578,4104,-32,-0.045087404912955889,-0.07382742735936014,-0.050265482457436693,0.1033831741421585,0.62937081638365955,0.29470545244466406,5.6191921074157509,0.16947305041414762,0.15705031357804902,0,0,0
0.64594309999999999,1549,4099,4294967265,1550,4099,-31,-0.044469466911212001,-0.069900436542372907,-0.047909287967244356,0.11280877958021734,0.70215943188105223,0.37706040713489408,8.5552082866353683,0.21224909184732446,0.18990227636928919,0,0,0
0.65089379999999997,1516,4094,4294967267,1517,4094,-29,-0.043741182837728133,-0.06597344572538566,-0.047123889803846901,0.12813277914634841,0.74099129141592179,0.27443675612044649,3.5186911156946312,0.22984254742579763,0.21777241588696206,0,0,0
0.65589240000000004,1477,4087,4294967269,1478,4087,-27,-0.042880483478156282,-0.060475658581603517,-0.04476769531365455,0.14866261199908914,0.90826666461673122,0.36624729902398334,6.0366603788978992,0.26002584932028711,0.24957811439120031,0,0,0
0.66088919999999995,1430,4079,4294967272,1431,4079,-24,-0.041843230403800474,-0.054192473274423933,-0.043196898986859661,0.17608791543988139,1.0707856034441992,0.34194761100761073,3.3590917516083554,0.27682130807832889,0.27486275836068602,0,0,0
0.66584679999999996,1377,4070,4294967275,1378,4070,-21,-0.040673562043356683,-0.047123889803846894,-0.04084070449666731,0.20307364979642845,1.2307670411774345,0.40226353612566501,4.2388409939067699,0.29801551304786272,0.29945458614891091,0,0,0
0.67083139999999997,1317,4061,4294967279,1318,4061,-17,-0.039349409182476917,-0.040055306333269862,-0.040055306333269862,0.23188398954403905,1.316115233003748,0.28788232529525509,-2.20190403494043,0.28700599287316059,0.30716995226175747,0,0,0
0.67585569999999995,1253,4050,4294967283,1254,4050,-13,-0.037936979464205177,-0.031415926535897934,-0.037699111843077518,0.2554904037505597,1.5082065155232791,0.37342035005668472,-0.53759873482287368,0.28431799919904621,0.31022040961433456,0,0,0
0.68081579999999997,1188,4040,4294967287,1189,4040,-9,-0.036502480531585432,-0.023561944901923447,-0.036128315516282622,0.27014325486582369,1.5374054078578494,0.34577434831034626,-2.8217593895838231,0.2702092022511271,0.30506111875699349,0,0,0
0.68579959999999995,1123,4029,4294967291,1124,4029,-5,-0.035067981598965688,-0.014922565104551517,-0.033772121026090278,0.27796037643634808,1.6262621884834103,0.40430505490440793,-1.5314356080344602,0.2625520242109548,0.29811548972621188,0,0,0
0.69181099999999995,1047,4018,4294967295,1048,4018,-1,-0.033390721308517994,-0.0062831853071795866,-0.031415926535897934,0.30478093059076061,1.673666222759842,0.43553048983548731,-1.6863289983656955,0.25412037921912634,0.27809174500954725,0,0,0
0.69577279999999997,999,4011,1,1000,4011,1,-0.032331399019814182,-0.00078539816339744833,-0.029059732045705586,0.26143428947242631,1.4058376333479248,0.45218888751035868,0.76400880593512355,0.25794042324880195,0.28563840445581046,0,0,0
0.70175109999999996,930,4002,5,931,4002,5,-0.030808623229802459,0.0062831853071795866,-0.028274333882308132,0.28155068816412809,1.409513309026972,0.31451690570252855,-6.1475973954851124,0.2272024362713764,0.26181058702432458,0,0,0
0.70676539999999999,874,3994,7,875,3994,7,-0.029572747226314679,0.012566370614359173,-0.025132741228718343,0.26551411388642365,1.3381947189364398,0.46090910080719016,0.36176086669162544,0.22901124060483452,0.25516697938830485,0,0,0
0.71172970000000002,822,3988,9,823,3988,9,-0.028425148080218884,0.01727875959474386,-0.023561944901923457,0.24872235143648774,1.1535880618656986,0.39244855494017783,-1.6752059143848079,0.22063521103291048,0.24909828339738108,0,0,0
0.71671189999999996,772,3983,10,773,3983,10,-0.027321687362819085,0.021205750411731103,-0.021205750411731103,0.23564592561557463,0.98182308949030239,0.42920518830254939,0.75066753509429773,0.22438854870838196,0.24908814906178831,0,0,0
0.72169110000000003,723,3977,12,724,3977,12,-0.026240295859767278,0.025918139392115794,-0.01963495408493621,0.22661069790336083,0.96346804155345334,0.37553489517795829,-1.4211654890570937,0.2172827212630965,0.24691688741696405,0,0,0
0.72670409999999996,674,3972,13,675,3972,13,-0.025158904356715472,0.029845130209103034,-0.01727875959474386,0.22179051151859847,0.88039632277572055,0.42018195224263821,0.83183140145764867,0.22144187827038475,0.24843903825051544,0,0,0
0.73167269999999995,626,3968,14,627,3968,14,-0.024099582068011664,0.03298672286269283,-0.01570796326794896,0.21715988922276749,0.76279903080931433,0.37072110619689247,-0.73301048498396604,0.21777682584546493,0.24877941371540774,0,0,0
0.73665239999999998,577,3963,15,578,3963,15,-0.023018190564959858,0.03691371367968007,-0.013351768777756623,0.21674861763632147,0.77334179529268976,0.4176138531482127,1.1943953455554137,0.22374880257324201,0.25181844834493644,0,0,0
0.74166160000000003,527,3958,16,528,3958,16,-0.021914729847560058,0.040840704496667317,-0.010995574287564272,0.21858831940546886,0.77896623459174952,0.44263057520529203,2.1911225324720327,0.23470441523560218,0.25781065817985072,0,0,0
0.74663100000000004,477,3954,16,478,3954,16,-0.020811269130160254,0.043982297150257102,-0.007853981633974487,0.21956977839046854,0.70868728668484438,0.52925621779289567,6.2777552590733254,0.26609319153096878,0.27584529684365183,0,0,0
0.75162359999999995,425,3949,17,426,3949,17,-0.019663669984064464,0.047909287967244349,-0.005497787143782136,0.22421159559630111,0.74447382421411679,0.50219044720448081,4.9830257752757348,0.29100832040734748,0.29752960864333267,0,0,0
0.75664450000000005,369,3944,18,370,3944,18,-0.018427793980576684,0.051836278784231589,-0.003141592653589792,0.23492439084751759,0.76356551580736776,0.48775118091935699,4.1077889279195734,0.31154726504694535,0.31998649156708675,0,0,0
0.76158239999999999,309,3938,20,310,3938,20,-0.017103641119696922,0.056548667764616277,-0.001570796326794896,0.2488759805872213,0.84703022520316829,0.40676848502013307,-0.08034951123455869,0.31114551749077257,0.33421566581778783,0,0,0
0.76656840000000004,243,3931,22,244,3931,22,-0.015647072972729183,0.06204645490839842,0.00078539816339745494,0.26867364914146596,0.96483717298422533,0.43684470046546253,0.090912534394998801,0.31160008016274754,0.34232404313472536,0,0,0
0.77158749999999998,174,3924,24,175,3924,24,-0.014124297182717458,0.067544242052180556,0.0031415926535898059,0.28541280033468613,1.0276857766732101,0.45289000323063611,-0.054604697535072688,0.31132705667507216,0.34625870090406835,0,0,0
0.77656619999999998,104,3917,26,105,3917,26,-0.012579452178357736,0.073042029195962685,0.0054977871437821291,0.29640204841396328,1.0612147582829872,0.4614499811738047,-0.26819287715414575,0.30998609228930141,0.34770695450670103,0,0,0
0.78154440000000003,32,3909,28,33,3909,28,-0.010990468745302023,0.079325214503142283,0.008639379797371935,0.3063829019197446,1.1523815899702348,0.5392961467585079,2.2677422872098454,0.32132480372535066,0.35198568242166289,0,0,0
0.78655050000000004,4294967257,3902,30,-38,3902,30,-0.0094235545265943053,0.084823001646924412,0.010995574287564272,0.30964845814128328,1.1277384896858695,0.50754662974303422,0.79206653107596026,0.32528513638073048,0.35633264530440506,0,0,0
0.79152109999999998,4294967186,3895,32,-109,3895,32,-0.0078566403078865858,0.090320788790706555,0.013351768777756623,0.31139059349626275,1.1145916891565981,0.49060864051738595,-0.080788713578812121,0.32488119281283639,0.35958881291376277,0,0,0
0.79648669999999999,4294967114,3889,34,-181,3889,34,-0.0062676568748308726,0.095033177771091243,0.014922565104551519,0.3143791122239335,1.0342985083462639,0.40829290568645549,-3.5196665650649308,0.30728285998751176,0.35396719153038969,0,0,0
0.80149159999999997,4294967042,3882,36,-253,3882,36,-0.0046786734417751585,0.10053096491487339,0.01727875959474387,0.31597345137514865,1.0647425718801435,0.43765796073675867,-2.6465429174494517,0.29405014540026447,0.34537902924424768,0,0,0
0.80650460000000002,4294966971,3876,38,-324,3876,38,-0.0031117592230674404,0.10524335389525807,0.018849555921538752,0.31476490206276159,1.0077045979278716,0.38004434860831116,-5.0526074169928759,0.26878710831530012,0.32863521713336918,0,0,0
0.81147780000000003,4294966902,3870,40,-393,3870,40,-0.0015889834330557141,0.10995574287564276,0.020420352248333662,0.3100019348716655,0.97727551808436997,0.34930817265304503,-6.3635444816034958,0.23696938590728264,0.30404657297394,0,0,0
0.81647530000000001,4294966836,3865,41,-459,3865,41,-0.00013241528608797618,0.11388273369262999,0.022776546738525985,0.30128361780879609,0.88776244707298391,0.40619030810724355,-3.5031915169204559,0.21945342832268036,0.2803688465187768,0,0,0
0.8214418,4294966776,3862,41,-519,3862,41,0.0011917375747917856,0.11623892818282235,0.025132741228718336,0.28427783790507499,0.69344925110738442,0.43653624996789209,-0.95788751539625139,0.21466399074569911,0.26377204940455851,0,0,0
0.82643440000000001,4294966722,3860,41,-573,3860,41,0.0023834751495835711,0.11780972450961724,0.026703537555513232,0.26285079527039951,0.51650595582586767,0.37944592927147347,-2.0150556086404752,0.20458871270249673,0.2500846047376899,0,0,0
0.83143210000000001,4294966672,3859,40,-623,3859,40,0.0034869358669833727,0.11859512267301468,0.029059732045705583,0.24318328214661625,0.34882929570274424,0.42226844235537986,1.2349930608604645,0.21076367800679904,0.24598295773699466,0,0,0
0.83638710000000005,4294966624,3859,39,-671,3859,39,0.004546258155687182,0.11859512267301468,0.030630528372500479,0.22857267758825855,0.18609627508111101,0.37183422382421916,0.45296035560245507,0.21302847978481132,0.2448235974706105,0,0,0
0.84138769999999996,4294966577,3859,38,-718,3859,38,0.0055835112300429953,0.11859512267301468,0.032201324699295361,0.2187189837900127,0.099280146552186768,0.3449281688543574,0.2630411088691389,0.21434368532915701,0.24565266876784594,0,0,0
0.84637470000000004,4294966530,3859,37,-765,3859,37,0.0066207643043988086,0.11859512267301468,0.033772121026090271,0.21346215549539027,0.052964775867371097,0.33057410894969619,0.33843698333025429,0.21603587024580828,0.24759839412848808,0,0,0
0.85135649999999996,4294966482,3858,36,-813,3858,36,0.0076800865931026183,0.11938052083641214,0.036128315516282622,0.21271681046601915,0.10153559646456958,0.39619590822376749,3.3414273898722762,0.23274300719516966,0.25614691400153056,0,0,0
0.85634869999999996,4294966433,3858,35,-862,3858,35,0.0087614780961544243,0.11938052083641214,0.037699111843077504,0.21437828803181638,0.054168031535679805,0.35792483736043634,2.2756672803964104,0.24412134359715171,0.26592657359468436,0,0,0
0.86132249999999999,4294966382,3858,34,-913,3858,34,0.0098870080279022214,0.11938052083641214,0.039269908169872414,0.21938288705222547,0.028897999742132502,0.33750767682154809,1.7818170074335207,0.25303042863431929,0.27571421730486623,0,0,0
0.86633079999999996,4294966329,3856,34,-966,3856,34,0.011056676388346011,0.12095131716320703,0.04084070449666731,0.22617100155574127,0.16197577730281545,0.32661536482015469,0.89364140766872247,0.2574986356726629,0.28375509517270409,0,0,0
0.87130399999999997,4294966273,3855,33,-1022,3855,33,0.012292552391833788,0.12173671532660449,0.043196898986859661,0.23596971059249156,0.15969166752829433,0.39408396537498025,3.8785709137211377,0.27689149024126858,0.2965309218736078,0,0,0
0.87630580000000002,4294966214,3853,33,-1081,3853,33,0.013594636038365554,0.12330751165339937,0.044767695313654543,0.2473745359598267,0.23175264145685759,0.35679814100154339,2.0008928752475139,0.28689595461750617,0.30694963993278374,0,0,0
0.8812951,4294966154,3851,33,-1141,3851,33,0.014918788899245316,0.12487830798019428,0.046338491640449453,0.25551798473699433,0.27019631288017515,0.33690659773180298,1.0223794115101938,0.29200785167505716,0.31625622469652964,0,0,0
0.88625770000000004,4294966091,3848,33,-1204,3848,33,0.016309149403169066,0.12723450247038662,0.04869468613064179,0.26603974846818562,0.36398507305434946,0.39957421557598816,3.2586138761330226,0.30830092105572227,0.32870557631206987,0,0,0
0.89125220000000005,4294966026,3845,34,-1269,3845,34,0.017743648335788807,0.12959069696057895,0.049480084294039231,0.27577120464149163,0.41402025968547107,0.28644760480887527,-1.9061937463273022,0.29876995232408576,0.33144800170348065,0,0,0
0.89624879999999996,4294965959,3841,35,-1336,3841,35,0.019222285697104543,0.13273228961416877,0.051050880620834141,0.28508104114436694,0.51399295518071542,0.29937542447114091,-1.9970421543268859,0.28878474155245132,0.32897489230425164,0,0,0
0.90121309999999999,4294965891,3837,36,-1404,3837,36,0.020722992272768272,0.13587388226775854,0.052621676947629023,0.29210683831137663,0.56732719766170026,0.30627226230473048,-2.1241746009987104,0.27816386854745778,0.32203388983703296,0,0,0
0.90623560000000003,4294965823,3834,37,-1472,3834,37,0.022223698848432002,0.13823007675795088,0.053407075111026464,0.29585501743039788,0.5225008615806559,0.2366721238631207,-5.0569299153494551,0.25287921897071053,0.3052045150876791,0,0,0
0.9112112,4294965758,3830,37,-1537,3830,37,0.023658197781051743,0.1413716694115407,0.056548667764616284,0.29167729556551014,0.57186606440619148,0.41937983674228402,2.6689514483046359,0.2662239762122337,0.30148616510144838,0,0,0
0.91617470000000001,4294965696,3828,38,-1599,3828,38,0.025026489070627496,0.14294246573833558,0.056548667764616256,0.28327119991453964,0.45164277364387373,0.22373414854573706,-4.9440757136837465,0.24150359764381496,0.28727234156321207,0,0,0
0.92117119999999997,4294965636,3826,38,-1659,3826,38,0.026350641931507258,0.14451326206513049,0.058119464091411166,0.27466842746673292,0.38750507975039672,0.26591854240359392,-2.6447002723996551,0.2282800962818167,0.27391576093873021,0,0,0
0.92617039999999995,4294965580,3824,38,-1715,3824,38,0.027586517934995038,0.14608405839192537,0.059690260418206048,0.26184250976457901,0.35328838386817762,0.28842341415665462,-1.1410988988655735,0.22257460178748883,0.26459510196232455,0,0,0
0.93112919999999999,4294965527,3823,38,-1768,3823,38,0.028756186295438826,0.14686945655532285,0.060475658581603531,0.24882270462500303,0.26175466480651527,0.2271499759364326,-2.9487989219927755,0.20783060717752497,0.25321688154683564,0,0,0
0.93611800000000001,4294965476,3823,38,-1819,3823,38,0.029881716227186623,0.14686945655532285,0.060475658581603531,0.23775857310927134,0.13964299646181944,0.12118180705371748,-6.6164803840244302,0.17474820525740281,0.23224079355404087,0,0,0
0.94113959999999997,4294965427,3823,37,-1868,3823,37,0.030963107730238429,0.14686945655532285,0.062046454908398441,0.22773777018192151,0.074497875616657744,0.21120808950409342,-2.1097976131353242,0.1641992171917262,0.21499031092178933,0,0,0
0.94610280000000002,4294965383,3824,36,-1912,3824,36,0.031934153161550252,0.14608405839192537,0.062831853071795854,0.21209623984340603,-0.033535789838947054,0.18595651978455147,-2.1121637569756802,0.15363839840684779,0.20012122181357328,0,0,0
0.95108139999999997,4294965341,3825,35,-1954,3825,35,0.032861060164166088,0.14529866022852791,0.063617251235193281,0.19963344915592693,-0.091170463796429929,0.17248510805782041,-1.8777999690960057,0.14424939856136776,0.18572081050460215,0,0,0
0.95609040000000001,4294965303,3827,33,-1992,3827,33,0.033699690309389935,0.14372786390173303,0.065188047561988205,0.18474825769151271,-0.19519739527868066,0.23857778962344589,2.1206930508080655,0.15485286381540808,0.18223701236737569,0,0,0
0.96107949999999998,4294965267,3830,31,-2028,3830,31,0.034494182025917794,0.1413716694115407,0.06597344572538566,0.17268896478619589,-0.32397404366922922,0.20055792885496462,1.7973739658933567,0.16383973364487486,0.18363602925148007,0,0,0
0.96604659999999998,4294965232,3832,29,-2063,3832,29,0.035266604528097656,0.13980087308474581,0.06754424205218057,0.16419636537150917,-0.31939533270419551,0.25355430520205569,4.7484365680475769,0.18758191648511274,0.19575238885803944,0,0,0
0.97105490000000005,4294965196,3835,28,-2099,3835,28,0.036061096244625515,0.13744467859455345,0.066758843888783101,0.1617247749840873,-0.39023216422382206,0.061988682978156739,-2.6580625213346543,0.17429160387843948,0.1971980626600493,0,0,0
0.97564030000000002,4294965162,3836,26,-2133,3836,26,0.03681144953245738,0.13665928043115599,0.069115038378975438,0.15628799042090097,-0.28146373166613442,0.25290878202731876,5.5877463603083273,0.20223033567998111,0.21561008882565197,0,0,0
0.98161540000000003,4294965114,3838,25,-2181,3838,25,0.037870771821161185,0.13508848410436111,0.069115038378975452,0.1822150742807018,-0.29671658750197727,0.13492382334393152,0.38925102297383418,0.20417659079485029,0.21722314911038437,0,0,0
0.98660499999999995,4294965072,3838,24,-2223,3838,24,0.038797678823777021,0.13508848410436111,0.070685834705770362,0.18369220318030263,-0.15829476586149616,0.21853929154250257,3.6841968401804612,0.22259757499575258,0.23077749345479012,0,0,0
0.99160820000000005,4294965027,3839,23,-2268,3839,23,0.039790793469436841,0.13430308594096366,0.071471232869167789,0.19065756464540784,-0.15772789176118038,0.18986762876542684,2.6306069113747803,0.2357506095526265,0.24406639673625749,0,0,0
0.99658009999999997,4294964980,3838,23,-2315,3838,23,0.040828046543792657,0.13508848410436111,0.072256631032565244,0.19849172256262787,-0.010866432595478634,0.17457163812207949,1.4018004132910065,0.24275961161908152,0.25587019872836231,0,0,0
1.0005816999999999,4294964940,3837,23,-2355,3837,23,0.041710815117712498,0.13587388226775854,0.073042029195962671,0.18825738067614714,0.067482406909683032,0.16641140927241013,1.1349902597969033,0.24843456291806604,0.27498171070706418,0,0,0
1.0064842000000001,4294964877,3835,23,-2418,3835,23,0.043101175621636248,0.13744467859455345,0.074612825522757581,0.23015701720212972,0.18256009902851517,0.23533754365255372,2.696204213260943,0.26191558398437076,0.27844117295552728,0,0,0
1.0114699,4294964821,3832,24,-2474,3832,24,0.044337051625124024,0.13980087308474581,0.075398223686155064,0.23809620247074259,0.3172321966161783,0.19882929621729034,0.42187514106453783,0.26402495968969347,0.28439257168325172,0,0,0
1.0164789000000001,4294964763,3828,25,-2532,3828,25,0.045617066057307795,0.14294246573833558,0.076969020012949918,0.24644988378995503,0.4623576761734679,0.25263210027597988,1.874985832703949,0.2733998888532132,0.29185289766230677,0,0,0
1.0214802999999999,4294964704,3825,26,-2591,3825,26,0.046919149703839556,0.14529866022852791,0.077754418176347359,0.25296558355324517,0.46650087193915224,0.20805573621658507,-0.26337572831336331,0.27208301021164638,0.29560473874720083,0,0,0
1.0264504999999999,4294964645,3821,28,-2650,3821,28,0.048221233350371324,0.14844025288211773,0.077754418176347387,0.25644163178208618,0.54199073683122412,0.1109952575547427,-5.0094782421316246,0.24703561900098825,0.28793089619719459,0,0,0
1.0314127,4294964586,3817,29,-2709,3817,29,0.049523316996903093,0.15158184553570753,0.079325214503142283,0.25829606211623118,0.5822636807492183,0.20577368665707904,-1.3817214540820153,0.24012701173057818,0.28144790582424833,0,0,0
1.0364068,4294964528,3813,31,-2767,3813,31,0.050803331429086857,0.15472343818929729,0.079325214503142255,0.25722626835253426,0.60374881672264546,0.10977781129146133,-5.794421969893734,0.21115490188110952,0.26398621998152477,0,0,0
1.0413998,4294964472,3809,32,-2823,3809,32,0.05203920743257464,0.15786503084288711,0.080896010829937179,0.25253732559423819,0.61521088089994702,0.20512419357407768,-1.8870173995147503,0.20171981488353577,0.24941118612656515,0,0,0
1.0463814,4294964419,3806,33,-2876,3806,33,0.053208875793018424,0.16022122533307945,0.08168140899333462,0.24385849968471643,0.54804623634583916,0.18271083375845301,-2.5124788304936825,0.18915742073106737,0.23394285252534949,0,0,0
1.0513751,4294964369,3803,34,-2926,3803,34,0.054312336510418231,0.16257741982327178,0.082466807156732061,0.23305111862917266,0.51221469833385569,0.17075357321547735,-2.7619916987099185,0.17534746223751776,0.21782240136076164,0,0,0
1.0563746000000001,4294964323,3801,35,-2972,3801,35,0.055327520370426049,0.16414821615006669,0.082466807156732061,0.21904906848927341,0.4198194802269693,0.091094997821709961,-5.5963514885270733,0.1473657047948824,0.19595154584878358,0,0,0
1.0613556,4294964282,3800,35,-3013,3800,35,0.056232358158693881,0.16493361431346415,0.083252205320129516,0.20128359017517286,0.29724821240116267,0.1218776157878699,-3.4286788413961409,0.13022231058790168,0.17687697549950193,0,0,0
1.0663621000000001,4294964245,3800,35,-3050,3800,35,0.057048919089569737,0.16493361431346415,0.083252205320129516,0.18356947801118123,0.1585783814141391,0.065020256593405629,-4.8714139426035477,0.10586524087488394,0.15470109911387697,0,0,0
1.0713549,4294964212,3800,35,-3083,3800,35,0.057777203163053605,0.16493361431346415,0.083252205320129516,0.16588276907655658,0.084599677988945965,0.03468753257226969,-5.4458662979203831,0.078635909385282032,0.12942677493733692,0,0,0
1.0763752,4294964184,3801,34,-3111,3801,34,0.058395141164797493,0.16414821615006669,0.084037603483526971,0.14615156917573655,-0.028146598574772835,0.091784904828658267,-1.9696201828480868,0.0687878084710416,0.11031751736465362,0,0,0
1.0813915000000001,4294964161,3803,33,-3134,3803,33,0.058902733094801402,0.16257741982327178,0.084037603483526957,0.12532965769210797,-0.16157491372839841,0.048966153668018188,-2.5605231098071348,0.055985192922005926,0.093037985144952803,0,0,0
1.0863263999999999,4294964142,3806,32,-3153,3806,32,0.059322048167413328,0.16022122533307945,0.083252205320129516,0.10598497483095662,-0.30603685016922333,-0.047156659443591709,-5.4142158119278427,0.028914113862366711,0.0708381013677057,0,0,0
1.0913360000000001,4294964126,3809,30,-3169,3809,30,0.059675155596981264,0.15786503084288711,0.084037603483526971,0.089487486110435915,-0.38310557287636327,0.04812200306322266,-0.35879439840366301,0.027120141870348394,0.056645551434012502,0,0,0
1.0963514999999999,4294964113,3813,29,-3182,3813,29,0.059962055383505214,0.15472343818929729,0.082466807156732047,0.074508941556966676,-0.49750033792824522,-0.12088652303035771,-6.478745409913909,-0.0052735851792211526,0.03196953636594374,0,0,0
1.1013054,4294964104,3817,27,-3191,3817,27,0.060160678312637175,0.15158184553570753,0.082466807156732089,0.058281625364930284,-0.55852858276658379,-0.064491520410102351,-3.1570663165750203,-0.021058916762096255,0.0106271472212956,0,0,0
1.1063061000000001,4294964099,3821,25,-3196,3821,25,0.060271024384377155,0.14844025288211773,0.082466807156732075,0.041388104375226643,-0.59108642460803207,-0.03440545811514973,-0.98345352751530402,-0.025976184399672773,-0.0054054851445443641,0,0,0
1.1112629000000001,4294964097,3827,22,-3198,3827,22,0.060315162813073149,0.14372786390173303,0.082466807156732075,0.026198281322460524,-0.75501468408610772,-0.018354902172966137,1.2267553072978585,-0.019842407863183482,-0.013998223298602274,0,0,0
1.1162799999999999,4294964098,3832,20,-3197,3832,20,0.060293093598725152,0.13980087308474581,0.081681408993334648,0.011917360829866408,-0.76918893901893304,-0.083071641014434719,-0.67755563248346728,-0.02323018602560082,-0.021527295330146606,0,0,0
1.1212367000000001,4294964100,3838,17,-3195,3838,17,0.060248955170029157,0.13508848410436111,0.08168140899333462,0.002239549554527793,-0.85003025451770498,-0.044317731188598768,2.0503810252201315,-0.012978280899500162,-0.022048760600475087,0,0,0
1.1262471000000001,4294964102,3843,14,-3193,3843,14,0.06020481674133317,0.13116149328737386,0.082466807156732075,-0.0029234475086919124,-0.81987861431242082,0.049636537478723437,6.6434516093213958,0.020238977147106818,-0.0088864600236406247,0,0,0
1.1312352000000001,4294964104,3849,12,-3191,3849,12,0.060160678312637175,0.12644910430698916,0.080896010829937165,-0.0056778449562586136,-0.87707259262805559,-0.12007853695613913,0.22849800979139445,0.021381467196063791,-0.00087900599313931339,0,0,0
1.1361988000000001,4294964105,3853,10,-3190,3853,10,0.060138609098289178,0.12330751165339937,0.080896010829937165,-0.0050881729299464187,-0.76102586035753417,-0.064060469461743166,2.5432386083579464,0.034097660237853523,0.011883942744952629,0,0,0
1.1412069,4294964104,3858,8,-3191,3858,8,0.060160678312637175,0.11938052083641214,0.080110612666539724,-0.0006553694008177794,-0.7723958299731899,-0.10745501685956163,1.0402581967738973,0.039298951221723014,0.022809937054891996,0,0,0
1.1462037,4294964103,3862,6,-3192,3862,6,0.060182747526985172,0.11623892818282235,0.080110612666539724,0.0017094784921189645,-0.70518205406719336,-0.057325971822569856,3.2320834499862277,0.055459368471654155,0.039805609833625494,0,0,0
1.1511502,4294964099,3865,5,-3196,3865,5,0.060271024384377155,0.11388273369262999,0.079325214503142283,0.0091484274684042414,-0.59604478577206188,-0.10386224256958153,0.91331270356739491,0.060025931989491133,0.053025506671798263,0,0,0
1.1561665000000001,4294964093,3867,4,-3202,3867,4,0.060403439670465131,0.11231193736583511,0.079325214503142283,0.017235238682928315,-0.46454183355037559,-0.055409269524887179,2.4675525735500643,0.072363694857241451,0.068675361136443541,0,0,0
1.1611537000000001,4294964084,3869,3,-3211,3869,3,0.060602062599597099,0.1107411410390402,0.079325214503142269,0.027726786948941172,-0.39438657459678622,-0.029560185427585799,3.2432485335500836,0.088579937524991867,0.086136156784289986,0,0,0
1.1661280000000001,4294964071,3870,3,-3224,3870,3,0.060888962386121043,0.10995574287564276,0.078539816339744828,0.041560344056848296,-0.28368006012561486,-0.089049526188078154,0.016334314039649023,0.088661609095190108,0.096378158947854675,0,0,0
1.1711015,4294964055,3870,4,-3240,3870,4,0.061242069815688985,0.10995574287564276,0.076969020012949932,0.055117712819508363,-0.15133993375702368,-0.19406590032267901,-5.4394558720461035,0.061464329734959591,0.090755908852906214,0,0,0
1.1761157,4294964037,3869,4,-3258,3869,4,0.061639315673952907,0.1107411410390402,0.077754418176347373,0.066468628126358273,-0.0074585330738722311,-0.030252327417005995,0.56771230095010172,0.0643028912397101,0.088638936209133309,0,0,0
1.1810731999999999,4294964019,3867,5,-3276,3867,5,0.062036561532216837,0.11231193736583511,0.077754418176347401,0.072524206265547064,0.14258000001211535,-0.016139256404758988,0.27607599769482349,0.065683271228184223,0.085950348081916705,0,0,0
1.1860501000000001,4294964001,3866,7,-3294,3866,7,0.062433807390480767,0.11309733552923255,0.075398223686155036,0.075754785087475907,0.14934425132624926,-0.22844865896705771,-9.1930301152505347,0.019718120651931549,0.061965217392647043,0,0,0
1.1910867999999999,4294963984,3865,8,-3311,3865,8,0.062808984034396706,0.11388273369262999,0.074612825522757581,0.07541915015358594,0.15295289884748703,-0.1951541582766757,-8.1552899427407048,-0.021058329061771977,0.028636951344133976,0,0,0
1.1960397,4294963972,3864,8,-3323,3864,8,0.063073814606572659,0.11466813185602745,0.075398223686155036,0.064944541599797692,0.15487806932501413,-0.030832900075497105,-1.1221635292506136,-0.026669146708025046,0.0047767378643781659,0,0,0
1.2010281,4294963965,3864,9,-3330,3864,9,0.063228299107008626,0.11466813185602745,0.073827427359360126,0.049060911363906855,0.082625605556077356,-0.16300802358811498,-6.2849331902911079,-0.058093812659480583,-0.02695242405073809,0,0,0
1.2060679000000001,4294963964,3866,9,-3331,3866,9,0.063250368321356623,0.11309733552923255,0.072256631032565244,0.028232522213441247,-0.10247926200067582,-0.2335218779205897,-8.2237548242474929,-0.099212586780718051,-0.065014872773900029,0,0,0
1.2109968,4294963968,3868,8,-3327,3868,8,0.063162091463964634,0.11152653920243766,0.072256631032565244,0.0068252733314528944,-0.20123050444519958,-0.12458114087986506,-2.7183064518919684,-0.1128041190401779,-0.095907979722185219,0,0,0
1.2159822,4294963977,3870,7,-3318,3870,7,0.062963468534832673,0.10995574287564276,0.072256631032565244,-0.014890790323713741,-0.25391311626980329,-0.066462555033951029,0.57372148060796935,-0.10993551163713805,-0.11714481368633262,0,0,0
1.2209926,4294963993,3874,6,-3302,3874,6,0.062610361105264731,0.10681415022205297,0.070685834705770348,-0.040889823508166806,-0.42857770086983871,-0.18201602019813393,-2.8861197281412556,-0.12436611027784433,-0.13760109289627112,0,0,0
1.2259692,4294964013,3879,4,-3282,3879,4,0.062168976818304814,0.10288715940506574,0.069900436542372907,-0.062996439142836674,-0.59503869598134851,-0.17038289845551852,-0.97594282890473227,-0.12924582442236798,-0.15238758465351826,0,0,0
1.2309311000000001,4294964039,3885,2,-3256,3885,2,0.06159517724525692,0.098174770424681035,0.068329640215577997,-0.087144716894585361,-0.75712317379653227,-0.23745628583563916,-2.3277192510789568,-0.14088442067776277,-0.16464556200563246,0,0,0
1.2359646,4294964068,3891,0,-3227,3891,0,0.060955170029165034,0.093462381444296347,0.066758843888783101,-0.10620486628366582,-0.8435933124616517,-0.27323913923207255,-2.7772414034322601,-0.15477062769492408,-0.17682700795972672,0,0,0
1.2409353999999999,4294964100,3898,4294967293,-3195,3898,-3,0.060248955170029157,0.087964594300514204,0.06597344572538566,-0.12255055978531988,-0.96300362096650693,-0.21904934609231091,0.79106057932664697,-0.15081532479829085,-0.18080431516153719,0,0,0
1.2459055000000001,4294964134,3905,4294967291,-3161,3905,-5,0.059498601882197293,0.082466807156732075,0.063617251235193323,-0.13538901313451845,-1.0267075985073606,-0.33669877537759174,-3.3123771308486081,-0.1673772104525339,-0.19011134625230938,0,0,0
1.250926,4294964170,3912,4294967288,-3125,3912,-8,0.05870411016566944,0.076969020012949932,0.062831853071795868,-0.14635639562978545,-1.0606929118805424,-0.2529043062409212,1.0504263420683095,-0.16212507874219234,-0.19144937813564969,0,0,0
1.255897,4294964207,3919,4294967285,-3088,3919,-11,0.057887549234793584,0.071471232869167789,0.062046454908398413,-0.15426647384417283,-1.0788236718371342,-0.20820095485720649,3.6935937074238829,-0.14365711020507294,-0.1838368015378215,0,0,0
1.2608769,4294964245,3926,4294967282,-3050,3926,-14,0.057048919089569737,0.06597344572538566,0.061261056745000972,-0.16054551663386779,-1.0884962163564058,-0.18435224926213242,5.4195693789984904,-0.11655926331008049,-0.16595267299715519,0,0,0
1.2658589,4294964281,3932,4294967280,-3014,3932,-16,0.056254427373041878,0.061261056745000965,0.059690260418206069,-0.15977709066018064,-1.0203768843759702,-0.24490876813124093,2.9682545957694693,-0.10171799033123313,-0.14774360344741055,0,0,0
1.2708648,4294964314,3938,4294967277,-2981,3938,-19,0.05552614329955801,0.056548667764616277,0.059690260418206069,-0.15318981376617116,-0.98403603199132572,-0.13065591120180936,8.0022517173689813,-0.061706731744388225,-0.11702685459681877,0,0,0
1.2758659999999999,4294964343,3943,4294967276,-2952,3943,-20,0.054886136083466125,0.052621676947629037,0.057334065928013725,-0.14143913893961513,-0.89136910073200126,-0.28954193053287303,0.88371175715660577,-0.057288172958605194,-0.09562587466928521,0,0,0
1.2808404,4294964366,3946,4294967274,-2929,3946,-22,0.054378544153462216,0.050265482457436693,0.05811946409141118,-0.12281563228103953,-0.69537335788315979,-0.081187652518797615,8.804163706870364,-0.013267354424253371,-0.061476323510313235,0,0,0
1.2858210000000001,4294964384,3949,4294967274,-2911,3949,-22,0.053981298295198286,0.047909287967244349,0.055763269601218829,-0.10258466195073043,-0.59081196316874851,-0.26315120363847283,0.27889276082610337,-0.011872890620122853,-0.04037471642576132,0,0,0
1.2908009,4294964396,3949,4294967274,-2899,3949,-22,0.053716467723022333,0.047909287967244349,0.055763269601218829,-0.079437018631969156,-0.31519114642468288,-0.14038803329741506,3.810516943602094,0.0071796940978876185,-0.017725314536835145,0,0,0
1.2957635999999999,4294964403,3949,4294967275,-2892,3949,-21,0.053561983222586367,0.047909287967244349,0.054192473274423933,-0.056792475270981663,-0.16815072303492049,-0.2214543824799062,-0.92943684374304425,0.0025325098791723968,-0.0066200795106400381,0,0,0
1.3017829999999999,4294964407,3948,4294967276,-2888,3948,-20,0.053473706365194378,0.04869468613064179,0.053407075111026478,-0.038534550271537744,-0.016426888955472188,-0.19142279506498189,-0.95892491870210517,-0.0022621147143381294,-0.00097598083692794057,0,0,0
1.3067645000000001,4294964408,3945,4294967278,-2887,3945,-18,0.05345163715084638,0.051050880620834134,0.05262167694762903,-0.022616833928137587,0.21107500824463063,-0.17540130082255764,-1.9686192581417901,-0.01210521100504708,-0.0027747889218331431,0,0,0
1.3107538000000001,4294964408,3944,4294967279,-2887,3944,-17,0.05345163715084638,0.051836278784231589,0.051836278784231589,-0.012065811558846621,0.18588552251748452,-0.166854024442739,-2.1024666637305289,-0.022617544323699723,-0.0094151607921733309,0,0,0
1.3167329999999999,4294964409,3941,4294967281,-2886,3941,-15,0.05342956793649839,0.054192473274423933,0.051050880620834141,-0.0084960770387141685,0.31900627044537616,-0.16229415428284211,-2.9655540332416832,-0.037445314489908135,-0.020543005747537056,0,0,0
1.3217365999999999,4294964410,3939,4294967283,-2885,3939,-13,0.053407498722150393,0.055763269601218829,0.049480084294039245,-0.0065916661838673375,0.31674508485002995,-0.23314103714763243,-6.5062454733728234,-0.069976541856772254,-0.043855337059129355,0,0,0
1.3267040000000001,4294964414,3937,4294967285,-2881,3937,-11,0.053319221864758404,0.057334065928013725,0.047909287967244349,-0.011753016460424211,0.31553876926316604,-0.27093700544692439,-8.529517132327662,-0.11262412751841056,-0.077838059414100325,0,0,0
1.3317066,4294964422,3935,4294967286,-2873,3935,-10,0.05314266814997444,0.058904862254808621,0.047909287967244349,-0.022742976417798821,0.31489521426347655,-0.14454166584181954,-3.3191610110414174,-0.12921993257361764,-0.10759588969378125,0,0,0
1.3366701999999999,4294964436,3935,4294967287,-2859,3935,-9,0.052833699149102492,0.058904862254808621,0.046338491640449446,-0.040960650752950842,0.16799284675114606,-0.22367029597711507,-6.0069182883886079,-0.15925452401556067,-0.14166228055390828,0,0,0
1.3416612999999999,4294964457,3936,4294967287,-2838,3936,-9,0.052370245647794578,0.058119464091411173,0.045553093477051998,-0.065093334897174504,0.016342663838212174,-0.19260495852663018,-3.7332426166925634,-0.17792073709902348,-0.17114171435747055,0,0,0
1.3456374,4294964479,3938,4294967286,-2816,3938,-10,0.051884722932138666,0.056548667764616277,0.045553093477051998,-0.080026944756901697,-0.13784042204964259,-0.10275245165905306,1.0275503818476652,-0.17278298518978516,-0.19257300015593529,0,0,0
1.3516429999999999,4294964519,3942,4294967285,-2776,3942,-11,0.051001954358218825,0.053407075111026485,0.043982297150257102,-0.12505783250303859,-0.36665430080252381,-0.20137624787455308,-1.0873196483025591,-0.17821958343129796,-0.19979970079573298,0,0,0
1.3566332000000001,4294964558,3947,4294967283,-2737,3947,-13,0.050141254998646981,0.049480084294039245,0.043196898986859661,-0.14702216458414213,-0.5620032994855666,-0.18071134936170052,1.2915916917119201,-0.17176162497273836,-0.20136334280351462,0,0,0
1.3616107,4294964598,3951,4294967282,-2697,3951,-14,0.04925848642472714,0.046338491640449446,0.041626102660064758,-0.1607989844409019,-0.5929401445975252,-0.24296639139350573,-0.75898563988742396,-0.17555655317217547,-0.20355114586264039,0,0,0
1.3662498000000001,4294964636,3956,4294967280,-2659,3956,-16,0.048419856279503286,0.042411500823462206,0.04084070449666731,-0.16403053324214983,-0.68272410233270153,-0.20289919563583225,1.6034410410313775,-0.16753934796701858,-0.20247375011720209,0,0,0
1.3712333999999999,4294964678,3960,4294967279,-2617,3960,-17,0.047492949276887457,0.039269908169872414,0.039269908169872414,-0.17399096709427708,-0.65734325526342796,-0.25480334314771447,-0.30379220614435809,-0.16905830899774038,-0.19962246732328418,0,0,0
1.3762095000000001,4294964718,3964,4294967277,-2577,3964,-19,0.046610180702967616,0.036128315516282622,0.039269908169872414,-0.17518651941104679,-0.64380287561016603,-0.13593454913950553,4.9723703406234163,-0.1441964572946233,-0.18656481782827025,0,0,0
1.3812046,4294964757,3968,4294967276,-2538,3968,-20,0.045749481343395772,0.03298672286269283,0.037699111843077518,-0.17376522207159903,-0.63657924431629853,-0.21907850171779858,1.5725500979471398,-0.1363337068048876,-0.17529884713920635,0,0,0
1.3861760999999999,4294964794,3972,4294967275,-2501,3972,-21,0.044932920412519915,0.029845130209103034,0.036128315516282622,-0.16888875634166331,-0.63272552304658758,-0.26343481026456134,-0.3208830919828749,-0.13793812226480198,-0.16810873455262679,0,0,0
1.3911677,4294964829,3974,4294967274,-2466,3974,-22,0.044160497910340053,0.028274333882308138,0.036128315516282622,-0.1621689994226872,-0.48411057005877789,-0.14053933405498781,4.262568135382808,-0.11662528158788794,-0.15318517566080217,0,0,0
1.3961482000000001,4294964862,3977,4294967274,-2433,3977,-22,0.043432213836856186,0.025918139392115794,0.033772121026090278,-0.15446586860594486,-0.47810578177373431,-0.29481461892426136,-2.4956557572905034,-0.12910356037434045,-0.14997000616684406,0,0,0
1.4011293,4294964893,3979,4294967273,-2402,3979,-23,0.042748068192068306,0.024347343065320895,0.033772121026090271,-0.14623811952565507,-0.40162277944212343,-0.1572800882756559,2.884013569054801,-0.11468349252906646,-0.14033563950006797,0,0,0
1.4061317,4294964922,3980,4294967273,-2373,3980,-23,0.042108060975976427,0.023561944901923447,0.03298672286269283,-0.13773049284939254,-0.28754048923529862,-0.15718657335283626,2.2233800329536129,-0.1035665923642984,-0.13064171714116157,0,0,0
1.4111370999999999,4294964949,3981,4294967274,-2346,3981,-22,0.04151219218858053,0.022776546738526002,0.030630528372500486,-0.12907355480871724,-0.2266789460055581,-0.30369572283920732,-4.6404070389169592,-0.12676862755888318,-0.13575400196605317,0,0,0
1.4160991999999999,4294964975,3982,4294967274,-2320,3982,-22,0.040938392615532636,0.021991148575128551,0.029845130209103034,-0.12239607119598202,-0.19421003748706578,-0.23529757074203883,-2.2045504164430065,-0.13779137964109822,-0.14309677767132561,0,0,0
1.4210803000000001,4294965002,3982,4294967274,-2293,3982,-22,0.040342523828136745,0.021991148575128551,0.029845130209103034,-0.12089282347285253,-0.10360874216970634,-0.12552845185354414,1.9448276084725737,-0.12806724159873537,-0.14355411030785198,0,0,0
1.4260809000000001,4294965029,3983,4294967274,-2266,3983,-22,0.039746655040740847,0.021205750411731103,0.029059732045705586,-0.12009085871460379,-0.12855354937248392,-0.1402474534489857,1.327404894103859,-0.12143021712821607,-0.14286542633131857,0,0,0
1.4310562,4294965057,3984,4294967274,-2238,3984,-22,0.039128717038996959,0.020420352248333658,0.028274333882308142,-0.12172213032932344,-0.14186130694972904,-0.14809986551290444,1.011272321998435,-0.11637385551822389,-0.14021761815187356,0,0,0
1.4360398999999999,4294965086,3985,4294967275,-2209,3985,-21,0.038488709822905073,0.019634954084936207,0.025918139392115794,-0.12465150457183211,-0.14896083713631733,-0.29884807241937988,-5.5165891344741897,-0.14395680119059484,-0.14986769109631473,0,0,0
1.441063,4294965115,3985,4294967275,-2180,3985,-21,0.037848702606813188,0.019634954084936207,0.025918139392115794,-0.12621429084455948,-0.079468832651186663,-0.15943188768127076,-0.013472644695607272,-0.14402416441407287,-0.15440718081121846,0,0,0
1.4459586,4294965144,3986,4294967275,-2151,3986,-21,0.037208695390721302,0.018849555921538759,0.025132741228718346,-0.1270480187099802,-0.11567519512433691,-0.1583345327101493,0.091735371618531403,-0.14356548755598023,-0.15863426454940605,0,0,0
1.4509308000000001,4294965175,3987,4294967275,-2120,3987,-21,0.03652454974593343,0.018064157758141311,0.024347343065320898,-0.13161102312283385,-0.1349908583254904,-0.15774910690135641,0.21232911793205922,-0.14250384196631993,-0.16056288863669479,0,0,0
1.4569204,4294965213,3989,4294967275,-2082,3989,-21,0.035685919600709583,0.016493361431346415,0.022776546738526002,-0.1484591034757321,-0.21857505390684945,-0.23071630849616501,-2.2413575328711515,-0.15371062963067569,-0.16096536801459194,0,0,0
1.4619091,4294965245,3990,4294967275,-2050,3990,-21,0.034979704741573706,0.015707963267948967,0.021991148575128554,-0.14509269212542603,-0.18988670756091711,-0.19636392229522215,-1.0967152660764423,-0.15919420596105791,-0.16636577453273643,0,0,0
1.4669044,4294965277,3991,4294967275,-2018,3991,-21,0.034273489882437835,0.014922565104551517,0.021205750411731103,-0.14329675176032317,-0.17458181643226539,-0.17803733335645713,-0.52252275005296767,-0.16180681971132274,-0.17215703262027249,0,0,0
1.4714385000000001,4294965308,3992,4294967275,-1987,3992,-21,0.033589344237649955,0.014137166941154069,0.020420352248333655,-0.14027952870051086,-0.16641683927968365,-0.16826031640730371,-0.30344243074846933,-0.16332403186506508,-0.17919524681314197,0,0,0
1.4764339,4294965343,3993,4294967275,-1952,3993,-21,0.032816921735470093,0.013351768777756621,0.019634954084936207,-0.14690631718081792,-0.16206092120475035,-0.16304439429853451,-0.02010368942457319,-0.16342455031218794,-0.18248044115263873,0,0,0
1.4814273,4294965379,3995,4294967275,-1916,3995,-21,0.032022430018942241,0.011780972450961723,0.018064157758141311,-0.15250074017996157,-0.23301661007802216,-0.23354128126146434,-2.6908173497522281,-0.17687863706094908,-0.1904772127854365,0,0,0
1.4864317,4294965416,3997,4294967275,-1879,3997,-21,0.031205869088066385,0.010210176124166829,0.016493361431346415,-0.15754440848925233,-0.27087062508707782,-0.27115053091518304,-4.1437315750477168,-0.19759729493618766,-0.20411299024797966,0,0,0
1.4914365000000001,4294965456,3999,4294967275,-1839,3999,-21,0.030323100514146543,0.0086393797973719298,0.014922565104551515,-0.16641247625583416,-0.2910652912943934,-0.29121461772031454,-4.8451825175694792,-0.22182320752403506,-0.2218382997582217,0,0,0
1.4964176,4294965498,4001,4294967274,-1797,4001,-22,0.029396193511530711,0.0070685834705770346,0.014922565104551519,-0.17526170532573565,-0.30183890521955581,-0.15535953050543566,1.1767975537249225,-0.21593921975541044,-0.23016924962329918,0,0,0
1.5014730000000001,4294965544,4005,4294967273,-1751,4005,-23,0.028381009651522893,0.0039269908169872417,0.013351768777756621,-0.18821910470074801,-0.45414553853067741,-0.22944149794618907,-0.97194705384155178,-0.22079895502461822,-0.23750822967169929,0,0,0
1.5064542999999999,4294965591,4008,4294967272,-1704,4008,-24,0.027343756577167082,0.0015707963267948967,0.012566370614359171,-0.19719083322154884,-0.46211979430432326,-0.19568382604841286,0.79273780991071163,-0.21683526597506467,-0.24048385135248479,0,0,0
1.511385,4294965639,4012,4294967271,-1656,4012,-25,0.02628443428846327,-0.0015707963267948967,0.010995574287564277,-0.20403625380661955,-0.53965348408689484,-0.25095402940000516,-0.98496926126343709,-0.22176011228138184,-0.24492358977049497,0,0,0
1.5163894,4294965687,4016,4294967270,-1608,4016,-26,0.025225111999759461,-0.0047123889803846897,0.0094247779607693795,-0.20768820416726436,-0.58101678424424863,-0.28044002468026352,-1.9095330800424239,-0.23130777768159397,-0.25236210332648612,0,0,0
1.5213681999999999,4294965736,4020,4294967269,-1559,4020,-27,0.024143720496707655,-0.0078539816339744835,0.0078539816339744835,-0.21169558645664499,-0.60308361228642382,-0.2961704520162497,-2.3281710855571394,-0.24294863310937967,-0.26217445108763737,0,0,0
1.5263901,4294965786,4024,4294967267,-1509,4024,-29,0.023040259779307855,-0.010995574287564275,0.0078539816339744835,-0.21589258744719941,-0.6148560022550793,-0.15800340908373825,3.8959872737344998,-0.22346869674070718,-0.2599581518722236,0,0,0
1.5313279,4294965837,4028,4294967266,-1458,4028,-30,0.021914729847560058,-0.014137166941154069,0.0062831853071795892,-0.22019074775667852,-0.62113643210703762,-0.23085197568200405,1.1056165098098578,-0.21794061419165789,-0.25758189209513288,0,0,0
1.5362676,4294965888,4032,4294967264,-1407,4032,-32,0.020789199915812261,-0.01727875959474386,0.0062831853071795875,-0.22248376509538609,-0.62448696663999004,-0.12315677983120231,6.0141270203489503,-0.18786997908991313,-0.24241071243437379,0,0,0
1.5412574999999999,4294965938,4037,4294967262,-1357,4037,-34,0.019685739198412457,-0.021205750411731103,0.0054977871437821395,-0.22164795227553152,-0.69955395620412708,-0.1389821946690924,5.9563605466119816,-0.15808817635685321,-0.22003929475195366,0,0,0
1.5462213,4294965986,4040,4294967261,-1309,4040,-35,0.018626416909708648,-0.023561944901923447,0.0047123889803846915,-0.21708383556431632,-0.59304226258662007,-0.14742486502168323,5.2926791946002112,-0.13162478038385217,-0.19302347958610691,0,0,0
1.5512128999999999,4294966028,4043,4294967260,-1267,4043,-36,0.017699509907092816,-0.025918139392115794,0.00392699081698724,-0.2022942720762092,-0.53621954247973613,-0.15192892911179867,4.7010291429584941,-0.1081196346690597,-0.16602752268537316,0,0,0
1.5562023,4294966065,4045,4294967260,-1230,4045,-36,0.016882948976216963,-0.02748893571891069,0.002356194490192344,-0.18410866476926507,-0.43262577870729324,-0.227611312957403,0.66146768150030155,-0.10481229626155819,-0.14729559159019198,0,0,0
1.5611911000000001,4294966097,4045,4294967260,-1198,4045,-36,0.01617673411708109,-0.02748893571891069,0.002356194490192344,-0.1641113085281479,-0.23080070083935594,-0.12142792486038463,3.8474711030067787,-0.085574940746524303,-0.12622757241984858,0,0,0
1.5661821,4294966125,4045,4294967261,-1170,4045,-35,0.015558796115337201,-0.02748893571891069,0.000785398163397448,-0.14520651606932281,-0.12312942531327681,-0.21133939042295452,-1.0218093841277351,-0.090683987667162985,-0.11582898083956893,0,0,0
1.5711674,4294966149,4044,4294967262,-1146,4044,-34,0.015029134970985297,-0.026703537555513242,0,-0.12688459337710817,0.0075914372244923756,-0.18602656726111638,-1.1665882585229248,-0.096516928959777606,-0.11197758696415894,0,0,0
1.5761613999999999,4294966171,4042,4294967263,-1124,4042,-33,0.014543612255329384,-0.025132741228718346,0,-0.11299184528947862,0.15060897993756636,-0.099242958260363709,1.3531101490944764,-0.089751378214305219,-0.1069855563754504,0,0,0
1.5811518,4294966191,4041,4294967264,-1104,4041,-32,0.014102227968369463,-0.024347343065320895,-0.000785398163397448,-0.10146200910675818,0.15362761650008788,-0.12622445564857249,-0.33652556939131095,-0.091434006061261772,-0.10665623907850823,0,0,0
1.5861341,4294966212,4039,4294967266,-1083,4039,-30,0.013638774467061547,-0.022776546738526002,-0.002356194490192344,-0.097370089073766125,0.22851754244954164,-0.21389828247700454,-4.8621697864808029,-0.11574485499366578,-0.11672992429065242,0,0,0
1.5911477999999999,4294966233,4038,4294967267,-1062,4038,-29,0.013175320965753629,-0.021991148575128551,-0.003141592653589792,-0.095187098466467904,0.19519090679425347,-0.18739170569833974,-4.0231391991281615,-0.13586055098930661,-0.13172552006034788,0,0,0
1.5961624000000001,4294966256,4037,4294967268,-1039,4037,-28,0.012667729035749722,-0.021205750411731103,-0.0039269908169872435,-0.098140719499951609,0.17741154355602473,-0.17325076265133044,-3.6129311617926896,-0.15392520679827004,-0.14950731789048022,0,0,0
1.6011536,4294966282,4036,4294967269,-1013,4036,-27,0.012093929462701825,-0.020420352248333658,-0.0047123889803846915,-0.10589377193507349,0.16792646500124644,-0.16570673793895307,-3.3802834187394604,-0.17082662389196734,-0.16868589355738511,0,0,0
1.6061528,4294966311,4037,4294967269,-984,4037,-27,0.011453922246609939,-0.021205750411731103,-0.005497787143782136,-0.11620726386697786,0.016307249965175241,-0.16168209059600247,-2.5427158737639166,-0.18354020326078693,-0.18729780293235831,0,0,0
1.6111355999999999,4294966345,4038,4294967269,-950,4038,-27,0.010703568958778074,-0.021991148575128551,-0.006283185307179584,-0.13200494030381615,-0.064579795637150189,-0.15953498916769718,-1.8790648961623653,-0.19293552774159875,-0.20259663818847484,0,0,0
1.6160939999999999,4294966382,4040,4294967268,-913,4040,-28,0.0098870080279022214,-0.023561944901923447,-0.0062831853071795875,-0.14661014333794187,-0.1810115904815508,-0.085110016833314928,2.1271451759215068,-0.18229980186199121,-0.20768947878549618,0,0,0
1.6211044999999999,4294966423,4043,4294967267,-872,4043,-29,0.0089821702396343846,-0.025918139392115794,-0.0070685834705770355,-0.16263828627549815,-0.31640608574741841,-0.11868469970515384,1.7387789489853951,-0.17360590711706425,-0.20620076962987205,0,0,0
1.6261211,4294966464,4046,4294967266,-831,4046,-30,0.0080773324513665461,-0.028274333882308138,-0.00785398163397448,-0.17118910965499057,-0.38863743657104921,-0.13659639317944006,1.5972146922762089,-0.1656198336556832,-0.20172042367870183,0,0,0
1.631081,4294966506,4049,4294967265,-789,4049,-31,0.0071504254487507139,-0.030630528372500482,-0.0086393797973719315,-0.17780998235969359,-0.42717200203887984,-0.1461520683392466,1.6381003956575508,-0.15742933167739545,-0.193551600551543,0,0,0
1.6360512,4294966546,4051,4294967264,-749,4051,-32,0.0062676568748308726,-0.032201324699295375,-0.008639379797371928,-0.1772239185748416,-0.37445021451932059,-0.077970387947320821,4.4610186488846102,-0.13512423843297239,-0.17827526161051555,0,0,0
1.6410498,4294966584,4054,4294967263,-711,4054,-33,0.0054290267296070232,-0.034557519189487719,-0.0094247779607693725,-0.17279303999956203,-0.41960328802861746,-0.11487579271966564,3.1373171114424565,-0.11943765287576011,-0.16184327983034114,0,0,0
1.6460328,4294966620,4056,4294967262,-675,4056,-34,0.0046345350130791666,-0.036128315516282622,-0.0094247779607693795,-0.16631099852113829,-0.3704123957299722,-0.061284867370592327,5.2313895599822331,-0.093280705075848944,-0.13858361746224526,0,0,0
1.6510187999999999,4294966651,4057,4294967262,-644,4057,-34,0.0039503893682912893,-0.03691371367968007,-0.010210176124166827,-0.15255735527283748,-0.2708901212064822,-0.10597426619832573,2.6666455261618687,-0.079947477445039605,-0.11905462525988829,0,0,0
1.6560284000000001,4294966678,4057,4294967262,-617,4057,-34,0.0033545205808953966,-0.03691371367968007,-0.010210176124166827,-0.1369835093398708,-0.1445166536578838,-0.056536008978925224,3.8954108651248611,-0.060470423119415299,-0.097693514469686923,0,0,0
1.6609886,4294966701,4057,4294967262,-594,4057,-34,0.0028469286508914877,-0.03691371367968007,-0.010210176124166827,-0.12043860695126292,-0.077097913690818531,-0.030161287508076295,4.3535759942981951,-0.038702543147924325,-0.074684641277866545,0,0,0
1.6659614,4294966720,4055,4294967263,-575,4055,-33,0.002427613578279563,-0.035342917352885174,-0.010210176124166827,-0.10337565750779326,0.10542821978201258,-0.016090687697533562,3.7007752935706533,-0.020198666680071059,-0.051967486889992504,0,0,0
1.6709666000000001,4294966734,4053,4294967264,-561,4053,-32,0.0021186445774076189,-0.033772121026090278,-0.010210176124166831,-0.083977225867209349,0.20280373830267318,-0.0085841902641006045,3.0024919882499832,-0.0051862067388211419,-0.031483386631207803,0,0,0
1.6759529,4294966743,4050,4294967266,-552,4050,-30,0.0019200216482756546,-0.031415926535897934,-0.010995574287564275,-0.06333284228750978,0.3280319370892838,-0.07785908256957455,-1.2569653532260496,-0.01147103350495139,-0.022327956122166405,0,0,0
1.6809411999999999,4294966749,4047,4294967267,-546,4047,-29,0.0017876063621876785,-0.029059732045705586,-0.010210176124166827,-0.046141978711661376,0.39483968981073025,0.031742625957870078,2.4492910547112143,0.00077542176860468173,-0.01055025148690719,0,0,0
1.6859217,4294966753,4043,4294967269,-542,4043,-27,0.0016993295047956943,-0.025918139392115794,-0.010210176124166827,-0.032852637192933153,0.50376034957219784,0.016934312928483013,0.73354441793521685,0.004443143858280766,-0.0022122821003088136,0,0,0
1.6909244999999999,4294966754,4039,4294967271,-541,4039,-25,0.0016772602904476983,-0.022776546738526002,-0.010210176124166829,-0.019585600966087129,0.56186822442872675,0.0090342542781556325,-0.5336069354013091,0.0017751091812742204,0.0006867968767852884,0,0,0
1.6958792,4294966755,4034,4294967273,-540,4034,-23,0.0016551910760997021,-0.018849555921538759,-0.0094247779607693795,-0.012507795134990552,0.66614760295531439,0.078099186361302045,1.427109147861231,0.0089106549205803763,0.0064801715752671627,0,0,0
1.7008964,4294966754,4030,4294967276,-541,4030,-20,0.0016772602904476983,-0.015707963267948967,-0.010995574287564277,-0.0046136494876040379,0.64849989025361288,-0.10489405273637484,-6.9947649497174984,-0.026063169828007115,-0.007027433587916989,0,0,0
1.7059,4294966754,4026,4294967278,-541,4026,-18,0.0016772602904476983,-0.012566370614359173,-0.010995574287564277,-0.0024613270581053249,0.6390850456922581,-0.055959727961138128,-5.4515694131748225,-0.053321016893881232,-0.026053380352743592,0,0,0
1.7108642999999999,4294966756,4021,4294967279,-539,4021,-17,0.0016331218617517062,-0.0086393797973719298,-0.0086393797973719298,-0.0054313091992207914,0.70734185753131862,0.18998470942808635,4.4824649511343662,-0.0309086921382094,-0.028363458504848803,0,0,0
1.7158347,4294966759,4018,4294967281,-536,4018,-15,0.0015669142187077181,-0.0062831853071795866,-0.0094247779607693795,-0.0090748695649797879,0.59719701519926927,0.028075060677270558,-2.1832500950327232,-0.041824942613373016,-0.038515062447607801,0,0,0
1.7208356,4294966764,4015,4294967282,-531,4015,-14,0.001456568146967738,-0.0039269908169872417,-0.0086393797973719315,-0.015136886154725058,0.53843605352001389,0.088257229820000963,0.49193458025961334,-0.039365269712074949,-0.043522821899704474,0,0,0
1.7258206,4294966770,4012,4294967284,-525,4012,-12,0.0013241528608797617,-0.0015707963267948967,-0.0094247779607693795,-0.020430010076071523,0.50708778024307044,-0.026195338230355886,-4.4585742158604358,-0.061658140791377131,-0.057714371681269014,0,0,0
1.73081,4294966778,4009,4294967284,-517,4009,-12,0.0011475991460957935,0.00078539816339744833,-0.0070685834705770355,-0.027372049178220583,0.49036384977355163,0.20586365688805267,5.5049709172778192,-0.034133286204988039,-0.053335864814559361,0,0,0
1.7357997000000001,4294966788,4007,4294967285,-507,4007,-11,0.00092690700261583326,0.0023561944901923449,-0.0070685834705770346,-0.03519376489254717,0.40816231273981063,0.10982580933824115,1.8440636159852657,-0.024912968125061712,-0.047492483604372762,0,0,0
1.740785,4294966798,4005,4294967286,-497,4005,-10,0.00070621485913587294,0.0039269908169872417,-0.0070685834705770337,-0.039366557078040557,0.36430877166292558,0.058590761376393824,-0.20701171240517846,-0.025948026687087605,-0.043304688346591312,0,0,0
1.7457554,4294966808,4003,4294967287,-487,4003,-9,0.00048552271565591263,0.0054977871437821377,-0.0070685834705770355,-0.0415926920155993,0.34091342974623279,0.031257473442266523,-1.3992608545946632,-0.03294433096006092,-0.041828261341970568,0,0,0
1.7507657999999999,4294966816,4001,4294967287,-479,4001,-9,0.00030896900087194442,0.0070685834705770346,-0.0054977871437821386,-0.038662087968507425,0.3284322934466728,0.16323452842307973,4.1377727274789349,-0.012255467322666247,-0.031501987041338955,0,0,0
1.7567343,4294966825,3998,4294967289,-470,3998,-7,0.00011034607173998014,0.0094247779607693795,-0.0062831853071795875,-0.039157755872401168,0.39505327515958966,0.01380415767656816,-2.677713453528376,-0.025644034590308125,-0.03017400418064849,0,0,0
1.7617252999999999,4294966832,3995,4294967290,-463,3995,-6,-4.4138428695992059e-05,0.011780972450961723,-0.005497787143782136,-0.035303968270823272,0.43059477552022885,0.080643873020010276,-0.28428394384973554,-0.027065454309556803,-0.028899142728855333,0,0,0
1.7667162999999999,4294966838,3992,4294967291,-457,3992,-5,-0.00017655371478396824,0.014137166941154069,-0.0047123889803846897,-0.031188908217066276,0.44955574270214022,0.11630206516765546,0.88643079740604813,-0.022633300322526563,-0.026532051689340426,0,0,0
1.7717016999999999,4294966844,3989,4294967292,-451,3989,-4,-0.00030896900087194442,0.016493361431346415,-0.0039269908169872435,-0.028993572684262205,0.45967119288925917,0.13532528602826244,1.4554121284104813,-0.015356239680474157,-0.021935261258652951,0,0,0
1.7766823,4294966848,3986,4294967294,-447,3986,-2,-0.00039724585826392852,0.018849555921538759,-0.004712388980384688,-0.02370416679612079,0.46506766510011222,-0.0010850907724414133,-4.7708695230402212,-0.039210587295675267,-0.031367870424134317,0,0,0
1.7816776999999999,4294966853,3983,4294967295,-442,3983,-1,-0.00050759193000390868,0.021205750411731103,-0.0039269908169872435,-0.022941442008570834,0.46794661875850641,0.072700636287166345,-1.911822722342428,-0.048769700907387407,-0.040199431238681964,0,0,0
1.7866472,4294966859,3981,0,-436,3981,0,-0.00064000721609188489,0.022776546738526002,-0.00392699081698724,-0.024593647680353589,0.39620298695804618,0.038784923673949291,-3.2284021089690347,-0.064911711452232582,-0.05369347333424053,0,0,0
1.7916369000000001,4294966867,3978,1,-428,3978,1,-0.0008165609308758531,0.025132741228718346,-0.003141592653589792,-0.02959330025572416,0.43120813307289241,0.093970814185946341,-1.0912569568382637,-0.070367996236423896,-0.064784835046617195,0,0,0
1.7966156,4294966877,3976,2,-418,3976,2,-0.0010372530743558133,0.026703537555513242,-0.003141592653589792,-0.036378775889718613,0.37660344236004983,0.050132310278337283,-2.7415371559579875,-0.084075682016213835,-0.07890899752701408,0,0,0
1.8016278999999999,4294966889,3974,3,-406,3974,3,-0.0013020836465317657,0.028274333882308138,-0.0031415926535897955,-0.044116966858284819,0.3474724901470353,0.026744990512376731,-3.6183987734808438,-0.10216767588361805,-0.096446373485644887,0,0,0
1.8066122,4294966905,3973,3,-390,3973,3,-0.0016551910760997021,0.029059732045705586,-0.0023561944901923475,-0.056481640637486202,0.25865195476723107,0.087547653226714525,-0.44481415564637583,-0.10439174666184993,-0.1075567935720486,0,0,0
1.8115939000000001,4294966924,3973,3,-371,3973,3,-0.0020745061487116266,0.029059732045705586,-0.0023561944901923475,-0.069255377637078508,0.1379877376057525,0.046705630399425803,-1.3895108829587168,-0.11133930107664351,-0.11787074003546738,0,0,0
1.8165836,4294966945,3973,3,-350,3973,3,-0.0025379596500195432,0.029059732045705586,-0.0023561944901923475,-0.080188234730532104,0.073614814729272948,0.024916897604996276,-1.7878671187874089,-0.12027863667058056,-0.12833631468936749,0,0,0
1.8215623000000001,4294966968,3974,2,-327,3974,2,-0.0030455515800234521,0.028274333882308138,-0.001570796326794896,-0.090139004316931809,-0.034006892306071936,0.086572387431219269,1.6415113276847124,-0.11207108003215699,-0.13098947641201009,0,0,0
1.8265605,4294966994,3975,2,-301,3975,2,-0.0036193511530713488,0.02748893571891069,-0.002356194490192344,-0.10162495217662951,-0.091421791352324033,-0.027094181580136406,-2.6009059724740733,-0.12507560989452735,-0.1375944987563236,0,0,0
1.8315535000000001,4294967020,3976,1,-275,3976,1,-0.004193150726119246,0.026703537555513242,-0.001570796326794896,-0.10775256857467164,-0.12205195624469747,0.058825096081154292,1.4707495527428731,-0.11772186213081298,-0.13785956246736555,0,0,0
1.8365210000000001,4294967048,3977,1,-247,3977,1,-0.0048110887278631342,0.025918139392115794,-0.002356194490192344,-0.11513979947524286,-0.13839278444293551,-0.041897031075431253,-2.4791635510016876,-0.13011767988582143,-0.14280513581202048,0,0,0
1.8415201000000001,4294967076,3978,0,-219,3978,0,-0.0054290267296070232,0.025132741228718346,-0.001570796326794896,-0.11908079918683789,-0.1471104216852612,0.050927952161200538,1.7489668608229261,-0.1213728455817068,-0.14114053821580735,0,0,0
1.8465038,4294967104,3980,4294967295,-191,3980,-1,-0.0060469647313509123,0.023561944901923447,-0.0015707963267948995,-0.12118327559996731,-0.22504069662851156,0.02716945598165758,1.317231685818407,-0.11478668715261477,-0.13784950506342231,0,0,0
1.8514813999999999,4294967132,3981,4294967295,-163,3981,-1,-0.0066649027330948005,0.022776546738526002,-0.002356194490192344,-0.12230492172817173,-0.19333605095417339,-0.05878493808437843,-2.342789919872529,-0.12650063675197742,-0.14088896274465831,0,0,0
1.8564727999999999,4294967161,3982,4294967294,-134,3982,-2,-0.0073049099491866859,0.021991148575128551,-0.001570796326794896,-0.12496241684270798,-0.17642200005465158,0.041918454888473247,2.090778201988936,-0.11604674574203275,-0.13612168204506944,0,0,0
1.8614591,4294967188,3983,4294967294,-107,3983,-2,-0.0079007787365825786,0.021205750411731103,-0.002356194490192344,-0.1222619383130045,-0.16739855532764758,-0.050916522812076877,-1.868553962056924,-0.12538951555231737,-0.13913391260088176,0,0,0
1.8664335999999999,4294967216,3984,4294967294,-79,3984,-2,-0.0085187167383264668,0.020420352248333658,-0.0031415926535897885,-0.12288037543988109,-0.16258465502517183,-0.1004428778520282,-3.9675554270699163,-0.14522729268766696,-0.1486270614593091,0,0,0
1.8714367000000001,4294967244,3985,4294967293,-51,3985,-3,-0.0091366547400703567,0.019634954084936207,-0.002356194490192344,-0.1232103042821585,-0.16001649654210182,0.019694440123041307,1.2480143016798864,-0.13898722117926754,-0.15170422895840671,0,0,0
1.8764384999999999,4294967273,3987,4294967293,-22,3987,-3,-0.0097766619561622404,0.018064157758141311,-0.00392699081698724,-0.1254454276531414,-0.23192593386736601,-0.13605228931768465,-4.9788269867942407,-0.16388135611323873,-0.16616055172397085,0,0,0
1.8814048000000001,8,3988,4294967292,9,3988,-4,-0.010460807600950119,0.01727875959474386,-0.0031415926535897989,-0.1307560598791217,-0.19700924302543987,0.00069724317535027613,0.92990866221313218,-0.15923181280217308,-0.17205617341652646,0,0,0
1.8863772999999999,40,3990,4294967292,41,3990,-4,-0.011167022460085991,0.015707963267948967,-0.0047123889803846915,-0.1356483291905673,-0.25166112357297887,-0.14618706765338976,-4.9264957908135925,-0.18386429175624103,-0.18862772104493039,0,0,0
1.8913857999999999,75,3992,4294967291,76,3992,-5,-0.011939444962265853,0.014137166941154069,-0.0047123889803846897,-0.1444356273947961,-0.28081725100082494,-0.077989059664612712,-1.6055475042912186,-0.19189202927769711,-0.20130422863041458,0,0,0
1.8963825000000001,113,3995,4294967290,114,3995,-6,-0.012778075107489701,0.011780972450961723,-0.005497787143782136,-0.15530087712778018,-0.36965121705793247,-0.11488575385848124,-2.4107041624474288,-0.20394555008993426,-0.21465217912446172,0,0,0
1.9013601,154,3998,4294967289,155,3998,-7,-0.013682912895757538,0.0094247779607693795,-0.0062831853071795875,-0.16727468925521996,-0.41704308003379054,-0.13456970081154085,-2.6229100781829837,-0.21706010048084917,-0.22829957304280712,0,0,0
1.9063371,197,4002,4294967287,198,4002,-9,-0.014631889112721367,0.0062831853071795866,-0.0062831853071795866,-0.17778079595561266,-0.51560559383804927,-0.071791332804649735,0.96691434467652382,-0.21222552875746656,-0.23483832878302813,0,0,0
1.9113268000000001,243,4007,4294967286,244,4007,-10,-0.015647072972729183,0.0023561944901923449,-0.0086393797973719315,-0.18956300955216643,-0.6414670404726408,-0.25813837897088981,-5.9656060630053425,-0.24205355907249326,-0.25225902416284146,0,0,0
1.9163026000000001,292,4012,4294967284,293,4012,-12,-0.016728464475780989,-0.0015707963267948967,-0.0094247779607693795,-0.20202601098078166,-0.70861262337969388,-0.2109932703265488,-3.1588979691392325,-0.25784804891818941,-0.2679306423210161,0,0,0
1.9213061,343,4017,4294967282,344,4017,-14,-0.017853994407528787,-0.0054977871437821377,-0.010210176124166827,-0.21279309434764049,-0.74443399222997697,-0.18584191631159663,-1.3924887177151284,-0.26481049250676503,-0.28129050466388883,0,0,0
1.9262927999999999,398,4023,4294967279,399,4023,-17,-0.019067801196668569,-0.010210176124166829,-0.010210176124166829,-0.22677364615052747,-0.83682378521020206,-0.09914444917778642,3.4567701227370975,-0.24752664189307955,-0.28126622107939481,0,0,0
1.9312748,455,4030,4294967276,456,4030,-20,-0.020325746414504343,-0.015707963267948967,-0.010995574287564277,-0.23835032456969119,-0.95939215879554129,-0.12617190222615318,3.6207622821295251,-0.22942283048243192,-0.27351330950646879,0,0,0
1.9362429999999999,512,4037,4294967273,513,4037,-23,-0.021583691632340116,-0.021205750411731103,-0.011780972450961723,-0.24452634464070638,-1.024780926447725,-0.14059072655998062,3.9776172697427912,-0.20953474413371798,-0.25937403821403066,0,0,0
1.941244,568,4044,4294967271,569,4044,-25,-0.022819567635827893,-0.026703537555513242,-0.014137166941154069,-0.24576206753621188,-1.0596650552812885,-0.29484203621364652,-1.9860990465317325,-0.21946523936637663,-0.25383895362886272,0,0,0
1.9462181000000001,621,4050,4294967268,622,4050,-28,-0.023989235996271684,-0.031415926535897934,-0.014137166941154074,-0.24024398019669102,-1.0049958032900654,-0.15729471507303269,3.9718850194819524,-0.19960581426896687,-0.24028520803195721,0,0,0
1.9512162,671,4055,4294967266,672,4055,-30,-0.025092696713671484,-0.035342917352885174,-0.014922565104551515,-0.23112281552729375,-0.90255088911187187,-0.15719437657504756,3.7740162286610133,-0.1807357331256618,-0.22492589081821318,0,0,0
1.9562212000000001,719,4060,4294967264,720,4060,-32,-0.026152019002375296,-0.039269908169872414,-0.015707963267948967,-0.22213856227384851,-0.8478977474049556,-0.15714084718129551,3.7345969914834232,-0.16206274816824467,-0.20696144930298524,0,0,0
1.9611984,763,4065,4294967262,764,4065,-34,-0.02712306443368712,-0.043196898986859661,-0.016493361431346418,-0.20910912910490595,-0.81874094716360191,-0.15711228988720544,3.6777132267534025,-0.14367418203447765,-0.18832936966030117,0,0,0
1.9661692,803,4069,4294967260,804,4069,-36,-0.028005833007606961,-0.046338491640449446,-0.016493361431346411,-0.19392164062472528,-0.72990662216849922,-0.083817535618876629,6.4474937047587932,-0.11143671351068368,-0.16298944293165951,0,0,0
1.9707675,836,4072,4294967259,837,4072,-37,-0.028734117081090832,-0.04869468613064179,-0.017278759594743856,-0.17140552454792121,-0.6092350484114788,-0.11799517636929174,4.2426803106274855,-0.090223311957546251,-0.14130473414651828,0,0,0
1.9767520999999999,873,4074,4294967259,874,4074,-37,-0.029550678011966685,-0.050265482457436693,-0.018849555921538759,-0.16762988581420368,-0.47157868158687033,-0.20950805998324618,-0.2023513655027287,-0.091235068785059895,-0.12153986474967109,0,0,0
1.9817283000000001,899,4076,4294967258,900,4076,-38,-0.030124477585014579,-0.051836278784231589,-0.018849555921538759,-0.1429654146235757,-0.39814064922307268,-0.11177005498866237,3.1616392690167157,-0.075426872439976311,-0.10489858783229725,0,0,0
1.9867338999999999,921,4077,4294967258,922,4077,-38,-0.030610000300670494,-0.052621676947629037,-0.019634954084936207,-0.121570771919434,-0.28568281423180658,-0.13290751256906613,1.3230286060606717,-0.06881172940967295,-0.093313956295952669,0,0,0
1.9907029000000001,937,4077,4294967258,938,4077,-38,-0.030963107730238429,-0.052621676947629037,-0.019634954084936207,-0.097802323247300982,-0.15240837922206077,-0.070904575172137912,2.8356861391709569,-0.054633298713818168,-0.083384522907642394,0,0,0
1.9966668999999999,957,4077,4294967259,958,4077,-37,-0.031404492017198353,-0.052621676947629037,-0.021205750411731103,-0.093358579987890933,-0.081308055297466167,-0.18438578504224348,-2.5234511165776841,-0.067250554296706594,-0.079406335762636338,0,0,0
2.0007242999999999,969,4077,4294967259,970,4077,-37,-0.031669322589374299,-0.052621676947629037,-0.021205750411731103,-0.074515013777363207,-0.043376879210975092,-0.098367620486520979,0.40143269444521756,-0.06524339082448051,-0.079933550058252312,0,0,0
2.0066731,987,4076,4294967260,988,4076,-36,-0.032066568447638229,-0.051836278784231589,-0.021991148575128554,-0.076816857186684517,0.050138470804264534,-0.12575747337054552,-1.2667492036766324,-0.071577136842863667,-0.07924456803505181,0,0,0
2.0116570999999999,1002,4076,4294967261,1003,4076,-35,-0.032397606662858174,-0.051836278784231589,-0.02356194490192345,-0.071867532444952351,0.0267482770795941,-0.21364915299292658,-5.2855066042540333,-0.098004669864133837,-0.091949429535571239,0,0,0
2.0166569999999999,1018,4076,4294967261,1019,4076,-35,-0.032750714092426109,-0.051836278784231589,-0.02356194490192345,-0.071286236899015809,0.014269887279168567,-0.11397927879342748,-1.1895581229748893,-0.10395246047900829,-0.10194454541111519,0,0,0
2.0216281,1035,4077,4294967261,1036,4077,-35,-0.033125890736342041,-0.052621676947629037,-0.024347343065320898,-0.073035232910575121,-0.065666704367368142,-0.13408610715946329,-1.787051411215173,-0.11288771753508416,-0.11399824324774561,0,0,0
2.0266272000000001,1055,4078,4294967261,1056,4078,-35,-0.033567275023301958,-0.053407075111026485,-0.025132741228718346,-0.080145632242269477,-0.10831192405320804,-0.14481286064235618,-1.9931206817179472,-0.12285332094367389,-0.12604325593096599,0,0,0
2.0316494,1077,4080,4294967260,1078,4080,-36,-0.034052797738957877,-0.054977871437821381,-0.025132741228718346,-0.088057166134072731,-0.20434216018958451,-0.077255936589532559,1.495328278719275,-0.11537667955007752,-0.13064965300191533,0,0,0
2.0365079000000001,1101,4082,4294967259,1102,4082,-37,-0.034582458883309776,-0.056548667764616277,-0.025132741228718343,-0.096396095773053636,-0.25557314755300786,-0.04121512213660472,3.5628053319115205,-0.097562652890519921,-0.12625709128989432,0,0,0
2.0415081000000002,1127,4085,4294967258,1128,4085,-38,-0.035156258456357677,-0.058904862254808621,-0.025918139392115791,-0.10496303595333875,-0.35618378849825005,-0.095267296124760925,2.0358020533859511,-0.087383642623590163,-0.11813638401036353,0,0,0
2.0464882000000002,1152,4088,4294967257,1153,4088,-39,-0.035707988815057573,-0.061261056745000965,-0.026703537555513246,-0.10747428625388933,-0.40985836727957969,-0.12410348724502721,1.2327990822631625,-0.081219647212274357,-0.10948608724099154,0,0,0
2.0514671,1176,4090,4294967256,1177,4090,-40,-0.036237649959409479,-0.062831853071795868,-0.026703537555513246,-0.1067548981202619,-0.36521359656173391,-0.066207732508098652,3.6526640851270242,-0.062956326786639233,-0.094502565168352023,0,0,0
2.0564569000000001,1197,4093,4294967255,1198,4093,-41,-0.036701103460717394,-0.065188047561988219,-0.027488935718910701,-0.10019378232993714,-0.41467566234628739,-0.10860055612323358,2.0597353406117742,-0.052657650083580365,-0.080995048497543562,0,0,0
2.0614416000000002,1216,4094,4294967254,1217,4094,-42,-0.03712041853332932,-0.06597344572538566,-0.026703537555513246,-0.092575284666088206,-0.2945040468190761,0.015342415914401539,6.8433816626092767,-0.01844074177053398,-0.05619100799888839,0,0,0
2.066433,1231,4096,4294967253,1232,4096,-43,-0.037451456748549265,-0.067544242052180556,-0.026703537555513239,-0.080274465839537013,-0.30367344034014782,0.0081849961789004881,6.5029482021076106,0.014073999240004076,-0.027078416434294657,0,0,0
2.0714237999999998,1242,4096,4294967253,1243,4096,-43,-0.037694218106377221,-0.067544242052180556,-0.026703537555513239,-0.06547568443401966,-0.1620061640021335,0.004366597987069596,5.5225569260151701,0.04168678387007993,0.0041619705882327621,0,0,0
2.0764203000000001,1247,4096,4294967253,1248,4096,-43,-0.0378045641781172,-0.067544242052180556,-0.026703537555513239,-0.045226049215191771,-0.086428359178490413,0.0023295280246840131,4.6971761636558735,0.065172664688359305,0.034552147550092824,0,0,0
2.0814037999999999,1246,4095,4294967254,1247,4095,-42,-0.037782494963769203,-0.066758843888783101,-0.027488935718910687,-0.022068448400684188,0.027171018937748558,-0.072036743832985098,0.41736836550069523,0.06725950651586278,0.054877958759899766,0,0,0
2.0863958999999999,1241,4093,4294967255,1242,4093,-41,-0.037672148892029224,-0.065188047561988219,-0.027488935718910701,-0.0014777030970203591,0.1610544536101324,-0.038430744955879323,0.62416772441014157,0.070380345137913483,0.071135048580641541,0,0,0
2.0914001999999998,1232,4090,4294967256,1233,4090,-40,-0.037473525962897256,-0.062831853071795868,-0.026703537555513246,0.017743655360057405,0.30575919089424186,0.052777174526296544,3.2669624100598513,0.086715157188212738,0.089237775721023344,0,0,0
2.0964265000000002,1220,4087,4294967257,1221,4087,-39,-0.037208695390721302,-0.060475658581603517,-0.025918139392115798,0.034175351979663288,0.38295744495978101,0.10143551338323295,4.4657233569836157,0.10904377397313081,0.11051369528901576,0,0,0
2.1014099000000002,1203,4083,4294967259,1204,4083,-37,-0.03683351874680537,-0.057334065928013725,-0.025918139392115791,0.053237017756248131,0.49742131344878782,0.054114638403667654,1.2560591779033323,0.11532406986264747,0.12497655277807131,0,0,0
2.1063312000000001,1183,4078,4294967261,1184,4078,-35,-0.036392134459845453,-0.053407075111026485,-0.025132741228718346,0.069583520232576621,0.63176594343990811,0.10214903443407465,2.0242692264511843,0.12544541599490339,0.13893873649196647,0,0,0
2.1113067999999999,1159,4073,4294967263,1160,4073,-33,-0.035862473315493547,-0.049480084294039245,-0.024347343065320898,0.086540625685572137,0.70343720364221152,0.12777481267905086,2.0696651621813995,0.13579374180581039,0.15104749750885485,0,0,0
2.1162887000000001,1132,4068,4294967266,1133,4068,-30,-0.035266604528097656,-0.045553093477052005,-0.025132741228718346,0.1017643702922829,0.7416729674336322,-0.0051131783863468533,-4.5932996155265293,0.11282724372817773,0.14716022965336464,0,0,0
2.1212791000000002,1103,4062,4294967269,1104,4062,-27,-0.03462659731200577,-0.040840704496667317,-0.02513274122871835,0.11400427726721704,0.83535081136214451,-0.0027278197767407943,-5.7621975575101265,0.084016255940627102,0.1316743028379381,0,0,0
2.1262709000000002,1074,4056,4294967271,1075,4056,-25,-0.033986590095913885,-0.036128315516282622,-0.023561944901923447,0.12053412187440733,0.88532682549709751,0.14510377921850065,-0.31979579928728707,0.082417276944190668,0.11991956645812678,0,0,0
2.1312581000000002,1048,4051,4294967274,1049,4051,-22,-0.033412790522865991,-0.032201324699295375,-0.024347343065320892,0.11784038542085654,0.8387089145862785,0.0041316188933661208,-6.5934239286712399,0.04945015730083447,0.096004995891555853,0,0,0
2.1362435999999998,1024,4046,4294967276,1025,4046,-20,-0.032883129378514085,-0.028274333882308138,-0.023561944901923447,0.1122850885769083,0.81383881428380955,0.075483688768554519,-3.8154243670817563,0.030373035465425687,0.071454813052992658,0,0,0
2.1412384000000002,1005,4043,4294967277,1006,4043,-19,-0.032463814305902158,-0.025918139392115794,-0.022776546738526002,0.09902585255458278,0.65401187336416755,0.1135491683216678,-1.5426229574140624,0.022659920678355375,0.051834313268757176,0,0,0
2.1462192999999998,990,4040,4294967278,991,4040,-18,-0.03213277609068222,-0.023561944901923447,-0.021991148575128551,0.083715766988822896,0.56874610374801748,0.13385664834492625,-0.18789758632611431,0.021720432746724805,0.037682280597533979,0,0,0
2.1512148999999998,979,4038,4294967279,980,4038,-17,-0.031890014732854265,-0.021991148575128551,-0.021991148575128551,0.067311577615021809,0.44997831178806647,0.071410927805387797,-2.1589362087377366,0.010925751703036122,0.023467819100718074,0,0,0
2.1562204999999999,972,4038,4294967279,973,4038,-17,-0.031735530232418291,-0.021991148575128551,-0.021991148575128551,0.050323696889213301,0.24005807058821288,0.038096879557940923,-2.4108329993161171,-0.0011284132935444648,0.010463818182634503,0,0,0
2.1612138000000001,967,4037,4294967279,968,4037,-17,-0.031625184160678312,-0.021205750411731103,-0.021205750411731103,0.037142644303676857,0.20134764112113601,0.093603750843910566,0.39169144732100136,0.00083004394306054191,0.0033845278532535598,0,0,0
2.1662214999999998,965,4037,4294967278,966,4037,-18,-0.031581045731982317,-0.021205750411731103,-0.019634954084936207,0.02393337893308593,0.10741656870741138,0.19649552494071909,5.6172283125593783,0.028916185505857433,0.012163058875911672,0,0,0
2.1712294000000001,963,4038,4294967278,964,4038,-18,-0.03153690730328633,-0.021991148575128551,-0.020420352248333655,0.016886393165812915,-0.015974059100743759,0.031548503216551504,-0.6181917923149931,0.025825226544282466,0.0152886287131241,0,0,0
2.1762079999999999,961,4038,4294967277,962,4038,-19,-0.031492768874590335,-0.021991148575128551,-0.018849555921538759,0.013126910180884906,-0.0085219702966322537,0.16338978934181358,5.2210732565580651,0.051930592827072797,0.03114129589578413,0,0,0
2.1812048000000002,957,4038,4294967277,958,4038,-19,-0.031404492017198353,-0.021991148575128551,-0.018849555921538759,0.015239491305207055,-0.0045463696658854247,0.087166506819741627,2.048337855240514,0.06217228210327537,0.045276388878601047,0,0,0
2.1861833000000002,951,4038,4294967276,952,4038,-20,-0.031272076731110376,-0.021991148575128551,-0.017278759594743863,0.020484748701938296,-0.0024254340744477121,0.19306133191437758,6.6259757216090902,0.095302160711320819,0.070496321939170881,0,0,0
2.1911689999999999,942,4038,4294967276,943,4038,-20,-0.031073453801978408,-0.021991148575128551,-0.017278759594743863,0.029460361845964223,-0.0012939401944444269,0.10299592142650719,2.7285384324588566,0.10894485287361511,0.092797208739924933,0,0,0
2.1961548999999998,929,4036,4294967277,930,4036,-19,-0.030786554015454461,-0.020420352248333658,-0.017278759594743866,0.042485185619424909,0.14586873689971347,0.054947097511996258,-0.25476238759599923,0.10767104093563511,0.10782363524724237,0,0,0
2.2011395999999999,911,4034,4294967277,912,4034,-19,-0.030389308157190532,-0.018849555921538759,-0.015707963267948967,0.059729325304729949,0.22437827258253285,0.17587266074670593,4.1694994253528108,0.12851853806239916,0.12704532703127566,0,0,0
2.2061348999999999,889,4031,4294967279,890,4031,-17,-0.02990378544153462,-0.016493361431346415,-0.016493361431346415,0.077165309518834074,0.33954169419842573,0.020546450764856367,-3.4991134391129748,0.11102297086683428,0.12989921634149532,0,0,0
2.2111054999999999,865,4027,4294967280,866,4027,-16,-0.029374124297182714,-0.013351768777756621,-0.014922565104551517,0.090585419978952614,0.47425952745182548,0.15752032538127475,1.2693948583918084,0.11736994515879333,0.1358578736297836,0,0,0
2.2160855000000002,838,4023,4294967281,839,4023,-15,-0.028778255509786823,-0.010210176124166829,-0.013351768777756623,0.10392221987871464,0.54612988715011102,0.23059425627973959,3.642291944606816,0.13558140488182741,0.14528329234881301,0,0,0
2.2210873000000002,810,4019,4294967283,811,4019,-13,-0.028160317508042935,-0.0070685834705770346,-0.013351768777756621,0.11309635406122347,0.58447186815158059,0.1230192895992511,-1.5345912747330068,0.12790844850816238,0.14625008154937522,0,0,0
2.2260835000000001,781,4014,4294967284,782,4014,-12,-0.027520310291951049,-0.0031415926535897933,-0.010995574287564277,0.12004975565638451,0.67820637769672287,0.2854678838517391,4.6560256205973838,0.15118857661114929,0.15759637397857035,0,0,0
2.2310647000000001,751,4010,4294967286,752,4010,-10,-0.026858233861511167,-0,-0.010995574287564275,0.12581842286269757,0.65493310297130458,0.15229371642388126,-1.278114447842345,0.14479800437193757,0.1605321978858707,0,0,0
2.2360511999999999,719,4005,4294967288,720,4005,-8,-0.026152019002375296,0.0039269908169872417,-0.010210176124166827,0.13301415864417424,0.71579660735661943,0.15452640335216322,-1.9153737705881548,0.13522113551899681,0.15810901280787765,0,0,0
2.2410415000000001,687,4000,4294967290,688,4000,-6,-0.025445804143239423,0.0078539816339744835,-0.009424777960769376,0.13685299799023048,0.74826656212825604,0.15571751523953675,-2.4192071017286674,0.12312510001035347,0.15153420287946495,0,0,0
2.2460057,654,3995,4294967292,655,3995,-4,-0.024717520069755552,0.011780972450961723,-0.008639379797371935,0.14096008332768423,0.76558889631719085,0.15635295924660661,-2.9026433034224768,0.10861188349324108,0.1394485345903434,0,0,0
2.2510336,623,3990,4294967294,624,3990,-2,-0.024033374424967675,0.015707963267948967,-0.00785398163397448,0.13903294391886917,0.77483015531688815,0.15669196105693489,-3.223059425727099,0.092496586364605587,0.12432984966112454,0,0,0
2.256014,595,3986,0,596,3986,0,-0.023415436423223787,0.018849555921538759,-0.0078539816339744835,0.13182750720623201,0.70648073764789765,0.083593295193585368,-6.2421309703798986,0.061285931512706095,0.10096268495880531,0,0,0
2.2609713,570,3982,2,571,3982,2,-0.022863706064523887,0.021991148575128551,-0.0078539816339744835,0.1218061617407675,0.67001713728847945,0.044596027480840961,-7.9067244518150215,0.021752309253630989,0.068635934964428547,0,0,0
2.2659950000000002,550,3979,3,551,3979,3,-0.022422321777563967,0.024347343065320895,-0.007068583470577039,0.10616434196462919,0.57728472144640763,0.097070968863016915,-5.210669693619348,-0.0043010392144657503,0.036936206881520398,0,0,0
2.2709552,536,3978,3,537,3978,3,-0.022113352776692023,0.025132741228718346,-0.0062831853071795875,0.085464955814742186,0.38125404335252061,0.12506572517111214,-2.8297842634243979,-0.01844996053158774,0.010058263137909015,0,0,0
2.2759746999999999,528,3977,4,529,3977,4,-0.021936799061908055,0.025918139392115794,-0.0070685834705770355,0.062067418234557414,0.27667401110091794,-0.0065584443095558359,-7.5872762963944345,-0.056386342013559916,-0.024541244031404393,0,0,0
2.2809667,526,3978,3,527,3978,3,-0.02189266063321206,0.025132741228718346,-0.0062831853071795875,0.037230448998348695,0.07432277074473044,0.069780667356784745,-2.8941249534668176,-0.07085696678089401,-0.051858904287402488,0,0,0
2.2859069000000001,529,3980,2,530,3980,2,-0.021958868276256049,0.023561944901923447,-0.0062831853071795875,0.013684670378431761,-0.10690872549482638,0.037227155023234357,-2.8302674774338872,-0.085008304168063445,-0.076815007993061651,0,0,0
2.2909085999999999,537,3982,1,538,3982,1,-0.022135421991040016,0.021991148575128551,-0.0062831853071795875,-0.0091722734243645954,-0.20359357046925169,0.019860243870097875,-2.4414771753250482,-0.097215690044688691,-0.098669810053838361,0,0,0
2.2958942000000002,550,3986,4294967295,551,3986,-1,-0.022422321777563967,0.018849555921538759,-0.0062831853071795875,-0.031661732055498527,-0.40173282243613107,0.010595203590862301,-1.1792655945010899,-0.10311201801719413,-0.11497462374494305,0,0,0
2.3008768000000002,567,3990,4294967293,568,3990,-3,-0.022797498421479899,0.015707963267948967,-0.006283185307179584,-0.051896031461176904,-0.50743775373816069,0.0056524149384110552,-0.099653003865328216,-0.10361028303652077,-0.12538498548074256,0,0,0
2.3058656000000002,589,3996,4294967291,590,3996,-5,-0.023283021137135811,0.010995574287564275,-0.0078539816339744835,-0.072986340539281269,-0.71038911434143115,-0.14354354252848658,-4.7394882346788334,-0.12730772420991493,-0.14052104284896583,0,0,0
2.3108415999999998,613,4001,4294967288,614,4001,-8,-0.023812682281487717,0.0070685834705770346,-0.0070685834705770346,-0.088355989795322054,-0.74538172900199473,-0.0032992511999598156,2.2147239856770455,-0.11623410428152971,-0.14328834530704523,0,0,0
2.3158425999999999,640,4008,4294967285,641,4008,-11,-0.024408551068883608,0.0015707963267948967,-0.0078539816339744835,-0.10273284542582868,-0.91060891078357931,-0.075039630516713682,0.75230582349682784,-0.11247257516404557,-0.14265316308172546,0,0,0
2.3208015999999998,667,4014,4294967281,668,4014,-15,-0.025004419856279502,-0.0031415926535897933,-0.0062831853071795866,-0.11040272669204038,-0.92547612529658274,0.10652628934349082,9.4445929554210437,-0.065249610386940354,-0.12058110939155139,0,0,0
2.3258079,694,4021,4294967278,695,4021,-18,-0.025600288643675393,-0.0086393797973719298,-0.0070685834705770329,-0.11449451700764673,-1.0066871264789836,-0.016449012539139392,5.3653252204795452,-0.038422984284542633,-0.094476480601072554,0,0,0
2.3308070000000001,718,4027,4294967275,719,4027,-21,-0.026129949788027299,-0.013351768777756621,-0.0070685834705770346,-0.11050010762410301,-0.97673270918336352,-0.0087753522998392577,6.1365248469676406,-0.0077403600497044298,-0.061927470082751943,0,0,0
2.3357717,736,4031,4294967272,737,4031,-24,-0.026527195646291229,-0.016493361431346415,-0.0054977871437821395,-0.096014476210715946,-0.81419334569654245,0.14187749263694077,12.222532554963898,0.053372302725115062,-0.013200174125019715,0,0,0
2.341774,748,4035,4294967270,749,4035,-26,-0.026792026218467178,-0.019634954084936207,-0.0054977871437821377,-0.075931902783414523,-0.72748053094279519,0.075689952715673761,9.1828926170408458,0.099286765810319283,0.03875860653371091,0,0,0
2.3457582000000001,750,4037,4294967269,751,4037,-27,-0.026836164647163173,-0.021205750411731103,-0.005497787143782136,-0.044626986394280567,-0.53466123834264812,0.040379688389060822,6.5573232560031975,0.13207338209033526,0.086734412004915953,0,0,0
2.3517174999999999,742,4036,4294967269,743,4036,-27,-0.026659610932379202,-0.020420352248333658,-0.0047123889803846915,-0.0073350836808679341,-0.21195588413180805,0.094821602169550337,6.8871930464317774,0.16650934732249414,0.13315833962919804,0,0,0
2.3567396999999999,726,4035,4294967270,727,4035,-26,-0.026306503502811267,-0.019634954084936207,-0.0054977871437821377,0.029032584412630506,-0.039796420728988022,-0.022693323756383416,0.32581406505065746,0.16813841764774742,0.16446396700439547,0,0,0
2.3617289000000001,702,4031,4294967271,703,4031,-25,-0.025776842358459364,-0.016493361431346415,-0.0039269908169872417,0.06490718434303093,0.27188716064110174,0.13445242061272861,4.7827530623751766,0.19205218295962331,0.19664016639954102,0,0,0
2.3666900000000002,671,4026,4294967274,672,4026,-22,-0.025092696713671484,-0.012566370614359173,-0.0047123889803846897,0.098459628017602302,0.51144615878268673,-0.0015507540767542988,-3.1222229881002961,0.17644106801912182,0.20884571464923812,0,0,0
2.3716891000000002,634,4020,4294967276,635,4020,-20,-0.024276135782795631,-0.0078539816339744835,-0.0031415926535897937,0.12871411872131472,0.71252755069695506,0.14573172975187459,1.2149671698150115,0.18251590386819688,0.21901985876506161,0,0,0
2.3762843999999999,596,4014,4294967279,597,4014,-17,-0.023437505637571784,-0.0031415926535897933,-0.0031415926535897933,0.14691363947649222,0.81980207862324006,0.077746142316732159,-3.0162877811873883,0.16743446496225994,0.21856990890721831,0,0,0
2.3812413000000001,553,4007,4294967283,554,4007,-13,-0.022488529420607955,0.0023561944901923449,-0.0039269908169872417,0.16691841837654828,0.9503112810413501,-0.031802878237766362,-9.3719789070761799,0.12057457042687905,0.19402142874242898,0,0,0
2.3862261999999999,511,4000,4294967286,512,4000,-10,-0.021561622417992119,0.0078539816339744835,-0.003141592653589792,0.17553161942191831,1.0199363863092101,0.056313062489748392,-6.7923375520781502,0.086612882666488297,0.16234988983342594,0,0,0
2.3912425000000002,472,3993,4294967289,473,3993,-7,-0.020700923058420275,0.013351768777756621,-0.0023561944901923457,0.17394932881763439,1.0570805508105776,0.10332186750316673,-5.5299392298968124,0.058963186517004232,0.12661149841411976,0,0,0
2.3962039000000002,440,3988,4294967292,441,3988,-4,-0.019994708199284401,0.01727875959474386,-0.0031415926535897989,0.15869142378455922,0.93033748164155194,-0.018158533429785177,-10.440169359797665,0.0067623397180159098,0.078940916198288677,0,0,0
2.4011903000000001,415,3985,4294967294,416,3985,-2,-0.019442977840584501,0.019634954084936207,-0.00392699081698724,0.13613774131536993,0.71616252502750721,-0.082966880628486436,-12.355847350470754,-0.055016897034337861,0.020268564072897975,0,0,0
2.4062481999999998,399,3983,4294967295,400,3983,-1,-0.019089870411016566,0.021205750411731103,-0.0039269908169872435,0.10557362794332137,0.52862321697194325,-0.044261842770274992,-9.6339055968393286,-0.10318642501853451,-0.039265624856989763,0,0,0
2.4111596,395,3983,4294967295,396,3983,-1,-0.019001593553624581,0.021205750411731103,-0.0039269908169872435,0.064558714291927596,0.28201419092880015,-0.023613166007688556,-6.9769493132072151,-0.13807117158457058,-0.092872263968279883,0,0,0
2.4161448000000001,401,3985,4294967293,402,3985,-3,-0.019134008839712557,0.019634954084936207,-0.002356194490192344,0.022086643674572456,0.0038921737951735369,0.13396169572597522,2.0191732517479304,-0.12797530532583093,-0.12392676156069173,0,0,0
2.4211564000000001,416,3990,4294967291,417,3990,-5,-0.019465047054932499,0.015707963267948967,-0.003141592653589792,-0.019103692568252749,-0.36432116809190307,-0.0018125499598392603,-0.94675150870521874,-0.13270906286935702,-0.14803802737611604,0,0,0
2.4261477,438,3996,4294967289,439,3996,-7,-0.01995056977058841,0.010995574287564275,-0.0047123889803846915,-0.055492018260882625,-0.63403812026153272,-0.14752601240211621,-4.8501545022229617,-0.15695983538047184,-0.17324957842573244,0,0,0
2.4311235999999998,466,4002,4294967285,467,4002,-11,-0.020568507772332299,0.0062831853071795866,-0.0031415926535897929,-0.087259418248969003,-0.77792890220941857,0.067855667841346862,6.2359128942794584,-0.12578027090907454,-0.17231975504125388,0,0,0
2.4361503,499,4010,4294967282,500,4010,-14,-0.02129679184581617,-0,-0.0047123889803846897,-0.11450249914114423,-1.0012519593804365,-0.110358847877642,0.85099623172191485,-0.12152528975046496,-0.1685462573366292,0,0,0
2.4411242999999998,533,4018,4294967278,534,4018,-18,-0.022047145133648034,-0.0062831853071795866,-0.0047123889803846897,-0.13109546862447174,-1.1203921508472323,-0.058875131089256683,4.6226085940190931,-0.0984122467803695,-0.15257470519710548,0,0,0
2.4460118,565,4026,4294967274,566,4026,-22,-0.022753359992783908,-0.012566370614359173,-0.0047123889803846897,-0.13582939971422386,-1.1839520241650816,-0.031409181297546017,6.9410634049135203,-0.063706929755801889,-0.12600257364775397,0,0,0
2.4509908,595,4034,4294967270,596,4034,-26,-0.023415436423223787,-0.018849555921538759,-0.0047123889803846897,-0.13423667504921102,-1.2178604596514133,-0.016756424173162206,8.4838485864289588,-0.021287686823657094,-0.088157573538770656,0,0,0
2.4559820999999999,618,4040,4294967267,619,4040,-29,-0.023923028353227696,-0.023561944901923447,-0.004712388980384688,-0.11897320356899524,-1.0893911675868682,-0.0089393527456529624,8.6594706037069376,0.022009666194877597,-0.045046100025627596,0,0,0
2.4609684999999999,635,4045,4294967264,636,4045,-32,-0.024298204997143628,-0.02748893571891069,-0.0039269908169872435,-0.098475661729267513,-0.94757481090751194,0.068510481060148273,11.590694936601679,0.079963140877886002,0.0098744445900943723,0,0,0
2.4659591999999999,642,4048,4294967262,643,4048,-34,-0.024452689497579602,-0.029845130209103034,-0.003141592653589792,-0.066949364633924827,-0.72535843491311269,0.10982904505252902,12.295039398822972,0.14143833787200086,0.071529926248473319,0,0,0
2.4704822000000002,640,4049,4294967261,641,4049,-35,-0.024408551068883608,-0.030630528372500482,-0.002356194490192344,-0.031598468212873251,-0.46024960609064375,0.13187200688344949,11.759855325038671,0.20023761449719421,0.13834637701693703,0,0,0
2.4764672000000001,624,4048,4294967261,625,4048,-35,-0.024055443639315673,-0.029845130209103034,-0.001570796326794896,0.016088357715241586,-0.17225816448671277,0.1436316645126213,10.207392295930177,0.2512745759768451,0.20244968034684652,0,0,0
2.4814541000000001,597,4045,4294967263,598,4045,-33,-0.023459574851919778,-0.02748893571891069,-0.002356194490192344,0.064178924339752697,0.12794087852917735,0.0033462632290591071,1.7887444700671857,0.26021829832718102,0.24833387935410062,0,0,0
2.4864506999999998,558,4039,4294967265,559,4039,-31,-0.022598875492347934,-0.022776546738526002,-0.00078539816339745147,0.11454399208040017,0.50793205081115156,0.14834423016639278,4.9492040809986246,0.28496431873217415,0.28973593902966177,0,0,0
2.4914423999999999,508,4031,4294967269,509,4031,-27,-0.021495414774948134,-0.016493361431346415,-0.000785398163397448,0.16406336881695938,0.85721185452736692,0.07913988017584847,-1.1170954981689634,0.27937884124132933,0.31095224282330897,0,0,0
2.4964388999999998,450,4021,4294967273,451,4021,-23,-0.020215400342764363,-0.0086393797973719298,0.00078539816339744974,0.20695424868593298,1.1901075088526401,0.18877922218822624,0.50267410228655951,0.28189221175276213,0.3239175411669955,0,0,0
2.5014574999999999,387,4011,4294967278,388,4011,-18,-0.018825039838840613,-0.00078539816339744833,0.00078539816339744833,0.2401315736260527,1.3677033760111534,0.10071146688285994,-5.5862396233417142,0.25396101363605356,0.31665195581946665,0,0,0
2.5064668999999999,321,4000,4294967284,322,4000,-12,-0.017368471691872875,0.0078539816339744835,0,0.26400861216402838,1.5357281754592349,-0.019551151073695219,-13.037067325292064,0.18877567700959325,0.28030783579817065,0,0,0
2.5114358000000001,259,3989,4294967289,260,3989,-7,-0.016000180402297122,0.016493361431346415,0.000785398163397448,0.26851028682367906,1.6253674049727573,0.062849213027077563,-11.094554604885744,0.13330290398516453,0.23300644184863745,0,0,0
2.5164409000000001,202,3980,4294967293,203,3980,-3,-0.014742235184461348,0.023561944901923447,0.001570796326794896,0.26061632533096613,1.5266298278287698,0.1068088259764107,-9.5760810786409536,0.085422498591959772,0.17850654872701721,0,0,0
2.5214441999999999,156,3973,0,157,3973,0,-0.013727051324453531,0.029059732045705586,0.002356194490192344,0.23375477799314492,1.3273954676952293,0.13026075597385417,-7.8778928841758775,0.046033034171080386,0.12556665282010931,0,0,0
2.5264904000000001,120,3968,3,121,3968,3,-0.012932559607925673,0.03298672286269283,0.001570796326794896,0.19883335975293087,1.0745472706437955,-0.0037869572434415105,-12.404777996937915,-0.015990855813609185,0.062685669703137908,0,0,0
2.5314842999999998,96,3965,4,97,3965,4,-0.012402898463573769,0.035342917352885174,0.002356194490192344,0.1554938758451172,0.79309673007896464,0.071259222701169758,-7.4902032302168928,-0.053441871964693653,0.0073329419907002258,0,0,0
2.5363760000000002,84,3964,4,85,3964,4,-0.012138067891397816,0.036128315516282622,0.003141592653589792,0.10766345415361643,0.49638717987243985,0.11129546598349986,-3.6219142693792277,-0.071551443311589788,-0.035705327262876618,0,0,0
2.5413979000000002,82,3965,3,83,3965,3,-0.012093929462701825,0.035342917352885174,0.00392699081698724,0.061555391162128541,0.19153712974022707,0.13265432498664914,-0.3106483480374127,-0.073104685051776849,-0.064043680015396925,0,0,0
2.5464148,87,3968,2,88,3968,2,-0.012204275534441804,0.03298672286269283,0.0031415926535897955,0.022543516813846969,-0.1176557801578683,-0.0025100166799103957,-3.7192783140936663,-0.091701076622245178,-0.091214933343135421,0,0,0
2.5509727,97,3972,0,98,3972,0,-0.012424967677921764,0.029845130209103034,0.003141592653589792,-0.0085644048757070705,-0.35588603473032404,-0.0013390640071725495,-1.6900487738844989,-0.10015132049166767,-0.11186501855182109,0,0,0
2.5556920000000001,112,3976,4294967293,113,3976,-3,-0.012756005893141706,0.026703537555513242,0.0047123889803846915,-0.035455661949282104,-0.48297903848233065,0.14584466388299905,6.2215790178542649,-0.069043425402396344,-0.11049386729484958,0,0,0
2.5614718999999999,135,3983,4294967290,136,3983,-6,-0.013263597823145614,0.021205750411731103,0.0039269908169872435,-0.066274709454268901,-0.77062020032107448,0.0045268720387477424,2.7283901651371325,-0.055401474576710685,-0.099555114178387846,0,0,0
2.5664243999999998,156,3989,4294967287,157,3989,-9,-0.013727051324453531,0.016493361431346415,0.0039269908169872417,-0.078598083751508979,-0.85079381537763576,0.0024150323225650625,3.8621851813955876,-0.036090548669732742,-0.082383905669549007,0,0,0
2.5714152000000001,175,3994,4294967284,176,3994,-12,-0.014146366397065456,0.012566370614359173,0.0047123889803846897,-0.081054236655703549,-0.82028596493801664,0.074567910275705543,7.5072922096917507,0.0014459123787260095,-0.052910194918775424,0,0,0
2.5764198999999999,190,3999,4294967281,191,3999,-15,-0.014477404612285395,0.0086393797973719298,0.005497787143782136,-0.074128123929107448,-0.80401039004369146,0.11306061140165566,9.596621290805107,0.049429018832751546,-0.012159507502136201,0,0,0
2.5814024,200,4002,4294967279,201,4002,-17,-0.014698096755765356,0.0062831853071795866,0.0062831853071795866,-0.06013757395831075,-0.64876852607787328,0.13359600904627955,10.105317521611823,0.099955606440810668,0.037642137980333806,0,0,0
2.5863890999999999,202,4004,4294967278,203,4004,-18,-0.014742235184461348,0.0047123889803846897,0.0062831853071795866,-0.036200900059310606,-0.49266932112130735,0.071271879843489441,6.6803464436271422,0.13335733865894639,0.085126572931707598,0,0,0
2.5913788000000002,196,4005,4294967278,197,4005,-18,-0.014609819898373372,0.0039269908169872417,0.0054977871437821386,-0.0069580874920975016,-0.336112734956173,-0.03525682016583933,1.0116407889918437,0.13841554260390559,0.12002422350562274,0,0,0
2.5963748999999998,182,4004,4294967278,183,4004,-18,-0.014300850897501428,0.0047123889803846897,0.0062831853071795866,0.025115486864285066,-0.10603262207116169,0.054470425603801054,3.2102729455432581,0.15446690733162188,0.15206510929864375,0,0,0
2.6013326000000001,161,4001,4294967279,162,4001,-17,-0.01383739739619351,0.0070685834705770346,0.0070685834705770346,0.056640128661184841,0.16327141673392268,0.10233884266830878,3.3690305813133135,0.17131206023818846,0.18038422282417474,0,0,0
2.6063746000000001,132,3997,4294967281,133,3997,-15,-0.013197390180101626,0.010210176124166829,0.0070685834705770355,0.089931031737508674,0.38022143361118865,0.054596553819588889,-0.54973833883216017,0.16856336854402765,0.19512782670324763,0,0,0
2.6113276999999999,97,3992,4294967283,98,3992,-13,-0.012424967677921764,0.014137166941154069,0.0078539816339744835,0.1200459936467197,0.56924120326924066,0.10240613056938215,-0.31474365668790583,0.16698965026058812,0.20209865155431503,0,0,0
2.6163234000000002,59,3986,4294967286,60,3986,-10,-0.011586337532697916,0.018849555921538759,0.0078539816339744835,0.14228929797710776,0.74336051865461217,0.054632451113485962,-4.0420742351897925,0.14677927908463917,0.19566928486220783,0,0,0
2.6213085999999999,20,3979,4294967289,21,3979,-7,-0.01072563817312607,0.024347343065320895,0.008639379797371928,0.15621494620660575,0.90953061913366051,0.10242528134817834,-3.5531142392312018,0.12901370788848315,0.182620531019697,0,0,0
2.6262881999999999,4294967277,3973,4294967291,-18,3973,-5,-0.0098649388135542259,0.029059732045705586,0.010210176124166827,0.16364411369776666,0.92490086954262818,0.20120170640994317,-0.021939441686940953,0.12890401068004845,0.17188370755898591,0,0,0
2.6312627000000002,4294967241,3968,4294967294,-54,3968,-2,-0.0090704470970263684,0.03298672286269283,0.009424777960769383,0.16143015529286037,0.85982119580088368,0.034059194984896499,-7.3173213000976824,0.092317404179560025,0.14703618810119001,0,0,0
2.6362467000000001,4294967208,3962,0,-87,3962,0,-0.0083421630235424992,0.037699111843077518,0.010995574287564275,0.15407170406150983,0.89838148417958519,0.1647292135006258,-2.1989319203336093,0.081322744577891973,0.12673945153395605,0,0,0
2.6412578,4294967178,3958,2,-117,3958,2,-0.0076800865931026183,0.040840704496667317,0.010995574287564282,0.14396872717254772,0.77239390023462784,0.087881073657388314,-5.1104304022574754,0.05577059256660459,0.10014510366833283,0,0,0
2.646226,4294967154,3954,3,-141,3954,3,-0.0071504254487507139,0.043982297150257102,0.012566370614359168,0.12622424774139385,0.70518102457465104,0.19344254481254977,-0.19303289483997776,0.054805428092404698,0.083882299055357476,0,0,0
2.6512034999999998,4294967133,3951,5,-162,3951,5,-0.0066869719474427968,0.046338491640449446,0.011780972450961727,0.11058044849410036,0.59604423655005001,0.029919774675836022,-6.6455143000395314,0.02157785659220704,0.056686520236323534,0,0,0
2.6562068000000001,4294967117,3949,6,-178,3949,6,-0.0063338645178748609,0.047909287967244349,0.011780972450961727,0.091939116582646002,0.46454154054697483,0.015961843477687695,-6.546184569693172,-0.011153066256258823,0.026315504501157161,0,0,0
2.6611866000000002,4294967105,3948,6,-190,3948,6,-0.0060690339456989078,0.04869468613064179,0.012566370614359168,0.073757746954926054,0.3211068989909423,0.081794972699222937,-2.8577968303154155,-0.025442050407835901,0.00023218859891714627,0,0,0
2.6661568,4294967099,3948,6,-196,3948,6,-0.0059366186596109321,0.04869468613064179,0.012566370614359168,0.051703541202487976,0.17130670657886152,0.043636643846157355,-3.3814834158488551,-0.042349467487080177,-0.024235701786091367,0,0,0
2.6711743999999999,4294967098,3948,6,-197,3948,6,-0.0059145494452629357,0.04869468613064179,0.012566370614359168,0.0296423337614862,0.091390087883860577,0.023279629827108825,-3.4082258757911683,-0.059390596866036018,-0.047370979004354094,0,0,0
2.6761666000000002,4294967101,3949,5,-194,3949,5,-0.005980757088306924,0.047909287967244349,0.01335176877775663,0.0096365012657386763,-0.024523995762207408,0.0856989245697901,0.31627099734360353,-0.057809241879317998,-0.061695635906675601,0,0,0
2.6811234000000002,4294967108,3951,5,-187,3951,5,-0.0061352415887428961,0.046338491640449446,0.011780972450961727,-0.0092728131739885956,-0.159642298269141,-0.10083968290673689,-6.5590300235316725,-0.090604391996976369,-0.086154612610909898,0,0,0
2.686115,4294967117,3954,4,-178,3954,4,-0.0063338645178748609,0.043982297150257102,0.010995574287564272,-0.023478927763721492,-0.30500582283705158,-0.12707628923216488,-6.6746133581122375,-0.12397745878753755,-0.11673926738348933,0,0,0
2.6911217999999999,4294967132,3957,3,-163,3957,3,-0.0066649027330948005,0.041626102660064758,0.010210176124166824,-0.043412382294343327,-0.38255553207306092,-0.14107320625742556,-6.3727850012202776,-0.15584138379363893,-0.14924258247388544,0,0,0
2.6960955000000002,4294967153,3961,1,-142,3961,1,-0.0071283562344027175,0.038484510006474966,0.010210176124166827,-0.06640130447706008,-0.4972068977100666,-0.075260875510375136,-2.311149178979119,-0.16739712968853454,-0.17445348354917575,0,0,0
2.7010717999999998,4294967181,3967,4294967294,-114,3967,-2,-0.0077462942361466065,0.033772121026090278,0.010210176124166831,-0.093079392527604068,-0.7049310744887749,-0.040150780809874873,1.1149896081533268,-0.1618221816477679,-0.18720849011518409,0,0,0
2.7060947,4294967214,3974,4294967291,-81,3974,-5,-0.0084745783096304757,0.028274333882308138,0.0094247779607693795,-0.11760738610925239,-0.8890289683239363,-0.094699482702094773,0.66634666469894022,-0.1584904483242732,-0.19323216607031396,0,0,0
2.7110387999999999,4294967250,3981,4294967287,-45,3981,-9,-0.0092690700261583332,0.022776546738526002,0.010210176124166829,-0.13687010937158278,-0.98724300227994877,0.022758473037961663,7.2162689682321268,-0.12240910348311257,-0.17936576222179862,0,0,0
2.7160210999999999,4294967288,3989,4294967283,-7,3989,-13,-0.010107700171382182,0.016493361431346415,0.010210176124166827,-0.15126476335946079,-1.1129185390655159,0.012141374337170349,8.4269450986701848,-0.080274377989761642,-0.15002306986535863,0,0,0
2.7210434999999999,27,3996,4294967279,28,3996,-17,-0.010880122673562042,0.010995574287564275,0.010995574287564275,-0.15276680904920881,-1.1066854219900808,0.079756797910376515,12.166077764814505,-0.019443989165689117,-0.10280607028432062,0,0,0
2.7260276999999999,55,4002,4294967276,56,4002,-20,-0.011498060675305932,0.0062831853071795866,0.010995574287564275,-0.13915436069791975,-1.0300806089679424,0.042549301868745663,10.720955940947091,0.034160790539046339,-0.048812359806719406,0,0,0
2.7309945999999998,75,4006,4294967274,76,4006,-22,-0.011939444962265853,0.0031415926535897933,0.010995574287564277,-0.11541939951014903,-0.84265381491633695,0.022699545831216399,9.1511919375275124,0.079916750226683902,0.0078921803522015166,0,0,0
2.7360009999999999,85,4008,4294967273,86,4008,-23,-0.012160137105745813,0.0015707963267948967,0.010995574287564275,-0.08216597774675731,-0.59610481375438651,0.012109937374130486,7.3114934078348668,0.11647421726585824,0.062119761155248573,0,0,0
2.7409902000000002,84,4008,4294967272,85,4008,-24,-0.012138067891397816,0.0015707963267948967,0.012566370614359171,-0.041775460358030862,-0.31801481918004532,0.15301954595699166,11.547382559898141,0.17421113006534894,0.1235584917434987,0,0,0
2.7459410000000002,73,4006,4294967273,74,4006,-23,-0.01189530653356986,0.0031415926535897933,0.012566370614359173,0.00036350228906913834,-0.023098080239010693,0.081634105472222995,6.4142014852370002,0.20628213749153396,0.17734429130839952,0,0,0
2.7509616000000001,51,4002,4294967275,52,4002,-21,-0.011409783817913946,0.0062831853071795866,0.012566370614359173,0.045494349922157069,0.28079552643348921,0.043550823096306035,2.3155685672339592,0.21785998032770376,0.21784347065445187,0,0,0
2.7559448,18,3996,4294967278,19,3996,-18,-0.010681499744430079,0.010995574287564275,0.012566370614359171,0.0922213325651835,0.58947818513602568,0.023233845479094475,-1.3336576129724245,0.21119169226284165,0.24035431904539961,0,0,0
2.7609157,4294967272,3987,4294967282,-23,3987,-14,-0.0097545927418142449,0.018064157758141311,0.013351768777756621,0.13568161370234483,0.97399526535621961,0.085674499165364931,-1.9072388150613673,0.20165549818753481,0.24862790231815665,0,0,0
2.7659460999999999,4294967225,3978,4294967287,-70,3978,-9,-0.0087173396674584316,0.025132741228718346,0.012566370614359173,0.16916270743809486,1.1791305484748156,-0.027573194277100137,-9.2061586251152594,0.15562470506195852,0.23066050204156111,0,0,0
2.7709074,4294967176,3968,4294967291,-119,3968,-5,-0.0076359481644066264,0.03298672286269283,0.014137166941154071,0.19114269274826373,1.3618472983732053,0.13184906780385991,-4.5462511111387141,0.13289344950626494,0.20688518301036621,0,0,0
2.7758940999999999,4294967131,3959,4294967295,-164,3959,-1,-0.006642833518746805,0.040055306333269862,0.014922565104551515,0.19463231210271364,1.3860449891948505,0.14361942678683937,-5.0184666608725754,0.10780111620190207,0.17829600863856077,0,0,0
2.7808651000000002,4294967091,3950,3,-204,3950,3,-0.0057600649448269637,0.047123889803846894,0.01570796326794896,0.18619843115715046,1.3989541690801028,0.14989877313212607,-5.3834324153811526,0.080883954124996299,0.1465341092362375,0,0,0
2.7858371000000002,4294967057,3943,6,-238,3943,6,-0.005009711656995099,0.052621676947629037,0.016493361431346415,0.16934439453468841,1.2592820242306044,0.15324872962717395,-4.9403241476493118,0.056182333386749744,0.1145677875854528,0,0,0
2.7908564,4294967028,3937,9,-267,3937,9,-0.0043697044409032135,0.057334065928013725,0.016493361431346408,0.15005741539618844,1.1114890790042278,0.081756372230936986,-7.5512992852613756,0.018425836960442865,0.075702748295996269,0,0,0
2.7958368,4294967006,3932,12,-289,3932,12,-0.003884181725247301,0.061261056745000965,0.01570796326794896,0.12535426987363155,0.95936378348665907,-0.02966346833600074,-11.732253601018719,-0.04023543104465073,0.02488106700120344,0,0,0
2.8008112999999999,4294966991,3928,14,-304,3928,14,-0.0035531435100273605,0.06440264939859075,0.01570796326794896,0.097761664085812411,0.80492723068230365,-0.015825107097714421,-10.419898600938874,-0.092334924049345096,-0.030856251494326623,0,0,0
2.8058070000000002,4294966986,3926,15,-309,3926,15,-0.0034427974382873804,0.06597344572538566,0.015707963267948967,0.062450234868632971,0.57597813034798562,-0.0084425061768712891,-8.7164562560013383,-0.13591720532935178,-0.085904213719091405,0,0,0
2.8107796,4294966990,3926,16,-305,3926,16,-0.0035310742956793646,0.06597344572538566,0.014137166941154071,0.025080015537375461,0.3072774732695695,-0.1510630150883579,-13.12553610313611,-0.20154488584503233,-0.15217928010553766,0,0,0
2.8167863,4294967008,3928,16,-287,3928,16,-0.0039283201539432929,0.06440264939859075,0.012566370614359161,-0.023684095115401996,0.017369834065844858,-0.22714935813798987,-14.253650215317961,-0.27281313692162212,-0.22349486666950333,0,0,0
2.8207428999999999,4294967031,3931,15,-264,3931,15,-0.0044359120839472018,0.06204645490839842,0.011780972450961727,-0.059994718734910857,-0.21057195825769293,-0.1944609967576213,-11.148475035739942,-0.32855551210032186,-0.29950399615881867,0,0,0
2.8268116999999999,4294967084,3940,11,-211,3940,11,-0.0056055804443909917,0.054977871437821381,0.010995574287564279,-0.14113931189762963,-0.77185330567636579,-0.1770221452439136,-5.8095864462797167,-0.35760344433172042,-0.34857191294838552,0,0,0
2.8307378000000001,4294967131,3948,8,-164,3948,8,-0.006642833518746805,0.04869468613064179,0.009424777960769376,-0.17207432443004872,-0.99801070098377898,-0.24099824493106214,-6.4332242602405945,-0.38976956563292342,-0.40757122765154286,0,0,0
2.8367016999999999,4294967219,3963,1,-76,3963,1,-0.008584924381370455,0.03691371367968007,0.0086393797973719315,-0.27300130598539485,-1.6316196131365852,-0.20184921293659519,1.1730062343442835,-0.38390453446120198,-0.4182925370491386,0,0,0
2.8417183000000001,7,3978,4294967290,8,3978,-6,-0.010438738386602121,0.025132741228718346,0.007853981633974487,-0.31860820766406089,-1.9696424221792967,-0.18096367058980251,5.7043421081681496,-0.35538282392036125,-0.4148785332388284,0,0,0
2.8466776999999999,94,3993,4294967284,95,3993,-12,-0.012358760034877776,0.013351768777756621,0.0054977871437821377,-0.34911627736935402,-2.1499735653207455,-0.31638052105584447,2.5772146169786794,-0.34249675083546782,-0.40528031537244558,0,0,0
2.8516588,179,4008,4294967277,180,4008,-19,-0.014234643254457439,0.0015707963267948967,0.0047123889803846897,-0.36127374871386397,-2.2461780826395534,-0.24206475952850809,7.6697045217504485,-0.30414822822671556,-0.38076534592932837,0,0,0
2.8566845999999999,261,4023,4294967270,262,4023,-26,-0.016044318830993113,-0.010210176124166829,0.00392699081698724,-0.36158228410577931,-2.2975020469383054,-0.20241818577330789,10.910132703093625,-0.24959756471124744,-0.34065481588947572,0,0,0
2.8616586000000002,336,4036,4294967264,337,4036,-32,-0.017699509907092816,-0.020420352248333658,0.0031415926535897885,-0.34733311222400187,-2.1783237320952402,-0.18126721082234368,12.259725714182684,-0.18829893614033402,-0.28924668614284088,0,0,0
2.8666288999999998,403,4048,4294967259,404,4048,-37,-0.019178147268408548,-0.029845130209103034,0.0015707963267948995,-0.32325846661539792,-2.0414640011181415,-0.24326293686305409,9.6113028879664721,-0.14024242170050166,-0.23551561762619783,0,0,0
2.8716352999999999,460,4057,4294967255,461,4057,-41,-0.020436092486244322,-0.03691371367968007,0.000785398163397448,-0.28982382725876271,-1.7486124066158766,-0.20305739911230364,10.256920460533072,-0.088957819397836299,-0.17806880217346227,0,0,0
2.8766139000000002,504,4065,4294967252,505,4065,-44,-0.021407137917556149,-0.043196898986859661,-0.00078539816339745494,-0.24521841191670363,-1.519100049199861,-0.25488774281838183,6.7748448764325975,-0.055083595015673309,-0.1286640159829654,0,0,0
2.8815875000000002,537,4069,4294967250,538,4069,-46,-0.022135421991040016,-0.046338491640449446,-0.00078539816339744106,-0.19877174114361532,-1.1035398625921022,-0.13597957535869729,9.5565322476055812,-0.007300933777645402,-0.076726419710464386,0,0,0
2.8865699,559,4073,4294967249,560,4073,-47,-0.022620944706695931,-0.049480084294039245,-0.0023561944901923509,-0.15134278252541675,-0.88184345190526758,-0.21910252266952554,4.3166028897673243,0.01428208067119122,-0.036659976597865379,0,0,0
2.8915717000000001,572,4074,4294967249,573,4074,-47,-0.022907844493219878,-0.050265482457436693,-0.0031415926535897989,-0.10750800556526885,-0.54373249909014731,-0.19016810586422736,3.2202034134694628,0.030383097738538534,-0.0044214554865414889,0,0,0
2.8965445999999999,578,4074,4294967249,579,4074,-47,-0.023040259779307855,-0.050265482457436693,-0.0031415926535897989,-0.069708902242350906,-0.29007481300379773,-0.1014524197839175,5.0761145121005322,0.055763670299041196,0.027220803562399629,0,0,0
2.9015293999999998,577,4073,4294967250,578,4073,-46,-0.023018190564959858,-0.049480084294039245,-0.00392699081698724,-0.03512975892660735,-0.081471938970987798,-0.12740317705911178,2.1761736330198067,0.066644538464140229,0.050434174330785467,0,0,0
2.9065501999999999,571,4071,4294967252,572,4071,-44,-0.022885775278871881,-0.047909287967244349,-0.0054977871437821429,-0.0063866464539224805,0.10309472938491085,-0.21452711631224203,-3.304345765411699,0.050122809637081739,0.057544056041402794,0,0,0
2.9115161000000001,563,4068,4294967253,564,4068,-43,-0.022709221564087913,-0.045553093477052005,-0.004712388980384688,0.013065682276588254,0.27483836825716101,-0.041168142476679437,2.5916047867336456,0.063080833570749964,0.069879172027394798,0,0,0
2.9164937000000002,552,4066,4294967255,553,4066,-41,-0.022466460206259958,-0.043982297150257102,-0.006283185307179584,0.029620598786467011,0.2931820350241412,-0.16852175232768427,-3.6834140629859435,0.044663763255820249,0.067645868805654652,0,0,0
2.9214978,539,4062,4294967257,540,4062,-39,-0.022179560419736011,-0.040840704496667317,-0.0062831853071795979,0.042570670118936019,0.44952720137530144,-0.089904347956625261,-1.7482291147344824,0.035922617682147835,0.061946475604616379,0,0,0
2.9264809000000001,526,4060,4294967259,527,4060,-37,-0.02189266063321206,-0.039269908169872414,-0.00785398163397448,0.049479378953588851,0.38637644713927022,-0.19452193755620306,-6.5926047874538751,0.0029595937448784609,0.04220922169931858,0,0,0
2.9314657,514,4057,4294967261,515,4057,-35,-0.021627830061036107,-0.03691371367968007,-0.0086393797973719315,0.051105982578971268,0.42596579110294286,-0.17705465643421889,-6.5791001012026493,-0.029935906761134785,0.014113932833838726,0,0,0
2.9364671000000002,506,4055,4294967263,507,4055,-33,-0.02145127634625214,-0.035342917352885174,-0.010210176124166827,0.043737315191155687,0.37380671534965465,-0.24101558926391656,-9.4517819043450046,-0.077194816282859818,-0.025717986248249159,0,0,0
2.9414509999999998,504,4054,4294967263,505,4054,-33,-0.021407137917556149,-0.034557519189487719,-0.0094247779607693725,0.027451557316220759,0.27270095030094033,-0.05529942734758661,-1.0597310153734711,-0.082493471359727177,-0.053425465487102933,0,0,0
2.9464184000000002,507,4055,4294967263,508,4055,-33,-0.021473345560600137,-0.035342917352885174,-0.010210176124166827,0.0084677481219466617,0.07220319012276083,-0.10278110522611278,-1.9595525907329385,-0.092291234313391868,-0.078976902421334635,0,0,0
2.9513946,515,4057,4294967263,516,4057,-33,-0.021649899275384105,-0.03691371367968007,-0.011780972450961723,-0.011955439320347521,-0.10803949651475431,-0.2013915342113467,-5.0651700970200233,-0.11761708479849198,-0.10838802604813871,0,0,0
2.9564051999999998,528,4059,4294967261,529,4059,-35,-0.021936799061908055,-0.038484510006474966,-0.010210176124166827,-0.033146517916536319,-0.20419682334213418,0.039119053435714021,6.1924070660731712,-0.086655049468126119,-0.11344776906028811,0,0,0
2.9613749,546,4063,4294967260,547,4063,-36,-0.022334044920171981,-0.041626102660064758,-0.011780972450961723,-0.054747257298581459,-0.40205465065973039,-0.12568948944132405,0.69545988890898691,-0.083177750023581187,-0.11660995510725183,0,0,0
2.9663542000000001,567,4068,4294967258,568,4068,-38,-0.022797498421479899,-0.045553093477052005,-0.012566370614359175,-0.072448325305827413,-0.58088896455484562,-0.14033336508428468,1.4685083468153266,-0.07583520828950456,-0.11301656375940659,0,0,0
2.9709661999999999,587,4073,4294967255,588,4073,-41,-0.02323888270843982,-0.049480084294039245,-0.011780972450961727,-0.079832524024566101,-0.67629494129633716,-0.001586659763188919,8.3643261974421304,-0.034013577302293908,-0.091788398797322229,0,0,0
2.9759636,608,4077,4294967253,609,4077,-43,-0.023702336209747734,-0.052621676947629037,-0.01178097245096172,-0.085831016365983809,-0.65391337441482067,-0.000846464088274071,8.9061635658596838,0.010517240527004514,-0.05667909360548648,0,0,0
2.9809161,625,4082,4294967251,626,4082,-45,-0.02407751285366367,-0.056548667764616277,-0.012566370614359175,-0.080794699543749265,-0.71525259431558963,-0.073731097802648152,6.3600661103657981,0.042317571078833507,-0.018621258066062133,0,0,0
2.9859407999999998,636,4085,4294967250,637,4085,-46,-0.024320274211491626,-0.058904862254808621,-0.013351768777756616,-0.06575322291980111,-0.60141729906543429,-0.11261418191280256,4.1587018301896359,0.06311108022978168,0.017207469639185229,0,0,0
2.9909055000000002,640,4087,4294967249,641,4087,-47,-0.024408551068883608,-0.060475658581603517,-0.013351768777756623,-0.043315002429454873,-0.46740800541161975,-0.060078324938447933,5.5248617703451721,0.090735389081507536,0.054334571252193403,0,0,0
2.9958963000000001,637,4088,4294967248,638,4088,-48,-0.024342343425839619,-0.061261056745000965,-0.012566370614359175,-0.016930707173534419,-0.32263612385976209,0.041228448404653381,8.8360561639291433,0.13491566990115325,0.098536370463829626,0,0,0
3.0009239999999999,628,4087,4294967248,629,4087,-48,-0.024143720496707655,-0.060475658581603517,-0.011780972450961727,0.0094996617136545568,-0.098843010542960255,0.095274405530063569,9.7416489353111402,0.18362391457770896,0.14955993637921033,0,0,0
3.0058938999999998,610,4085,4294967249,611,4085,-47,-0.023746474638443728,-0.058904862254808621,-0.011780972450961727,0.042131941122600249,0.093827469571772321,0.050827760736073271,6.2732496919603058,0.21499016303751051,0.19600377072539016,0,0,0
3.0108495,583,4082,4294967250,584,4082,-46,-0.023150605851047834,-0.056548667764616277,-0.010995574287564272,0.078072865936916397,0.26989439550980443,0.10039552434154071,6.6986714723537055,0.24848352039927904,0.2415740852887695,0,0,0
3.0158597999999999,545,4076,4294967253,546,4076,-43,-0.022311975705823987,-0.051836278784231589,-0.010995574287564272,0.11989713419808157,0.58366256160881491,0.053559816635058946,2.069525377123389,0.25883114728489598,0.27342047337461073,0,0,0
3.0207644999999999,499,4069,4294967256,500,4069,-40,-0.02129679184581617,-0.046338491640449446,-0.010210176124166824,0.15868276533577824,0.82433366087814985,0.10185304362784411,1.7218891977293596,0.2674405932735428,0.29735337359097813,0,0,0
3.0267748000000001,432,4058,4294967261,433,4058,-35,-0.019818154484500434,-0.037699111843077518,-0.0094247779607693795,0.22261575317032539,1.2458469033762121,0.1276169051088541,-1.1950621663251537,0.26146528244191702,0.29525925273439679,0,0,0
3.0317354000000001,372,4049,4294967266,373,4049,-30,-0.018494001623620672,-0.030630528372500482,-0.010210176124166824,0.242309468968884,1.3241601599020909,-0.0051974201945396564,-8.5412324928990433,0.21875911997742181,0.27766868041935228,0,0,0
3.0367139999999999,312,4039,4294967270,313,4039,-26,-0.01716984876274091,-0.022776546738526002,-0.0086393797973719332,0.25281583181674772,1.4392188689252268,0.14378627680585021,-3.8077424485227542,0.19972040773480804,0.2580148024009426,0,0,0
3.0417022,254,4030,4294967275,255,4030,-21,-0.015889834330557143,-0.015707963267948967,-0.0094247779607693795,0.25430263075132353,1.4273218006733694,0.003428747046233166,-10.717298565396161,0.14613391490782723,0.21889605660611838,0,0,0
3.0466921999999999,202,4022,4294967278,203,4022,-18,-0.014742235184461348,-0.0094247779607693795,-0.0078539816339744835,0.24274115870044305,1.3476953371500886,0.14838823430056319,-4.7467433372840659,0.12240019822140691,0.1842129932423815,0,0,0
3.0516722999999999,156,4016,4294967281,157,4016,-15,-0.013727051324453531,-0.0047123889803846897,-0.0078539816339744835,0.22421858946949177,1.1586565285406838,0.079163355857386833,-7.1554912514763984,0.086622741964024919,0.14395623475114791,0,0,0
3.0566716,119,4011,4294967284,120,4011,-12,-0.012910490393577678,-0.00078539816339744833,-0.0086393797973719315,0.19580502700388289,0.98452705610149904,-0.031046811691293981,-11.130624396036838,0.030969619983840728,0.094547554143113,0,0,0
3.0616572999999998,91,4008,4294967285,92,4008,-11,-0.012292552391833788,0.0015707963267948967,-0.0078539816339744835,0.16211473743852167,0.74507201766318343,0.05671641498836362,-6.0742623600075198,0.00059830818380312775,0.051535534242097225,0,0,0
3.0666460999999998,72,4007,4294967285,73,4007,-11,-0.011873237319221864,0.0023561944901923449,-0.0070685834705770346,0.12560937680550455,0.47076656772054554,0.10353705125769004,-2.2835384863286219,-0.010819384247839983,0.019215549033941532,0,0,0
3.0716345,63,4008,4294967284,64,4008,-12,-0.011674614390089899,0.0015707963267948967,-0.0062831853071795866,0.085543099019597613,0.17786883827072741,0.12851530312468376,0.9848515504367672,-0.005895126495656146,0.0026255245416793548,0,0,0
3.0766756000000002,60,4010,4294967283,61,4010,-13,-0.011608406747045911,-0,-0.0062831853071795866,0.051813555390144324,-0.051668131590391533,0.068561383739982037,0.33790405080865993,-0.0042056062416128467,-0.0061242175998657,0,0,0
3.0816401999999998,61,4013,4294967282,62,4013,-14,-0.011630475961393907,-0.0023561944901923449,-0.0070685834705770346,0.025582804495010644,-0.24740289076845301,-0.03670283755800937,-2.5414139511363025,-0.01691267599729436,-0.015163734727686661,0,0,0
3.086624,63,4016,4294967280,64,4016,-16,-0.011674614390089899,-0.0047123889803846897,-0.0062831853071795866,0.0095299010093587641,-0.35182505380253382,0.053698992545567724,2.4030423861326615,-0.004897464066631052,-0.014006862523267178,0,0,0
3.0916671,65,4019,4294967278,66,4019,-18,-0.011718752818785892,-0.0070685834705770346,-0.0054977871437821377,0.0009658681723286244,-0.40753303422718956,0.1019272923186674,5.284900515097025,0.021527038508854072,-0.0021574101581525603,0,0,0
3.0966292000000002,66,4022,4294967276,67,4022,-20,-0.011740822033133888,-0.0094247779607693795,-0.0047123889803846897,-0.0015438310952193487,-0.43725257836247977,0.12765651590118773,7.0156030151083337,0.056605053584395743,0.020308577287099651,0,0,0
3.1016013,66,4024,4294967274,67,4024,-22,-0.011740822033133888,-0.010995574287564275,-0.003141592653589792,-0.00082361550395565768,-0.3798280819392964,0.2146622695674999,10.968800128121597,0.11144905422500373,0.060364479422800654,0,0,0
3.1066267000000001,61,4026,4294967273,62,4026,-23,-0.011630475961393907,-0.012566370614359173,-0.0031415926535897937,0.0098561622506049811,-0.34919279696062455,0.11451976442084918,6.7381069676053933,0.14513958906303071,0.10103294093717954,0,0,0
3.1115776999999998,51,4027,4294967272,52,4027,-24,-0.011409783817913946,-0.013351768777756621,-0.0023561944901923457,0.025849247811765924,-0.25956971796530381,0.13437444980509866,7.1630917651087618,0.18095504788857453,0.14647953414550677,0,0,0
3.116546,33,4026,4294967272,34,4026,-24,-0.011012537959650018,-0.012566370614359173,-0.0015707963267948977,0.050854250600211481,-0.065197834050348999,0.14496668800995635,6.4258621580627473,0.21308435867888825,0.19156403876708578,0,0,0
3.1215647999999998,4,4024,4294967273,5,4024,-23,-0.010372530743558133,-0.010995574287564275,-0.001570796326794896,0.086844334695474271,0.11177677055323895,0.077338001658231306,1.9775454282899483,0.22297208582033801,0.22362010731911264,0,0,0
3.1261711000000001,4294967266,4020,4294967275,-29,4020,-21,-0.0096221774557262683,-0.0078539816339744835,-0.0015707963267948969,0.11634016727126745,0.35274965311884365,0.041258902873450319,-1.4548626600406467,0.21569777252013478,0.24382803447862744,0,0,0
3.1308832999999998,4294967224,4014,4294967277,-71,4014,-19,-0.0086952704531104361,-0.0031415926535897933,0,0.14854872478903525,0.62786485482752297,0.16857017191850435,1.7737993072045128,0.22456676905615736,0.26015178545403628,0,0,0
3.1355906999999998,4294967177,4007,4294967280,-118,4007,-16,-0.0076580173787546219,0.0023561944901923449,0.00078539816339744822,0.17602715796959059,0.84791505790924704,0.16320969852371903,-0.4162107550380858,0.22248571528096692,0.26737488827607364,0,0,0
3.141591,4294967114,3998,4294967284,-181,3998,-12,-0.0062676568748308726,0.0094247779607693795,0.001570796326794896,0.22363233903678975,1.1118682592795597,0.16034994980499032,-3.3633350624265956,0.20566903996883393,0.25092886337944581,0,0,0
3.1465703999999999,4294967060,3991,4294967287,-235,3991,-9,-0.0050759193000390864,0.014922565104551517,0.002356194490192344,0.23049714384589043,1.1061251102319594,0.15882430792003549,-4.1503403717200094,0.18491733811023389,0.23365134463063242,0,0,0
3.1515455000000001,4294967009,3984,4294967290,-286,3984,-6,-0.0039503893682912893,0.020420352248333658,0.0031415926535897989,0.22798210467104857,1.1030612086097038,0.15801039614314299,-4.6865722392087434,0.16148447691419018,0.21193177717246431,0,0,0
3.1565715999999999,4294966961,3977,4294967293,-334,3977,-3,-0.00289106707958748,0.025918139392115794,0.0039269908169872435,0.2204630304344809,1.1014266535819552,0.15757618390297107,-5.0883783900930588,0.1360425849637249,0.18591214970685863,0,0,0
3.161524,4294966918,3972,4294967295,-377,3972,-1,-0.0019420908626236505,0.029845130209103034,0.004712388980384688,0.20615614255963891,0.95399559935638423,0.15734453684383337,-4.6172558214265784,0.112956305856592,0.15916790337522357,0,0,0
3.1665024000000002,4294966880,3967,1,-415,3967,1,-0.0011034607173998016,0.033772121026090278,0.0054977871437821395,0.18822803694423174,0.87534288767003576,0.15722095589644774,-4.2782109692799031,0.091565251010192486,0.13244562031145435,0,0,0
3.1711678999999999,4294966849,3964,2,-446,3964,2,-0.00041931507261192458,0.036128315516282622,0.0062831853071795875,0.16424983426354395,0.68682356406931244,0.15715502693273142,-3.2079864241626703,0.075525318889379134,0.10991888986120726,0,0,0
3.175948,4294966824,3962,3,-471,3962,3,0.00013241528608797618,0.037699111843077518,0.006283185307179584,0.13910308711130437,0.51297123069575956,0.083840335323713489,-5.2326538027139051,0.04936204987580961,0.085505835872584285,0,0,0
3.1807134000000001,4294966803,3961,3,-492,3961,3,0.00059586878739589279,0.038484510006474966,0.007068583470577032,0.11745115592502282,0.3469435619405517,0.11800733974030289,-2.6793164419641808,0.03596546766598871,0.064990662858407988,0,0,0
3.1867740000000002,4294966784,3960,3,-511,3960,3,0.0010151838600078174,0.039269908169872414,0.00785398163397448,0.10178188796257626,0.25836977786802989,0.1362350297048105,-1.1767621726160566,0.030081656802908426,0.047392982723183597,0,0,0
3.1907454999999998,4294966774,3960,3,-521,3960,3,0.0012358760034877777,0.039269908169872414,0.00785398163397448,0.074890527744009838,0.13783719959044766,0.072679765936959101,-2.7157085734613675,0.016503113935601589,0.034024688118140092,0,0,0
3.1967096000000002,4294966764,3962,2,-531,3962,2,0.001456568146967738,0.037699111843077518,0.0078539816339744835,0.060544307314163597,-0.073024534093182672,0.038773789590656832,-2.8398500247395919,0.0023038638119036291,0.018326223027636594,0,0,0
3.2017161000000001,4294966758,3963,1,-537,3963,1,0.0015889834330557141,0.03691371367968007,0.0086393797973719315,0.044654328511790138,-0.11223723858820621,0.093964874285104596,0.23191918507599052,0.0034634597372835817,0.010273611909515437,0,0,0
3.2067019999999999,4294966754,3965,4294967295,-541,3965,-1,0.0016772602904476983,0.035342917352885174,0.010210176124166827,0.032058993527592547,-0.20643626874779283,0.19668817999600993,5.6502589730237105,0.031714754602402133,0.017533060772590928,0,0,0
3.2116722000000002,4294966752,3967,4294967294,-543,3967,-2,0.0017213987191436902,0.033772121026090278,0.010210176124166831,0.021221311784778662,-0.25669032953026394,0.10493080168625499,2.5558355556982635,0.044493932380893449,0.028067703047376859,0,0,0
3.2166614,4294966749,3968,4294967293,-546,3968,-3,0.0017876063621876785,0.03298672286269283,0.010995574287564279,0.017498647902672661,-0.21022075319466377,0.12925885238027629,3.790783993767548,0.063447852349731187,0.044555773341252533,0,0,0
3.2216645000000002,4294966743,3970,4294967292,-552,3970,-4,0.0019200216482756546,0.031415926535897934,0.010995574287564275,0.021689981842596056,-0.25870930691358912,0.068958058412979986,1.6032453279350951,0.071464078989406668,0.058683260256846774,0,0,0
3.2266469999999998,4294966735,3970,4294967291,-560,3970,-5,0.002096575363059623,0.031415926535897934,0.012566370614359175,0.028044229110772464,-0.13801833429283303,0.18334734153212381,6.1072032930024793,0.10200009545441907,0.083004062625061825,0,0,0
3.2316220000000002,4294966723,3970,4294967291,-572,3970,-5,0.0023614059352355752,0.031415926535897934,0.012566370614359175,0.039670585407075312,-0.073631137697457258,0.097813623240601291,2.1192472246120904,0.11259633157747953,0.10250859245988735,0,0,0
3.2366228000000001,4294966708,3968,4294967292,-587,3968,-4,0.0026924441504555157,0.03298672286269283,0.012566370614359171,0.052050438822096909,0.10727770348895135,0.052182403145332436,-0.86220130991057387,0.10828532502792666,0.11468765694183797,0,0,0
3.2416081000000001,4294966688,3966,4294967292,-607,3966,-4,0.0031338284374154363,0.034557519189487719,0.014137166941154061,0.068950494502067694,0.20379041583499141,0.17439772922658317,3.5626212940844253,0.12609843149834879,0.13028194907311511,0,0,0
3.2465866000000001,4294966665,3963,4294967294,-630,3963,-2,0.0036414203674193448,0.03691371367968007,0.013351768777756623,0.084143803734270592,0.32855831780252337,0.019759592363696926,-4.0553357281463711,0.10582175285761694,0.12975039751929038,0,0,0
3.2515960000000002,4294966639,3960,4294967295,-656,3960,-1,0.0042152199404672415,0.039269908169872414,0.014137166941154067,0.098426584062077299,0.3951205076526233,0.083821026502863702,-2.1476370034491614,0.095083567840371128,0.12434400937732026,0,0,0
3.2565754999999998,4294966613,3956,0,-682,3956,0,0.0047890195135151387,0.042411500823462206,0.015707963267948963,0.10604627727463252,0.50391016254661369,0.19127655800634352,1.6445145290762202,0.10330614048575223,0.12371269074223125,0,0,0
3.2615544999999999,4294966587,3952,2,-708,3952,2,0.005362819086563035,0.045553093477052005,0.01570796326794897,0.11011129286129835,0.56194814786646918,0.10204376580128155,-2.7242156061989569,0.08968506245475745,0.11501411168128628,0,0,0
3.2665434000000002,4294966563,3949,3,-732,3949,3,0.0058924802309149402,0.047909287967244349,0.016493361431346415,0.1081617097414431,0.51963120257351469,0.12771865311708999,-1.6233513844732519,0.081568305532391194,0.10672380126039029,0,0,0
3.2711070000000002,4294966541,3946,4,-754,3946,4,0.0063780029465708528,0.050265482457436693,0.017278759594743863,0.10300340983896672,0.4970556162083698,0.14141589974018012,-0.99647709595881917,0.076585920052597095,0.099622743614153283,0,0,0
3.2759011,4294966520,3943,5,-775,3943,5,0.0068414564478787689,0.052621676947629037,0.018064157758141318,0.098192408007998486,0.48501180973316627,0.14872321769433719,-0.67282745899983976,0.0732217827575979,0.093141110413019548,0,0,0
3.2808280999999999,4294966500,3940,7,-795,3940,7,0.0072828407348386895,0.054977871437821381,0.017278759594743863,0.093566685562238835,0.47858658240723928,0.0060625462166608995,-6.8834081497988198,0.038804742008603801,0.072992948358955895,0,0,0
3.2853154999999998,4294966483,3937,7,-812,3937,7,0.0076580173787546219,0.057334065928013725,0.019634954084936207,0.084921586936571286,0.47515880014630407,0.22307285408432903,2.4531317257817733,0.05107040063751267,0.067617064364033821,0,0,0
3.2913508,4294966464,3935,8,-831,3935,8,0.0080773324513665461,0.058904862254808621,0.019634954084936207,0.084427750298910864,0.40005059983922475,0.11900671109969292,-1.7507538712673796,0.042316631281175771,0.054760274339883577,0,0,0
3.2963540999999998,4294966451,3933,9,-844,3933,9,0.0083642322378904947,0.060475658581603517,0.0196349540849362,0.071809632757450725,0.35998126943211284,0.063488663131604936,-3.7929943932491192,0.023351659314930173,0.040534187713941648,0,0,0
3.3012785,4294966439,3931,10,-856,3931,10,0.0086290628100664478,0.06204645490839842,0.019634954084936214,0.063018907054373394,0.33860475884192465,0.033870445700007322,-4.9346611074204905,-0.0013216462221722798,0.020303373959149794,0,0,0
3.3063072999999998,4294966431,3930,10,-864,3930,10,0.0088056165248504153,0.062831853071795868,0.020420352248333662,0.050092718528850444,0.25392112572095876,0.091348998712918766,-1.907475429826357,-0.010859023371304065,0.0044563896938584896,0,0,0
3.3112731000000002,4294966426,3930,10,-869,3930,10,0.0089159625965903964,0.062831853071795868,0.020420352248333662,0.037019420099123686,0.13546389664857833,0.048733602946438685,-2.9354028230233391,-0.025536037486420762,-0.012722252677608705,0,0,0
3.3162398999999998,4294966425,3930,10,-870,3930,10,0.0089380318109383919,0.062831853071795868,0.020420352248333662,0.021808530024701716,0.072268375634812559,0.025998796807887341,-3.2817221063997435,-0.041944648018419475,-0.03015120043161524,0,0,0
3.3212128999999999,4294966426,3930,10,-869,3930,10,0.0089159625965903964,0.062831853071795868,0.020420352248333662,0.0095754807896605305,0.038554317763670951,0.013870048479705287,-3.3651249141761341,-0.058770272589300149,-0.049431217404385726,0,0,0
3.3259588,4294966430,3931,9,-865,3931,9,0.0088276857391984126,0.06204645490839842,0.021205750411731103,-0.0031280360831270346,-0.052711249904956362,0.080679024978795394,0.27878767126180914,-0.0573763342329911,-0.061540715963611645,0,0,0
3.3306746,4294966437,3932,8,-858,3932,8,0.0086732012387624388,0.061261056745000965,0.021991148575128551,-0.016082541837896216,-0.10140034338283892,0.11632081831904599,2.519438935563064,-0.044779139555175776,-0.064689491269411911,0,0,0
3.3364373999999999,4294966448,3934,8,-847,3934,8,0.008430439880934483,0.059690260418206069,0.020420352248333655,-0.031230057434919141,-0.20065491421132711,-0.084503267264851106,-5.1466212841896395,-0.070512245976123974,-0.077201088523843761,0,0,0
3.3414418000000001,4294966459,3936,7,-836,3936,7,0.0081876785231065272,0.058119464091411173,0.020420352248333655,-0.039311076615547613,-0.25360604573468398,-0.045081486744086734,-2.947942445418291,-0.085251958203215433,-0.090803691300877426,0,0,0
3.3463943999999999,4294966473,3938,6,-822,3938,6,0.0078787095222345831,0.056548667764616277,0.020420352248333655,-0.049799534900453649,-0.28185484381219361,-0.024050436306651709,-1.5201089410089845,-0.092852502908260359,-0.10190816821861022,0,0,0
3.3513766,4294966490,3941,4,-805,3941,4,0.0075035328783186498,0.054192473274423933,0.021205750411731103,-0.061572333277518876,-0.37020476046619927,0.060448897936873212,3.0329699844716993,-0.077687652985901856,-0.10141052784597736,0,0,0
3.3564124,4294966508,3944,3,-787,3944,3,0.0071062870200547211,0.051836278784231589,0.020420352248333655,-0.069912091273220442,-0.41733838885000285,-0.041030752123113572,-0.6126549454006105,-0.080750927712904902,-0.10338724669632644,0,0,0
3.3613730999999998,4294966527,3946,2,-768,3946,2,0.0066869719474427968,0.050265482457436693,0.020420352248333658,-0.076420363109229644,-0.36920409899065859,-0.02188941762619177,0.39077735693690041,-0.078797040928220402,-0.10250576115572907,0,0,0
3.3663419000000001,4294966547,3949,0,-748,3949,0,0.0062455876604828762,0.047909287967244349,0.021205750411731106,-0.081951558890044851,-0.4168045478695882,0.061601775667523999,4.6169436521003959,-0.055712322667718417,-0.090270302848263845,0,0,0
3.3713612999999998,4294966566,3952,4294967295,-729,3952,-1,0.005826272587870952,0.045553093477052005,0.020420352248333658,-0.082843275705882444,-0.44219882047708803,-0.040415705583327244,0.69598770273297328,-0.052232384154053547,-0.081218464169959606,0,0,0
3.3759453000000001,4294966583,3954,4294967294,-712,3954,-2,0.0054510959439550196,0.043982297150257102,0.020420352248333655,-0.079200775482316202,-0.38246684320309382,-0.021561297621749621,1.4003957313250255,-0.045230405497428419,-0.071441758156089302,0,0,0
3.3809296,4294966598,3955,4294967293,-697,3955,-3,0.0051200577287350791,0.043196898986859661,0.02120575041173111,-0.07313932446580565,-0.27732102537807518,0.061776823782343296,4.6152515793888487,-0.022154147600484175,-0.054613095163974439,0,0,0
3.385891,4294966612,3956,4294967293,-683,3956,-3,0.0048110887278631342,0.042411500823462206,0.020420352248333655,-0.067846502271044606,-0.22122698374039437,-0.040322319498703851,0.053543310336497507,-0.021886431048801686,-0.043108394949722989,0,0,0
3.3909229999999999,4294966623,3956,4294967293,-672,3956,-3,0.0045683273700351783,0.042411500823462206,0.020420352248333655,-0.05884551387371488,-0.11802196125350554,-0.021511477257729089,0.26410331915979579,-0.020565914453002706,-0.034155388030406242,0,0,0
3.3958735,4294966631,3956,4294967293,-664,3956,-3,0.0043917736552512099,0.042411500823462206,0.020420352248333655,-0.04786626296752839,-0.062963310815960835,-0.011476116938775573,0.22643302872276816,-0.019433749309388865,-0.028251084779971646,0,0,0
3.4008653999999998,4294966638,3956,4294967293,-657,3956,-3,0.0042372891548152379,0.042411500823462206,0.020420352248333655,-0.039949853097256009,-0.033590176495982761,-0.0061223717188056562,0.15726185417599942,-0.018647440038508867,-0.023782851362000541,0,0,0
3.4058769999999998,4294966643,3954,4294967293,-652,3954,-3,0.0041269430830752577,0.043982297150257102,0.021991148575128551,-0.031608322181828352,0.1286390794457789,0.14329282618281822,5.6939598396761655,0.0098223591598719621,-0.0089734791088098877,0,0,0
3.4108453999999999,4294966647,3953,4294967294,-648,3953,-2,0.0040386662256832731,0.04476769531365455,0.021205750411731103,-0.025099104514258827,0.14190693622526235,0.0031654970153039558,-0.52490951364683802,0.0071978115916377719,-0.0018973895026624735,0,0,0
3.4158191000000002,4294966649,3951,4294967295,-646,3951,-1,0.0039945277969872812,0.046338491640449446,0.0212057504117311,-0.017508293880849315,0.22226469910343613,0.0016887549600487686,-1.2499398530123478,0.0009481123265760328,0.00059454839161754533,0,0,0
3.4208327999999999,4294966649,3949,0,-646,3949,0,0.0039945277969872812,0.047909287967244349,0.021205750411731106,-0.0093404662807563456,0.26513460862566524,0.00090093065995769731,-1.8380374064453504,-0.0082420747056507187,-0.0022333285169214854,0,0,0
3.4258196000000001,4294966650,3947,1,-645,3947,1,0.0039724585826392857,0.049480084294039245,0.021205750411731106,-0.0070421377887421189,0.28800519482192688,0.00048063577798627982,-2.2011581861799305,-0.019247865636550371,-0.0079236165319542112,0,0,0
3.4307973,4294966650,3945,2,-645,3945,2,0.0039724585826392857,0.051050880620834134,0.0212057504117311,-0.0037568966461165561,0.30020638019390444,0.00025641346370734031,-2.5456109419944299,-0.031975920346522524,-0.018425146184531411,0,0,0
3.4357926999999999,4294966652,3942,3,-643,3942,3,0.0039283201539432929,0.053407075111026485,0.021991148575128551,-0.0061224801456046512,0.37999508657906778,0.073416312821300608,0.10887004702765291,-0.031431570111384262,-0.024734812403059164,0,0,0
3.4408045999999999,4294966654,3940,4,-641,3940,4,0.003884181725247301,0.054977871437821381,0.021991148575128551,-0.0073844907710630854,0.34928189194709935,0.039166728581982953,-1.3682678839288185,-0.038272909531028354,-0.034078964651203206,0,0,0
3.4456870999999998,4294966659,3939,5,-636,3939,5,0.0037738356535073209,0.055763269601218829,0.02120575041173111,-0.014235089198737555,0.25961724907956402,-0.052384536026530912,-4.9405217627654956,-0.062975518344855833,-0.050452242390162681,0,0,0
3.4516695999999998,4294966667,3937,7,-628,3937,7,0.0035972819387233529,0.057334065928013725,0.019634954084936207,-0.024067132664911246,0.28506174920981409,-0.17450556471152176,-10.372157611439496,-0.11483630640205331,-0.082525093325575311,0,0,0
3.4566644000000002,4294966677,3936,7,-618,3936,7,0.0033765897952433926,0.058119464091411173,0.020420352248333655,-0.033430631290646322,0.22535656772105156,-0.019817121310707744,-3.5449953740632152,-0.13256128327236938,-0.11079543544466512,0,0,0
3.4616394000000001,4294966693,3936,8,-602,3936,8,0.0030234823656754561,0.058119464091411173,0.018849555921538759,-0.05078060787474778,0.12022504512834674,-0.15713123680300428,-8.7621592286434993,-0.17637207941558689,-0.14946808028133257,0,0,0
3.4666299999999999,4294966715,3937,7,-580,3937,7,0.0025379596500195432,0.057334065928013725,0.019634954084936207,-0.072391275339399319,-0.00914088946515354,-0.010548124280801874,-1.5155712324779838,-0.18394993557797681,-0.17706301251134138,0,0,0
3.4711533000000001,4294966741,3940,6,-554,3940,6,0.0019641600769716465,0.054977871437821381,0.018849555921538759,-0.092156750123203443,-0.22471511354769055,-0.078906817979173705,-2.9719773066398822,-0.19880982211117623,-0.20497633606298518,0,0,0
3.4761449,4294966777,3943,5,-518,3943,5,0.0011696683604437896,0.052621676947629037,0.018064157758141318,-0.12329249816233091,-0.33972139484192898,-0.11537536698979889,-3.1786929806866495,-0.21470328701460947,-0.22691363808867543,0,0,0
3.4811342999999999,4294966818,3948,3,-477,3948,3,0.00026483057217595237,0.04869468613064179,0.017278759594743856,-0.15019860026202186,-0.54763491489711336,-0.13483090358634159,-2.271492010639383,-0.22606074706780638,-0.24459766215786835,0,0,0
3.4861281000000002,4294966865,3954,0,-430,3954,0,-0.00077242250217986099,0.043982297150257102,0.01727875959474386,-0.17690734688621218,-0.73183382111540185,-0.071930681374365646,2.2188206340323733,-0.2149666438976445,-0.24806915938797167,0,0,0
3.4911153000000001,4294966915,3960,4294967293,-380,3960,-3,-0.0018758832195796625,0.039269908169872414,0.017278759594743863,-0.19733347592634937,-0.83010174397486569,-0.038374161897292383,5.077229918498265,-0.18958049430515317,-0.23772964419637557,0,0,0
3.4961044999999999,4294966965,3966,4294967290,-330,3966,-6,-0.0029793439369794638,0.034557519189487719,0.01727875959474386,-0.20823057251635269,-0.88252651055664955,-0.020472158377807786,6.913327121972431,-0.155013858695291,-0.21517765966871311,0,0,0
3.5011188999999998,4294967014,3972,4294967288,-281,3972,-8,-0.0040607354400312694,0.029845130209103034,0.015707963267948967,-0.21198493351186831,-0.91049449920626102,-0.15748069127752509,1.780571678901266,-0.14611100030078467,-0.19511339821151658,0,0,0
3.5061148000000002,4294967058,3976,4294967286,-237,3976,-10,-0.0050317808713430945,0.026703537555513242,0.015707963267948967,-0.20369228907902956,-0.77885604949856624,-0.084014073373354217,4.5862569907136184,-0.12317971534721657,-0.17074004801019579,0,0,0
3.5111260999999998,4294967098,3980,4294967284,-197,3980,-12,-0.0059145494452629357,0.023561944901923447,0.015707963267948963,-0.19103182097957461,-0.70862850424981638,-0.044820507628738959,6.0896464598209183,-0.092731483048111976,-0.14099715921276396,0,0,0
3.5161490999999998,4294967132,3983,4294967283,-163,3983,-13,-0.0066649027330948005,0.021205750411731103,0.014922565104551515,-0.17192295044455264,-0.59788342590102939,-0.097190726348607176,3.2600125918943421,-0.076431420088640262,-0.11572003138026667,0,0,0
3.5211193999999999,4294967160,3984,4294967283,-135,3984,-13,-0.0072828407348386895,0.020420352248333658,0.014137166941154071,-0.14937393400359289,-0.39224320687096598,-0.12512961436349293,0.81085596602497745,-0.072377140258515368,-0.098259949659045998,0,0,0
3.5261477999999999,4294967183,3984,4294967283,-112,3984,-13,-0.0077904326648425984,0.020420352248333658,0.014137166941154071,-0.12704875095292012,-0.20925707967704438,-0.06675515910574574,2.0498606906534587,-0.062127836805248075,-0.08290496116670755,0,0,0
3.5311230999999998,4294967201,3983,4294967283,-94,3983,-13,-0.0081876785231065272,0.021205750411731103,0.014922565104551515,-0.10484298035035403,-0.038356640692188623,0.037666436890209515,5.2986857222238388,-0.035634408194128879,-0.063446868242987203,0,0,0
3.5360311000000002,4294967216,3982,4294967284,-79,3982,-12,-0.0085187167383264668,0.021991148575128551,0.014137166941154067,-0.086819135392222052,0.052816708268473955,-0.053184923777255609,0.55401079694783295,-0.032864354209389712,-0.051624759698833171,0,0,0
3.5410949,4294967228,3979,4294967285,-67,3979,-11,-0.0087835473105024198,0.024347343065320895,0.014922565104551515,-0.071026297963224433,0.24801564274791488,0.044905995831263069,3.4038483001814948,-0.01584511270848224,-0.036505086947109008,0,0,0
3.5460492000000001,4294967236,3976,4294967287,-59,3976,-9,-0.0089601010252863874,0.026703537555513242,0.014137166941154069,-0.054364566219433641,0.35215194968636954,-0.049322705297451266,-1.7059096984471629,-0.024374661200718052,-0.032942243034540589,0,0,0
3.5509998,4294967243,3973,4294967289,-52,3973,-7,-0.0091145855257223594,0.029059732045705586,0.013351768777756619,-0.04341662049444605,0.40770742928824255,-0.099592595188603486,-4.7246014371686691,-0.047997668386561401,-0.040401897489361301,0,0,0
3.5560173000000002,4294967249,3969,4294967291,-46,3969,-5,-0.009247000811810336,0.032201324699295375,0.013351768777756616,-0.035516911565532813,0.51062513534271314,-0.053131463493977397,-3.7911117965064092,-0.066953227369093454,-0.053723650980382828,0,0,0
3.5609921,4294967256,3966,4294967293,-39,3966,-3,-0.009401485312246308,0.034557519189487719,0.012566370614359168,-0.033361621191592153,0.49225098659317135,-0.10162452232829564,-6.2781996943039431,-0.09834422584061317,-0.077307286227801364,0,0,0
3.5659603,4294967266,3963,4294967294,-29,3963,-2,-0.0096221774557262683,0.03691371367968007,0.013351768777756623,-0.038389130232413478,0.4824485970513549,0.019064046867050002,-1.3221283876767518,-0.10495486777899693,-0.095564999286940136,0,0,0
3.5709574000000002,4294967281,3961,0,-14,3961,0,-0.0099532156709462097,0.038484510006474966,0.011780972450961723,-0.051366797747147835,0.40393961967454217,-0.1363885966124605,-7.6884428059718957,-0.14339708180885641,-0.12499679435632399,0,0,0
3.5759590000000001,4,3960,0,5,3960,0,-0.010372530743558133,0.039269908169872414,0.012566370614359171,-0.066526669867280896,0.28877649590825477,0.00051782723864092495,-1.2568565239604323,-0.14968136442865856,-0.14585095577783638,0,0,0
3.5809239000000002,28,3960,1,29,3960,1,-0.010902191887910039,0.039269908169872414,0.010995574287564275,-0.084909832419439391,0.15405882155407263,-0.14628278391897648,-6.733916272447245,-0.18335094579089478,-0.17518161177394331,0,0,0
3.5858997000000001,59,3961,0,60,3961,0,-0.011586337532697916,0.038484510006474966,0.011780972450961723,-0.10913080255665224,0.0089090273346101312,-0.0047606038604101064,0.4265139324183706,-0.18121837612880293,-0.18990161947454917,0,0,0
3.5909344999999999,95,3963,0,96,3963,0,-0.012380829249225773,0.03691371367968007,0.010210176124166827,-0.13234795299313185,-0.14180617859781436,-0.14909876404996511,-4.5589901889076803,-0.20401332707334133,-0.20917527456765631,0,0,0
3.5958828,134,3965,4294967295,135,3965,-1,-0.013241528608797617,0.035342917352885174,0.010210176124166827,-0.15091135704822614,-0.22221094610910602,-0.079542415017058707,-0.77257218444269871,-0.20787618799555482,-0.22190968115951651,0,0,0
3.6008502999999998,178,3969,4294967294,179,3969,-2,-0.014212574040109442,0.032201324699295375,0.008639379797371928,-0.17111026335533458,-0.41166497062736362,-0.18899396973226129,-4.0638195552807383,-0.22819528577195852,-0.23734427167647812,0,0,0
3.6059169,225,3973,4294967292,226,3973,-4,-0.015249827114465256,0.029059732045705586,0.008639379797371928,-0.18806347011140384,-0.51273643651713496,-0.10082603214019382,0.72833556042126624,-0.22455360796985219,-0.24348952967778761,0,0,0
3.6108587000000001,274,3977,4294967290,275,3977,-6,-0.016331218617517063,0.025918139392115794,0.008639379797371935,-0.20122602454701355,-0.56665685991844894,-0.053789487418761585,3.5968283737557258,-0.20656946610107355,-0.23932585356259389,0,0,0
3.6158331000000001,323,3982,4294967288,324,3982,-8,-0.017412610120568866,0.021991148575128551,0.0078539816339744817,-0.20824809058674926,-0.66870228296165735,-0.10197557025582153,2.5010934198351045,-0.19406399900189802,-0.23198119286968003,0,0,0
3.6208154000000001,371,3986,4294967287,372,3986,-9,-0.018471932409272678,0.018849555921538759,0.0062831853071795857,-0.20993516893108338,-0.64986278161354538,-0.20096179089773891,-1.5025975204332305,-0.20157698660406417,-0.23077314730779461,0,0,0
3.6258146,418,3989,4294967285,419,3989,-11,-0.01950918548362849,0.016493361431346415,0.0070685834705770355,-0.20877609487380228,-0.56653261271021593,-0.033931202916267028,5.5440321280436349,-0.173856825963846,-0.21656394911717775,0,0,0
3.6308047999999999,463,3993,4294967284,464,3993,-12,-0.02050230012928831,0.013351768777756621,0.0054977871437821377,-0.20403952214210894,-0.59535647926369661,-0.16466093125625836,0.24590926481475694,-0.1726272796397722,-0.20871390839491835,0,0,0
3.6357662999999998,506,3995,4294967283,507,3995,-13,-0.02145127634625214,0.011780972450961723,0.0054977871437821369,-0.19739439647172247,-0.46417463022514371,-0.087844645893184733,3.0147086225206712,-0.15755373652716884,-0.19643981507028985,0,0,0
3.6417994999999999,555,3998,4294967282,556,3998,-14,-0.022532667849303946,0.0094247779607693795,0.0047123889803846897,-0.20620396263909144,-0.46747019528778166,-0.12014359174214598,2.0690487555882751,-0.14720849274922745,-0.17706317240987068,0,0,0
3.6457446,585,3999,4294967282,586,3999,-14,-0.023194744279743829,0.0086393797973719298,0.00392699081698724,-0.17178066628536967,-0.32266930141808109,-0.13737469470736346,-0.032017443143653068,-0.14736857996494571,-0.17669691814585542,0,0,0
3.6517183000000002,627,4001,4294967281,628,4001,-15,-0.024121651282359661,0.0070685834705770346,0.0039269908169872417,-0.17812557077720684,-0.31869926825126582,-0.073287763643654261,2.9554506107285174,-0.13259132691130313,-0.16060068394387508,0,0,0
3.6567402000000002,661,4001,4294967281,662,4001,-15,-0.024872004570191526,0.0070685834705770346,0.0039269908169872417,-0.16503761966094729,-0.17002226425149927,-0.039098149126589071,3.5530886149696523,-0.11482588383645487,-0.14620156671871617,0,0,0
3.6617207999999999,691,4002,4294967281,692,4002,-15,-0.025534081000631405,0.0062831853071795866,0.0031415926535897933,-0.14981891255275759,-0.16398437249053649,-0.094137916234756341,0.8392145387454355,-0.11062981114272769,-0.13760458353261135,0,0,0
3.6666903999999998,719,4001,4294967282,720,4001,-14,-0.026152019002375296,0.0070685834705770346,0.0023561944901923449,-0.13758169302329398,-0.014204190556731749,-0.1235009765233914,-1.4460659735047057,-0.11786014101025122,-0.13578392338054748,0,0,0
3.6716845,746,4000,4294967282,747,4000,-14,-0.026747887789771187,0.0078539816339744835,0.0031415926535897937,-0.12899417187353657,0.065701752786411993,0.007393219078665858,3.5191802671126822,-0.10026423967468781,-0.12640533325341324,0,0,0
3.6766778000000002,770,4000,4294967283,771,4000,-13,-0.027277548934123094,0.0078539816339744835,0.0015707963267948969,-0.11823550081998638,0.03505110267536251,-0.14261484425073834,-3.1447172909754242,-0.11598782612956493,-0.13056526743851637,0,0,0
3.6816360000000001,795,3998,4294967284,796,3998,-12,-0.027829279292822993,0.0094247779607693795,0.001570796326794896,-0.11455498819967125,0.16525838444095139,-0.07608332102058149,-1.157001400008578,-0.12177283312960782,-0.1342178791012637,0,0,0
3.6866536000000001,820,3997,4294967284,821,3997,-12,-0.028381009651522893,0.010210176124166829,0.0023561944901923457,-0.11259147854762261,0.16144289934422001,0.032689973596875532,3.3444429901180843,-0.1050506181790174,-0.12952527984800274,0,0,0
3.6916475000000002,846,3997,4294967285,847,3997,-11,-0.028954809224570791,0.010210176124166829,0.00078539816339744974,-0.11360307979423298,0.086127864191361064,-0.12911932697201831,-3.3641785205925823,-0.1218715107819803,-0.13460342865883798,0,0,0
3.6966152999999999,872,3996,4294967286,873,3996,-10,-0.029528608797618688,0.010995574287564275,0,-0.11414275701223253,0.11922770914921985,-0.1421631425612872,-4.2875151152807174,-0.14330908635838388,-0.14623995928681155,0,0,0
3.7016273000000002,900,3996,4294967286,901,3996,-10,-0.030146546799362576,0.010995574287564275,0,-0.11854888890650966,0.063606562959182572,-0.075842343548533489,-1.2805993734405932,-0.14971208322558685,-0.15501345744808903,0,0,0
3.7065929999999998,929,3996,4294967287,930,3996,-9,-0.030786554015454461,0.010995574287564275,-0.0015707963267948977,-0.12295861806260397,0.033933343853960386,-0.18702002566761697,-5.9923555268078008,-0.17967386085962586,-0.174925941729315,0,0,0
3.7115684,961,3996,4294967287,962,3996,-9,-0.031492768874590335,0.010995574287564275,-0.0015707963267948977,-0.13148848684047945,0.018103034836987348,-0.099772956489226114,-2.1615538624640664,-0.19048163017194619,-0.19126411252501108,0,0,0
3.7165826000000002,996,3997,4294967286,997,3997,-10,-0.032265191376770197,0.010210176124166829,-0.00078539816339744627,-0.1422164010402078,-0.063621765793876725,0.020051835192064382,3.57716460395637,-0.17259580715216433,-0.19431607947572752,0,0,0
3.7215471999999998,1033,3999,4294967286,1034,3999,-10,-0.033081752307646047,0.0086393797973719298,-0.0023561944901923457,-0.15205783603345091,-0.18050049296925486,-0.13586162330454649,-2.3183031806917151,-0.18418732305562291,-0.20330605553555273,0,0,0
3.7265548000000002,1073,4001,4294967285,1074,4001,-11,-0.033964520881565888,0.0070685834705770346,-0.0023561944901923449,-0.16348545518975563,-0.24285390201920481,-0.07248055806928097,0.98287373667860756,-0.17927295437222987,-0.20462712250367518,0,0,0
3.7315304,1114,4003,4294967285,1115,4003,-11,-0.034869358669833726,0.0054977871437821377,-0.0039269908169872417,-0.17164106418188951,-0.27611870318628551,-0.18522655314963266,-3.4691715098188167,-0.19661881192132397,-0.21302535913357534,0,0,0
3.7365048000000001,1156,4005,4294967284,1157,4005,-12,-0.035796265672449562,0.0039269908169872417,-0.0039269908169872417,-0.17805109471750924,-0.29386507846143639,-0.098816160259182315,0.50134080828698746,-0.19411210787988903,-0.21575682046354799,0,0,0
3.7415026,1200,4008,4294967283,1201,4008,-13,-0.036767311103761385,0.0015707963267948967,-0.0047123889803846897,-0.18558899019723357,-0.37661207762278009,-0.1259967639976407,-0.0065693884422666216,-0.19414495482210037,-0.2167160221755097,0,0,0
3.7465193999999999,1244,4011,4294967282,1245,4011,-14,-0.037738356535073209,-0.00078539816339744833,-0.0054977871437821377,-0.18961036766755596,-0.4207566162488825,-0.14049729240077458,-0.21126785755810751,-0.1952012941098909,-0.21769186544208441,0,0,0
3.7514769000000001,1288,4014,4294967281,1289,4014,-15,-0.038709401966385039,-0.0031415926535897933,-0.0062831853071795866,-0.19175572465775564,-0.4443072018926193,-0.14823315161837489,-0.25420648091302134,-0.19647232651445601,-0.21880796951797929,0,0,0
3.7564753,1332,4017,4294967280,1333,4017,-16,-0.039680447397696862,-0.0054977871437821377,-0.0070685834705770346,-0.19290024706316561,-0.45687115887177399,-0.15236014038532192,-0.21084815293777037,-0.19752656727914486,-0.22004082528096386,0,0,0
3.7614348,1375,4019,4294967279,1376,4019,-17,-0.040629423614660688,-0.0070685834705770346,-0.0070685834705770346,-0.191451725873718,-0.390294361005117,-0.081282320452537901,2.6646006454070421,-0.18420356405210964,-0.21594641482236382,0,0,0
3.7664420999999999,1419,4022,4294967278,1420,4022,-18,-0.041600469045972518,-0.0094247779607693795,-0.0078539816339744835,-0.19273806733217597,-0.42805595149229292,-0.11664266926969688,1.521916744393577,-0.17659398033014176,-0.20998624479933795,0,0,0
3.7714075999999999,1461,4024,4294967277,1462,4024,-19,-0.042527376048588347,-0.010995574287564275,-0.0078539816339744817,-0.1893060946558979,-0.37492179102584322,-0.062227474968461323,3.7138420899250657,-0.15802476988051642,-0.19881558431078242,0,0,0
3.7764044000000001,1503,4027,4294967276,1504,4027,-20,-0.043454283051204183,-0.013351768777756621,-0.0086393797973719315,-0.18747517810415412,-0.41985486847888587,-0.106477136126361,2.1555088281242636,-0.1472472257398951,-0.18634364420643451,0,0,0
3.7814049999999999,1542,4029,4294967275,1543,4029,-21,-0.044314982410776027,-0.014922565104551517,-0.0086393797973719315,-0.18032107513985496,-0.37054661090414104,-0.056804284096899887,4.0744787602628882,-0.12687483193858065,-0.16953386619142771,0,0,0
3.7863712999999999,1578,4030,4294967275,1579,4030,-21,-0.045109474127303886,-0.015707963267948967,-0.0094247779607693795,-0.17032711561780017,-0.27096172340354518,-0.10358392838066884,1.5185287872955469,-0.11928218800210291,-0.1561839725405933,0,0,0
3.7913595999999998,1610,4030,4294967275,1611,4030,-21,-0.045815688986439757,-0.015707963267948967,-0.0094247779607693795,-0.15675901617905436,-0.14455485257731285,-0.055260792219520578,2.7530541060622093,-0.10551691747179187,-0.1423131150931507,0,0,0
3.7963638999999998,1640,4030,4294967275,1641,4030,-21,-0.046477765416879639,-0.015707963267948967,-0.0094247779607693795,-0.14540237618430268,-0.07711829235942648,-0.029480974553374128,3.3169286651653804,-0.088932274145964968,-0.12612514694320598,0,0,0
3.8013371,1666,4030,4294967275,1667,4030,-21,-0.047051564989927533,-0.015707963267948967,-0.0094247779607693795,-0.13110730294141071,-0.04114169057903605,-0.015727748837984955,3.4210235532469682,-0.071827156379730125,-0.10961369935735049,0,0,0
3.8063589000000002,1690,4029,4294967276,1691,4029,-20,-0.047581226134279439,-0.014922565104551517,-0.010210176124166827,-0.11936283107961188,0.051330917320746391,-0.081670085996753905,-0.15529635909375905,-0.072603638175198923,-0.099242488931467171,0,0,0
3.8113225000000002,1710,4027,4294967277,1711,4027,-19,-0.048022610421239363,-0.013351768777756621,-0.010210176124166827,-0.10486085415430524,0.17394347167943425,-0.043570018277654485,0.43214767445591651,-0.070442899802919345,-0.092171064196137853,0,0,0
3.8162992999999998,1729,4025,4294967278,1730,4025,-18,-0.048441925493851283,-0.011780972450961723,-0.010210176124166827,-0.095065111904654775,0.23935580924805494,-0.023244085879750371,0.59887004799060639,-0.067448549562966309,-0.085938842925627507,0,0,0
3.821269,1746,4022,4294967279,1747,4022,-17,-0.048817102137767215,-0.0094247779607693795,-0.0094247779607693795,-0.085720979545627393,0.3475320316433621,0.060879076286871302,3.3269808101674418,-0.050813645512129101,-0.075201523832057193,0,0,0
3.8262828999999998,1762,4020,4294967281,1763,4020,-15,-0.049170209567335151,-0.0078539816339744835,-0.010995574287564277,-0.078676885947786518,0.33196323873846412,-0.11408077638836156,-4.5311324804201707,-0.073469307914229953,-0.079141433842986428,0,0,0
3.8312398000000001,1777,4017,4294967282,1778,4017,-14,-0.049501247782555095,-0.0054977871437821377,-0.010210176124166827,-0.072859835638087206,0.39693699242305458,0.012418783666399147,0.1518852864171617,-0.072709881482144148,-0.080011318518852251,0,0,0
3.8362330999999998,1792,4014,4294967284,1793,4014,-12,-0.049832285997775033,-0.0031415926535897933,-0.010995574287564277,-0.069756508572584155,0.43159971624727017,-0.066654246100156508,-3.7761156084491958,-0.091590459524390128,-0.089863588195234684,0,0,0
3.8412568999999999,1808,4012,4294967285,1809,4012,-11,-0.050185393427342968,-0.0015707963267948967,-0.010995574287564275,-0.07016003080309835,0.37681234732025204,-0.035559246515088953,-2.5254489200381167,-0.10421770412458072,-0.10125943001857667,0,0,0
3.8462201,1826,4010,4294967287,1827,4010,-9,-0.050582639285606898,-0,-0.012566370614359173,-0.074493525633009705,0.34758393845547314,-0.16552947312800695,-8.226085054337009,-0.14534812939626576,-0.12701362051417509,0,0,0
3.8511864999999998,1847,4009,4294967288,1848,4009,-8,-0.051046092786914819,0.00078539816339744833,-0.013351768777756621,-0.082982724305734556,0.25871141111255491,-0.1615875219303935,-7.8621875894335513,-0.18465906734343351,-0.16001414620375351,0,0,0
3.8562088999999999,1873,4008,4294967288,1874,4008,-8,-0.051619892359962713,0.0015707963267948967,-0.012566370614359173,-0.09780716201414219,0.21129897614993962,-0.012925499326770423,-1.1804279924165346,-0.19056120730551618,-0.183451724838086,0,0,0
3.8611966999999998,1905,4009,4294967288,1906,4009,-8,-0.052326107219098583,0.00078539816339744833,-0.013351768777756621,-0.11807048456502348,0.039445968143718813,-0.080175119254255092,-2.9359022190427386,-0.20524071840072988,-0.20598260191170653,0,0,0
3.8661599,1943,4011,4294967287,1944,4011,-9,-0.053164737364322437,-0.00078539816339744833,-0.013351768777756621,-0.14123538740818098,-0.12551508433780106,-0.042772471323954113,-0.068341871149109501,-0.20558242775647542,-0.21924812797801188,0,0,0
3.8711633999999999,1985,4014,4294967286,1986,4014,-10,-0.054091644366938266,-0.0031415926535897933,-0.014137166941154069,-0.16183002825716972,-0.28679936062256345,-0.09609812336988223,-1.0639504752516653,-0.21090218013273374,-0.22974812905932271,0,0,0
3.8761502999999999,2030,4018,4294967284,2031,4018,-12,-0.055084759012598086,-0.0062831853071795866,-0.014137166941154071,-0.17899435467856586,-0.44612212059274847,-0.051267204394035974,2.1589356815652172,-0.20010750172490765,-0.23041605789257499,0,0,0
3.8811110000000002,2076,4021,4294967283,2077,4021,-13,-0.056099942872605904,-0.0086393797973719298,-0.014922565104551515,-0.19021042867870186,-0.45783939638459126,-0.10062996229976837,0.60318960908541452,-0.19709155367948059,-0.2297121976745839,0,0,0
3.8861148000000001,2122,4025,4294967281,2123,4025,-15,-0.057115126732613722,-0.011780972450961723,-0.014922565104551517,-0.19619407058657096,-0.53736994277158678,-0.053684886493873277,3.3757517152520342,-0.18021279510322041,-0.22128202120693599,0,0,0
3.8911006000000001,2168,4029,4294967279,2169,4029,-17,-0.05813031059262154,-0.014922565104551517,-0.014922565104551517,-0.19938627228577277,-0.57979854214701754,-0.028640247616059007,5.0650339223018612,-0.15488762549171112,-0.20413425973661137,0,0,0
3.8960705,2211,4032,4294967278,2212,4032,-18,-0.059079286809585373,-0.01727875959474386,-0.015707963267948963,-0.19491194308849608,-0.52915417534346787,-0.088558750321084678,2.4882059043175335,-0.14244659597012344,-0.18853460995627475,0,0,0
3.9010493999999998,2251,4035,4294967277,2252,4035,-19,-0.059962055383505214,-0.019634954084936207,-0.016493361431346415,-0.18634761095796545,-0.50213600877292497,-0.12052455795022643,1.0271985811526054,-0.13731060306436041,-0.17591171888545956,0,0,0
3.9060731,2288,4037,4294967276,2289,4037,-20,-0.060778616314381063,-0.021205750411731103,-0.016493361431346415,-0.17560131097001619,-0.41444261937240723,-0.064298416350465348,2.9976633612812336,-0.12232228625795424,-0.16076281918588059,0,0,0
3.9110483999999999,2322,4039,4294967275,2323,4039,-21,-0.061528969602212928,-0.022776546738526002,-0.016493361431346415,-0.16369095711499115,-0.36765924045981657,-0.03430243939899074,4.0045990504295084,-0.1022992910058067,-0.14272679388491874,0,0,0
3.9160172000000002,2353,4040,4294967275,2354,4040,-21,-0.062213115247000808,-0.023561944901923447,-0.01727875959474386,-0.15115959438449267,-0.26942134565692916,-0.091579462206752504,0.96102121709327193,-0.097494184920340343,-0.12962785952570338,0,0,0
3.9210294999999999,2381,4040,4294967275,2382,4040,-21,-0.062831053248744689,-0.023561944901923447,-0.01727875959474386,-0.1382969308144659,-0.14373307939371144,-0.048856552475830234,1.985118474519298,-0.087568592547743851,-0.11645988100922589,0,0,0
3.9260109000000001,2405,4040,4294967275,2406,4040,-21,-0.063360714393096595,-0.023561944901923447,-0.01727875959474386,-0.12319841192926348,-0.076679886152397111,-0.026064388917622989,2.3343093101794699,-0.075897045996846504,-0.10430536722764823,0,0,0
3.9310141999999999,2427,4039,4294967275,2428,4039,-21,-0.063846237108752507,-0.022776546738526002,-0.016493361431346415,-0.11102531138545235,0.032371713203491227,0.059374478202897894,5.2609950636611149,-0.049592070678540934,-0.085174654777373141,0,0,0
3.9359861,2447,4038,4294967276,2448,4038,-20,-0.064287621395712438,-0.021991148575128551,-0.017278759594743863,-0.10041288668823425,0.090549442774296524,-0.041603942256022673,0.39610148042181192,-0.047611563276431873,-0.07247204256930613,0,0,0
3.9409618000000002,2463,4037,4294967276,2464,4037,-20,-0.064640728825280366,-0.021205750411731103,-0.016493361431346415,-0.086514843443782935,0.12158656866703954,0.051084311555986972,3.8310931987874017,-0.028456097282494864,-0.05584984501085092,0,0,0
3.9459387000000001,2476,4035,4294967277,2477,4035,-19,-0.064927628611804317,-0.019634954084936207,-0.016493361431346415,-0.072923072095238017,0.21142402500453028,0.027252871856706679,2.0221447253021694,-0.018345373655984015,-0.041740455022218473,0,0,0
3.950952,2487,4032,4294967279,2488,4032,-17,-0.065170389969632272,-0.01727875959474386,-0.01727875959474386,-0.061553803418514519,0.33263075738651593,-0.058740436708431792,-2.6777008028425575,-0.031733877670196801,-0.038145474154541219,0,0,0
3.9559332999999999,2495,4029,4294967280,2496,4029,-16,-0.065346943684416237,-0.014922565104551517,-0.016493361431346415,-0.049311103186905139,0.39729310567237108,0.041942195842577641,0.79404113327624049,-0.027763672003815597,-0.033816716756848116,0,0,0
3.9609002000000002,2502,4026,4294967282,2503,4026,-14,-0.065501428184852217,-0.012566370614359173,-0.017278759594743863,-0.040720658147823774,0.43178969842486026,-0.050903857295791041,-3.8324408747143268,-0.046925876377387231,-0.040487602573107788,0,0,0
3.9655057,2508,4023,4294967284,2509,4023,-12,-0.065633843470940187,-0.010210176124166829,-0.018064157758141311,-0.03407864775957916,0.45019321984153293,-0.10043612094992249,-6.593524318333432,-0.0798934979690544,-0.059987345886050231,0,0,0
3.9714773000000001,2518,4019,4294967286,2519,4019,-10,-0.065854535614420145,-0.0070685834705770346,-0.018064157758141311,-0.03877165536743031,0.53329079864348505,-0.053581474442169319,-5.2688971700975413,-0.10623798381954211,-0.082100520651794989,0,0,0
3.9764702999999999,2529,4017,4294967287,2530,4017,-9,-0.066097296972248101,-0.0054977871437821377,-0.018064157758141311,-0.043334429300339608,0.43106332874879683,-0.02858507851799965,-4.0106219479855758,-0.12629109355946999,-0.10728708044702354,0,0,0
3.9814655999999999,2546,4016,4294967287,2547,4016,-9,-0.066472473616164041,-0.0047123889803846897,-0.017278759594743863,-0.058123276432212198,0.30324667168558933,0.058029720319760059,0.40338715226409838,-0.1242741577981495,-0.12212277749505185,0,0,0
3.9864225000000002,2566,4016,4294967288,2567,4016,-8,-0.066913857903123958,-0.0047123889803846897,-0.018849555921538759,-0.07219028104619403,0.16177848800727557,-0.11560087386409459,-6.2520214730096964,-0.15553426516319799,-0.14772041170183495,0,0,0
3.9914284000000002,2592,4016,4294967288,2593,4016,-8,-0.067487657476171858,-0.0047123889803846897,-0.018849555921538759,-0.092049522061401517,0.086306896746606382,-0.061671689526219237,-3.3077063268171027,-0.17207279679728349,-0.1687289681919211,0,0,0
3.9964392000000002,2622,4018,4294967287,2623,4018,-9,-0.068149733906611734,-0.0062831853071795866,-0.018849555921538759,-0.11088063169200445,-0.10051533699069011,-0.032901111919705892,-0.82925207896010711,-0.17621905719208403,-0.18372707021449813,0,0,0
4.0004365000000002,2649,4020,4294967286,2650,4020,-10,-0.068745602694007632,-0.0078539816339744835,-0.018849555921538759,-0.11474947363380111,-0.20018277384057634,-0.017552351392818639,0.44719410732820619,-0.17398308665544299,-0.19862127948422267,0,0,0
4.0064006000000001,2693,4024,4294967284,2694,4024,-12,-0.069716648125319455,-0.010995574287564275,-0.018849555921538759,-0.15181832920231378,-0.39991320305359912,-0.0093639704387150843,2.7964282304009305,-0.16000094550343832,-0.19164140647583319,0,0,0
4.0114036000000004,2733,4028,4294967283,2734,4028,-13,-0.070599416699239304,-0.014137166941154069,-0.020420352248333655,-0.16335768114760965,-0.50646700846726156,-0.15155460529841763,-2.3163708516897485,-0.17158279976188706,-0.19386983891805559,0,0,0
4.0163932000000004,2773,4031,4294967281,2774,4031,-15,-0.071482185273159138,-0.016493361431346415,-0.019634954084936207,-0.16951378798933264,-0.49003267542387219,-0.0075730577847014369,4.1876373346033597,-0.15064461308887026,-0.18389818886227757,0,0,0
4.0213033999999999,2811,4035,4294967279,2812,4035,-17,-0.072320815418382992,-0.019634954084936207,-0.019634954084936207,-0.16867977715143612,-0.55454467375221572,-0.0040401361412829894,4.9712138268773156,-0.12578854395448369,-0.1679935854057322,0,0,0
4.0263035,2848,4038,4294967278,2849,4038,-18,-0.073137376349258848,-0.021991148575128551,-0.020420352248333655,-0.16617573203885666,-0.51568153730085919,-0.075434883809778239,2.0110611673542507,-0.11573323811771244,-0.15301488511666878,0,0,0
4.0312431000000002,2881,4041,4294967276,2882,4041,-20,-0.073865660422742715,-0.024347343065320895,-0.019634954084936207,-0.15660341274085757,-0.49494851682161201,0.033035907126659228,6.6661657989514911,-0.082402409122954989,-0.12870408239441858,0,0,0
4.0362280000000004,2911,4042,4294967276,2912,4042,-20,-0.074527736853182591,-0.025132741228718346,-0.020420352248333655,-0.14531936360309122,-0.33732865871955192,-0.055655256261552585,2.1762481930900188,-0.071521168157504894,-0.1088510750951272,0,0,0
4.0412186999999999,2936,4043,4294967275,2937,4043,-21,-0.075079467211882495,-0.025918139392115794,-0.019634954084936207,-0.12900390645520354,-0.25324034150263303,0.043588102869855136,5.8627997745427427,-0.042207169284791179,-0.083076218548647177,0,0,0
4.0462012999999999,2956,4044,4294967275,2957,4044,-21,-0.075520851498842412,-0.026703537555513242,-0.020420352248333655,-0.11000425305249442,-0.20838022566751579,-0.050025785497695333,1.3517362755376485,-0.035448487907102935,-0.065149536923895232,0,0,0
4.0511894000000002,2972,4043,4294967275,2973,4043,-21,-0.075873958928410354,-0.025918139392115794,-0.019634954084936207,-0.091631723176408802,-0.037888849520479329,0.046591358481518519,4.3766488842741609,-0.013565243485732129,-0.043439658789261204,0,0,0
4.0561933000000003,2984,4041,4294967276,2985,4041,-20,-0.076138789500586307,-0.024347343065320895,-0.019634954084936207,-0.073593756233418586,0.12634578857971573,0.024855934897646599,2.2981440412798451,-0.002074523279332904,-0.025307970304244455,0,0,0
4.0611679000000001,2991,4039,4294967277,2992,4039,-19,-0.076293274001022274,-0.022776546738526002,-0.01963495408493621,-0.053675164368234503,0.21396301215082636,0.013260345260829897,0.83776872034781991,0.0021143203224061958,-0.013076164125191561,0,0,0
4.0661592000000004,2996,4036,4294967278,2997,4036,-18,-0.07640362007276226,-0.020420352248333658,-0.018849555921538762,-0.038930612291414438,0.3339852767924979,0.080353755572426092,2.6952779521258683,0.015590710083035537,0.0014163236989956016,0,0,0
4.0711494999999998,2997,4033,4294967280,2998,4033,-16,-0.076425689287110243,-0.018064157758141311,-0.019634954084936207,-0.022828128299073998,0.39801572564461485,-0.030411747619681989,-2.9453711960701776,0.00086385410268464968,0.0022638777523859978,0,0,0
4.0761409999999998,2997,4029,4294967282,2998,4029,-14,-0.076425689287110243,-0.014922565104551517,-0.019634954084936207,-0.012178534589455782,0.5054547268664541,-0.01622430518436855,-3.4119467523901585,-0.016195879659266145,-0.0038084843613452211,0,0,0
4.0811302999999999,2997,4026,4294967283,2998,4026,-13,-0.076425689287110243,-0.012566370614359173,-0.018849555921538759,-0.0064971031704157385,0.48949263524501063,0.06462404568992873,-0.32534167348401288,-0.017822588026686209,-0.0081818304341010686,0,0,0
4.0861229999999997,2997,4022,4294967285,2998,4022,-11,-0.076425689287110243,-0.0094247779607693795,-0.018849555921538759,-0.0034661271680070473,0.55425656874808271,0.034476158773704323,-2.2713789623730225,-0.029179482838551322,-0.01771425321171731,0,0,0
4.0911425000000001,2999,4019,4294967287,3000,4019,-9,-0.076469827715806238,-0.0070685834705770346,-0.019634954084936207,-0.0059673580917806151,0.51552783671217062,-0.054886899159679682,-6.2451582806251178,-0.06040527424167691,-0.037582911458472673,0,0,0
4.0961476000000001,3002,4016,4294967288,3003,4016,-8,-0.07653603535885023,-0.0047123889803846897,-0.018849555921538759,-0.0093608452654033742,0.49486651938795301,0.0439980122334096,-2.1848556912374182,-0.071329552697864007,-0.055670004896098621,0,0,0
4.1011275999999999,3008,4014,4294967289,3009,4014,-7,-0.076668450644938213,-0.0031415926535897933,-0.018849555921538759,-0.017348561047963808,0.4105644333572116,0.023472415558204698,-2.7594387052368492,-0.085126746224048255,-0.075015820887493714,0,0,0
4.1061373000000003,3019,4013,4294967290,3020,4013,-6,-0.076911212002766169,-0.0023561944901923449,-0.019634954084936204,-0.031905463606582765,0.29231075511365634,-0.06075726512257295,-5.7477674256348665,-0.11386558335222259,-0.099697801441336442,0,0,0
4.1110888000000001,3033,4012,4294967290,3034,4012,-6,-0.077220181003638103,-0.0015707963267948967,-0.018849555921538756,-0.045848728552940581,0.22922382604300051,0.040866241901859487,-0.95808557948587003,-0.11865601124965194,-0.11770825710064138,0,0,0
4.1160819000000002,3053,4013,4294967290,3054,4013,-6,-0.077661565290598034,-0.0023561944901923449,-0.019634954084936204,-0.065641955929076373,0.049008662096262451,-0.051477865909726722,-3.7255250409775855,-0.13728363645453986,-0.13684170245169189,0,0,0
4.1210988000000004,3077,4014,4294967290,3078,4014,-6,-0.078191226434949926,-0.0031415926535897933,-0.020420352248333652,-0.084437848069383675,-0.047133981703353089,-0.10074234770964088,-5.0378096332623077,-0.1624726846208514,-0.15906187640526895,0,0,0
4.1260737000000001,3105,4016,4294967288,3106,4016,-8,-0.078809164436693821,-0.0047123889803846897,-0.018849555921538759,-0.10270167373855482,-0.17170445650847888,0.092814195812381178,4.3355867633491743,-0.14079475080410553,-0.16215749050550257,0,0,0
4.1310453000000003,3136,4019,4294967287,3137,4019,-9,-0.079493310081481694,-0.0070685834705770346,-0.019634954084936207,-0.11862253801898262,-0.31144084061059485,-0.02376425114191389,0.57192497142362508,-0.1379351259469874,-0.16399140120130559,0,0,0
4.1360831999999998,3169,4023,4294967285,3170,4023,-11,-0.080221594154965561,-0.010210176124166829,-0.019634954084936207,-0.13123435003791012,-0.45926805671322307,-0.012677944977909214,2.2649530721677134,-0.12661036058614883,-0.15843434012097216,0,0,0
4.1410353000000004,3202,4026,4294967283,3203,4026,-13,-0.080949878228449443,-0.012566370614359173,-0.018849555921538759,-0.13796260155708887,-0.46485259675110896,0.066515986626794171,6.2123748880786165,-0.095548486145755743,-0.14018030628718928,0,0,0
4.1460074000000002,3233,4029,4294967282,3234,4029,-14,-0.081634023873237316,-0.014922565104551517,-0.019634954084936207,-0.13743382309099353,-0.46783188235554252,-0.037794032559447216,2.0947060084280986,-0.085074956103615249,-0.12425335691690902,0,0,0
4.1509938000000002,3262,4032,4294967281,3263,4032,-15,-0.082274031089329194,-0.01727875959474386,-0.020420352248333652,-0.13303350555106472,-0.46942129574546682,-0.093442185576791181,-0.1401018039446007,-0.085775465123338251,-0.11241183478216021,0,0,0
4.1559993000000004,3287,4033,4294967280,3288,4033,-16,-0.082825761448029098,-0.018064157758141311,-0.019634954084936207,-0.12244954749561165,-0.32371019027677866,0.023429226081273735,4.2012511081028672,-0.064769209582823922,-0.094962129998396497,0,0,0
4.1609610999999997,3308,4034,4294967279,3309,4034,-17,-0.083289214949337012,-0.018849555921538759,-0.018849555921538759,-0.10856669086553666,-0.24597505076951348,0.085778732389857615,6.462977646958425,-0.032454321348031799,-0.071094024539821096,0,0,0
4.1659307999999999,3326,4035,4294967279,3327,4035,-17,-0.083686460807600949,-0.019634954084936207,-0.019634954084936207,-0.094983021394905484,-0.20450427958308198,-0.027517587093137265,1.2925002896197784,-0.025991819899932905,-0.053748210380234307,0,0,0
4.1709509999999996,3340,4035,4294967279,3341,4035,-17,-0.083995429808472882,-0.019634954084936207,-0.019634954084936207,-0.079499854448121618,-0.10910059773473969,-0.014680305009750981,1.1283599539542022,-0.020350020130161895,-0.039549201206247497,0,0,0
4.1759433000000001,3350,4034,4294967280,3351,4034,-16,-0.084216121951952855,-0.018849555921538759,-0.020420352248333655,-0.06300332821875658,0.015075649669612369,-0.08111128718830421,-2.6951926394591643,-0.033825983327457718,-0.037066366182395755,0,0,0
4.1809003000000002,3357,4032,4294967280,3358,4032,-16,-0.084370606452388822,-0.01727875959474386,-0.018849555921538756,-0.048025297142854723,0.15460171814823404,0.10328713281600366,4.1808253603818972,-0.012921856525548232,-0.026521739985041634,0,0,0
4.1859019000000002,3364,4031,4294967280,3365,4031,-16,-0.084525090952824788,-0.016493361431346415,-0.018064157758141311,-0.040034695935868621,0.15575769478632284,0.12838197461229972,5.1003559920539381,0.01257992343472146,-0.009163780579391264,0,0,0
4.1908833999999997,3368,4029,4294967281,3369,4029,-15,-0.084613367810216777,-0.014922565104551517,-0.018064157758141311,-0.02959447456312235,0.22965391384834025,0.068490254566422257,1.9475157696953516,0.022317502283198218,0.0047259775147467774,0,0,0
4.1958716000000003,3369,4026,4294967282,3370,4026,-14,-0.084635437024564775,-0.012566370614359173,-0.017278759594743863,-0.017847410004245116,0.34235618598660278,0.10981825445900133,2.8506900120161571,0.036570952343279006,0.019870084738794931,0,0,0
4.2008764000000003,3368,4024,4294967284,3369,4024,-12,-0.084613367810216777,-0.010995574287564275,-0.018849555921538759,-0.0074622704313642256,0.3292019867192576,-0.087972307645744333,-6.035208276840617,0.0063949109590759196,0.016310511141938655,0,0,0
4.2058571000000002,3366,4020,4294967285,3367,4020,-11,-0.084569229381520783,-0.0078539816339744835,-0.017278759594743863,0.00013718811780743904,0.46874341664632346,0.099626860109226584,0.93270181544683783,0.011058420036310109,0.018730772854985631,0,0,0
4.2108141999999997,3364,4017,4294967287,3365,4017,-9,-0.084525090952824788,-0.0054977871437821377,-0.018064157758141311,0.0041914087525309956,0.46990758843421998,-0.020129775870945318,-4.5735064959507401,-0.011809112443443593,0.0095647165714665867,0,0,0
4.2158198999999996,3362,4014,4294967288,3363,4014,-8,-0.084480952524128794,-0.0031415926535897933,-0.017278759594743863,0.006354287179811827,0.47052866021904688,0.062540523588534624,-1.3823753354185913,-0.01872098912053655,0.0011609360515852426,0,0,0
4.2208052,3361,4012,4294967289,3362,4012,-7,-0.084458883309780811,-0.0015707963267948967,-0.017278759594743863,0.0054490468005219481,0.39758047532794777,0.033364624545085451,-2.5232875051287138,-0.031337426646180118,-0.010879427265367978,0,0,0
4.2258032999999999,3361,4009,4294967291,3362,4009,-5,-0.084458883309780811,0.00078539816339744833,-0.018064157758141311,0.0029070015758765381,0.43194300671385144,-0.055479889433487986,-6.7173831450283981,-0.064924342371322108,-0.034781966821200994,0,0,0
4.2307956999999998,3363,4007,4294967292,3364,4007,-4,-0.084503021738476791,0.0023561944901923449,-0.018064157758141314,-0.0025673698039270247,0.37699548869595823,-0.0295978603078173,-5.5610961452766752,-0.092729823097705485,-0.063145428892905545,0,0,0
4.2357649000000004,3369,4006,4294967292,3370,4006,-4,-0.084635437024564775,0.0031415926535897933,-0.017278759594743866,-0.013724322792146538,0.27440212290638144,0.057489413296018407,-1.3049878588403581,-0.099254762391907281,-0.085404885119917756,0,0,0
4.2417617999999999,3381,4005,4294967293,3382,4005,-3,-0.084900267596740728,0.0039269908169872417,-0.018064157758141311,-0.032031085920548222,0.21966978403268878,-0.042609601934776337,-5.0577970175987206,-0.12454374747990088,-0.11164010369366953,0,0,0
4.2467461000000002,3397,4006,4294967292,3398,4006,-4,-0.085253375026308656,0.0031415926535897933,-0.017278759594743866,-0.050033967086857978,0.043911694461976999,0.050547804093681079,0.074046390075633184,-0.12417351552952272,-0.12835062141218517,0,0,0
4.2507318999999999,3413,4007,4294967292,3414,4007,-4,-0.085606482455876598,0.0023561944901923449,-0.018064157758141314,-0.059638289794413837,-0.049853153236921174,-0.046312867777232022,-3.4139741064246665,-0.14124338606164605,-0.15172779601276001,0,0,0
4.2567149999999998,3444,4011,4294967290,3445,4011,-6,-0.086290628100664471,-0.00078539816339744833,-0.018064157758141308,-0.095648735522699591,-0.31971414072330551,-0.024707363423429531,-0.3180641450022319,-0.14283370678665722,-0.15827211575343916,0,0,0
4.2617048999999998,3473,4014,4294967288,3474,4014,-8,-0.086930635316756363,-0.0031415926535897933,-0.017278759594743863,-0.1107416589481823,-0.39040224450535976,0.060098435143357123,4.2757829593283647,-0.1214547919900154,-0.15459973079475167,0,0,0
4.2666788000000002,3505,4018,4294967286,3506,4018,-10,-0.087636850175892234,-0.0062831853071795866,-0.017278759594743863,-0.12497088464358827,-0.50139302534691466,0.03206179944219207,4.2918809061472656,-0.099995387459279064,-0.1414323931142826,0,0,0
4.2716639000000001,3535,4022,4294967284,3536,4022,-12,-0.088298926606332109,-0.0094247779607693795,-0.017278759594743863,-0.12844378657209332,-0.56060528514678676,0.017104588181360847,4.4060625458467069,-0.077965074730045533,-0.12321256227853675,0,0,0
4.2766554000000001,3564,4025,4294967283,3565,4025,-13,-0.088938933822424002,-0.011780972450961723,-0.018064157758141311,-0.12823742812975863,-0.51891480130459389,-0.064154425194243359,1.0870861793314646,-0.07252964383338821,-0.10723022747673865,0,0,0
4.2816501999999996,3589,4028,4294967282,3590,4028,-14,-0.089490664181123905,-0.014137166941154069,-0.018849555921538759,-0.11989089730739394,-0.49667342466295816,-0.10750514112394087,-0.8236241662998447,-0.07664776466488743,-0.097798218960957389,0,0,0
4.2866106999999998,3611,4030,4294967281,3612,4030,-15,-0.089976186896779817,-0.015707963267948967,-0.018849555921538759,-0.10926079172357525,-0.41152839580315664,-0.057352712520690879,0.90372404761649383,-0.072129144426804959,-0.088872741553061935,0,0,0
4.2916337999999996,3630,4031,4294967280,3631,4031,-16,-0.090395501969391737,-0.016493361431346415,-0.018064157758141311,-0.097412426199404656,-0.29282501759882701,0.042682530170456798,4.614590707398877,-0.049056190889810572,-0.073796132177163271,0,0,0
4.2966018999999998,3647,4032,4294967279,3648,4032,-17,-0.090770678613307676,-0.01727875959474386,-0.01727875959474386,-0.086973243767925007,-0.22949817895453362,0.096050140835592754,6.640246291628257,-0.015854959431669285,-0.050497026581575122,0,0,0
4.3015796999999996,3660,4032,4294967279,3661,4032,-17,-0.091057578399831612,-0.01727875959474386,-0.01727875959474386,-0.073167623209118821,-0.12243454539933855,0.051241606283412004,4.1290252034283874,0.0047901665854726515,-0.028217312354534986,0,0,0
4.3065968000000003,3670,4032,4294967279,3671,4032,-17,-0.091278270543311571,-0.01727875959474386,-0.01727875959474386,-0.059625158262712225,-0.065317371908700142,0.027336786720579355,2.6397444923991489,0.017988889047468398,-0.0073233932279801739,0,0,0
4.3116047000000002,3675,4031,4294967279,3676,4031,-17,-0.091388616615051557,-0.016493361431346415,-0.016493361431346415,-0.042104863176183081,0.038433479237356599,0.087863369456143189,4.4302837569765661,0.04014030783235123,0.015716405210027758,0,0,0
4.3155764000000003,3676,4030,4294967280,3677,4030,-16,-0.091410685829399554,-0.015707963267948967,-0.017278759594743863,-0.02452155334423476,0.093783322764343924,-0.026405458044026817,-1.1459312844868237,0.034410651409917115,0.027431766567859926,0,0,0
4.3215596999999999,3674,4027,4294967281,3675,4027,-15,-0.09136654740070356,-0.013351768777756621,-0.016493361431346415,-0.0089637361587629402,0.26987084371378184,0.05919252188572291,1.2572978009108089,0.040697140414471158,0.039171364170067932,0,0,0
4.3265441999999998,3670,4024,4294967282,3671,4024,-14,-0.091278270543311571,-0.010995574287564275,-0.015707963267948967,0.0034543945585003072,0.36381143913006214,0.10485802479969966,2.3805332354744713,0.052599806591843518,0.052347841801890241,0,0,0
4.3315022000000001,3664,4021,4294967284,3665,4021,-12,-0.091145855257223601,-0.0086393797973719298,-0.016493361431346415,0.014197539935213097,0.41392762805465516,-0.017339011806041651,-3.5521973584215258,0.034838819799735889,0.052790243574923713,0,0,0
4.3364827999999997,3656,4017,4294967286,3657,4017,-10,-0.090969301542439637,-0.0054977871437821377,-0.016493361431346415,0.024047100579991338,0.51394353730881415,-0.0092501563098112641,-4.2268747700605847,0.013704445949432965,0.044420618615558349,0,0,0
4.3415032,3647,4013,4294967287,3648,4013,-9,-0.090770678613307676,-0.0023561944901923449,-0.014922565104551519,0.031360834149180901,0.56730083381555652,0.14162419035201845,1.5330529969302873,0.0213697109340844,0.041786291002265427,0,0,0
4.3464641000000004,3639,4010,4294967289,3640,4010,-7,-0.090594124898523698,-0,-0.015707963267948967,0.033203513647037296,0.5224867967827036,0.0022752996712043783,-4.5683112854376606,-0.0014718454931039043,0.02798078156791926,0,0,0
4.3514518999999998,3632,4006,4294967291,3633,4006,-5,-0.090439640398087731,0.0031415926535897933,-0.015707963267948967,0.032127450952119357,0.57185856100397792,0.0012138452782510388,-5.1810279985096646,-0.027376985485652226,0.0074453498161474643,0,0,0
4.3564718999999998,3627,4004,4294967292,3628,4004,-4,-0.090329294326347745,0.0047123889803846897,-0.015707963267948967,0.027435163793673015,0.4516387706681515,0.00064757200037409584,-4.9091513470625463,-0.051922742220964963,-0.01755490933164074,0,0,0
4.3614382999999997,3626,4001,4294967293,3627,4001,-3,-0.090307225111999748,0.0070685834705770346,-0.014922565104551515,0.016695443423779131,0.46078246350253582,0.073624991242340954,-1.8253663159100442,-0.061049573800515185,-0.038255743999938349,0,0,0
4.3664072000000003,3628,4000,4294967294,3629,4000,-2,-0.090351363540695742,0.0078539816339744835,-0.015707963267948963,0.0047885997166299188,0.31910147615424089,-0.034001463257541324,-5.7586007030764712,-0.089842577315897537,-0.066845670564202736,0,0,0
4.3710239,3633,3999,4294967295,3634,3999,-1,-0.090461709612435728,0.0086393797973719298,-0.016493361431346415,-0.0077408903917795145,0.24351635666989604,-0.091418895019587332,-7.8476152707132032,-0.12908065366946356,-0.10441495217330561,0,0,0
4.3760154,3644,3999,4294967295,3645,3999,-1,-0.090704470970263684,0.0086393797973719298,-0.016493361431346415,-0.026779885728383,0.12991307626928311,-0.048770891793657616,-5.2639261558999149,-0.15540028444896314,-0.14045297420758357,0,0,0
4.3809754999999999,3661,4001,4294967294,3662,4001,-2,-0.09107964761417961,0.0070685834705770346,-0.016493361431346411,-0.049291624583123285,-0.077251959517361177,-0.026018689963808832,-2.8794988640866119,-0.1697977787693962,-0.17152907182170196,0,0,0
4.3860001000000004,3687,4004,4294967292,3688,4004,-4,-0.09165344718722751,0.0047123889803846897,-0.015707963267948967,-0.079833361536366942,-0.26105155829201532,0.05939885805053307,2.4892568155257413,-0.15735149469176749,-0.18472112398810306,0,0,0
4.3909744999999996,3719,4008,4294967290,3720,4008,-6,-0.092359662046363381,0.0015707963267948967,-0.015707963267948963,-0.1084816760584828,-0.43238597467763323,0.031688583394370626,3.0704703314521735,-0.14199914303450661,-0.1858507201593417,0,0,0
4.3959403999999997,3755,4013,4294967287,3756,4013,-9,-0.09315415376289124,-0.0023561944901923449,-0.014922565104551519,-0.13200165173674697,-0.59707036470542185,0.090185001156460706,7.3266798412476986,-0.10536574382826812,-0.16783141754484193,0,0,0
4.4009548000000001,3791,4019,4294967285,3792,4019,-11,-0.093948645479419099,-0.0070685834705770346,-0.016493361431346415,-0.14454927866385331,-0.75820704486586665,-0.098446414472024818,0.73928035107409418,-0.10166934207289764,-0.15332990950243805,0,0,0
4.4059385999999998,3825,4024,4294967282,3826,4024,-14,-0.094698998767250964,-0.010995574287564275,-0.015707963267948967,-0.14712506767547706,-0.77089202547740276,0.020759529560572913,6.4543457085454357,-0.06939761353017046,-0.12607094372342209,0,0,0
4.4109097999999998,3856,4028,4294967280,3857,4028,-16,-0.095383144412038837,-0.014137166941154069,-0.015707963267948967,-0.14232188965017936,-0.70437979227736203,0.011074961797219373,6.1661211594571599,-0.038567007732884656,-0.093372188606794665,0,0,0
4.4159236999999996,3882,4031,4294967279,3883,4031,-17,-0.095956943985086737,-0.016493361431346415,-0.016493361431346415,-0.12946390006069003,-0.5956167886612489,-0.067371159063911543,2.4295433815887892,-0.026419290824940711,-0.065677993195820517,0,0,0
4.4208932000000001,3901,4033,4294967278,3902,4033,-18,-0.096376259057698657,-0.018064157758141311,-0.016493361431346415,-0.10819054390027877,-0.46431350218873679,-0.035941711043601249,2.9798905626420389,-0.011519838011730517,-0.040724205208408679,0,0,0
4.4258826999999998,3913,4034,4294967277,3914,4034,-19,-0.09664108962987461,-0.018849555921538759,-0.015707963267948967,-0.082427689892115769,-0.32098524324251099,0.054105044476818138,5.8590639238835358,0.017775481607687164,-0.013033505093436051,0,0,0
4.4308604000000003,3921,4033,4294967277,3922,4033,-19,-0.096817643344658574,-0.018064157758141311,-0.014922565104551517,-0.060447073035359067,-0.097962285393843648,0.10214391618835411,6.6389520748421056,0.050970241981897688,0.019067715794364958,0,0,0
4.4358519999999997,3923,4032,4294967277,3924,4032,-19,-0.096861781773354569,-0.01727875959474386,-0.014137166941154066,-0.036366014131119735,0.021017806658333811,0.12777208215591201,6.7953169534625353,0.084946826749210363,0.053603377487407289,0,0,0
4.4408618000000004,3919,4030,4294967278,3920,4030,-18,-0.096773504915962594,-0.015707963267948967,-0.014137166941154071,-0.011164394408521405,0.15777178813711007,0.068164884204092641,3.0819162929059507,0.10035640821374012,0.081951427308965555,0,0,0
4.4457522000000003,3911,4026,4294967280,3912,4026,-16,-0.096596951201178616,-0.012566370614359173,-0.014137166941154069,0.010516810640575821,0.37728744724936503,0.03636515395348764,0.097703488901685231,0.10084492565824854,0.10252533459491121,0,0,0
4.4517262000000004,3893,4021,4294967283,3894,4021,-13,-0.096199705342914693,-0.0086393797973719298,-0.014922565104551515,0.042674577961978516,0.56767595648578439,-0.053879142727136634,-5.7400532379658316,0.072144659468419386,0.099527810569628505,0,0,0
4.4567148000000003,3875,4016,4294967285,3876,4016,-11,-0.09580245948465077,-0.0047123889803846897,-0.014137166941154069,0.059830363864025501,0.66924595884400229,0.044535638288891621,-2.829380045213997,0.0579977592423494,0.093398523818714912,0,0,0
4.4617101999999997,3856,4011,4294967288,3857,4011,-8,-0.095383144412038837,-0.00078539816339744833,-0.014922565104551517,0.071041881598798262,0.7234323455142071,-0.04952028663575235,-7.860903288713847,0.018693242798780166,0.070171505190608455,0,0,0
4.4666899000000004,3839,4006,4294967290,3840,4006,-6,-0.095007967768122911,0.0031415926535897933,-0.014137166941154066,0.072904872267913423,0.752340137502019,0.046861036104425532,-4.4187597283262718,-0.0034005558428511946,0.045256817524767637,0,0,0
4.4716775999999996,3826,4002,4294967292,3827,4002,-4,-0.094721067981598961,0.0062831853071795866,-0.014137166941154071,0.065662314552818457,0.69448258097523841,0.024999804697900762,-5.3767747735410545,-0.030284429710556466,0.015815759666186556,0,0,0
4.4766911,3817,3998,4294967293,3818,3998,-3,-0.094522445052467,0.0094247779607693795,-0.012566370614359171,0.053562055211892251,0.66361626358857062,0.1598961366699678,0.48484752769647876,-0.027860192072074071,-0.0035538376441908038,0,0,0
4.4816583000000003,3814,3996,4294967295,3815,3996,-1,-0.094456237409423008,0.010995574287564275,-0.014137166941154071,0.034752049378070964,0.50059041226291101,-0.061256353859131044,-8.1451798137925113,-0.068586091141036629,-0.035399996366675276,0,0,0
4.4866497000000001,3815,3995,4294967295,3816,3995,-1,-0.094478306623771005,0.011780972450961723,-0.013351768777756623,0.01648069422149008,0.34033854274866582,0.040599984004508038,-2.9251038489925234,-0.083211610385999252,-0.061660668146606118,0,0,0
4.4916615000000002,3819,3995,4294967295,3820,3995,-1,-0.09456658348116298,0.011780972450961723,-0.013351768777756623,0.0005558130491971694,0.18156655949571357,0.021659607964894322,-2.7812271733765805,-0.097117746252882151,-0.087669155003193736,0,0,0
4.4966417999999999,3829,3995,4294967295,3830,3995,-1,-0.094787275624642953,0.011780972450961723,-0.013351768777756623,-0.020294582984587892,0.096863597231347465,0.011555142906973128,-2.3989116291964909,-0.1091123043988646,-0.11005588896524397,0,0,0
4.5016597999999997,3844,3997,4294967295,3845,3997,-1,-0.095118313839862884,0.010210176124166829,-0.014922565104551517,-0.041713572276746616,-0.094883463000864809,-0.14039450745230786,-7.6125659379297268,-0.14717513408851324,-0.14152640192596916,0,0,0
4.5066797999999997,3865,3999,4294967293,3866,3999,-3,-0.095581767341170798,0.0086393797973719298,-0.013351768777756621,-0.06549500956364572,-0.197178236136479,0.071660240803626596,2.5726785778861472,-0.13431174119908251,-0.1535108500357977,0,0,0
4.5116896999999998,3890,4003,4294967291,3891,4003,-5,-0.096133497699870701,0.0054977871437821377,-0.013351768777756621,-0.086418564196119346,-0.39831031796922894,0.038229885073455545,2.8272574583417027,-0.120175453907374,-0.15631443871148368,0,0,0
4.5166402000000003,3919,4008,4294967289,3920,4008,-7,-0.096773504915962594,0.0015707963267948967,-0.014137166941154071,-0.10581747246672116,-0.5788914076553795,-0.052884330881547099,0.53503816784184366,-0.11750026306816477,-0.15549545433410747,0,0,0
4.5216893999999996,3950,4012,4294967287,3951,4012,-9,-0.097457650560750467,-0.0015707963267948967,-0.014137166941154069,-0.12028477953469617,-0.60194974918717825,-0.028213160730626682,2.4137926927574656,-0.10543129960437744,-0.14670848605720418,0,0,0
4.5256866999999996,3974,4016,4294967285,3975,4016,-11,-0.097987311705102373,-0.0047123889803846897,-0.014137166941154069,-0.11358914372657494,-0.61425109979470416,-0.015051385261828506,3.2675455034673133,-0.089093572087040884,-0.13835910520687125,0,0,0
4.5306142999999999,4004,4020,4294967283,4005,4020,-13,-0.098649388135542249,-0.0078539816339744835,-0.014137166941154071,-0.12237176333698238,-0.6208137238481557,-0.0080297347916098161,4.2331688975246085,-0.067927727599417842,-0.11826849202008333,0,0,0
4.5365791,4036,4025,4294967281,4037,4025,-15,-0.099355602994678119,-0.011780972450961723,-0.014922565104551517,-0.13117540683315948,-0.69759432491899687,-0.077563287177960585,2.2197837440998374,-0.056828808878918655,-0.094612449373436561,0,0,0
4.5415749999999999,4059,4028,4294967279,4060,4028,-17,-0.099863194924682028,-0.014137166941154069,-0.014137166941154069,-0.11734005343209604,-0.59199682263307374,0.031900429276695758,6.5261456257449826,-0.024198080750193744,-0.066080949298343863,0,0,0
4.5465454000000003,4077,4030,4294967278,4078,4030,-18,-0.10026044078294596,-0.015707963267948967,-0.014137166941154071,-0.099663505842989386,-0.46238229342255116,0.017018499119811001,5.282314068750722,0.002213489593559867,-0.037001856434639116,0,0,0
4.5515074999999996,4090,4031,4294967277,4091,4031,-19,-0.10054734056946991,-0.016493361431346415,-0.013351768777756621,-0.079937726898992034,-0.31995496636434023,0.082358685900680753,7.3056688455751235,0.038741833821435485,-0.0019339132890255975,0,0,0
4.5565384,4097,4031,4294967277,4098,4031,-19,-0.10070182506990588,-0.016493361431346415,-0.013351768777756621,-0.057059597168549234,-0.17069216424083003,0.043937378125925936,4.6907974453384451,0.062195821048127709,0.030368703978802074,0,0,0
4.5614922,4097,4030,4294967278,4098,4030,-18,-0.10070182506990588,-0.015707963267948967,-0.014137166941154071,-0.030440615571876654,-0.0177827175730325,-0.049839451308068938,-0.59403896413351642,0.059225626227460124,0.049252537509501773,0,0,0
4.5664929000000001,4092,4028,4294967279,4093,4028,-17,-0.10059147899816591,-0.014137166941154069,-0.014137166941154069,-0.0059441545794760766,0.13707217053158485,-0.026588753739369527,-0.97398075807076756,0.054355722437106284,0.060247558643083218,0,0,0
4.5709257000000001,4086,4025,4294967280,4087,4025,-16,-0.10045906371207793,-0.011780972450961723,-0.013351768777756619,0.0091835258965694382,0.2929649284746606,0.059094735815109475,1.5081466543321405,0.061896455708766986,0.073114399195587293,0,0,0
4.5757133000000003,4076,4022,4294967281,4077,4022,-15,-0.10023837156859797,-0.0094247779607693795,-0.012566370614359173,0.025490404327252861,0.37613185832463936,0.10480585709555265,2.5710505480737504,0.074751708449135743,0.085793658684239035,0,0,0
4.5805024999999997,4063,4018,4294967283,4064,4018,-13,-0.099951471782074017,-0.0062831853071795866,-0.012566370614359173,0.040367260561055128,0.49377994426422922,0.055912676637073347,-0.60909627351009155,0.071706227081585278,0.091029158876538674,0,0,0
4.5861568999999998,4045,4013,4294967285,4046,4013,-11,-0.099554225923810094,-0.0023561944901923449,-0.011780972450961723,0.0585994375082656,0.62982331634468025,0.10310826641892355,0.074147599962277155,0.07207696508139666,0.091453032310752219,0,0,0
4.5911533999999996,4028,4008,4294967288,4029,4008,-8,-0.099179049279894155,0.0015707963267948967,-0.012566370614359173,0.066266976521548657,0.70240083522147678,-0.01827248706447273,-6.0441145628869641,0.041856392266961834,0.078042314433024562,0,0,0
4.5961392999999999,4011,4004,4294967290,4012,4004,-6,-0.098803872635978229,0.0047123889803846897,-0.01256637061435917,0.070357517273110307,0.66784055793117036,-0.00974815424351211,-6.1197101117585113,0.011257841708169278,0.055841365594626734,0,0,0
4.6011354000000004,3997,4000,4294967292,3998,4000,-4,-0.098494903635106282,0.0078539816339744835,-0.012566370614359175,0.066362441262030308,0.64940306157198568,-0.0052005241990333989,-6.2116436062861018,-0.019800376323261232,0.027706039282934934,0,0,0
4.6061218000000004,3986,3997,4294967293,3987,3997,-3,-0.098252142277278326,0.010210176124166829,-0.011780972450961722,0.058053784998953098,0.56628735754280801,0.070505101564402081,-2.7758109732273106,-0.033679431189397785,0.0019353991635295102,0,0,0
4.6110973,3981,3994,4294967295,3982,3994,-1,-0.09814179620553834,0.012566370614359173,-0.012566370614359173,0.041266554253308621,0.52194611926058876,-0.035665887246240105,-7.0700219515948222,-0.069029540947371903,-0.031185864762873567,0,0,0
4.6160886000000003,3980,3993,4294967295,3981,3993,-1,-0.098119726991190342,0.013351768777756621,-0.011780972450961725,0.024074325517225825,0.35173155810875784,0.054252193187949833,-2.330804494297146,-0.080683563418857629,-0.058473617647988627,0,0,0
4.6210838000000001,3984,3993,0,3985,3993,0,-0.098208003848582331,0.013351768777756621,-0.013351768777756621,0.0046069249136075959,0.18764459751194068,-0.11761613960268888,-8.7149966687676539,-0.1242585467626959,-0.097606659893830175,0,0,0
4.6260706999999996,3994,3993,4294967295,3995,3993,-1,-0.09842869599206229,0.013351768777756621,-0.011780972450961725,-0.018133363049245756,0.10010615813020363,0.083812228785890786,0.74326745206545919,-0.1205422095023686,-0.12049485589600083,0,0,0
4.6310395,4009,3995,4294967295,4010,3995,-1,-0.098759734207282235,0.011780972450961723,-0.013351768777756623,-0.040560587179014194,-0.093153595376687715,-0.10184621263895849,-5.8143946638240482,-0.14961418282148883,-0.15113538157355233,0,0,0
4.6360315999999999,4032,3998,4294967293,4033,3998,-3,-0.099267326137286144,0.0094247779607693795,-0.012566370614359171,-0.068998126270241489,-0.2695348916518332,0.01894577772640077,0.9185696661197349,-0.14502133449089016,-0.16571617805719879,0,0,0
4.6410315000000004,4059,4003,4294967291,4060,4003,-5,-0.099863194924682028,0.0054977871437821377,-0.013351768777756621,-0.092405655766230721,-0.51019125128986897,-0.063172172498523277,-0.71147303996587596,-0.14857869969071955,-0.17730987034350201,0,0,0
4.6460027999999998,4091,4008,4294967288,4092,4008,-8,-0.10056940978381791,0.0015707963267948967,-0.012566370614359173,-0.1151888453078098,-0.63857855320209866,0.039577917575701921,5.2083107252446723,-0.12253714606449619,-0.1705054577776029,0,0,0
4.6509958999999998,4125,4013,4294967285,4126,4013,-11,-0.10131976307164978,-0.0023561944901923449,-0.011780972450961723,-0.13146162613075385,-0.70707164981959136,0.094393866988839406,8.8186350232562454,-0.078443970948214953,-0.14532481880925682,0,0,0
4.6560006999999999,4158,4019,4294967283,4159,4019,-13,-0.10204804714513364,-0.0070685834705770346,-0.013351768777756621,-0.13808385064600942,-0.81689142047899299,-0.09620103467345073,1.8354520350408183,-0.069266710773010859,-0.12390028379926446,0,0,0
4.6609645999999998,4188,4023,4294967280,4189,4023,-16,-0.10271012357557352,-0.010210176124166829,-0.011780972450961725,-0.13543939777326752,-0.72891992170810604,0.095236932235105723,10.124782612354158,-0.018642797711240069,-0.083728898948491837,0,0,0
4.6659763999999999,4212,4027,4294967279,4213,4027,-17,-0.10323978471992543,-0.013351768777756621,-0.013351768777756621,-0.12167395208188481,-0.68198817475840201,-0.095751269404554668,1.8904761955584548,-0.0091904167334477954,-0.054134696052860143,0,0,0
4.6709288999999998,4229,4029,4294967278,4230,4029,-18,-0.10361496136384135,-0.014922565104551517,-0.013351768777756621,-0.099916478897925459,-0.51039160808259965,-0.051082161934185834,2.8344488507171244,0.0049818275201378263,-0.027177494527450316,0,0,0
4.6759443000000003,4240,4030,4294967277,4241,4030,-19,-0.10385772272166932,-0.015707963267948967,-0.012566370614359173,-0.075954464485727125,-0.34556736399692178,0.046027794232941573,5.9739733816341722,0.03485169442830869,0.0038035818286144048,0,0,0
4.6809326000000002,4245,4030,4294967277,4246,4030,-19,-0.10396806879340929,-0.015707963267948967,-0.012566370614359173,-0.050816353581940074,-0.18435607336210225,0.024555280082466092,3.9541378716154743,0.054622383786386064,0.031305905039834721,0,0,0
4.6859014999999999,4244,4029,4294967277,4245,4029,-19,-0.1039459995790613,-0.014922565104551517,-0.011780972450961723,-0.025050809205918997,-0.025072250366982157,0.086379468789419392,5.409779968077844,0.081671283626775282,0.06035187408824845,0,0,0
4.6908943000000001,4238,4026,4294967278,4239,4026,-18,-0.10381358429297333,-0.012566370614359173,-0.010995574287564277,-0.00100964680722989,0.20646281088841151,0.11936193720594773,5.2765073291970044,0.10805382027276031,0.09022045756435905,0,0,0
4.6958823000000001,4227,4023,4294967280,4228,4023,-16,-0.10357082293514537,-0.010210176124166829,-0.011780972450961725,0.022111578342061781,0.32998400873821315,-0.0096013472630798041,-1.4793348838180731,0.10065714585366994,0.10593453887018449,0,0,0
4.7008647999999997,4212,4019,4294967282,4213,4019,-14,-0.10323978471992543,-0.0070685834705770346,-0.011780972450961723,0.042682917661528048,0.46916061608040754,-0.0051222044232830718,-2.6957690911955225,0.087178300397692338,0.11181925894936896,0,0,0
4.7058608,4192,4014,4294967284,4193,4014,-12,-0.10279840043296551,-0.0031415926535897933,-0.010995574287564277,0.063953033519859981,0.61668919794794785,0.070546884232061152,-0.96533530494519137,0.082351623872966379,0.11208945571575726,0,0,0
4.7108385999999998,4171,4009,4294967287,4172,4009,-9,-0.10233494693165759,0.00078539816339744833,-0.011780972450961725,0.077359497289128845,0.69539393946983941,-0.035643596690629636,-6.6269295976764981,0.049216975884583888,0.096113574820152883,0,0,0
4.7158043999999997,4150,4004,4294967289,4151,4004,-7,-0.10187149343034967,0.0047123889803846897,-0.010995574287564277,0.084511686053679425,0.73738198178417202,0.054264084933911827,-3.6229169160551522,0.031102391304308127,0.077145046035753895,0,0,0
4.7218102000000002,4128,3998,4294967292,4129,3998,-4,-0.10138597071469375,0.0094247779607693795,-0.010995574287564279,0.090386403847522223,0.8330616216191149,0.028949243086197955,-5.7684496030001622,0.0022601432893073169,0.04710190183944403,0,0,0
4.7258003000000004,4116,3995,4294967293,4117,3995,-3,-0.1011211401425178,0.011780972450961723,-0.010210176124166827,0.07292939320185203,0.66426701215489159,0.088723595724605392,-2.4755656252217322,-0.010117684836801344,0.025593443622528689,0,0,0
4.7307904000000001,4106,3993,4294967295,4107,3993,-1,-0.10090044799903784,0.013351768777756621,-0.011780972450961725,0.059498065390894847,0.50093757887333801,-0.09922605686617568,-9.8862240145529228,-0.059548804909565961,-0.013029173965721072,0,0,0
4.7357617000000003,4102,3991,4294967295,4103,3991,-1,-0.10081217114164587,0.014922565104551517,-0.010210176124166829,0.039977950379883886,0.41380327129297012,0.093623118920000664,-1.0787208505357637,-0.06494240916224478,-0.038814899105596032,0,0,0
4.7417676000000002,4104,3990,0,4105,3990,0,-0.10085630957034185,0.015707963267948967,-0.010995574287564275,0.017209539908458873,0.29403863658135776,-0.023332700297390332,-5.1990894715433162,-0.090937856519961363,-0.068595562780801977,0,0,0
4.7457494000000002,4109,3990,0,4110,3990,0,-0.10096665564208183,0.015707963267948967,-0.010995574287564275,-0.0011144667192839238,0.15686611093681921,-0.012447717741655586,-3.8520967691827979,-0.11019834036587535,-0.09821677456465247,0,0,0
4.7517392000000003,4122,3992,4294967295,4123,3992,-1,-0.10125355542860578,0.014137166941154069,-0.010995574287564277,-0.027362988138023948,-0.062872836503465271,-0.0066407091764368606,-2.0271463331542865,-0.12033407203164678,-0.12041866506039629,0,0,0
4.7567373999999996,4139,3994,4294967294,4140,3994,-2,-0.10162873207252171,0.012566370614359173,-0.010995574287564274,-0.049602702774553253,-0.1801009481117507,-0.0035427392620281501,-0.7474810515675876,-0.12407147728948473,-0.13719481849126336,0,0,0
4.7617025000000002,4161,3998,4294967292,4162,3998,-4,-0.10211425478817762,0.0094247779607693795,-0.010995574287564279,-0.071762876996009958,-0.38919978817990392,-0.0018900092061333873,0.99192493697808759,-0.1191118526045943,-0.14509747810243864,0,0,0
4.7666598000000002,4187,4002,4294967290,4188,4002,-6,-0.10268805436122552,0.0062831853071795866,-0.010995574287564272,-0.091821507090544208,-0.50075152921722677,-0.0010082974035240649,2.3280382767879799,-0.10747166122065439,-0.14361723185144304,0,0,0
4.7716949,4215,4007,4294967288,4216,4007,-8,-0.10330599236296942,0.0023561944901923449,-0.011780972450961723,-0.10664076789502136,-0.6335425738931344,-0.0738174339490755,0.51145033483814473,-0.10491440954646367,-0.14002334285117227,0,0,0
4.776643,4242,4011,4294967286,4243,4011,-10,-0.1039018611503653,-0.00078539816339744833,-0.011780972450961723,-0.11248755679026104,-0.63110549553926065,-0.03938072192673589,2.4913826849914704,-0.092457496121506319,-0.13132056005297302,0,0,0
4.7816470000000004,4270,4016,4294967283,4271,4016,-13,-0.1045197991521092,-0.0047123889803846897,-0.010995574287564275,-0.11766585929971717,-0.70308486255243019,0.052270373125533107,7.3403714382155894,-0.055755638930428369,-0.10706637180716892,0,0,0
4.7866372999999998,4295,4020,4294967282,4296,4020,-14,-0.1050715295108091,-0.0078539816339744835,-0.012566370614359173,-0.11425109123241689,-0.66820547836621491,-0.11867341700467382,0.21614591326823351,-0.054674909364087199,-0.091400929632892536,0,0,0
4.7916189999999999,4317,4023,4294967280,4318,4023,-16,-0.10555705222646501,-0.010210176124166829,-0.011780972450961725,-0.10625202234651174,-0.57631822298626068,0.0099686645909350807,5.4915245426427335,-0.027217286650873529,-0.0665590113061547,0,0,0
4.7965906,4335,4025,4294967279,4336,4025,-17,-0.10595429808472893,-0.011780972450961723,-0.011780972450961723,-0.093748173305180926,-0.45401794722599087,0.005318163843345592,4.8152222381333392,-0.003141175460206834,-0.040012114701131238,0,0,0
4.8016002000000002,4348,4027,4294967278,4349,4027,-18,-0.10624119787125288,-0.013351768777756621,-0.011780972450961725,-0.076781967435227499,-0.38877220657072931,0.0028371770768960032,4.304510989850125,0.018381379489043791,-0.013497868197304492,0,0,0
4.8066065,4356,4028,4294967278,4357,4028,-18,-0.10641775158603685,-0.014137166941154069,-0.012566370614359173,-0.057435147339003567,-0.28068486164471146,-0.071765919109176304,0.34523098980159395,0.020107534438051761,0.0042669361560015735,0,0,0
4.8115683999999996,4358,4027,4294967277,4359,4027,-19,-0.10646189001473284,-0.013351768777756621,-0.010210176124166827,-0.034759187640862797,-0.076462511744990566,0.1815522946850982,9.933058418340643,0.069772826529754972,0.037348659812909614,0,0,0
4.8165407,4356,4026,4294967278,4357,4026,-18,-0.10641775158603685,-0.012566370614359173,-0.010995574287564277,-0.014425392136959841,0.032487679861150913,0.023576467832745335,2.3300443951606531,0.081423048505558232,0.061664695551331548,0,0,0
4.8215411000000001,4351,4024,4294967279,4352,4024,-17,-0.10630740551429688,-0.010995574287564275,-0.010995574287564275,0.0025997763992151963,0.16389082889713846,0.012577764818762271,0.8145231662830591,0.085495664336973531,0.081715125807669542,0,0,0
4.8265184000000003,4340,4021,4294967280,4341,4021,-16,-0.10606464415646892,-0.0086393797973719298,-0.010210176124166826,0.024037162638408101,0.30727236333172425,0.079989607035371488,2.4369122330738908,0.097680225502342982,0.099933244267643745,0,0,0
4.8315225000000002,4325,4017,4294967282,4326,4017,-14,-0.10573360594124898,-0.0054977871437821377,-0.010210176124166827,0.043710193952020852,0.45704422372696146,0.042673502764427662,-0.49575365027611151,0.095201457250962421,0.10984856143665916,0,0,0
4.8365191999999997,4307,4013,4294967284,4308,4013,-12,-0.10533636008298505,-0.0023561944901923449,-0.010210176124166827,0.060382852661656612,0.53694572762837989,0.022765805529965433,-2.4161770511311871,0.08312057199530648,0.11081210774299213,0,0,0
4.8414916999999997,4286,4008,4294967287,4287,4008,-9,-0.10487290658167714,0.0015707963267948967,-0.010995574287564277,0.075454848318235929,0.65285174771207299,-0.061134233157684618,-7.333063369305437,0.046455255148779295,0.093669501336679659,0,0,0
4.8464567000000001,4266,4003,4294967289,4267,4003,-7,-0.10443152229471721,0.0054977871437821377,-0.010210176124166829,0.081436468247278362,0.71468622911248958,0.040665133944405393,-3.8809738038006216,0.027050386129776186,0.07441569115430588,0,0,0
4.8514632000000004,4248,3998,4294967291,4249,3998,-5,-0.10403427643645329,0.0094247779607693795,-0.0094247779607693795,0.080509370719412901,0.74767418855840617,0.094973883973982015,-2.0990558191503328,0.016555107034024519,0.055425767277031496,0,0,0
4.8564812000000002,4233,3995,4294967293,4234,3995,-3,-0.10370323822123334,0.011780972450961723,-0.010210176124166827,0.073837444440855687,0.61871383348816478,-0.0226120832272294,-6.8306152989298798,-0.017597969460624883,0.025791598484735147,0,0,0
4.8614363999999997,4223,3992,4294967294,4224,3992,-2,-0.10348254607775338,0.014137166941154069,-0.0094247779607693778,0.05998249991300382,0.54991501983531099,0.061216242175529394,-2.9750759493406793,-0.032473349207328278,0.00064484088285220523,0,0,0
4.8664269000000004,4218,3990,4294967295,4219,3990,-1,-0.1033722000060134,0.015707963267948967,-0.0094247779607693795,0.042295500691064483,0.43993215277830044,0.032658136181993702,-3.5601075950047805,-0.050273887182352178,-0.024369330818525516,0,0,0
4.8714173000000001,4217,3989,0,4218,3989,0,-0.10335013079166541,0.016493361431346415,-0.010210176124166827,0.024623256188137897,0.30797808368731211,-0.055856792561691883,-6.607145180826512,-0.083309613086484741,-0.056276632174890706,0,0,0
4.876404,4221,3989,0,4222,3989,0,-0.10343840764905739,0.016493361431346415,-0.010210176124166827,0.0048997728893751327,0.16430263996424019,-0.029798933638208739,-4.5866161290023317,-0.1062426937314964,-0.086862825684850833,0,0,0
4.8814012,4230,3990,0,4231,3990,0,-0.10363703057818935,0.015707963267948967,-0.010995574287564275,-0.01591802187895288,0.014373982463734322,-0.089176895515215446,-6.090749061768185,-0.13669643904033732,-0.12120746941571695,0,0,0
4.8863700999999997,4244,3992,4294967295,4245,3992,-1,-0.1039459995790613,0.014137166941154069,-0.010995574287564277,-0.037319618784238354,-0.13889069011807956,-0.04757481175784322,-3.144800059022137,-0.15242043933544799,-0.1512627235747121,0,0,0
4.8913593999999998,4266,3996,4294967293,4267,3996,-3,-0.10443152229471721,0.010995574287564275,-0.010995574287564275,-0.065209997965305161,-0.36721460630948843,-0.025380595508710194,-0.36474047634863949,-0.1542441417171912,-0.17060994056384307,0,0,0
4.8963612999999997,4294,4000,4294967291,4295,4000,-5,-0.1050494602964611,0.0078539816339744835,-0.010995574287564275,-0.092443844690744112,-0.48902269650888797,-0.013540245448697232,1.6281172591129334,-0.14610355542162654,-0.17873066451740066,0,0,0
4.9013358,4326,4006,4294967288,4327,4006,-8,-0.10575567515559697,0.0031415926535897933,-0.010995574287564275,-0.11520921864424799,-0.70056490061285281,-0.0072235596973304851,3.799731263780906,-0.12710489910272199,-0.17442497279215513,0,0,0
4.9063166000000002,4361,4012,4294967285,4362,4012,-11,-0.10652809765777684,-0.0015707963267948967,-0.010995574287564275,-0.13353160532584019,-0.81342014726548162,-0.0038536830738114683,5.4179370777768625,-0.10001521371383768,-0.15720137408422868,0,0,0
4.9113028999999999,4395,4018,4294967282,4396,4018,-14,-0.1072784509456087,-0.0062831853071795866,-0.010995574287564275,-0.14124727015811508,-0.87362707737180811,-0.0020558940267177755,6.5384110919100031,-0.067323158254287668,-0.1299684742176668,0,0,0
4.9162903,4426,4023,4294967279,4427,4023,-17,-0.10796259659039657,-0.010210176124166829,-0.010210176124166829,-0.13918615467282192,-0.83246723829267077,0.072182724312217575,10.128405454066478,-0.016681130983955281,-0.088147553700365727,0,0,0
4.9212837,4452,4028,4294967277,4453,4028,-19,-0.10853639616344447,-0.014137166941154069,-0.010995574287564275,-0.127791022793452,-0.81050895431272463,-0.034770895488936519,5.7674355455273698,0.012156046743681568,-0.047222276672651629,0,0,0
4.9262756000000003,4470,4030,4294967276,4471,4030,-20,-0.1089336420217084,-0.015707963267948967,-0.010995574287564277,-0.10523897353762951,-0.57895591343257591,-0.018549858659921162,5.3350496667422229,0.038831295077392684,-0.0075811283125756732,0,0,0
4.9312373999999997,4480,4031,4294967275,4481,4031,-21,-0.10915433416518837,-0.016493361431346415,-0.010210176124166827,-0.076734841728184719,-0.38214560437506795,0.063383390605526044,7.6389489051085118,0.077026039602935248,0.035678619935724319,0,0,0
4.9362238999999999,4481,4031,4294967275,4482,4031,-21,-0.10917640337953635,-0.016493361431346415,-0.010210176124166827,-0.042996234496466668,-0.20387012899691098,0.03381428406102386,5.0207514179361237,0.10212979669261586,0.07330837533120986,0,0,0
4.9412120000000002,4475,4029,4294967276,4476,4029,-20,-0.10904398809344838,-0.014922565104551517,-0.010210176124166827,-0.010583317489302174,0.037796752634975159,0.018039517855327938,2.5696945596686849,0.11497826949095928,0.10368840385829267,0,0,0
4.9462032000000002,4462,4026,4294967277,4463,4026,-19,-0.10875708830692443,-0.012566370614359173,-0.0094247779607693795,0.021122359570589697,0.24000267528872654,0.082903387236859777,3.6419887706586671,0.13318821334425263,0.13151695239999392,0,0,0
4.9511995000000004,4442,4021,4294967280,4443,4021,-16,-0.10831570401996451,-0.0086393797973719298,-0.010210176124166826,0.052450732541066428,0.49443616555662595,-0.029051549490037985,-3.2727668479950101,0.11682437910427758,0.14031323967417961,0,0,0
4.9562026000000001,4417,4015,4294967283,4418,4015,-13,-0.10776397366126461,-0.0039269908169872417,-0.010210176124166827,0.079459597747679994,0.70345292188131114,-0.015498655680679242,-4.7268485151262922,0.09319013652864612,0.13490472574423634,0,0,0
4.9611773000000001,4390,4009,4294967286,4391,4009,-10,-0.10716810487386871,0.00078539816339744833,-0.010210176124166827,0.097986726214734698,0.81496087221902191,-0.0082683482335638523,-5.9099794896641926,0.063640239080325151,0.11697730955317814,0,0,0
4.9661469,4364,4003,4294967289,4365,4003,-7,-0.10659430530082083,0.0054977871437821377,-0.010210176124166829,0.10581161835130129,0.87444903578616873,-0.0044110653156006372,-6.7966367333070448,0.029657055413789928,0.088890123915491753,0,0,0
4.9711468999999999,4341,3998,4294967291,4342,3998,-5,-0.10608671337081692,0.0094247779607693795,-0.0094247779607693795,0.103808774332071,0.83290574331810419,0.070926268477119206,-3.8875058301625316,0.010219526262977268,0.060482783613151618,0,0,0
4.9761191,4323,3994,4294967293,4324,3994,-3,-0.10568946751255298,0.012566370614359173,-0.0094247779607693778,0.092444729585896085,0.73746337222966007,0.037838319578073577,-5.0803748759800991,-0.015182348116923226,0.028896663299319805,0,0,0
4.9811223,4312,3991,4294967294,4313,3991,-2,-0.10544670615472503,0.014922565104551517,-0.0086393797973719298,0.07196837520814002,0.61326648457646016,0.093465812173818594,-2.0295968185796105,-0.025330332209821279,0.0044851189477446915,0,0,0
4.9861057000000004,4306,3989,4294967295,4307,3989,-1,-0.10531429086863706,0.016493361431346415,-0.0086393797973719315,0.050748932685042172,0.47372940477088143,0.049862897718889923,-3.0441727204106903,-0.040551195811874732,-0.01908617154063488,0,0,0
4.9910956999999998,4305,3988,4294967295,4306,3988,-1,-0.10529222165428906,0.01727875959474386,-0.007853981633974487,0.029133061485774808,0.32600851513695883,0.099880781412338207,0.10288058385031507,-0.040036792892623158,-0.033778582881468927,0,0,0
4.9960749,4308,3988,0,4309,3988,0,-0.10535842929733305,0.01727875959474386,-0.009424777960769383,0.0093648105715234582,0.17392166041986121,-0.093273831171677923,-7.1814962534440916,-0.075944274159843617,-0.059717097222472468,0,0,0
5.0010669999999999,4313,3989,0,4314,3989,0,-0.10546877536907302,0.016493361431346415,-0.010210176124166827,-0.0052995363983706799,0.019505615324770159,-0.12303999743254898,-7.6163332135855795,-0.11402594022777152,-0.09328834369405678,0,0,0
5.0060690000000001,4323,3990,4294967295,4324,3990,-1,-0.10568946751255298,0.015707963267948967,-0.0094247779607693795,-0.023418342184040913,-0.062873505806847987,0.0076391459338721879,-1.2639461833916374,-0.1203456711447297,-0.11733488903707459,0,0,0
5.0110792000000002,4339,3992,4294967294,4340,3992,-2,-0.10604257494212092,0.014137166941154069,-0.0094247779607693778,-0.045439170871813137,-0.18010130517713491,0.004075393381827999,-0.26155789241302152,-0.12165346060679481,-0.13418440020489236,0,0,0
5.0160767999999996,4360,3996,4294967292,4361,3996,-4,-0.10650602844342884,0.010995574287564275,-0.009424777960769383,-0.067482572046299455,-0.38919997867003414,0.0021741738357162494,1.3297104330963836,-0.11500490844131289,-0.14185087943035168,0,0,0
5.0210191000000002,4385,4000,4294967290,4386,4000,-6,-0.10705775880212874,0.0078539816339744835,-0.009424777960769376,-0.087478905110914593,-0.50075163084144259,0.0011598958493171314,2.5865804032211064,-0.10207200642520736,-0.13986375447068106,0,0,0
5.0260572000000003,4413,4005,4294967288,4414,4005,-8,-0.10767569680387262,0.0039269908169872417,-0.010210176124166827,-0.10432404145453902,-0.63354262810844331,-0.072660728669500643,0.77828742474971335,-0.098180569301458798,-0.13447243376522225,0,0,0
5.0309778999999999,4440,4010,4294967285,4441,4010,-11,-0.10827156559126852,-0,-0.0094247779607693795,-0.11125161082394912,-0.7043850437544994,0.034515885856836494,6.2984861943217965,-0.066688138329849822,-0.11552469613043201,0,0,0
5.0359527999999996,4466,4014,4294967283,4467,4014,-13,-0.10884536516431642,-0.0031415926535897933,-0.0094247779607693795,-0.11288827632001613,-0.66889910955377929,0.018413814058082113,6.0063749031783278,-0.036656263813958187,-0.089241715551643799,0,0,0
5.0409673000000002,4489,4018,4294967281,4490,4018,-15,-0.10935295709432033,-0.0062831853071795866,-0.0094247779607693795,-0.10758408708310532,-0.64996778625645257,0.0098235505115527484,5.9040643930643721,-0.0071359418486363242,-0.057761812447223171,0,0,0
5.0459281000000002,4507,4021,4294967280,4508,4021,-16,-0.10975020295258425,-0.0086393797973719298,-0.010210176124166826,-0.094458813978716,-0.56658863143671601,-0.068038772081871535,2.2649600160494026,0.0041888582316106891,-0.031451026094780579,0,0,0
5.0509044000000003,4518,4022,4294967279,4519,4022,-17,-0.10999296431041221,-0.0094247779607693795,-0.0094247779607693795,-0.073042865246161909,-0.37554780671111143,0.036981644653876544,5.702434693404224,0.032701031698631811,-0.0016228534674822132,0,0,0
5.0559202000000001,4524,4023,4294967279,4525,4023,-17,-0.11012537959650019,-0.010210176124166829,-0.010210176124166829,-0.051322160324324177,-0.27362980180777863,-0.053550252280211055,1.0554999637115552,0.037978531517189586,0.019528556411136114,0,0,0
5.0608915999999997,4524,4022,4294967279,4525,4022,-17,-0.11012537959650019,-0.0094247779607693795,-0.0094247779607693795,-0.027379761342095264,-0.072698721340051578,0.044711097425600366,3.9033671241354106,0.05749536713786664,0.041648239695646488,0,0,0
5.0658659000000004,4521,4021,4294967280,4522,4021,-16,-0.1100591719534562,-0.0086393797973719298,-0.010210176124166826,-0.0084294458247621031,0.034495617219548989,-0.049426681275844958,-1.0590604814650706,0.052200064730541285,0.053653996319139877,0,0,0
5.070875,4514,4019,4294967280,4515,4019,-16,-0.10990468745302023,-0.0070685834705770346,-0.0086393797973719315,0.009916762877035832,0.16496203956550051,0.12019049274121495,5.1558192360439916,0.077979160910761236,0.073368763534361697,0,0,0
5.0758782,4504,4016,4294967282,4505,4016,-14,-0.10968399530954026,-0.0047123889803846897,-0.0094247779607693795,0.02588157752428058,0.30784384146634503,-0.0091593227522071274,-1.5043856557819504,0.070457232631851482,0.081176576686698032,0,0,0
5.0808317000000001,4491,4013,4294967283,4492,4013,-13,-0.10939709552301632,-0.0023561944901923449,-0.0086393797973719315,0.040575946803222157,0.38406958121408374,0.068393129681254702,0.91704040267577058,0.075042434645230333,0.088662878296238951,0,0,0
5.0858544999999999,4476,4009,4294967285,4477,4009,-11,-0.10906605730779638,0.00078539816339744833,-0.0086393797973719315,0.052533438345075276,0.49801462489612913,0.036486920197398846,-1.4882080462718212,0.067601394413871224,0.089239490715635666,0,0,0
5.0908296999999996,4459,4005,4294967287,4460,4005,-9,-0.10869088066388044,0.0039269908169872417,-0.0086393797973719315,0.063030838207418019,0.55880294873935599,0.019465337405903733,-3.0764764787227312,0.052219012020257569,0.081661936839030183,0,0,0
5.0957973000000001,4442,4001,4294967289,4443,4001,-7,-0.10831570401996451,0.0070685834705770346,-0.0086393797973719315,0.06863107602139798,0.59123279558710684,0.010384525695119832,-4.1277550867063342,0.031580236586725902,0.066935187807116631,0,0,0
5.1018053999999999,4424,3997,4294967291,4425,3997,-5,-0.10791845816170058,0.010210176124166829,-0.0086393797973719298,0.073677846465156405,0.6085337326762903,0.0055400207899761536,-4.9433400664162788,0.0068635362546445068,0.043537899310627237,0,0,0
5.1057907,4414,3994,4294967292,4415,3994,-4,-0.10769776601822062,0.012566370614359173,-0.0078539816339744852,0.059897356293605999,0.54448405728606886,0.076235054407866099,-1.6405014046722632,-0.001338970768716809,0.028008127970474118,0,0,0
5.1107573000000004,4405,3992,4294967294,4406,3992,-2,-0.10749914308908866,0.014137166941154069,-0.0094247779607693778,0.050486518634965102,0.43703479893511776,-0.1058885449337548,-9.096205755547377,-0.046819999546453696,-0.0047572663399462409,0,0,0
5.1167596,4400,3990,4294967294,4401,3990,-2,-0.10738879701734869,0.015707963267948967,-0.00785398163397448,0.037229507766005462,0.37971189920831427,0.090068760878910831,-0.41408848118579922,-0.048890441952382693,-0.025996070440565532,0,0,0
5.1207343999999999,4400,3990,4294967295,4401,3990,-1,-0.10738879701734869,0.015707963267948967,-0.0094247779607693795,0.01986149903034766,0.20257177627322098,-0.09850842727580314,-7.4891828424995435,-0.086336356164880418,-0.058283514329108305,0,0,0
5.1267322999999996,4405,3990,4294967295,4406,3990,-1,-0.10749914308908866,0.015707963267948967,-0.0094247779607693795,0.00030032189030545879,0.10806963023293471,-0.052553072823754987,-4.8238228988668297,-0.11045547065921457,-0.089008007041251266,0,0,0
5.1317256999999996,4414,3991,4294967294,4415,3991,-2,-0.10769776601822062,0.014922565104551517,-0.0086393797973719298,-0.018371774212513629,-0.015625658554127439,0.045243080790300372,0.33816069025243278,-0.10876466720795241,-0.10974876623028511,0,0,0
5.1366873999999996,4428,3993,4294967294,4429,3993,-2,-0.10800673501909257,0.013351768777756621,-0.010210176124166826,-0.038628666432680023,-0.1548951413381168,-0.12242239377813607,-5.7181920947471658,-0.13735562768168824,-0.13790517805315983,0,0,0
5.1416921000000002,4449,3996,4294967292,4450,3996,-4,-0.10847018852040048,0.010995574287564275,-0.009424777960769383,-0.063849249033698846,-0.30247327114780975,0.0079686301285153555,1.2312170544492458,-0.13119954240944201,-0.15044195704742278,0,0,0
5.1466820000000002,4474,4001,4294967290,4475,4001,-6,-0.10902191887910039,0.0070685834705770346,-0.010210176124166824,-0.085540570552604916,-0.5277634844908119,-0.069028350016143644,-0.28378229941312627,-0.13261845390650764,-0.15950395174904525,0,0,0
5.1506620999999999,4497,4005,4294967288,4498,4005,-8,-0.10952951080910429,0.0039269908169872417,-0.010210176124166827,-0.092994411737527954,-0.57467361105666037,-0.036825802681281328,1.8056188509373661,-0.12359035965182082,-0.16479810930677452,0,0,0
5.1566628000000003,4535,4011,4294967284,4536,4011,-12,-0.11036814095432815,-0.00078539816339744833,-0.0086393797973719315,-0.12785760118337891,-0.74625864351515103,0.12691291140869959,10.958970971780271,-0.06879550479291946,-0.13271289530649505,0,0,0
5.1616242000000003,4566,4017,4294967282,4567,4017,-14,-0.11105228659911602,-0.0054977871437821377,-0.010210176124166827,-0.13204292573114812,-0.83779721494123627,-0.078852511741792544,3.2366970223879599,-0.052612019680979658,-0.10760016493420196,0,0,0
5.1666321000000002,4593,4021,4294967279,4594,4021,-17,-0.11164815538651192,-0.0086393797973719298,-0.0086393797973719298,-0.1260393054838525,-0.74007291408851095,0.10449216261716647,11.080519944337189,0.0027905800407062864,-0.063924279537180828,0,0,0
5.1715856999999996,4614,4025,4294967278,4615,4025,-18,-0.11211160888781983,-0.011780972450961723,-0.010210176124166827,-0.1104817840021623,-0.68793816337337799,-0.090813714215420893,2.6078994270750062,0.015830077176081318,-0.03027332140139179,0,0,0
5.1765945999999996,4628,4027,4294967277,4629,4027,-19,-0.11242057788869178,-0.013351768777756621,-0.010210176124166827,-0.087768259725742523,-0.51356585615081718,-0.048448035041677884,3.4240932758560039,0.032950543555361339,0.0013140050630210988,0,0,0
5.1815828000000002,4634,4027,4294967277,4635,4027,-19,-0.11255299317477975,-0.013351768777756621,-0.010210176124166827,-0.059177982915797817,-0.2739812682474676,-0.025846449731499615,2.85739901201661,0.047237538615444385,0.02747160516148139,0,0,0
5.1865547999999997,4634,4027,4294967277,4635,4027,-19,-0.11255299317477975,-0.013351768777756621,-0.010210176124166827,-0.031570749140370898,-0.14616574379206101,-0.013788773128739889,2.2516522259480345,0.058495799745184554,0.04884675828435775,0,0,0
5.1915620000000002,4629,4025,4294967277,4630,4025,-19,-0.11244264710303976,-0.011780972450961723,-0.0086393797973719298,-0.0065470673796087526,0.068581354945496276,0.13920289232909444,7.3482455340885435,0.095237027415627271,0.078437622142813967,0,0,0
5.1965471000000001,4620,4022,4294967278,4621,4022,-18,-0.1122440241739078,-0.0094247779607693795,-0.0078539816339744835,0.015039209885893256,0.25642589401036525,0.14754260459502583,6.4137687713863425,0.12730587127255899,0.11063648270367107,0,0,0
5.2015089000000003,4605,4019,4294967280,4606,4019,-16,-0.11191298595868787,-0.0070685834705770346,-0.0086393797973719315,0.038909893314352476,0.35663871857797047,0.0054327031879927851,-0.82093142017693288,0.12320121417167433,0.12835957803986608,0,0,0
5.2065161,4584,4014,4294967282,4585,4014,-14,-0.11144953245737994,-0.0031415926535897933,-0.0078539816339744835,0.06399928022596707,0.55666010564342383,0.076177801745243814,0.44158260753389111,0.12540912720934377,0.14082157142806767,0,0,0
5.2114925000000003,4559,4009,4294967285,4560,4009,-11,-0.11089780209868005,0.00078539816339744833,-0.0086393797973719315,0.085620610406970915,0.66336913360636718,-0.032639569255430358,-5.6222071389277453,0.097298091514705046,0.13502266546954023,0,0,0
5.2164802000000003,4532,4002,4294967288,4533,4002,-8,-0.11030193331128416,0.0062831853071795866,-0.0078539816339744835,0.10127355309752793,0.86685616782053909,0.055866697795901588,-3.6341888333816863,0.079127147347796606,0.12295483628276897,0,0,0
5.2214539000000002,4506,3997,4294967291,4507,3997,-5,-0.10972813373823626,0.010210176124166829,-0.0086393797973719298,0.10756510135075087,0.82885503868121368,-0.043475301329317761,-8.4594493448408237,0.036829900623592489,0.095110348990499333,0,0,0
5.2259950000000002,4484,3992,4294967293,4485,3992,-3,-0.10924261102258034,0.014137166941154069,-0.0078539816339744817,0.10268512636748731,0.80858188883736826,0.050085963776228759,-4.8071948113330425,0.012793926566927277,0.067391645211135831,0,0,0
5.2306938000000001,4466,3988,4294967295,4467,3988,-1,-0.10884536516431642,0.01727875959474386,-0.007853981633974487,0.091845276778210638,0.72448688553475415,0.026720265205437941,-5.6541866076468494,-0.015477006471306971,0.035277033712953702,0,0,0
5.2363258999999998,4452,3984,1,4453,3984,1,-0.10853639616344447,0.020420352248333658,-0.00785398163397448,0.077825905062230999,0.67962320275254329,0.014254943277897761,-6.1070804561937289,-0.046012408752275614,-0.0011321965186611022,0,0,0
5.2413178,4445,3983,2,4446,3983,2,-0.10838191166300851,0.021205750411731103,-0.0086393797973719315,0.055932965368131082,0.43585040438969286,-0.065674676814079694,-8.3343519262018262,-0.087684168383284744,-0.043469010220187038,0,0,0
5.2463008000000002,4446,3982,2,4447,3982,2,-0.10840398087735649,0.021991148575128551,-0.0078539816339744835,0.027780460660589573,0.30580051953115966,0.038242861325448477,-2.8885812907863473,-0.10212707483721647,-0.076076317118944914,0,0,0
5.2512736999999996,4452,3983,2,4453,3983,2,-0.10853639616344447,0.021205750411731103,-0.0086393797973719315,0.0024658833511248517,0.089861416127329022,-0.052877408205641706,-5.3595672225949915,-0.12892491095019143,-0.11181881816493215,0,0,0
5.2562927999999998,4465,3985,1,4466,3985,1,-0.10882329594996842,0.019634954084936207,-0.0086393797973719315,-0.025452914013523672,-0.098619043231521944,-0.028209467565472834,-2.8284957562803852,-0.14306738973159336,-0.14109498926382658,0,0,0
5.2612537000000001,4484,3988,0,4485,3988,0,-0.10924261102258034,0.01727875959474386,-0.009424777960769383,-0.052701921501472612,-0.27245064299486699,-0.088328934294217828,-3.9073913405878531,-0.16260434643453262,-0.16938047485445104,0,0,0
5.2662260999999999,4511,3993,4294967294,4512,3993,-2,-0.10983847980997624,0.013351768777756621,-0.010210176124166826,-0.083711824592111767,-0.51174676990796009,-0.12040195383675029,-3.3167685620286615,-0.17918818924467592,-0.1925624024601541,0,0,0
5.2709622999999999,4542,3998,4294967291,4543,3998,-5,-0.11052262545476411,0.0094247779607693795,-0.0094247779607693795,-0.1084916796477387,-0.63940840386032094,0.0090465107760097918,3.7369297454201513,-0.16050354051757515,-0.19878199421411893,0,0,0
5.2757290000000001,4577,4005,4294967288,4578,4005,-8,-0.11129504795694398,0.0039269908169872417,-0.010210176124166827,-0.1299478782697624,-0.85407340384717101,-0.06845331352708843,2.3798661083427581,-0.14860420997586135,-0.19781520852529288,0,0,0
5.2815338000000001,4623,4013,4294967284,4624,4013,-12,-0.11231023181695179,-0.0023561944901923449,-0.010210176124166827,-0.16404471760462447,-1.0418741442062445,-0.036519027562427205,6.0150204336332322,-0.11852910780769518,-0.1739750444095769,0,0,0
5.2865418000000002,4662,4020,4294967280,4663,4020,-16,-0.11317093117652365,-0.0078539816339744835,-0.0094247779607693795,-0.16782120349457602,-1.0687840833938855,0.053797052989234317,10.84615667628063,-0.064298324426292033,-0.13558255859229637,0,0,0
5.2915184000000002,4697,4026,4294967277,4698,4026,-19,-0.11394335367870349,-0.012566370614359173,-0.0094247779607693795,-0.16159947269215441,-1.0098606961904606,0.028700087105553548,10.13681266270954,-0.013614261112744337,-0.087623331613852926,0,0,0
5.2964887000000003,4724,4031,4294967275,4725,4031,-21,-0.11453922246609939,-0.016493361431346415,-0.010210176124166827,-0.14180737130132431,-0.90514625153866657,-0.057968364607926842,6.1242370704108096,0.017006924239309711,-0.042794236704861432,0,0,0
5.3014979999999996,4742,4034,4294967273,4743,4034,-23,-0.11493646832436333,-0.018849555921538759,-0.0094247779607693795,-0.11271652854716321,-0.70272330376768188,0.042354087113661031,9.362986208027241,0.063821855279445922,0.0080614628197985538,0,0,0
5.3064909,4750,4035,4294967273,4751,4035,-23,-0.11511302203914729,-0.019634954084936207,-0.010210176124166827,-0.076605807750806748,-0.44817403318427113,-0.050684118207843673,3.7587661173599045,0.082615685866245445,0.047934225858682386,0,0,0
5.3115046000000001,4749,4034,4294967273,4750,4034,-23,-0.11509095282479929,-0.018849555921538759,-0.0094247779607693795,-0.038809175880749169,-0.16581599014806059,0.046240145820678646,5.9440081748043676,0.11233572674026729,0.087289563187070415,0,0,0
5.3164758000000001,4740,4032,4294967274,4741,4032,-22,-0.11489232989566733,-0.01727875959474386,-0.009424777960769376,-0.0021722407929542012,0.058098182527564296,0.024668567125648432,3.2107801593638192,0.12838962753708638,0.11883632146380571,0,0,0
5.3214312000000001,4724,4028,4294967276,4725,4028,-20,-0.11453922246609939,-0.014137166941154069,-0.0094247779607693795,0.031786899609507528,0.32411276566056063,0.013160386785814602,0.59605719132586155,0.13136991349371568,0.14014754141229208,0,0,0
5.3264284000000002,4700,4023,4294967278,4701,4023,-18,-0.11400956132174749,-0.010210176124166829,-0.0086393797973719332,0.066376578699676392,0.53930789711059557,0.080300428916401656,1.4279547408939584,0.13850968719818549,0.15468249773746368,0,0,0
5.3314069000000002,4672,4017,4294967281,4673,4017,-15,-0.1133916233200036,-0.0054977871437821377,-0.0086393797973719315,0.093066201619826178,0.7273914562919912,0.042839322536408111,-2.0293687176700601,0.12836284360983519,0.1575820271032361,0,0,0
5.3363959000000003,4641,4010,4294967284,4642,4010,-12,-0.11270747767521572,-0,-0.0078539816339744835,0.11348212839160185,0.9010113145373112,0.096133787695601436,-1.4957943288156974,0.1208838719657567,0.15455941615340416,0,0,0
5.3413791000000002,4610,4003,4294967288,4611,4003,-8,-0.11202333203042784,0.0054977871437821377,-0.0086393797973719315,0.12437378219293088,0.99363544128811498,-0.021993288404933191,-7.8476271920922107,0.081645736005295649,0.13399948152562044,0,0,0
5.3463583000000003,4580,3997,4294967291,4581,3997,-5,-0.11136125559998797,0.010210176124166829,-0.0086393797973719298,0.12812523952550631,0.96976979056536483,-0.011733157447963742,-8.1001993352333272,0.041144739329129015,0.10254930475102499,0,0,0
5.3513568999999999,4554,3991,4294967294,4555,3991,-2,-0.11078745602694007,0.014922565104551517,-0.0086393797973719298,0.12189015628578995,0.95703775011863756,-0.0062594997693855379,-8.338703451756075,-0.00054877792965136313,0.063108274389424304,0,0,0
5.3563752999999998,4535,3987,0,4536,3987,0,-0.11036814095432815,0.018064157758141311,-0.0086393797973719315,0.1041500417913942,0.80368631958098447,-0.0033393685831548535,-7.7174905042768787,-0.039136230451035758,0.02066846003911026,0,0,0
5.3613168,4523,3984,1,4524,3984,1,-0.11010331038215219,0.020420352248333658,-0.00785398163397448,0.080272130134997358,0.64859563834534517,0.071498005921140445,-3.6991349978030121,-0.057631905440050819,-0.015596826966024028,0,0,0
5.3658780999999998,4519,3983,1,4520,3983,1,-0.11001503352476021,0.021205750411731103,-0.0070685834705770355,0.051060666524419415,0.4192975682828905,0.11142285398770631,-0.50954024442144963,-0.060179606662158068,-0.040832223496475223,0,0,0
5.3708606999999997,4520,3983,1,4521,3983,1,-0.1100371027391082,0.021205750411731103,-0.0070685834705770355,0.025181147251231151,0.22369025930238079,0.059442765677824166,-1.3484014711143018,-0.066921614017729572,-0.062255216893923597,0,0,0
5.3758584000000003,4527,3984,1,4528,3984,1,-0.11019158723954417,0.020420352248333658,-0.00785398163397448,-0.00097992966050074702,0.046056570138884353,-0.041567511701378526,-4.3278420889737497,-0.088560824462598317,-0.08508812252645459,0,0,0
5.3808395000000004,4537,3985,1,4538,3985,1,-0.11041227938302414,0.019634954084936207,-0.0086393797973719315,-0.021113883431191711,-0.048708887606420406,-0.09545529176099285,-5.806788799567105,-0.11759476846043385,-0.11273995972523597,0,0,0
5.3858034999999997,4552,3988,0,4553,3988,0,-0.11074331759824407,0.01727875959474386,-0.009424777960769383,-0.042150659308035375,-0.24582416934437168,-0.12420378067813373,-5.6840256792733932,-0.1460148968568008,-0.14211230731691682,0,0,0
5.3908060999999998,4574,3991,4294967294,4575,3991,-2,-0.11122884031389998,0.014922565104551517,-0.0086393797973719298,-0.067787300552329399,-0.35098282472363579,0.0070182814317418796,1.169701142485053,-0.14016639114437554,-0.1559873353245598,0,0,0
5.3958069999999996,4600,3996,4294967292,4601,3996,-4,-0.11180263988694789,0.010995574287564275,-0.009424777960769383,-0.0897005844026183,-0.55364275362766091,-0.069535349728257381,-0.39612990298018902,-0.1421470406592765,-0.16656000433348769,0,0,0
5.4007683000000002,4631,4002,4294967289,4632,4002,-7,-0.11248678553173576,0.0062831853071795866,-0.0094247779607693795,-0.11168661168704895,-0.73503893153134492,-0.037096280989879972,2.7208602052130875,-0.12854273963321106,-0.16470489978306216,0,0,0
5.4067926000000002,4670,4009,4294967286,4671,4009,-10,-0.11334748489130761,0.00078539816339744833,-0.010210176124166827,-0.13988877751546286,-0.90509115150442065,-0.093069943423887247,2.2602833393579753,-0.11724132293642117,-0.1514794421921842,0,0,0
5.4107704999999999,4696,4013,4294967283,4697,4013,-13,-0.11392128446435551,-0.0023561944901923449,-0.0086393797973719315,-0.12816586371252953,-0.77597342784761003,0.096907332128867402,10.130407501344155,-0.066589285429700384,-0.12784652378913861,0,0,0
5.4157109999999999,4726,4018,4294967281,4727,4018,-15,-0.11458336089479539,-0.0062831853071795866,-0.0094247779607693795,-0.13014826985665884,-0.78037017921992669,-0.021580611661855979,5.7152863281631952,-0.038012853788884408,-0.097469370649549331,0,0,0
5.4217044000000003,4756,4024,4294967278,4757,4024,-18,-0.11524543732523526,-0.010995574287564275,-0.0094247779607693795,-0.13120585992625766,-0.85599531300856291,-0.011512999320061949,7.0591486070262244,-0.0027171107537532838,-0.056233808414121754,0,0,0
5.4267145000000001,4774,4027,4294967277,4775,4027,-19,-0.1156426831834992,-0.013351768777756621,-0.010210176124166827,-0.10706074848099831,-0.67650186339592089,-0.079421567322010014,3.2387244422285995,0.013476511457389713,-0.025120016292897937,0,0,0
5.4316861999999997,4786,4028,4294967276,4787,4028,-20,-0.11590751375567515,-0.014137166941154069,-0.0094247779607693795,-0.08182495749056036,-0.43418520701468116,0.030909058949934322,6.6302512202388817,0.046627767558584124,0.01098700319030723,0,0,0
5.4366776000000003,4790,4028,4294967276,4791,4028,-20,-0.11599579061306713,-0.014137166941154069,-0.0094247779607693795,-0.051889081426131467,-0.23163263727025776,0.016489614856622842,4.6435015023525201,0.069845275070346727,0.042645973104876417,0,0,0
5.4417081999999999,4787,4027,4294967276,4788,4027,-20,-0.11592958297002315,-0.013351768777756621,-0.0086393797973719315,-0.021504876210336709,-0.050293734199690771,0.082076532444704212,6.0657967361718832,0.10017425875120614,0.075489399668204615,0,0,0
5.4465890000000003,4780,4025,4294967277,4781,4025,-19,-0.11577509846958717,-0.011780972450961723,-0.0086393797973719298,0.0029411764804423181,0.11972793033199781,0.043786852617302412,3.1282544874317617,0.11581553118836495,0.10438061499369208,0,0,0
5.4515671000000001,4766,4022,4294967278,4767,4022,-18,-0.11546612946871522,-0.0094247779607693795,-0.0078539816339744835,0.03039662630420259,0.28371198287915717,0.096639283709708979,3.9408008455015291,0.13551953541587258,0.13136854024651751,0,0,0
5.4565586000000001,4745,4017,4294967281,4746,4017,-15,-0.11500267596740731,-0.0054977871437821377,-0.0086393797973719315,0.05945755365977206,0.51775456062595848,-0.021723612301312797,-3.112740849984819,0.11995583116594849,0.13967064148419631,0,0,0
5.4615429999999998,4720,4012,4294967284,4721,4012,-12,-0.1144509456087074,-0.0015707963267948967,-0.0094247779607693795,0.083197653370915087,0.64261348866214063,-0.084868807750247563,-7.4271290014662625,0.082820186158617179,0.12861109128755049,0,0,0
5.4665340000000002,4693,4005,4294967287,4694,4005,-9,-0.11385507682131152,0.0039269908169872417,-0.0086393797973719315,0.099980934373565464,0.855783278419879,0.028003021052159592,-4.5058257784624267,0.060291057266305043,0.11081859068749692,0,0,0
5.4715248000000001,4668,4000,4294967289,4669,4000,-7,-0.11330334646261161,0.0078539816339744835,-0.0078539816339744835,0.10481639439247475,0.82294778405199254,0.088218797537917587,-2.4097285749051989,0.048242414391779051,0.092504477566490745,0,0,0
5.4765125000000001,4646,3995,4294967292,4647,3995,-4,-0.1128178237469557,0.011780972450961723,-0.008639379797371935,0.10121872393934775,0.80543043884163601,-0.02621584139516115,-7.6741780497551071,0.0098715241430035114,0.061581554058261059,0,0,0
5.4814957,4629,3991,4294967293,4630,3991,-3,-0.11244264710303976,0.014922565104551517,-0.0070685834705770337,0.089003858283331627,0.72280562449236219,0.13257319940178283,-0.66874563219832872,0.0065277959820118671,0.040909821986009121,0,0,0
5.4864867999999998,4617,3989,4294967295,4618,3989,-1,-0.11217781653086381,0.016493361431346415,-0.0086393797973719315,0.072191821607965515,0.53216723142437727,-0.075832815505336867,-8.7410574711841527,-0.037177491373908897,0.0065393223584031997,0,0,0
5.4914848000000003,4610,3987,4294967295,4611,3987,-1,-0.11202333203042784,0.018064157758141311,-0.0070685834705770355,0.052927248941067019,0.43046391901786241,0.106103134598028,-0.33774997233028881,-0.038866241235560338,-0.015081271884341718,0,0,0
5.4964747999999997,4609,3986,0,4610,3986,0,-0.11200126281607985,0.018849555921538759,-0.0078539816339744835,0.030295167266994223,0.30292689373245169,-0.016674760556532636,-4.6743932390128373,-0.062238207430624526,-0.040198462266477226,0,0,0
5.5004800999999999,4611,3986,0,4612,3986,0,-0.11204540124477584,0.018849555921538759,-0.0078539816339744835,0.012043890429112903,0.16160789027748315,-0.0088957861787058185,-3.4434215563646617,-0.079455315212447836,-0.064717097359608192,0,0,0
5.5065051,4618,3987,0,4619,3987,0,-0.11219988574521181,0.018064157758141311,-0.0086393797973719315,-0.0079884997247061836,0.012936365597377958,-0.078025315279249385,-5.3692013240456724,-0.1063013218326762,-0.092488010292713752,0,0,0
5.5115069999999999,4629,3989,4294967295,4630,3989,-1,-0.11244264710303976,0.016493361431346415,-0.0086393797973719315,-0.026911982358742391,-0.13965764159583222,-0.041625576505108251,-2.6994073157163099,-0.11979835841125774,-0.11659057153691106,0,0,0
5.5164805000000001,4646,3992,4294967294,4647,3992,-2,-0.1128178237469557,0.014137166941154069,-0.0094247779607693778,-0.049362096562294573,-0.29434424649729718,-0.095486268642293717,-3.704723457119472,-0.13832197569685512,-0.13990296945801056,0,0,0
5.5214616999999997,4668,3995,4294967292,4669,3995,-4,-0.11330334646261161,0.011780972450961723,-0.008639379797371935,-0.071634516447127414,-0.37686770806354342,0.022338732108626976,2.4460457977098713,-0.12609174670830575,-0.1483959448313199,0,0,0
5.5265795999999998,4695,4000,4294967290,4696,4000,-6,-0.11389921525000751,0.0078539816339744835,-0.009424777960769376,-0.093812138529070221,-0.56745203062878402,-0.061362071741989418,0.55597930986235822,-0.12331185015899396,-0.15186851361777348,0,0,0
5.5314277000000001,4723,4005,4294967287,4724,4005,-9,-0.11451715325175139,0.0039269908169872417,-0.0086393797973719315,-0.10770274606122525,-0.66912649706600547,0.040543584772987425,6.1339072916355715,-0.092642313700816104,-0.13978137096220308,0,0,0
5.5364544999999996,4752,4011,4294967285,4753,4011,-11,-0.11515716046784329,-0.00078539816339744833,-0.010210176124166827,-0.11717233002037239,-0.79664813337032214,-0.12492951893750261,0.30070338924789919,-0.091138796754576604,-0.13077715881746863,0,0,0
5.5414649999999996,4780,4016,4294967282,4781,4016,-14,-0.11577509846958717,-0.0047123889803846897,-0.0094247779607693795,-0.12016513002744267,-0.79139988840310904,0.0066311087131188939,6.4674113249803851,-0.058801740129674679,-0.10784966935131625,0,0,0
5.5463937000000003,4805,4020,4294967280,4806,4020,-16,-0.11632682882828707,-0.0078539816339744835,-0.0094247779607693795,-0.11558442240207106,-0.71532049292195499,0.0035376175291793811,6.4188505691446291,-0.026707487283951531,-0.078900458729760703,0,0,0
5.5513783999999999,4826,4023,4294967278,4827,4023,-18,-0.11679028232959499,-0.010210176124166829,-0.0086393797973719332,-0.10490422838428204,-0.60145352216333203,0.075166796114669171,9.2323097531203793,0.019454061481650367,-0.038937076611352629,0,0,0
5.5564197000000002,4841,4026,4294967277,4842,4026,-19,-0.11712132054481493,-0.012566370614359173,-0.0094247779607693795,-0.086851810488925887,-0.54070684929498758,-0.033178928719367826,4.3039848337644031,0.040973985650472382,-0.0037999605244912436,0,0,0
5.5613427,4849,4027,4294967277,4850,4027,-19,-0.11729787425959889,-0.013351768777756621,-0.010210176124166827,-0.06280728868730813,-0.36174018416228476,-0.090980082638960319,0.68035735530945995,0.044375772427019684,0.021423773671864592,0,0,0
5.5663507000000001,4850,4026,4294967277,4851,4026,-19,-0.11731994347394689,-0.012566370614359173,-0.0094247779607693795,-0.035566050811120624,-0.11970456102766446,0.024742728677647229,4.0237900809056448,0.064494722831547904,0.04715817081048642,0,0,0
5.5713187,4846,4025,4294967277,4847,4025,-19,-0.1172316666165549,-0.011780972450961723,-0.0086393797973719298,-0.01073762350399088,0.0094185615344699741,0.086479470382640283,5.5970636749003448,0.092480041206049635,0.075595180674324317,0,0,0
5.5763106000000002,4837,4023,4294967278,4838,4023,-18,-0.11703304368742294,-0.010210176124166829,-0.0086393797973719332,0.012803598098486503,0.15158372899788233,0.046135767573004041,2.6890688445963189,0.10592538542903122,0.098920805325262137,0,0,0
5.5813550000000003,4823,4020,4294967280,4824,4020,-16,-0.11672407468655099,-0.0078539816339744835,-0.0094247779607693795,0.035658110786748611,0.30070667209960256,-0.048666636718472094,-2.7541581643099282,0.092154594607481585,0.10758230132509393,0,0,0
5.5863259000000003,4805,4015,4294967282,4806,4015,-14,-0.11632682882828707,-0.0039269908169872417,-0.0086393797973719315,0.056087162184508717,0.52682102493686045,0.047316448169255121,-0.43413274129580426,0.089983930901002568,0.11266648015978424,0,0,0
5.5912791000000004,4784,4011,4294967284,4785,4011,-12,-0.11586337532697916,-0.00078539816339744833,-0.0086393797973719315,0.073163148605664072,0.57417082010829235,0.025242761611027044,-2.3464864770266978,0.078251498515869072,0.1088548192504076,0,0,0
5.5962683000000002,4763,4006,4294967286,4764,4006,-10,-0.11539992182567124,0.0031415926535897933,-0.0078539816339744817,0.08227298400498384,0.67271089123987138,0.086746231997751763,-0.73467937460672239,0.074578101642835459,0.10447621920360393,0,0,0
5.6012269000000003,4742,4001,4294967289,4743,4001,-7,-0.11493646832436333,0.0070685834705770346,-0.0086393797973719315,0.087132972702321107,0.72528084568383888,-0.027001437574190587,-6.4089892329437337,0.042533155478116792,0.085791380277898704,0,0,0
5.6062528,4722,3997,4294967291,4723,3997,-5,-0.1144950840374034,0.010210176124166829,-0.0086393797973719298,0.087666608532468437,0.68004677103688049,-0.014404945388170366,-6.1978122286819426,0.011544094334707079,0.059564215989262856,0,0,0
5.6112206000000002,4705,3993,4294967293,4706,3993,-3,-0.11411990739348747,0.013351768777756621,-0.0086393797973719298,0.081773966104667972,0.65591493090120201,-0.007684866817406601,-6.1373970531007718,-0.019142890930796779,0.027853682878900769,0,0,0
5.6162239999999999,4694,3990,4294967294,4695,3990,-2,-0.11387714603565952,0.015707963267948967,-0.00785398163397448,0.066275649968054989,0.56976136228068641,0.069179734363309556,-2.4685771463351296,-0.031485776662472431,0.0020260751615470834,0,0,0
5.6211853999999999,4688,3989,4294967295,4689,3989,-1,-0.11374473074957153,0.016493361431346415,-0.0086393797973719315,0.047711931563604364,0.37724042083260689,-0.036372954864345712,-5.9902712043881596,-0.061437132684413226,-0.029493946956565896,0,0,0
5.6261907999999998,4688,3989,4294967295,4689,3989,-1,-0.11374473074957153,0.016493361431346415,-0.0086393797973719315,0.02545374729213665,0.20125327199239193,-0.019404538257922654,-4.1732501328081817,-0.082303383348454134,-0.058337824180188583,0,0,0
5.6311543000000004,4692,3989,4294967295,4693,3989,-1,-0.11383300760696352,0.016493361431346415,-0.0086393797973719315,0.0053428300031142743,0.10736622390105978,-0.01035209007372344,-3.0007548373918915,-0.097307157535413594,-0.085134035057219781,0,0,0
5.6361382999999998,4701,3990,4294967295,4702,3990,-1,-0.11403163053609548,0.015707963267948967,-0.0094247779607693795,-0.015681656185099854,-0.016000917455380625,-0.078802236064250866,-4.9573036800446388,-0.12209367593563679,-0.11454244618802639,0,0,0
5.6411429999999996,4716,3992,4294967294,4717,3992,-2,-0.11436266875131543,0.014137166941154069,-0.0094247779607693778,-0.039252630764146042,-0.15509533749301152,-0.042040054491627531,-2.2019291293266874,-0.13310332158227023,-0.13762109350108562,0,0,0
5.6461433000000003,4737,3996,4294967292,4738,3996,-4,-0.11482612225262334,0.010995574287564275,-0.009424777960769383,-0.064182126573801596,-0.37585959270434532,-0.022427868420104819,0.37510684710343067,-0.13122778734675308,-0.15089851650165143,0,0,0
5.6510927000000004,4763,4001,4294967289,4764,4001,-7,-0.11539992182567124,0.0070685834705770346,-0.0086393797973719315,-0.087777267018762192,-0.56691421309020584,0.061314518581333168,5.7444973228807941,-0.10250530073234912,-0.14545791273363429,0,0,0
5.6561025000000003,4791,4006,4294967287,4792,4006,-9,-0.11601785982741512,0.0031415926535897933,-0.0094247779607693795,-0.10448321397921093,-0.66883957781399406,-0.040568953817891579,2.6872339340427267,-0.089069131062135487,-0.13587052935250471,0,0,0
5.6610939,4820,4011,4294967284,4821,4011,-12,-0.11665786704350702,-0.00078539816339744833,-0.0086393797973719315,-0.11545474799573201,-0.72321554607425231,0.051636465562146891,7.6426899597923956,-0.050855681263173511,-0.10957548424792693,0,0,0
5.6660637999999999,4846,4016,4294967282,4847,4016,-14,-0.1172316666165549,-0.0047123889803846897,-0.0094247779607693795,-0.11513059994638336,-0.75222447758264788,-0.04573207984857576,4.1113183026285078,-0.030299089750030973,-0.083029136671428874,0,0,0
5.6710482000000004,4868,4020,4294967280,4869,4020,-16,-0.11771718933221081,-0.0078539816339744835,-0.0094247779607693795,-0.1067212297714237,-0.69442087778563744,-0.024397519980042595,5.0236544363416407,-0.0051808175683227681,-0.052605623015376884,0,0,0
5.6760596999999997,4884,4022,4294967279,4885,4022,-17,-0.11807029676177876,-0.0094247779607693795,-0.0094247779607693795,-0.089880269353182746,-0.51702430708770208,-0.013015786361509976,4.7116903443981917,0.01837763415366819,-0.022166840633852127,0,0,0
5.6810096000000003,4894,4024,4294967278,4895,4024,-18,-0.11829098890525871,-0.010995574287564275,-0.0094247779607693795,-0.06854115595118998,-0.42238534921995252,-0.0069437670200515741,4.3441377643051116,0.040098322975193751,0.0072345022517873812,0,0,0
5.6860068000000004,4898,4024,4294967278,4899,4024,-18,-0.1183792657626507,-0.010995574287564275,-0.0094247779607693795,-0.044802331500461,-0.2253375536602015,-0.0037044170125086731,3.2466422115701841,0.056331534033044667,0.033189635535115863,0,0,0
5.6910141000000003,4897,4023,4294967279,4898,4023,-17,-0.11835719654830271,-0.010210176124166829,-0.010210176124166829,-0.021842400045890983,-0.046935382061303113,-0.075255781652625822,-1.1277652291567219,0.05069270788726106,0.047626338309003258,0,0,0
5.6959819999999999,4891,4021,4294967279,4892,4021,-17,-0.11822478126221472,-0.0086393797973719298,-0.0086393797973719298,0.00070200127099396062,0.12151957120351811,0.10641097528660609,5.3504595767436296,0.077445005770979208,0.06910437090602925,0,0,0
5.7009572999999998,4883,4019,4294967280,4884,4019,-16,-0.11804822754743076,-0.0070685834705770346,-0.0086393797973719315,0.016847391419770891,0.21138828265560822,0.05676898807679389,2.417585047338668,0.089532931007672553,0.08799912291058766,0,0,0
5.7059851999999998,4870,4016,4294967281,4871,4016,-15,-0.11776132776090681,-0.0047123889803846897,-0.0078539816339744835,0.035756316103766811,0.33261168926901813,0.10356509837427937,3.3339759837064213,0.10620281092620466,0.10661664845486239,0,0,0
5.7109462999999998,4853,4012,4294967283,4854,4012,-13,-0.11738615111699088,-0.0015707963267948967,-0.0078539816339744835,0.054080443288898987,0.47056245235078376,0.055250746635356625,0.024241124216664023,0.10632401654728799,0.11744588735309865,0,0,0
5.7159180000000003,4833,4008,4294967286,4834,4008,-10,-0.11694476683003097,0.0015707963267948967,-0.0094247779607693795,0.070033477709968026,0.54415754161183605,-0.1170834232301794,-8.4704487439964726,0.063971772827305623,0.10531427696939055,0,0,0
5.7209269999999997,4811,4003,4294967288,4812,4003,-8,-0.11645924411437504,0.0054977871437821377,-0.0086393797973719315,0.082662452115817631,0.65669916458741118,0.01081690733453685,-4.2856756972786583,0.042543394340912331,0.088351807849562397,0,0,0
5.7259285999999996,4790,3998,4294967290,4791,3998,-6,-0.11599579061306713,0.0094247779607693795,-0.00785398163397448,0.08734074930131068,0.71673878019694537,0.07905021053742875,-2.1640912302052531,0.031722938189886064,0.070545223248904249,0,0,0
5.7308833999999997,4773,3994,4294967292,4774,3994,-4,-0.1156206139691512,0.012566370614359173,-0.0078539816339744852,0.081600124085473208,0.67548968082630245,0.042172345919962197,-3.8274635877381904,0.012585620251195112,0.049499902523535547,0,0,0
5.7358710000000004,4759,3992,4294967294,4760,3992,-2,-0.11531164496827925,0.014137166941154069,-0.0094247779607693778,0.072360238109245634,0.50692473895979673,-0.12406059426235938,-10.440129346305467,-0.039615026480332223,0.011533644148395573,0,0,0
5.7408828999999999,4751,3989,4294967295,4752,3989,-1,-0.11513509125349529,0.016493361431346415,-0.0086393797973719315,0.055076207401563951,0.49027686919056901,0.0070946696793628555,-4.7436025346372457,-0.063333039153518456,-0.0215949691752675,0,0,0
5.7458596000000002,4748,3989,4294967295,4749,3989,-1,-0.1150688836104513,0.016493361431346415,-0.0086393797973719315,0.035559831539360334,0.26155687105059922,0.0037849217841652194,-3.6470568796748548,-0.081568323551892724,-0.052988974586416548,0,0,0
5.7508309999999998,4751,3989,4294967295,4752,3989,-1,-0.11513509125349529,0.016493361431346415,-0.0086393797973719315,0.012793415859292272,0.13953747584854603,0.0020192106975634358,-2.757999614554318,-0.095358321624664316,-0.080574188537771457,0,0,0
5.7558401999999997,4759,3990,4294967295,4760,3990,-1,-0.11531164496827925,0.015707963267948967,-0.0094247779607693795,-0.0096477470964563151,0.0011620623340947572,-0.072202294431463143,-4.8659729615454221,-0.11968818643239143,-0.11062507349183007,0,0,0
5.7608144000000001,4773,3992,4294967294,4774,3992,-2,-0.1156206139691512,0.014137166941154069,-0.0094247779607693778,-0.03397450185990758,-0.14593909216768911,-0.038519064228638912,-2.1915952712046094,-0.13064616278841448,-0.13432004182918986,0,0,0
5.7657847999999996,4793,3996,4294967292,4794,3996,-4,-0.11606199825611112,0.010995574287564275,-0.009424777960769383,-0.059307197397425869,-0.37097484486417726,-0.020549462045952659,0.34201615418528375,-0.12893608201748807,-0.1482521409410866,0,0,0
5.7717934,4824,4001,4294967289,4825,4001,-7,-0.11674614390089899,0.0070685834705770346,-0.0086393797973719315,-0.0954721016718557,-0.56430825828949327,0.062316626012172964,5.9927307472085909,-0.098972428281445118,-0.13729408868379067,0,0,0
5.7757709999999998,4846,4006,4294967287,4847,4006,-9,-0.1172316666165549,0.0031415926535897933,-0.0094247779607693795,-0.096233655053228201,-0.66744933196189216,-0.040034341437544647,2.5279943484406422,-0.086332456539241903,-0.13220849056277073,0,0,0
5.7817584999999996,4879,4012,4294967284,4880,4012,-12,-0.11795995069003878,-0.0015707963267948967,-0.0094247779607693795,-0.11929014760284896,-0.79575338576048416,-0.021357844391605148,4.9357905907849329,-0.061653503585317238,-0.10805421648739898,0,0,0
5.7867448000000001,4904,4016,4294967282,4905,4016,-14,-0.11851168104873867,-0.0047123889803846897,-0.0094247779607693795,-0.115117629698635,-0.71764303191671108,-0.011394155634298258,5.4225809447052642,-0.034540598861790915,-0.082169148533974834,0,0,0
5.7917301999999999,4926,4020,4294967280,4927,4020,-16,-0.11899720376439459,-0.0078539816339744835,-0.0094247779607693795,-0.10671431029871145,-0.67597208835014611,-0.0060786463389367164,5.7355914957508931,-0.0058626413830364481,-0.051289763072553014,0,0,0
5.7967117000000004,4942,4022,4294967279,4943,4022,-17,-0.11935031119396253,-0.0094247779607693795,-0.0094247779607693795,-0.089876577896894128,-0.50718209762882005,-0.0032428854317772724,5.1038943427680934,0.01965683033080402,-0.020153029774910354,0,0,0
5.8017189,4952,4024,4294967279,4953,4024,-17,-0.11957100333744249,-0.010995574287564275,-0.010995574287564275,-0.068539186603221211,-0.41713464768361475,-0.14828907934266,-1.8069092955586274,0.010622283853010882,-0.0042463815505915745,0,0,0
5.8067174000000001,4956,4024,4294967278,4957,4024,-18,-0.11965928019483447,-0.010995574287564275,-0.0094247779607693795,-0.044801280876772445,-0.22253636692069154,0.067448580715861142,6.1634442011165405,0.041439504858593587,0.020312907348201362,0,0,0
5.8116766999999996,4955,4024,4294967279,4956,4024,-17,-0.11963721098048648,-0.010995574287564275,-0.010995574287564275,-0.021841839550664922,-0.11872050158686907,-0.11057602401112503,-2.3961281707483839,0.029458864004851669,0.027874882515817941,0,0,0
5.8166820000000001,4952,4022,4294967279,4953,4022,-17,-0.11957100333744249,-0.0094247779607693795,-0.0094247779607693795,-0.005475030499640105,0.083223064819076903,0.08756804661389489,4.7952506506468344,0.053435117258085842,0.04515032236680163,0,0,0
5.8216511999999998,4947,4021,4294967279,4948,4021,-17,-0.11946065726570251,-0.0086393797973719298,-0.0086393797973719298,0.0073746877436839447,0.11767803327709765,0.1199960293206407,5.779317522648876,0.082331704871330222,0.068277153477851793,0,0,0
5.8266606000000003,4939,4019,4294967280,4940,4019,-16,-0.11928410355091854,-0.0070685834705770346,-0.0086393797973719315,0.020407190188536997,0.20933886792038808,0.064016452620780498,2.6583423285910182,0.095623416514285312,0.08863219224146221,0,0,0
5.8316438000000002,4926,4016,4294967282,4927,4016,-14,-0.11899720376439459,-0.0047123889803846897,-0.0094247779607693795,0.037655426353584293,0.33151835091407156,-0.03912750418493275,-2.8982934774008777,0.081131949127280917,0.094657706750991,0,0,0
5.8365992999999996,4910,4013,4294967283,4911,4013,-13,-0.11864409633482666,-0.0023561944901923449,-0.0086393797973719315,0.0530344857281249,0.39669965006686969,0.052405461775238069,0.1112324742058135,0.081688111498309984,0.099726064248308877,0,0,0
5.8416097999999996,4892,4008,4294967286,4893,4008,-10,-0.11824685047656272,0.0015707963267948967,-0.0094247779607693795,0.065357251282068124,0.57803213551076815,-0.045321829526797461,-5.5167539124015184,0.054104341936302397,0.089504602404080993,0,0,0
5.8465935,4873,4004,4294967287,4874,4004,-9,-0.1178275354039508,0.0047123889803846897,-0.0078539816339744835,0.073990410217123964,0.60149133773102181,0.12238038226502641,0.99088636581351341,0.059058773765369964,0.084810889683029536,0,0,0
5.8515791000000004,4855,4001,4294967289,4856,4001,-7,-0.11743028954568688,0.0070685834705770346,-0.0086393797973719315,0.076536987434752249,0.54072702345000812,-0.0079910427704485421,-4.7137191023890175,0.035490178253424876,0.069027520112747931,0,0,0
5.8565839999999998,4839,3997,4294967291,4840,3997,-5,-0.11707718211611894,0.010210176124166829,-0.0086393797973719298,0.073777335527960619,0.58158950470978732,-0.0042631261534337916,-5.0661225710842288,0.01015956539800373,0.047787949206906252,0,0,0
5.8615307999999997,4826,3994,4294967292,4827,3994,-4,-0.11679028232959499,0.012566370614359173,-0.0078539816339744852,0.066127763311968152,0.53010963254229571,0.071005192258340732,-1.7696749485572383,0.0013111906552175385,0.030071690134760718,0,0,0
5.8665303,4817,3992,4294967293,4818,3992,-3,-0.11659165940046302,0.014137166941154069,-0.0078539816339744817,0.053810366581911739,0.42936621451802959,0.037880424475459307,-2.7044004923929643,-0.012210811806747284,0.012029142938079267,0,0,0
5.8715102000000003,4811,3991,4294967294,4812,3991,-2,-0.11645924411437504,0.014922565104551517,-0.0086393797973719298,0.041061851325021159,0.30234128145425376,-0.053070763948883506,-5.989634418986272,-0.042158983901678646,-0.013536420803977028,0,0,0
5.8765225000000001,4809,3990,4294967294,4810,3990,-2,-0.11641510568567906,0.015707963267948967,-0.00785398163397448,0.026024229205492456,0.23457499239308499,0.044966898740180755,-1.3111966568339264,-0.048714967185848279,-0.032189308839274386,0,0,0
5.8815065999999998,4811,3990,4294967294,4812,3990,-2,-0.11645924411437504,0.015707963267948967,-0.00785398163397448,0.0097653958355152816,0.12514296490949697,0.023989304971185968,-1.4061345357335915,-0.055745639864516236,-0.048216219553847244,0,0,0
5.8864733999999999,4815,3991,4294967295,4816,3991,-1,-0.11654752097176703,0.014922565104551517,-0.010210176124166829,-0.0030267186678449897,-0.0065172378289686944,-0.2070405493603712,-10.564300686555283,-0.10856714329729265,-0.083917424211093022,0,0,0
5.8914793999999997,4824,3992,4294967294,4825,3992,-2,-0.11674614390089899,0.014137166941154069,-0.0094247779607693778,-0.020146710728863992,-0.07675638806058023,-0.037174148164700452,-2.6800012967138978,-0.12196714978086215,-0.11073934535119161,0,0,0
5.8964685000000001,4838,3995,4294967293,4839,3995,-3,-0.11705511290177094,0.011780972450961723,-0.010210176124166827,-0.039575573926595664,-0.26078717682153807,-0.093111484634341046,-3.7481898666522078,-0.14070809911412319,-0.13792130265621932,0,0,0
5.9014245000000001,4858,3998,4294967291,4859,3998,-5,-0.11749649718873086,0.0094247779607693795,-0.0094247779607693795,-0.062295302642346992,-0.35896541101961138,0.023605651095783796,2.4191806725726281,-0.12861219575126004,-0.14956005002147527,0,0,0
5.9064382000000002,4884,4003,4294967289,4885,4003,-7,-0.11807029676177876,0.0054977871437821377,-0.010210176124166829,-0.086770668921345467,-0.55790136835267101,-0.060686185549964855,0.58832743913706231,-0.12567055855557474,-0.15512795959727407,0,0,0
5.9114234999999997,4913,4009,4294967286,4914,4009,-10,-0.11871030397787065,0.00078539816339744833,-0.010210176124166827,-0.10600531614444621,-0.7373108517716831,-0.032375357284651088,3.4623632699398867,-0.10835874220587531,-0.14918502119075588,0,0,0
5.9164053000000001,4942,4014,4294967283,4943,4014,-13,-0.11935031119396253,-0.0031415926535897933,-0.0094247779607693795,-0.11626677137430771,-0.75974415531251582,0.056007651735836037,8.1391456695655044,-0.067663013858047794,-0.12688971361738172,0,0,0
5.9213661000000002,4971,4019,4294967281,4972,4019,-15,-0.11999031841005441,-0.0070685834705770346,-0.010210176124166827,-0.12174113553670335,-0.77171205559538203,-0.04340010408097051,4.6114570959133783,-0.044605728378480897,-0.10092745674910839,0,0,0
5.9263890000000004,4996,4024,4294967279,4997,4024,-17,-0.12054204876875431,-0.010995574287564275,-0.010995574287564275,-0.1164252025727556,-0.77809678787165693,-0.096432957971329156,2.6895630600041533,-0.03115791307846013,-0.076441549765155464,0,0,0
5.9313440999999996,5016,4027,4294967277,5017,4027,-19,-0.12098343305571424,-0.013351768777756621,-0.010210176124166827,-0.10329366432984832,-0.63494392792182053,0.02183368462562401,7.2463747214584746,0.0050739605288322442,-0.043024230687722403,0,0,0
5.9363317999999996,5030,4030,4294967276,5031,4030,-20,-0.12129240205658617,-0.015707963267948967,-0.010995574287564277,-0.083933483483224047,-0.55857358193295026,-0.061631508559607841,3.2478938967981485,0.021313430012822987,-0.01516929208906374,0,0,0
5.9413521999999999,5039,4031,4294967275,5040,4031,-21,-0.12149102498571815,-0.016493361431346415,-0.010210176124166827,-0.06330950624657869,-0.37127187325134658,0.040399843439486979,6.5943588528959847,0.05428522427730291,0.018803892217394518,0,0,0
5.9463208999999999,5041,4031,4294967275,5042,4031,-21,-0.12153516341441413,-0.016493361431346415,-0.010210176124166827,-0.037893088160847771,-0.19806912293667894,0.02155283535691134,4.6337121659333613,0.077453785106969722,0.049542933693613705,0,0,0
5.9512948999999997,5038,4030,4294967275,5039,4030,-21,-0.12146895577137015,-0.015707963267948967,-0.0094247779607693795,-0.014038180480316572,-0.032387999007560911,0.084777700284176472,6.1710737708988059,0.10830915396146375,0.083836797004207694,0,0,0
5.9563129000000004,5029,4028,4294967276,5030,4028,-20,-0.12127033284223818,-0.014137166941154069,-0.0094247779607693795,0.011042790257650375,0.12928042681922997,0.045227893491698992,3.1933499646167931,0.12427590378454771,0.11276917789179106,0,0,0
5.9612705999999998,5013,4025,4294967277,5014,4025,-19,-0.12091722541267025,-0.011780972450961723,-0.0086393797973719298,0.038836961298402924,0.28880812599528527,0.097408061854975386,3.9840325590300156,0.1441960665796978,0.13979881483353224,0,0,0
5.9662489000000001,4992,4021,4294967280,4993,4021,-16,-0.12045377191136233,-0.0086393797973719298,-0.010210176124166826,0.063960371863997431,0.44719377299689178,-0.094592997608139051,-5.8168686016408238,0.11511172357149368,0.14385228415127246,0,0,0
5.9712614999999998,4965,4015,4294967282,4966,4015,-14,-0.11985790312396644,-0.0039269908169872417,-0.0086393797973719315,0.089718073784659069,0.67824966805604203,0.096094800859482452,0.30454251567621649,0.11663443614987477,0.14675740390827022,0,0,0
5.9762567999999998,4937,4009,4294967285,4938,4009,-11,-0.11923996512222254,0.00078539816339744833,-0.0086393797973719315,0.10551861127592727,0.80151523644649458,0.051265431874305004,-2.9727148954776954,0.10177086167248629,0.14022597136098294,0,0,0
5.9812213999999999,4908,4003,4294967288,4909,4003,-8,-0.11859995790613066,0.0054977871437821377,-0.0086393797973719315,0.1160071201230768,0.8672759492243769,0.027349497389583977,-5.0783454411408684,0.076379134466781948,0.12306797274426963,0,0,0
5.9862115999999999,4881,3998,4294967291,4882,3998,-5,-0.11800408911873476,0.0094247779607693795,-0.0094247779607693795,0.11748439416089453,0.82907898706102268,-0.058688888137346726,-9.2436246757797047,0.030161011087883424,0.090905487779547711,0,0,0
5.9912166999999998,4857,3993,4294967293,4858,3993,-3,-0.11747442797438286,0.013351768777756621,-0.0086393797973719298,0.11209517147918607,0.80870136263101577,0.041969696391364761,-5.2902757294751259,0.0037096324405077943,0.05785020416528449,0,0,0
5.9961643000000002,4840,3989,4294967295,4841,3989,-1,-0.11709925133046693,0.016493361431346415,-0.0086393797973719315,0.094806313519211219,0.72455062338086296,0.022390333211502189,-5.8247124791441873,-0.025413929955213143,0.023260491628755611,0,0,0
6.0011799999999997,4828,3987,0,4829,3987,0,-0.11683442075829098,0.018064157758141311,-0.0086393797973719315,0.075287362375396488,0.53309816755035944,0.011944976123898035,-5.3608591612329866,-0.052218225761378079,-0.012477379207396559,0,0,0
6.0062348999999999,4824,3986,0,4825,3986,0,-0.11674614390089899,0.018849555921538759,-0.0078539816339744835,0.048401352287817466,0.35768104306262338,0.079652021802484166,-1.2740114740477906,-0.058588283131617035,-0.037671709281522664,0,0,0
6.0110972,4826,3986,0,4827,3986,0,-0.11679028232959499,0.018849555921538759,-0.0078539816339744835,0.021703324512814221,0.19081857688295367,0.042493405062954216,-1.5834148977431695,-0.066505357620332883,-0.058107481865940655,0,0,0
6.0160590999999997,4831,3987,0,4832,3987,0,-0.11690062840133497,0.018064157758141311,-0.0086393797973719315,0.0012829138510682004,0.028519919033990884,-0.050609793741020523,-4.4325345367050151,-0.088668030303857961,-0.082707843951690938,0,0,0
6.0210499999999998,4841,3989,0,4842,3989,0,-0.11712132054481493,0.016493361431346415,-0.010210176124166827,-0.019906683365765607,-0.13134400142051736,-0.17355876083744551,-8.5776519646844545,-0.13155629012728023,-0.11675899704648583,0,0,0
6.0261028000000003,4856,3992,4294967294,4857,3992,-2,-0.11745235876003488,0.014137166941154069,-0.0094247779607693778,-0.04150663244956744,-0.28990901847015016,-0.019312012719288979,-0.71104437193187331,-0.1351115119869396,-0.13878426362123067,0,0,0
6.0310227000000003,4878,3996,4294967292,4879,3996,-4,-0.11793788147569079,0.010995574287564275,-0.009424777960769383,-0.067443719892993942,-0.447781086021804,-0.01030272880074107,1.2511768443348599,-0.1288556277652653,-0.14957074384702579,0,0,0
6.0360138000000001,4904,4001,4294967290,4905,4001,-6,-0.11851168104873867,0.0070685834705770346,-0.010210176124166824,-0.089517288212532325,-0.60528347326855847,-0.078775902412953042,-0.1306766680064757,-0.12950901110529767,-0.15651287573176134,0,0,0
6.0410070999999999,4933,4006,4294967287,4934,4006,-9,-0.11915168826483057,0.0031415926535897933,-0.0094247779607693795,-0.10747060482705548,-0.68930912118312127,0.031253513489751333,5.819731289557458,-0.10041035465751037,-0.14613725303476829,0,0,0
6.0459829000000003,4962,4012,4294967284,4963,4012,-12,-0.11979169548092244,-0.0015707963267948967,-0.0094247779607693795,-0.11704848543649034,-0.8074153229837715,0.016673377251537485,6.5073479387615709,-0.067873614963702519,-0.1252794063525319,0,0,0
6.0509822,4990,4017,4294967282,4991,4017,-14,-0.12040963348266634,-0.0054977871437821377,-0.010210176124166827,-0.12009906041679677,-0.79714405583640402,-0.064384471090052436,3.5942404169134567,-0.04990241287913523,-0.10254239164568602,0,0,0
6.0559725999999996,5015,4022,4294967279,5016,4022,-17,-0.12096136384136624,-0.0094247779607693795,-0.0094247779607693795,-0.11554917505160844,-0.79166445713286815,0.038931170714274592,8.4234656884963695,-0.0077850844366533847,-0.066683947425735315,0,0,0
6.0609554000000001,5034,4025,4294967278,5035,4025,-18,-0.12138067891397816,-0.011780972450961723,-0.010210176124166827,-0.1007672038171262,-0.64218211789653945,-0.052510203343716783,3.9725394879192342,0.012077613002942786,-0.035301316167396173,0,0,0
6.0659609999999997,5047,4028,4294967276,5048,4028,-20,-0.12166757870050211,-0.014137166941154069,-0.0094247779607693795,-0.080526536624355396,-0.56243507008551785,0.045265951147371863,7.7269196615785125,0.050712211310835351,0.0034440533758272503,0,0,0
6.0709419999999996,5054,4029,4294967276,5055,4029,-20,-0.12182206320093808,-0.014922565104551517,-0.010210176124166827,-0.057373720144949208,-0.37333193119463082,-0.04913067342298244,2.5998503274375127,0.063711462948022907,0.034309411139330372,0,0,0
6.0759637,5053,4029,4294967276,5054,4029,-20,-0.12179999398659008,-0.014922565104551517,-0.010210176124166827,-0.028549086176203369,-0.19916813931637872,-0.026210629178447305,2.2533808659931962,0.074978367277988886,0.059101432236981902,0,0,0
6.0809705999999997,5047,4027,4294967276,5048,4027,-20,-0.12166757870050211,-0.013351768777756621,-0.0086393797973719315,-0.0028759359102148666,0.04030520813397219,0.13257598005732738,7.4880818484974814,0.1124187765204763,0.092349111209038326,0,0,0
6.0859376000000003,5036,4025,4294967277,5037,4025,-19,-0.12142481734267416,-0.011780972450961723,-0.0086393797973719298,0.021115935331086199,0.16806138713245661,0.070727706525315931,3.7394500239725526,0.13111602664033906,0.1210961040606777,0,0,0
6.0909516000000004,5019,4021,4294967279,5020,4021,-17,-0.12104964069875822,-0.0086393797973719298,-0.0086393797973719298,0.046269974497636007,0.38277682577548539,0.037732389141442564,0.63337788302974052,0.13428291605548776,0.14090191132604549,0,0,0
6.0959292999999999,4996,4017,4294967281,4997,4017,-15,-0.12054204876875431,-0.0054977871437821377,-0.0086393797973719315,0.072044016412152787,0.49732495526494347,0.020129780255374704,-1.5323352167483759,0.12662123997174587,0.14961933244744907,0,0,0
6.1009222999999997,4969,4011,4294967284,4970,4011,-12,-0.11994617998135843,-0.00078539816339744833,-0.0086393797973719315,0.094030601883712178,0.70499405678836524,0.010738998042523233,-3.7950970466941669,0.10764575473827503,0.14592225099127556,0,0,0
6.1058982999999998,4940,4005,4294967287,4941,4005,-9,-0.11930617276526653,0.0039269908169872417,-0.0086393797973719315,0.10987840392198861,0.81578304933870005,0.0057291275659368144,-5.410076638821768,0.080595371544166197,0.1302941589074342,0,0,0
6.1108896000000001,4912,4000,4294967290,4913,4000,-6,-0.11868823476352265,0.0078539816339744835,-0.009424777960769376,0.11627390731665634,0.80160813819626764,-0.070223097963247633,-9.3643834809834967,0.033773454139248711,0.098439900805608799,0,0,0
6.1158536000000003,4887,3995,4294967292,4888,3995,-4,-0.11813650440482275,0.011780972450961723,-0.008639379797371935,0.11350850142608331,0.79404599190950509,0.035816332809099835,-5.2986969663567152,0.0072799693074651339,0.065487142924163994,0,0,0
6.1208665,4867,3991,4294967294,4868,3991,-2,-0.11769512011786283,0.014922565104551517,-0.0086393797973719298,0.10173763900282559,0.71673215763041176,0.019107587020210811,-5.8749847479903279,-0.022094954432486505,0.028883611659624827,0,0,0
6.1258679999999996,4854,3988,4294967295,4855,3988,-1,-0.11740822033133888,0.01727875959474386,-0.007853981633974487,0.081044252239101805,0.60220662847390694,0.083473189416785928,-2.4956953101843729,-0.034573430983408371,-0.00085447897214857918,0,0,0
6.1308376999999998,4849,3987,0,4850,3987,0,-0.11729787425959889,0.018064157758141311,-0.0086393797973719315,0.053531694734548108,0.39454958395897116,-0.028747566812769479,-6.0199256623117865,-0.064673059294967306,-0.033235435305378681,0,0,0
6.1358068000000001,4849,3987,0,4850,3987,0,-0.11729787425959889,0.018064157758141311,-0.0086393797973719315,0.028558521636805737,0.21048750438706051,-0.015336484542458341,-4.2548280309194659,-0.085947199449564637,-0.063486154068932571,0,0,0
6.1408196000000004,4854,3988,0,4855,3988,0,-0.11740822033133888,0.01727875959474386,-0.009424777960769383,0.0049400798787996546,0.039013057621965816,-0.081461351154621636,-5.8960853470292243,-0.11542762618471075,-0.097040592001965603,0,0,0
6.1457834,4864,3990,4294967295,4865,3990,-1,-0.11762891247481884,0.015707963267948967,-0.0094247779607693795,-0.01795562884282792,-0.12574603694566391,-0.043458660725180814,-3.0241453322483705,-0.13054835284595259,-0.12604113071193981,0,0,0
6.1507743000000001,4882,3993,4294967293,4883,3993,-3,-0.11802615833308276,0.013351768777756621,-0.0086393797973719298,-0.046643098884671746,-0.28692257108846475,0.050094841340364543,2.5524126969130947,-0.11778628936138712,-0.13778887610589929,0,0,0
6.1567800999999998,4909,3999,4294967291,4910,3999,-5,-0.11862202712047866,0.0086393797973719298,-0.010210176124166829,-0.080479514880015063,-0.59274689049303886,-0.11983403730385156,-2.2785433342394912,-0.12917900603258459,-0.14689787283874681,0,0,0
6.1607443000000002,4931,4003,4294967288,4932,4003,-8,-0.11910754983613457,0.0054977871437821377,-0.0086393797973719315,-0.088235288545131435,-0.60934148427738655,0.082629006775062352,7.0561244540792281,-0.093898383762188453,-0.14068035727895994,0,0,0
6.1667094999999996,4964,4009,4294967285,4965,4009,-11,-0.11983583390961844,0.00078539816339744833,-0.0086393797973719315,-0.1150231143225961,-0.76475354102186466,0.044081591093181854,7.3127945939808052,-0.057334410792284428,-0.11370108355124943,0,0,0
6.1717275000000003,4990,4014,4294967283,4991,4014,-13,-0.12040963348266634,-0.0031415926535897933,-0.0094247779607693795,-0.11490032852205273,-0.77438450321500152,-0.049762515407456825,3.8659327152753531,-0.038004747215907658,-0.089482038598940244,0,0,0
6.1766810000000003,5012,4019,4294967281,5013,4019,-15,-0.12089515619832225,-0.0070685834705770346,-0.010210176124166827,-0.10659838270882473,-0.77952250685078872,-0.099827228644632754,1.9865176867226451,-0.02807215878229443,-0.067986442467107722,0,0,0
6.1816658999999996,5030,4022,4294967279,5031,4022,-17,-0.12129240205658617,-0.0094247779607693795,-0.0094247779607693795,-0.093932952433700895,-0.6357045320184298,0.020022881643476764,6.6161343689999415,0.0050085130627052776,-0.037597503300500393,0,0,0
6.1866593999999999,5043,4024,4294967278,5044,4024,-18,-0.12157930184311012,-0.010995574287564275,-0.0094247779607693795,-0.076880544899775097,-0.48569983586850929,0.010681968906121511,5.5436869454647075,0.032726947790028812,-0.0060835953794417495,0,0,0
6.1916735000000003,5050,4025,4294967278,5051,4025,-18,-0.1217337863435461,-0.011780972450961723,-0.010210176124166827,-0.055428626979670201,-0.33239459757277018,-0.067580816091195706,1.2339433374674886,0.038896664477366255,0.016633437092059954,0,0,0
6.1966517000000003,5051,4025,4294967277,5052,4025,-19,-0.12175585555789409,-0.011780972450961723,-0.0086393797973719298,-0.031629622661904548,-0.17732855934809263,0.11050547801316327,7.7977527915376434,0.077885428435054471,0.048936657623424945,0,0,0
6.2016153000000003,5048,4025,4294967277,5049,4025,-19,-0.12168964791485011,-0.011780972450961723,-0.0086393797973719298,-0.010696696227670367,-0.094602674622549357,0.058953356520352357,4.9106261774658382,0.10243855932238366,0.080134813423496626,0,0,0
6.2066350999999997,5039,4023,4294967278,5040,4023,-18,-0.12149102498571815,-0.010210176124166829,-0.0086393797973719332,0.01282543231300429,0.096089638287537235,0.031450913633455702,2.3660281183136398,0.11426869991395186,0.10541993784491331,0,0,0
6.2115999000000004,5025,4020,4294967279,5026,4020,-17,-0.1211820559848462,-0.0078539816339744835,-0.0078539816339744835,0.035669759080172177,0.271101235579704,0.090058207169400606,3.4893462369988937,0.13171543109894632,0.13038070208519112,0,0,0
6.2166052000000001,5005,4016,4294967282,5006,4016,-14,-0.12074067169788627,-0.0047123889803846897,-0.0094247779607693795,0.060211596935774533,0.43774735782992402,-0.098514057554143358,-6.1844544996891626,0.1007931586005005,0.13135418387093847,0,0,0
6.2215796000000001,4980,4011,4294967284,4981,4011,-12,-0.12018894133918638,-0.00078539816339744833,-0.0086393797973719315,0.083599926478828426,0.5999305987689455,0.020723442781817973,-2.7810752037287934,0.086887782581856532,0.12552903801765042,0,0,0
6.2265721999999997,4955,4006,4294967287,4956,4006,-9,-0.11963721098048648,0.0031415926535897933,-0.0094247779607693795,0.096077321760563203,0.6864534263844726,-0.062223809361509223,-7.5004573949350668,0.049385495607181196,0.10392590215008347,0,0,0
6.2315465999999997,4931,4001,4294967289,4932,4001,-7,-0.11910754983613457,0.0070685834705770346,-0.0086393797973719315,0.10067475328848427,0.73261232452488467,0.040083858015328717,-3.943856492204477,0.029666213146158811,0.08037658779364576,0,0,0
6.2365602000000004,4910,3997,4294967291,4911,3997,-5,-0.11864409633482666,0.010210176124166829,-0.0086393797973719298,0.096950097470074645,0.68395802768866487,0.0213842608961647,-4.8930897907507118,0.0052007641924052515,0.051870925044313128,0,0,0
6.2415390000000004,4895,3994,4294967292,4896,3994,-4,-0.11831305811960671,0.012566370614359173,-0.0078539816339744852,0.082608376371216652,0.58472202045411281,0.084687767816905721,-1.7637600835733829,-0.003618036225461663,0.029583919365788372,0,0,0
6.2465088,4884,3992,4294967293,4885,3992,-3,-0.11807029676177876,0.014137166941154069,-0.0078539816339744817,0.066720797908342858,0.45850127309503164,0.045179915591407931,-2.7880684262826292,-0.017558378356874807,0.0071790443138425204,0,0,0
6.2514995999999998,4879,3991,4294967294,4880,3991,-2,-0.11795995069003878,0.014922565104551517,-0.0086393797973719298,0.045890302425799619,0.31788448823832605,-0.049176572367499602,-5.9691689461179607,-0.047404223087464614,-0.019633240439387203,0,0,0
6.2565143000000001,4878,3990,4294967294,4879,3990,-2,-0.11793788147569079,0.015707963267948967,-0.00785398163397448,0.026541040103454025,0.24286710810975398,0.0470444035732763,-1.2349635609622998,-0.053579040892276115,-0.038894262295078211,0,0,0
6.2614649,4880,3991,4294967294,4881,3991,-2,-0.11798201990438677,0.014922565104551517,-0.0086393797973719298,0.010041108294923879,0.056287190602272094,-0.048181890233190514,-4.1875565572787874,-0.074516823678670047,-0.062523717103964052,0,0,0
6.2664704999999996,4886,3992,4294967294,4887,3992,-2,-0.11811443519047475,0.014137166941154069,-0.0094247779607693778,-0.0069978498796265864,-0.043250973424729763,-0.098983983937682873,-5.6024647864543908,-0.10252914761094201,-0.090292373327809095,0,0,0
6.2714572999999998,4897,3994,4294967293,4898,3994,-3,-0.11835719654830271,0.012566370614359173,-0.0094247779607693778,-0.026383482463951176,-0.1696329178342251,-0.052806776639506864,-2.609556538751594,-0.11557693030469998,-0.11323379126450928,0,0,0
6.2764538999999999,4913,3997,4294967291,4914,3997,-5,-0.11871030397787065,0.010210176124166829,-0.0086393797973719298,-0.047021037899559803,-0.31033569939764571,0.045107732825932209,2.8793981483372697,-0.10117993956301363,-0.12155047640172871,0,0,0
6.2814152999999999,4933,4001,4294967289,4934,4001,-7,-0.11915168826483057,0.0070685834705770346,-0.0086393797973719315,-0.066267369004571225,-0.45867847703714071,0.024064438278753909,3.4210314009474438,-0.084074782558276412,-0.11981521020147434,0,0,0
6.2864230000000001,4956,4006,4294967287,4957,4006,-9,-0.11965928019483447,0.0031415926535897933,-0.0094247779607693795,-0.082712388234453371,-0.61109710159920383,-0.060441428051504896,1.2300996983047647,-0.077924284066752586,-0.11445522888634206,0,0,0
6.2914118999999999,4979,4010,4294967285,4980,4010,-11,-0.12016687212483838,-0,-0.0094247779607693795,-0.091485610151359684,-0.61913110337153343,-0.032244782074017611,3.0600397052046491,-0.062624085540729346,-0.10232940156174454,0,0,0
6.2963810000000002,5001,4014,4294967283,5002,4014,-13,-0.1206523948404943,-0.0031415926535897933,-0.0094247779607693795,-0.094106909301807901,-0.62341714764087608,-0.017202207236316283,4.19074531567487,-0.041670358962354992,-0.083928028338904198,0,0,0
6.30138,5020,4018,4294967281,5021,4018,-15,-0.12107170991310622,-0.0062831853071795866,-0.0094247779607693795,-0.089328010393596974,-0.62570370121645968,-0.0091771727010559381,4.846635915921949,-0.017437179382745246,-0.061015733445122441,0,0,0
6.3063957999999998,5037,4021,4294967279,5038,4021,-17,-0.12144688655702215,-0.0086393797973719298,-0.0086393797973719298,-0.08266030421209794,-0.55364403102665805,0.068383606946117448,8.1361974616747883,0.023243807925628693,-0.026299232565098776,0,0,0
6.3113356999999999,5048,4023,4294967278,5049,4023,-18,-0.12168964791485011,-0.010210176124166829,-0.0086393797973719332,-0.066748500793049101,-0.4419215358404297,0.036481839931608182,6.2978488426682961,0.054733052138970173,0.009304726069519105,0,0,0
6.3163482000000002,5053,4024,4294967278,5054,4024,-18,-0.12179999398659008,-0.010995574287564275,-0.0094247779607693795,-0.04590508158487927,-0.30903939585957629,-0.053816892147412004,1.5790786867082045,0.062628445572511196,0.036278133762581342,0,0,0
6.3213039000000002,5051,4024,4294967278,5052,4024,-18,-0.12175585555789409,-0.010995574287564275,-0.0094247779607693795,-0.020371593820657077,-0.16486883736907318,-0.028710671060178616,1.5007886413158693,0.070132388779090546,0.057468891044137493,0,0,0
6.3263600000000002,5046,4023,4294967278,5047,4023,-18,-0.12164550948615412,-0.010210176124166829,-0.0086393797973719332,-0.00057245138626314633,-0.014676042036419562,0.057962718194177573,4.143078431525649,0.090847780936718789,0.082317278721524778,0,0,0
6.3313305,5036,4021,4294967279,5037,4021,-17,-0.12142481734267416,-0.0086393797973719298,-0.0086393797973719298,0.020285706629906336,0.13872954493325207,0.030922419883863676,1.8051773204726325,0.099873667539081945,0.10167621931251707,0,0,0
6.3362805,5021,4018,4294967280,5022,4018,-16,-0.12109377912745421,-0.0062831853071795866,-0.0078539816339744835,0.041708836847232998,0.29384911798042901,0.089776262047776847,3.038552108820384,0.11506642808318386,0.12036130240504334,0,0,0
6.3412701,5001,4014,4294967282,5002,4014,-14,-0.1206523948404943,-0.0031415926535897933,-0.0078539816339744835,0.063433373005673241,0.44988308218825163,0.047894566665163132,-0.15328706991305374,0.11429999273361859,0.13004691486014761,0,0,0
6.3462540000000001,4978,4009,4294967285,4979,4009,-11,-0.12014480291049039,0.00078539816339744833,-0.0086393797973719315,0.081200485118841453,0.6064048631908775,-0.047728338348183526,-5.7488859456372374,0.085555563005432406,0.12285070835808336,0,0,0
6.3512234000000003,4953,4004,4294967287,4954,4004,-9,-0.11959307255179048,0.0047123889803846897,-0.0078539816339744835,0.094797248369738712,0.68990736935214803,0.047817019175694267,-2.8116609724358606,0.071497258143253098,0.11158179873657846,0,0,0
6.3562325,4929,4000,4294967289,4930,4000,-7,-0.11906341140743858,0.0078539816339744835,-0.0078539816339744835,0.099991849378756797,0.66117544267343042,0.025509810281707814,-4.1931057401410614,0.050531729442547788,0.093518743006051813,0,0,0
6.3612181000000003,4908,3995,4294967291,4909,3995,-5,-0.11859995790613066,0.011780972450961723,-0.0070685834705770355,0.096585776366875487,0.71912682124824867,0.086888699283301493,-2.1463539533155935,0.039799959675969818,0.076867947083661889,0,0,0
6.3661921000000001,4890,3992,4294967293,4891,3992,-3,-0.11820271204786674,0.014137166941154069,-0.0078539816339744817,0.088591346189487719,0.6034841529961924,-0.026925432973979417,-6.7372688253560185,0.0061136155491897243,0.049974415299890815,0,0,0
6.3711748000000004,4875,3989,4294967294,4876,3989,-2,-0.11787167383264679,0.016493361431346415,-0.007068583470577032,0.078149082106631018,0.5417901666617212,0.058915121452927433,-2.9089064205349993,-0.0084309165534852716,0.025859407418092124,0,0,0
6.3761884999999996,4865,3987,4294967295,4866,3987,-1,-0.11765098168916684,0.018064157758141311,-0.0070685834705770355,0.062282707260794795,0.43559764036832638,0.031430515680322436,-3.5095050956514044,-0.025978442031742294,0.0017262899952713642,0,0,0
6.3811513,4860,3986,0,4861,3986,0,-0.11754063561742685,0.018849555921538759,-0.0078539816339744835,0.043522633918151227,0.30566567293590435,-0.056511713479712788,-6.5151319112492292,-0.05855410158798844,-0.028321234109834809,0,0,0
6.3861289000000001,4860,3986,0,4861,3986,0,-0.11754063561742685,0.018849555921538759,-0.0078539816339744835,0.023218806888251405,0.16306899636665312,-0.030148326148579346,-4.4733654691206315,-0.080920928933591596,-0.056810302838559021,0,0,0
6.3911533,4864,3987,0,4865,3987,0,-0.11762891247481884,0.018064157758141311,-0.0086393797973719315,0.004150515913343155,0.013715848295770841,-0.089363292258614585,-6.0178073176429283,-0.11100996552180624,-0.089887367036444524,0,0,0
6.3961176000000002,4873,3989,4294967295,4874,3989,-1,-0.1178275354039508,0.016493361431346415,-0.0086393797973719315,-0.016317741552832873,-0.13924179685902804,-0.047674252200664666,-3.0944310944840261,-0.12648212099422637,-0.11873245112674469,0,0,0
6.4010923999999996,4889,3992,4294967294,4890,3992,-2,-0.11818064283351874,0.014137166941154069,-0.0094247779607693778,-0.04165108499546967,-0.29412239828246922,-0.098713165092745261,-3.9141074772729341,-0.14605265838059103,-0.1458835708505985,0,0,0
6.4061180999999996,4911,3996,4294967292,4912,3996,-4,-0.11866616554917465,0.010995574287564275,-0.009424777960769383,-0.067520783605960574,-0.45002887397491992,-0.052662298010890091,-0.45056738714055089,-0.14830549531629378,-0.16344440791092657,0,0,0
6.4110557000000004,4938,4001,4294967289,4939,4001,-7,-0.11926203433657054,0.0070685834705770346,-0.0086393797973719315,-0.091617511048376038,-0.60648264137284391,0.045184810453716764,5.3919761666134658,-0.12134561448322645,-0.16228080634874928,0,0,0
6.4160475999999997,4969,4007,4294967286,4970,4007,-10,-0.11994617998135843,0.0023561944901923449,-0.0086393797973719315,-0.11270926922405722,-0.76322838237799084,0.024105558275266687,6.2247572521726555,-0.090221828222363173,-0.1468103992797139,0,0,0
6.4210374000000003,5000,4013,4294967283,5001,4013,-13,-0.1206303256261463,-0.0023561944901923449,-0.0086393797973719315,-0.12396147103095524,-0.84685036853348716,0.012860028268957373,6.9761458128999712,-0.055341099157863317,-0.11997897131712747,0,0,0
6.4260577000000003,5028,4019,4294967280,5029,4019,-16,-0.12124826362789018,-0.0070685834705770346,-0.0086393797973719315,-0.12378705590532685,-0.89146170230082955,0.0068606719325836939,7.5317602865755946,-0.017682297724985342,-0.084583497073130329,0,0,0
6.4310071000000004,5051,4023,4294967278,5052,4023,-18,-0.12175585555789409,-0.010210176124166829,-0.0086393797973719332,-0.11339845619929542,-0.76870227900936317,0.0036600867729162235,7.1817174156590111,0.018226289353309715,-0.044451218046919483,0,0,0
6.4360018999999999,5068,4027,4294967276,5069,4027,-20,-0.12213103220181003,-0.013351768777756621,-0.0086393797973719315,-0.095501600396691852,-0.70321158861415389,0.0019526127057110344,6.8955078814482089,0.052703828760550762,-0.0014512291256292345,0,0,0
6.4410267000000001,5076,4028,4294967276,5077,4028,-20,-0.12230758591659399,-0.014137166941154069,-0.0094247779607693795,-0.067421848593541278,-0.44843452733492417,-0.072237823667006984,2.2548721964352159,0.063978189742726843,0.031001810877387754,0,0,0
6.4459102000000001,5077,4028,4294967276,5078,4028,-20,-0.12232965513094199,-0.014137166941154069,-0.0094247779607693795,-0.03802786356672249,-0.23923447996724986,-0.038538018652687279,2.2189070326366283,0.075072724905909979,0.058245068789544094,0,0,0
6.4518969000000004,5070,4027,4294967276,5071,4027,-20,-0.12217517063050602,-0.013351768777756621,-0.0086393797973719315,-0.0058736405034396592,-0.054349226748883914,0.052719945286561529,4.6304974743898057,0.098225212277859006,0.084731446616054654,0,0,0
6.4568874000000003,5059,4025,4294967277,5060,4025,-19,-0.12193240927267807,-0.011780972450961723,-0.0086393797973719298,0.019516695629991671,0.11756437335349458,0.028125462973355282,2.2198776752028908,0.10932460065387346,0.1064072103761677,0,0,0
6.4618753,5043,4021,4294967278,5044,4021,-18,-0.12157930184311012,-0.0086393797973719298,-0.0070685834705770329,0.04335768889958122,0.35583727028874579,0.1615636381367429,6.2510803414723375,0.14058000236123513,0.13399182852961325,0,0,0
6.4668602999999996,5022,4017,4294967280,5023,4017,-16,-0.12111584834180221,-0.0054977871437821377,-0.0070685834705770346,0.066372126202292908,0.48295302323347994,0.086192276899304587,1.7580978047604934,0.14937049138503761,0.15384107643875067,0,0,0
6.4718584000000003,4996,4012,4294967283,4997,4012,-13,-0.12054204876875431,-0.0015707963267948967,-0.0078539816339744835,0.088945605740056249,0.62404728291159162,-0.027296966022211287,-4.6334273440940974,0.12620335466456711,0.1556673577218865,0,0,0
6.476845,4966,4006,4294967286,4967,4006,-10,-0.11987997233831443,0.0031415926535897933,-0.0078539816339744817,0.10922472929882343,0.77259890946319687,-0.014562606295768046,-5.7588698822543272,0.097409005253295475,0.14364388709498699,0,0,0
6.4808497999999997,4942,4001,4294967288,4943,4001,-8,-0.11935031119396253,0.0070685834705770346,-0.0070685834705770346,0.10768873863886749,0.77856991384867424,0.065510542257976354,-2.8256307081654706,0.083280851712468129,0.1347871683063023,0,0,0
6.4868437999999999,4907,3994,4294967292,4908,3994,-4,-0.11857788869178267,0.012566370614359173,-0.0078539816339744852,0.12951951880368093,0.92831441216421329,-0.038330425156466383,-9.0532429267374184,0.038014637078781034,0.098003391176849225,0,0,0
6.4918566999999996,4882,3989,4294967294,4883,3989,-2,-0.11802615833308276,0.016493361431346415,-0.007068583470577032,0.12057487741363043,0.86164228013793098,0.05283069394458384,-5.2475020094768494,0.011777127031396786,0.065515282215326071,0,0,0
6.4958413999999998,4866,3986,0,4867,3986,0,-0.11767305090351483,0.018849555921538759,-0.0078539816339744835,0.097271025388471072,0.67951445311022152,-0.045094973228502991,-8.5961676018243391,-0.031203710977724911,0.02728524591933992,0,0,0
6.5008470999999997,4853,3984,1,4854,3984,1,-0.11738615111699088,0.020420352248333658,-0.00785398163397448,0.078661367068338275,0.5090719070426214,-0.024057631185478146,-6.9414887415482411,-0.065911154685466114,-0.014646936323956772,0,0,0
6.5058806999999996,4847,3983,1,4848,3983,1,-0.1172537358309029,0.021205750411731103,-0.0070685834705770355,0.054319564136228932,0.34486331920829238,0.060445059554702155,-2.2703475476742394,-0.077262892423837312,-0.047835987860301785,0,0,0
6.5108905000000004,4849,3983,1,4850,3983,1,-0.11729787425959889,0.021205750411731103,-0.0070685834705770355,0.024860620054496005,0.18398047385177371,0.032246719437726105,-2.1668966288423848,-0.088097375568049238,-0.074982243709635216,0,0,0
6.5157955999999997,4856,3985,1,4857,3985,1,-0.11745235876003488,0.019634954084936207,-0.0086393797973719315,-0.0011509271028310539,-0.048407646790814593,-0.12935579778725112,-7.53103141913145,-0.12575253266370648,-0.11072052699997102,0,0,0
6.5217898999999999,4873,3988,4294967295,4874,3988,-1,-0.1178275354039508,0.01727875959474386,-0.007853981633974487,-0.035618880369324708,-0.24566346095669542,0.0042697416589293213,-0.061475903260712783,-0.12605991218001003,-0.12899070231382184,0,0,0
6.5257915999999998,4889,3991,4294967294,4890,3991,-2,-0.11818064283351874,0.014922565104551517,-0.0086393797973719298,-0.051948012698564298,-0.35089708871267206,-0.071001662964942161,-2.2527634004472654,-0.13732372918224636,-0.15113038900555542,0,0,0
6.5307659999999998,4913,3996,4294967291,4914,3996,-5,-0.11871030397787065,0.010995574287564275,-0.0078539816339744835,-0.077132292435829142,-0.55359701448683407,0.035400977652555961,4.1164477459660755,-0.11674149045241598,-0.15358689914595669,0,0,0
6.5367628,4948,4003,4294967288,4949,4003,-8,-0.1194827264800505,0.0054977871437821377,-0.0086393797973719315,-0.1132180186482927,-0.80829404953643413,-0.054393519301396104,2.7482108624955277,-0.10300043613993834,-0.14185933137421161,0,0,0
6.5417420999999996,4977,4009,4294967285,4978,4009,-11,-0.12012273369614239,0.00078539816339744833,-0.0086393797973719315,-0.1201146622646941,-0.87089236527959213,-0.029018294779828889,4.8150705433799477,-0.078925083423038597,-0.12516318574697044,0,0,0
6.5467265000000001,5005,4014,4294967283,5006,4014,-13,-0.12074067169788627,-0.0031415926535897933,-0.0094247779607693795,-0.12173482923982168,-0.83100830195891062,-0.088760433980826836,2.6377727536536022,-0.065736219654770583,-0.10737793562519542,0,0,0
6.5517067000000004,5029,4019,4294967280,5030,4019,-16,-0.12127033284223818,-0.0070685834705770346,-0.0086393797973719315,-0.11436272797574956,-0.80973062915300353,0.025926884803167786,7.8087597065157519,-0.02669242112219182,-0.078006047266403644,0,0,0
6.5566988999999998,5050,4022,4294967278,5051,4022,-18,-0.1217337863435461,-0.0094247779607693795,-0.0078539816339744835,-0.10425246895688844,-0.65182020552088504,0.087111203573597917,10.064975024470263,0.023632454000159495,-0.036238487169372446,0,0,0
6.5616878999999999,5064,4025,4294967277,5065,4025,-19,-0.12204275534441804,-0.011780972450961723,-0.0086393797973719298,-0.084444994333432999,-0.56757687505399856,-0.026806729584889596,4.7885830906416267,0.047575369453367627,0.0001513904024191999,0,0,0
6.5666691000000004,5071,4026,4294967276,5072,4026,-20,-0.12219723984485402,-0.012566370614359173,-0.0078539816339744835,-0.05946417066818753,-0.37607502291202849,0.058978448297378687,7.3517295922917292,0.084334017414826268,0.041096909558151304,0,0,0
6.5716568000000004,5071,4026,4294967276,5072,4026,-20,-0.12219723984485402,-0.012566370614359173,-0.0078539816339744835,-0.031723426898086944,-0.200631546080381,0.031464299797683885,4.9727644571228922,0.10919783970044072,0.078627805672546264,0,0,0
6.5766451999999997,5064,4025,4294967277,5065,4025,-19,-0.12204275534441804,-0.011780972450961723,-0.0086393797973719298,-0.0025102986196832364,-0.03375502123906203,-0.056493690055432283,-0.18771460361437997,0.10825926668236882,0.10310828207073472,0,0,0
6.5816248999999996,5051,4022,4294967278,5052,4022,-18,-0.12175585555789409,-0.0094247779607693795,-0.0078539816339744835,0.025429218996685161,0.20183065603048417,0.043140808425651829,2.2832430072826337,0.11967548171878199,0.12558057854130891,0,0,0
6.5865964000000004,5031,4018,4294967280,5032,4018,-16,-0.12131447127093417,-0.0062831853071795866,-0.0078539816339744835,0.054748390754891824,0.40079232857743619,0.02301510753512798,-0.34950118888874171,0.11792797577433828,0.13704706451008239,0,0,0
6.5915999999999997,5007,4013,4294967282,5008,4013,-14,-0.12078481012658226,-0.0023561944901923449,-0.0070685834705770346,0.07862626077943273,0.58021553075681986,0.085557805077188992,0.67506368009707307,0.12130329417482365,0.14487940423450793,0,0,0
6.5961400000000001,4982,4008,4294967285,4983,4008,-11,-0.12023307976788238,0.0015707963267948967,-0.0078539816339744835,0.09342393034086599,0.67593567238495234,-0.02763544918344283,-5.3639580363192181,0.094483503993227552,0.13767434636690029,0,0,0
6.6009288000000002,4955,4003,4294967287,4956,4003,-9,-0.11963721098048648,0.0054977871437821377,-0.0070685834705770355,0.10543653135323477,0.72700122802111466,0.058536336260696889,-2.6637212491713997,0.081164897747370554,0.1265613879868363,0,0,0
6.6057413,4929,3998,4294967290,4930,3998,-6,-0.11906341140743858,0.0094247779607693795,-0.00785398163397448,0.10978600067364169,0.75424409381795754,-0.042051081000830576,-7.7078649282788563,0.042625573105976269,0.10070808963044241,0,0,0
6.6103905999999997,4906,3993,4294967292,4907,3993,-4,-0.11855581947743467,0.013351768777756621,-0.0070685834705770372,0.1059290599704826,0.76877783828776636,0.050845768360566063,-4.2231660061684737,0.0215097430751339,0.074808273989715263,0,0,0
6.6163223000000002,4883,3989,4294967294,4884,3989,-2,-0.11804822754743076,0.016493361431346415,-0.007068583470577032,0.10387142803730269,0.70325189858935355,0.02712561190273929,-5.3628966088382484,-0.0053047399690573406,0.040874475428016019,0,0,0
6.6212948000000003,4869,3986,0,4870,3986,0,-0.11773925854655881,0.018849555921538759,-0.0078539816339744835,0.08424171354061688,0.59501507081067939,-0.058808328378346833,-8.5559474595132645,-0.048084477266623668,0.00097939980590256229,0,0,0
6.6263234000000004,4862,3985,0,4863,3985,0,-0.11758477404612284,0.019634954084936207,-0.0070685834705770355,0.059355722786071284,0.39071297358924401,0.041905976445193983,-3.0788452588764765,-0.063478703561006045,-0.030477377704978936,0,0,0
6.6312905000000004,4861,3985,0,4862,3985,0,-0.11756270483177485,0.019634954084936207,-0.0070685834705770355,0.03372468150719464,0.20844071844465445,0.022356339379055276,-2.6472055278995645,-0.076714731200503872,-0.058064916680969345,0,0,0
6.6362778999999996,4865,3986,0,4866,3986,0,-0.11765098168916684,0.018849555921538759,-0.0078539816339744835,0.0097552749090456543,0.037921121696679827,-0.061352678472899935,-5.0000604444655288,-0.10171503342283152,-0.088347461142928338,0,0,0
6.6413000999999996,4875,3987,4294967295,4876,3987,-1,-0.11787167383264679,0.018064157758141311,-0.0070685834705770355,-0.015386779637910616,-0.053049052466021859,0.040548595970183385,0.37965720498048361,-0.099816747397929104,-0.10627629113519876,0,0,0
6.6462604000000001,4890,3990,4294967294,4891,3990,-2,-0.11820271204786674,0.015707963267948967,-0.00785398163397448,-0.039095317637878518,-0.24813959561034082,-0.051647326231459151,-2.0244822060097007,-0.10993915842797761,-0.12295862529394004,0,0,0
6.6512333999999997,4909,3994,4294967292,4910,3994,-4,-0.11862202712047866,0.012566370614359173,-0.0078539816339744852,-0.059979981368924032,-0.42549759635434725,-0.027553233481181095,0.49198394095650766,-0.10747923872319506,-0.13158139976114416,0,0,0
6.6562424,4933,3999,4294967290,4934,3999,-6,-0.11915168826483057,0.0086393797973719298,-0.0086393797973719298,-0.081417252069482901,-0.59339549690301885,-0.087978841225279464,-0.54404352503208875,-0.11019945634835551,-0.13598352536286804,0,0,0
6.6612004000000002,4958,4004,4294967288,4959,4004,-8,-0.11970341862353047,0.0047123889803846897,-0.0094247779607693795,-0.094912890956448059,-0.68296702736493331,-0.12021518335369877,-0.88381424545079668,-0.1146185275756095,-0.13967026507129363,0,0,0
6.6661865000000002,4984,4009,4294967285,4985,4009,-11,-0.12027721819657836,0.00078539816339744833,-0.0086393797973719315,-0.10417176384702942,-0.73075237216716871,0.0091461506044852592,5.5207506846881689,-0.087014774152168656,-0.12840260511715723,0,0,0
6.6711754000000001,5011,4014,4294967283,5012,4014,-13,-0.12087308698397425,-0.0031415926535897933,-0.0094247779607693795,-0.11117037253380291,-0.75624528454784357,-0.068400156865198417,2.9649564913371314,-0.072189991695483,-0.1139496918849882,0,0,0
6.6761749000000004,5036,4019,4294967280,5037,4019,-16,-0.12142481734267416,-0.0070685834705770346,-0.0086393797973719315,-0.11078582639696177,-0.76984544971016255,0.036788850175670268,8.035374525964798,-0.032013119065659006,-0.085518442136799544,0,0,0
6.6811604999999998,5058,4023,4294967278,5059,4023,-18,-0.12191034005833007,-0.010210176124166829,-0.0086393797973719332,-0.10440334482431966,-0.70382145656911477,0.019626413453654769,7.4013150916663824,0.0049934563926729084,-0.050468968908787395,0,0,0
6.6861533,5074,4026,4294967277,5075,4026,-19,-0.122263447487898,-0.012566370614359173,-0.0094247779607693795,-0.088643705337382112,-0.59531892321006796,-0.062809061443661815,3.4275312574185564,0.02213111267976569,-0.020311725020129536,0,0,0
6.6911458000000001,5084,4028,4294967276,5085,4028,-20,-0.12248413963137797,-0.014137166941154069,-0.0094247779607693795,-0.067881463774889836,-0.46415459451778429,-0.033507886292802956,3.8999789742429094,0.041631007550980238,0.0090294198334253933,0,0,0
6.6961174999999997,5088,4028,4294967276,5089,4028,-20,-0.12257241648876994,-0.014137166941154069,-0.0094247779607693795,-0.044450393580617614,-0.24762094860045783,-0.017876058294845194,3.2506135764263608,0.057884075433112039,0.035367686050947124,0,0,0
6.7011054999999997,5086,4028,4294967275,5087,4028,-21,-0.12252827806007395,-0.014137166941154069,-0.0078539816339744835,-0.019595535094130399,-0.13210282718302646,0.13702237436808373,8.9730126215185138,0.10274913854070461,0.072002584764151528,0,0,0
6.7061202,5080,4027,4294967276,5081,4027,-20,-0.12239586277398598,-0.013351768777756621,-0.0086393797973719315,0.001900676965046923,0.0028042341904063045,-0.00017971435361748,2.1005213475101612,0.11325174527825542,0.10008852425082507,0,0,0
6.7110750000000001,5067,4024,4294967277,5068,4024,-19,-0.12210896298746203,-0.010995574287564275,-0.0078539816339744817,0.027782421941232316,0.22133458342126347,0.073183643824564104,3.6075704733210765,0.13128959764486081,0.12662356102108038,0,0,0
6.7160511999999999,5048,4020,4294967279,5049,4020,-17,-0.12168964791485011,-0.0078539816339744835,-0.0078539816339744835,0.053944686239007493,0.41119744156992238,0.039042602443057753,0.51137662757127655,0.13384648078271719,0.14394807693909659,0,0,0
6.7210758999999998,5024,4015,4294967281,5025,4015,-15,-0.1211599867704982,-0.0039269908169872417,-0.0070685834705770355,0.078197493991452288,0.58576653462476858,0.094108282740592714,1.2381262701832179,0.14003711213363329,0.15739358208521032,0,0,0
6.7260911999999999,4995,4010,4294967284,4996,4010,-12,-0.12051997955440631,-0,-0.0078539816339744835,0.10143162941650739,0.67889706684210371,-0.023073871176876364,-5.162912515315937,0.1142225495570536,0.15201836488286352,0,0,0
6.7310181,4966,4004,4294967287,4967,4004,-9,-0.11987997233831443,0.0047123889803846897,-0.0078539816339744835,0.11382676397257094,0.80186061598904534,-0.0123096354882338,-6.0909353447020029,0.083767872833543588,0.13618949824500293,0,0,0
6.7360084000000002,4936,3998,4294967290,4937,3998,-6,-0.11921789590787456,0.0094247779607693795,-0.00785398163397448,0.12249853090842339,0.8674602050972342,-0.0065670439386448275,-6.943490908425912,0.04905041829141403,0.10854844797237362,0,0,0
6.7410043999999996,4910,3993,4294967292,4911,3993,-4,-0.11864409633482666,0.013351768777756621,-0.0070685834705770372,0.1188883742465365,0.82917728537490554,0.0697760795570775,-3.9662378794948072,0.029219228893939995,0.081417992834766875,0,0,0
6.7459737000000004,4888,3989,4294967294,4889,3989,-2,-0.11815857361917075,0.016493361431346415,-0.007068583470577032,0.10872595760956361,0.73547428431882955,0.037224707486726717,-5.1741897024217973,0.0033482803818310064,0.050138484245754573,0,0,0
6.7509816000000002,4873,3986,0,4874,3986,0,-0.1178275354039508,0.018849555921538759,-0.0078539816339744835,0.088890657517988428,0.61220532986389875,-0.053420581153498792,-8.5049901672838768,-0.039176670454588378,0.011476168559086876,0,0,0
6.7560032999999997,4863,3984,1,4864,3984,1,-0.11760684326047084,0.020420352248333658,-0.00785398163397448,0.068013209822310988,0.47316329136892488,-0.028499243864557117,-6.738998687401816,-0.072871663891597466,-0.028869905577108106,0,0,0
6.7609345999999997,4861,3983,1,4862,3983,1,-0.11756270483177485,0.021205750411731103,-0.0070685834705770355,0.040402458002524885,0.32570650037880794,0.05807551208517428,-1.9570484166234268,-0.082656905974714603,-0.058887342098362355,0,0,0
6.7659330999999998,4865,3984,1,4866,3984,1,-0.11765098168916684,0.020420352248333658,-0.00785398163397448,0.013317789144272426,0.10048101985103726,-0.042296925210558764,-4.7320316313127835,-0.10631706413127852,-0.090572340556457159,0,0,0
6.7709012,4875,3986,0,4876,3986,0,-0.11787167383264679,0.018849555921538759,-0.0078539816339744835,-0.013486220719074604,-0.092953611112817192,-0.02256490588960448,-2.4143505244823134,-0.11838881675369009,-0.11624423518243497,0,0,0
6.7759128000000004,4890,3989,4294967295,4891,3989,-1,-0.11820271204786674,0.016493361431346415,-0.0086393797973719315,-0.038081392088262528,-0.26942820242865262,-0.085317627860712481,-3.6585124442846118,-0.13668137897511315,-0.14173176199528698,0,0,0
6.780894,4912,3993,4294967293,4913,3993,-3,-0.11868823476352265,0.013351768777756621,-0.0086393797973719298,-0.065616394951113183,-0.43685481456783748,-0.045515938423832475,-0.37085997548580729,-0.1385356788525422,-0.15679744211129693,0,0,0
6.7858939999999999,4939,3999,4294967290,4940,3999,-6,-0.11928410355091854,0.0086393797973719298,-0.0086393797973719298,-0.090601542380205957,-0.67273395685985593,-0.024282211103950589,2.5410135042622297,-0.12583061133123105,-0.15952505203700099,0,0,0
6.7908783000000001,4969,4005,4294967287,4970,4005,-9,-0.11994617998135843,0.0039269908169872417,-0.0086393797973719315,-0.11010815177594602,-0.79857267020943123,-0.012954270449317953,4.5530704794645134,-0.10306525893390849,-0.15001451784689959,0,0,0
6.7958248000000001,4999,4010,4294967284,5000,4010,-12,-0.1206082564117983,-0,-0.0078539816339744835,-0.12051469558613787,-0.7924266058876398,0.066368570278532477,8.7702111154681717,-0.059214203356567623,-0.12369701705515972,0,0,0
6.8008344999999997,5028,4016,4294967282,5029,4016,-14,-0.12124826362789018,-0.0047123889803846897,-0.0094247779607693795,-0.12400735251557229,-0.86242727305690114,-0.11115219671769397,2.1099026545980424,-0.048664690083577412,-0.10082690756208466,0,0,0
6.8058475999999999,5053,4021,4294967279,5054,4021,-17,-0.12179999398659008,-0.0086393797973719298,-0.0086393797973719298,-0.11763420234281063,-0.82649227606811693,0.013981146044511811,7.6830080139429615,-0.010249650013862605,-0.06606553825181713,0,0,0
6.8108212000000004,5072,4025,4294967277,5073,4025,-19,-0.12221930905920202,-0.011780972450961723,-0.0086393797973719298,-0.10187954104658381,-0.73404186382918901,0.0074587749145525357,7.1647741365735937,0.025574220669005367,-0.028040564899012653,0,0,0
6.8158066000000002,5085,4027,4294967276,5086,4027,-20,-0.12250620884572595,-0.013351768777756621,-0.0086393797973719315,-0.081119955289547019,-0.53816163129922379,0.0039791675910426771,6.0889769084057352,0.056019105211034044,0.010730335217442769,0,0,0
6.8207768,5090,4028,4294967276,5091,4028,-20,-0.12261655491746594,-0.014137166941154069,-0.0094247779607693795,-0.053572081410419893,-0.36038234067231401,-0.071156680769740049,1.6758781232961804,0.064398495827514945,0.039132064084408849,0,0,0
6.8268000999999998,5087,4027,4294967276,5088,4027,-20,-0.12255034727442195,-0.013351768777756621,-0.0086393797973719315,-0.022402736659259806,-0.11898016769619947,0.035318277499789358,4.546712188577513,0.087132056770402505,0.06718801722492862,0,0,0
6.8307485000000003,5082,4026,4294967276,5083,4026,-20,-0.12244000120268198,-0.012566370614359173,-0.0078539816339744835,-0.0016560419019626803,0.0098050167500721847,0.092121399736005485,6.0193574073257281,0.11722884380703115,0.10096995297663663,0,0,0
6.8367423,5067,4023,4294967277,5068,4023,-19,-0.12210896298746203,-0.010210176124166829,-0.0070685834705770355,0.030003175307765178,0.22506941754516332,0.12242518898581903,5.6403807286592542,0.14543074745032741,0.13151308101317072,0,0,0
6.8417443999999996,5047,4019,4294967279,5048,4019,-17,-0.12166757870050211,-0.0070685834705770346,-0.0070685834705770346,0.057188541976024007,0.41318993109722391,0.065312380373512238,1.5883712436204533,0.15337260366842967,0.15401894578909209,0,0,0
6.8467191999999999,5021,4014,4294967282,5022,4014,-14,-0.12109377912745421,-0.0031415926535897933,-0.0078539816339744835,0.084046272921809689,0.58682950405920764,-0.038436142161936006,-4.6184703911779188,0.13028025171254007,0.15751110514028774,0,0,0
6.8516927000000001,4992,4008,4294967285,4993,4008,-11,-0.12045377191136233,0.0015707963267948967,-0.0078539816339744835,0.10455188332327633,0.75274366766858769,-0.020505224110877511,-5.5946024258516118,0.102307239583282,0.14817889927495881,0,0,0
6.8567089000000001,4961,4002,4294967288,4962,4002,-8,-0.11976962626657445,0.0062831853071795866,-0.0078539816339744835,0.11960960279845548,0.8412568980975329,-0.01093929286830731,-6.5236077257850695,0.069689200954356656,0.12611875431831332,0,0,0
6.8616897999999997,4933,3996,4294967291,4934,3996,-5,-0.11915168826483057,0.010995574287564275,-0.0078539816339744835,0.12146538602929052,0.88847765243537768,-0.0058359824701997862,-7.1739786146055717,0.033819307881328795,0.095663691483668337,0,0,0
6.8666489000000004,4908,3992,4294967293,4909,3992,-3,-0.11859995790613066,0.014137166941154069,-0.0078539816339744817,0.11627809349442661,0.76711032394292256,-0.0031134271476678638,-6.976055258956654,-0.0010609684134544745,0.058637407691754975,0,0,0
6.8716360999999999,4890,3988,4294967295,4891,3988,-1,-0.11820271204786674,0.01727875959474386,-0.007853981633974487,0.099096962863025606,0.70236229954465546,-0.0016609763057610328,-6.7206430076734955,-0.034664183451821956,0.019565922993492166,0,0,0
6.8766749000000003,4878,3986,0,4879,3986,0,-0.11793788147569079,0.018849555921538759,-0.0078539816339744835,0.077576372703369326,0.52126096102247022,-0.00088611107870768238,-5.7848442964906122,-0.06358840493427502,-0.019881220606775229,0,0,0
6.8816255999999996,4874,3985,0,4875,3985,0,-0.1178496046182988,0.019634954084936207,-0.0070685834705770355,0.049622512038175519,0.35136603434820862,0.072806789584142551,-1.4462193623496806,-0.070819501746023417,-0.048670466834888772,0,0,0
6.8866065000000001,4877,3986,0,4878,3986,0,-0.11791581226134279,0.018849555921538759,-0.0078539816339744835,0.020295688434229266,0.11417007564665986,-0.034437964098301167,-4.4073546977239078,-0.09285627523464296,-0.077909288004725463,0,0,0
6.8916097000000001,4885,3987,4294967295,4886,3987,-1,-0.11809236597612675,0.018064157758141311,-0.0070685834705770355,-0.0056453740216080416,-0.012371143575553564,0.054907275564150357,0.596854853514039,-0.089872000967072763,-0.09544391666978759,0,0,0
6.8965807999999997,4897,3990,4294967294,4898,3990,-2,-0.11835719654830271,0.015707963267948967,-0.00785398163397448,-0.02772106296293082,-0.22643841564678707,-0.043987141664284933,-2.0588250853216152,-0.10016612639368083,-0.11288340236344144,0,0,0
6.9015674999999996,4914,3993,4294967293,4915,3993,-3,-0.11873237319221863,0.013351768777756621,-0.0086393797973719298,-0.049793731429360603,-0.34064075598914945,-0.096746135531050464,-3.1622509932976923,-0.1159773813601693,-0.12962593341477036,0,0,0
6.9065830999999998,4936,3998,4294967291,4937,3998,-5,-0.11921789590787456,0.0094247779607693795,-0.0094247779607693795,-0.07186478850840812,-0.5481253831205668,-0.12489243045691845,-2.7374943758629025,-0.12966485323948382,-0.14372290555620884,0,0,0
6.9115286999999999,4961,4003,4294967288,4962,4003,-8,-0.11976962626657445,0.0054977871437821377,-0.0086393797973719315,-0.089816765406031646,-0.65881596077965598,0.0066508949758272012,4.1758638087280868,-0.10878553419584339,-0.1418548398600305,0,0,0
6.9165171000000001,4988,4008,4294967286,4989,4008,-10,-0.12036549505397034,0.0015707963267948967,-0.0094247779607693795,-0.10351215181789923,-0.71786806575677498,-0.069731346027315538,1.9420751149581306,-0.099075158621052734,-0.13644381453928348,0,0,0
6.9215175999999996,5016,4013,4294967283,5017,4013,-13,-0.12098343305571424,-0.0023561944901923449,-0.0086393797973719315,-0.11287758763424227,-0.74937166051592974,0.036078676610691238,7.3366313932282292,-0.062392001654911586,-0.11452395962401703,0,0,0
6.9265087999999997,5042,4018,4294967280,5043,4018,-16,-0.12155723262876213,-0.0062831853071795866,-0.0078539816339744835,-0.11375571558469655,-0.76617845314649879,0.092527063606147902,10.462762126923572,-0.010078191020293725,-0.076956479046315279,0,0,0
6.9314875999999996,5064,4023,4294967278,5065,4023,-18,-0.12204275534441804,-0.010210176124166829,-0.0086393797973719332,-0.10598774533783639,-0.77514467686434518,-0.023917432754508222,5.9040420917605498,0.019442019438509026,-0.039175039318552353,0,0,0
6.9364799000000001,5079,4026,4294967277,5080,4026,-19,-0.12237379355963798,-0.012566370614359173,-0.0094247779607693795,-0.087429853880142447,-0.6333690118558406,-0.086039184836019258,2.5792520384193978,0.032338279630606016,-0.0078567368984577175,0,0,0
6.9414718999999998,5087,4027,4294967276,5088,4027,-20,-0.12255034727442195,-0.013351768777756621,-0.0086393797973719315,-0.063115667952656079,-0.41117434438324774,0.027378638814814484,6.183768592473772,0.063257122592974876,0.027452754815141485,0,0,0
6.9464461999999996,5088,4027,4294967276,5089,4027,-20,-0.12257241648876994,-0.013351768777756621,-0.0086393797973719315,-0.03573056747672318,-0.21935661609065474,0.014606177757988165,4.3605756692948097,0.085060000939448932,0.059061408304205365,0,0,0
6.9514293,5083,4026,4294967276,5084,4026,-20,-0.12246207041702997,-0.012566370614359173,-0.0078539816339744835,-0.0087662809231563946,-0.043744623094390395,0.081071741182263429,5.9202694815845085,0.11466134834737148,0.092861539161031917,0,0,0
6.9564313000000002,5073,4024,4294967277,5074,4024,-19,-0.12224137827355001,-0.010995574287564275,-0.0078539816339744817,0.015914396151543258,0.12322180311390807,0.043250808444757864,3.0048163088479893,0.12968542989161141,0.12184153107536759,0,0,0
6.9613984999999996,5056,4021,4294967279,5057,4021,-17,-0.12186620162963407,-0.0086393797973719298,-0.0086393797973719298,0.043495015290006059,0.28557592240009377,-0.050205728056676155,-2.5441714237719388,0.11696457277275171,0.13442404586939086,0,0,0
6.9663915999999997,5033,4016,4294967281,5034,4016,-15,-0.12135860969963017,-0.0047123889803846897,-0.0078539816339744835,0.070563608721618598,0.51874895016289213,0.04649536126922163,-0.38277725543738494,0.11505068649556478,0.14121871052077242,0,0,0
6.9713988999999996,5006,4011,4294967284,5007,4011,-12,-0.12076274091223427,-0.00078539816339744833,-0.0086393797973719315,0.093240822010853805,0.6431439836380004,-0.048474797763908728,-5.9674525327845291,0.085213423831642141,0.12959870734081685,0,0,0
6.9763748999999997,4979,4005,4294967286,4980,4005,-10,-0.12016687212483838,0.0039269908169872417,-0.0070685834705770337,0.10533884523979239,0.78278677187986689,0.12069831125893923,-0.08685049350258911,0.084779171364129199,0.12179178576902652,0,0,0
6.9813498000000003,4953,4000,4294967289,4954,4000,-7,-0.11959307255179048,0.0078539816339744835,-0.0078539816339744835,0.10973388629545519,0.78400501712164228,-0.0088884076205658497,-6.2278447064356497,0.053639947831950946,0.10025025475806898,0,0,0
6.9863539000000001,4930,3996,4294967291,4931,3996,-5,-0.11908548062178657,0.010995574287564275,-0.0078539816339744835,0.10590125757034549,0.71137541715814068,-0.0047418596143352903,-6.1651386044822392,0.02281425480953975,0.07295801243913716,0,0,0
6.9913318000000002,4911,3992,4294967293,4912,3992,-3,-0.11866616554917465,0.014137166941154069,-0.0078539816339744817,0.095620154737042745,0.67262839051690193,-0.0025297256338735674,-6.1337879108792208,-0.0078546847448563543,0.041349995169227605,0,0,0
6.9963293000000002,4897,3989,4294967294,4898,3989,-2,-0.11835719654830271,0.016493361431346415,-0.007068583470577032,0.079839757498590208,0.57867779394659435,0.071929940792617719,-2.5316849884658623,-0.020513109687185664,0.014816676042370292,0,0,0
7.0013566000000003,4889,3988,4294967295,4890,3988,-1,-0.11818064283351874,0.01727875959474386,-0.007853981633974487,0.059066441922864282,0.38199723094139615,-0.034905752486267941,-6.0388287868673896,-0.050707253621522612,-0.016517970859164149,0,0,0
7.0062984000000004,4886,3987,4294967295,4887,3987,-1,-0.11811443519047475,0.018064157758141311,-0.0070685834705770355,0.037688574137134667,0.27707049282903012,0.054657716030019711,-1.4284206317301256,-0.057849356780173236,-0.039750774573963067,0,0,0
7.0112663,4888,3988,4294967295,4889,3988,-1,-0.11815857361917075,0.01727875959474386,-0.007853981633974487,0.015988184946923976,0.074534289025013176,-0.044120278703762519,-4.3459172609645913,-0.07957894308499619,-0.065559154623211713,0,0,0
7.0162791000000002,4894,3989,4294967294,4895,3989,-2,-0.11829098890525871,0.016493361431346415,-0.007068583470577032,-0.0038251553089772884,-0.033516363719229843,0.049741876027939926,0.63057528157963749,-0.076426066677098003,-0.081027481693120421,0,0,0
7.0213333999999996,4904,3991,4294967294,4905,3991,-2,-0.11851168104873867,0.014922565104551517,-0.0086393797973719298,-0.022631777431119611,-0.16443961948492122,-0.1200223400945982,-5.5761598877282443,-0.10430686611573922,-0.10471310755493753,0,0,0
7.0263869999999997,4919,3994,4294967292,4920,3994,-4,-0.11884271926395862,0.012566370614359173,-0.0078539816339744852,-0.042960437680536839,-0.30756513657480905,0.0092490301866623159,1.1905991916434586,-0.098353870157521922,-0.11493863620634925,0,0,0
7.0312526999999996,4938,3998,4294967290,4939,3998,-6,-0.11926203433657054,0.0094247779607693795,-0.00785398163397448,-0.062041976882319785,-0.45720041476553752,0.004934247458726955,2.4137121796672201,-0.086285309259185816,-0.11587731793008167,0,0,0
7.0362036000000003,4959,4002,4294967288,4960,4002,-8,-0.11972548783787847,0.0062831853071795866,-0.0078539816339744835,-0.076339971331601836,-0.5370290536873954,0.0026323622577270472,3.3721801841117816,-0.069424408338626911,-0.10840151475540706,0,0,0
7.0412078999999999,4981,4006,4294967286,4982,4006,-10,-0.12021101055353438,0.0031415926535897933,-0.0078539816339744817,-0.08602689135949998,-0.57961668188021842,0.0014043339159352311,4.1391065745596443,-0.048728875465828686,-0.092862208941990473,0,0,0
7.0461914999999999,5002,4010,4294967284,5003,4010,-12,-0.12067446405484229,-0,-0.0078539816339744835,-0.089135637571014781,-0.60233667434890514,0.00074919542006661845,4.7024933893717566,-0.025216408518969901,-0.070812198729431119,0,0,0
7.0511477999999999,5020,4014,4294967282,5021,4014,-14,-0.12107170991310622,-0.0031415926535897933,-0.0078539816339744835,-0.084616785864920219,-0.61445751976062901,0.00039968683450553754,5.0555124776698426,6.1153869379312886e-05,-0.044212587078364396,0,0,0
7.0561997999999999,5033,4016,4294967281,5034,4016,-15,-0.12135860969963017,-0.0047123889803846897,-0.0078539816339744835,-0.07191048098070954,-0.47436480785770585,0.00021322816637460494,4.4950886885168879,0.022536597311963752,-0.016953430998835332,0,0,0
7.0611560999999998,5042,4018,4294967280,5043,4018,-16,-0.12155723262876213,-0.0062831853071795866,-0.0078539816339744835,-0.056895377592327379,-0.39962701440883963,0.00011375468744604416,4.0959128432400655,0.043016161528164079,0.011006287512704639,0,0,0
7.0661231999999998,5044,4018,4294967280,5045,4018,-16,-0.12160137105745812,-0.0062831853071795866,-0.0078539816339744835,-0.034471226909079791,-0.21319625306540868,6.0686771058255189e-05,2.9305489163982492,0.057668906110155321,0.034485270329671976,0,0,0
7.0711018000000001,5043,4018,4294967280,5044,4018,-16,-0.12157930184311012,-0.0062831853071795866,-0.0078539816339744835,-0.016330878778572488,-0.11373766207564065,3.2375669646351378e-05,2.1569163765174002,0.068453487992742326,0.056053011433301318,0,0,0
7.0761304999999997,5037,4017,4294967281,5038,4017,-15,-0.12144688655702215,-0.0054977871437821377,-0.0086393797973719315,0.003642332230902429,0.012601831066118591,-0.073262247257819574,-2.0457824567731966,0.058224575708876347,0.065353834979552924,0,0,0
7.0810838,5028,4015,4294967282,5029,4015,-14,-0.12124826362789018,-0.0039269908169872417,-0.0086393797973719315,0.020475133233470586,0.15328196538375016,-0.039084536438618582,-1.7481307883417019,0.049483921767167836,0.068582985993681386,0,0,0
7.0860681000000003,5017,4013,4294967283,5018,4013,-13,-0.12100550227006222,-0.0023561944901923449,-0.0086393797973719315,0.033573452633487315,0.22833314169530355,-0.020851134735819295,-1.7929902663876542,0.040518970435229562,0.066486887068399877,0,0,0
7.091081,5004,4010,4294967284,5005,4010,-12,-0.12071860248353829,-0,-0.0078539816339744835,0.044679470572144032,0.34165156977191302,0.062155687224721368,0.81583337928234245,0.044598137331641273,0.065200093905860027,0,0,0
7.0960438999999997,4991,4007,4294967285,4992,4007,-11,-0.12043170269701434,0.0023561944901923449,-0.0070685834705770346,0.050604398881862842,0.40210560165194786,0.10643883821998937,2.1479685628320073,0.05533798014580131,0.067344845457922839,0,0,0
7.1010192999999999,4978,4005,4294967286,4979,4005,-10,-0.12014480291049039,0.0039269908169872417,-0.0070685834705770337,0.053765277575666376,0.36107758842637139,0.056783852619936979,-0.037830466847046829,0.055148827811566076,0.067115398436568774,0,0,0
7.1060325999999998,4965,4002,4294967288,4966,4002,-8,-0.11985790312396644,0.0062831853071795866,-0.0078539816339744835,0.055451568716194159,0.41246915126141503,-0.042986010153008437,-4.8427091385534355,0.030935282118798896,0.055834030425278958,0,0,0
7.1110633999999999,4953,4000,4294967289,4954,4000,-7,-0.11959307255179048,0.0078539816339744835,-0.0078539816339744835,0.054292074695057403,0.36660641872445399,-0.022932524500151256,-4.0658296386000323,0.010606133925798733,0.040588288666643713,0,0,0
7.1159338999999999,4943,3998,4294967290,4944,3998,-6,-0.11937238040831052,0.0094247779607693795,-0.00785398163397448,0.049555277917648084,0.34213919709108864,-0.012234228719485327,-3.6525316549826314,-0.0076565243491144262,0.022706446985067137,0,0,0
7.1209088999999999,4935,3996,4294967290,4936,3996,-6,-0.11919582669352656,0.010995574287564275,-0.006283185307179584,0.042910032721539981,0.3290862257276016,0.14003222325850381,2.9399045785961846,0.0070429985438664969,0.016864406013131321,0,0,0
7.1269007999999996,4929,3996,4294967291,4930,3996,-5,-0.11906341140743858,0.010995574287564275,-0.0078539816339744835,0.035246653021595714,0.1755635823677941,-0.071853515106611934,-5.4030029483438575,-0.019972016197852792,-0.0015279289836392807,0,0,0
7.1318792999999996,4927,3995,4294967291,4928,3995,-5,-0.11901927297874258,0.011780972450961723,-0.0070685834705770355,0.022921890163283089,0.16694059971452713,0.034946524679604844,-0.62923629944333048,-0.023118197695069443,-0.012306608060397191,0,0,0
7.1368720999999997,4926,3995,4294967291,4927,3995,-5,-0.11899720376439459,0.011780972450961723,-0.0070685834705770355,0.014287665690130595,0.089060821867307058,0.018643554741590518,-0.82566949687587954,-0.027246545179448842,-0.022709787137204479,0,0,0
7.1418676000000003,4928,3995,4294967291,4929,3995,-5,-0.11904134219309058,0.011780972450961723,-0.0070685834705770355,0.0035040789697340985,0.047512887848994434,0.0099461144302436123,-0.77832581466426198,-0.031138174252770153,-0.030822643130807098,0,0,0
7.1468521000000003,4930,3996,4294967291,4931,3996,-5,-0.11908548062178657,0.010995574287564275,-0.0078539816339744835,-0.0022488361248455993,-0.047931959451231278,-0.06797338569085265,-3.5894772654435902,-0.049085560579988106,-0.045663563555570455,0,0,0
7.1518366999999996,4934,3997,4294967291,4935,3997,-5,-0.11917375747917856,0.010210176124166829,-0.0086393797973719298,-0.0094361683423036385,-0.098850648841910388,-0.10954251106922913,-5.0304962107230189,-0.074238041633603202,-0.066393796134729607,0,0,0
7.1568490000000002,4942,3998,4294967290,4943,3998,-6,-0.11935031119396253,0.0094247779607693795,-0.00785398163397448,-0.021506965537914664,-0.12601516324580492,0.014839894168368062,0.73410697419946169,-0.070567506762605897,-0.076806702493406737,0,0,0
7.1618236,4953,4000,4294967289,4954,4000,-7,-0.11959307255179048,0.0078539816339744835,-0.0078539816339744835,-0.034123922879911318,-0.21378662747257221,0.0079169068118763487,1.2701400580134004,-0.064216806472538898,-0.081517602689644725,0,0,0
7.1668307000000002,4966,4003,4294967288,4967,4003,-8,-0.11987997233831443,0.0054977871437821377,-0.0086393797973719315,-0.04497313989311251,-0.33389117766719856,-0.069055943789602933,-1.0766483183210538,-0.06960004806414416,-0.087182992319936009,0,0,0
7.1718618000000003,4982,4006,4294967286,4983,4006,-10,-0.12023307976788238,0.0031415926535897933,-0.0078539816339744817,-0.056938398755480624,-0.39796552488188519,0.036438995661207361,4.2560386159567463,-0.048319854984360429,-0.07887180415214623,0,0,0
7.1758389999999999,4994,4008,4294967285,4995,4008,-11,-0.12049791034005831,0.0015707963267948967,-0.0078539816339744835,-0.05508528081449196,-0.35886890677333994,0.019439770236574349,3.6090274659543136,-0.030274717654588862,-0.069258388608991472,0,0,0
7.1808233000000001,5009,4011,4294967284,5010,4011,-12,-0.12082894855527826,-0.00078539816339744833,-0.0086393797973719315,-0.060273995249750814,-0.4112908459025113,-0.0629086333772573,0.68209681837479774,-0.026864233562714872,-0.058689897218607852,0,0,0
7.1858000000000004,5022,4014,4294967283,5023,4014,-13,-0.12111584834180221,-0.0031415926535897933,-0.0094247779607693795,-0.058923892083592389,-0.43925732613982699,-0.10684052602560007,-0.92088537739320042,-0.031468660449680871,-0.052348800087014147,0,0,0
7.1917961000000004,5036,4016,4294967281,5037,4016,-15,-0.12142481734267416,-0.0047123889803846897,-0.0078539816339744835,-0.060262738385423245,-0.38089759100415255,0.089560890303467269,7.5438813227174997,0.0062507461639066259,-0.027359673733919777,0,0,0
7.1957765,5044,4018,4294967281,5045,4018,-15,-0.12160137105745812,-0.0062831853071795866,-0.0094247779607693795,-0.048622335366926797,-0.34976336731003921,-0.098779370179617534,-0.70041284832561068,0.0027486819222785723,-0.016215143172656737,0,0,0
7.2017413000000001,5051,4019,4294967280,5052,4019,-16,-0.12175585555789409,-0.0070685834705770346,-0.0086393797973719315,-0.040353208718337252,-0.25987411045184622,0.020581901655711381,3.9751960662654313,0.02262466225360573,0.0028781156526606405,0,0,0
7.2067883999999998,5054,4019,4294967279,5055,4019,-17,-0.12182206320093808,-0.0070685834705770346,-0.0070685834705770346,-0.027705287076708891,-0.13863974310895397,0.1575392380093644,9.2482338934693153,0.068865831720952314,0.034999102336658441,0,0,0
7.2107349999999997,5053,4019,4294967279,5054,4019,-17,-0.12179999398659008,-0.0070685834705770346,-0.0070685834705770346,-0.012721330452963678,-0.0739626519005568,0.084045307357562798,5.6729233693725121,0.097230448567814876,0.067094601512429783,0,0,0
7.2167031000000001,5046,4018,4294967280,5047,4018,-16,-0.12164550948615412,-0.0062831853071795866,-0.0078539816339744835,0.0076270935395533236,0.033821325317553184,-0.02844234870466586,-0.075221351686122429,0.096854341809384265,0.087455543010113573,0,0,0
7.2217319,5035,4015,4294967281,5036,4015,-15,-0.12140274812832616,-0.0039269908169872417,-0.0070685834705770355,0.026719176462916671,0.23788183215788378,0.058105864975417296,2.1837917241196276,0.1077733004299824,0.10786899410672357,0,0,0
7.2256967999999997,5022,4013,4294967282,5023,4013,-14,-0.12111584834180221,-0.0023561944901923449,-0.0070685834705770346,0.041022795862096353,0.27346616312719774,0.030998786986932852,0.39133029684793952,0.10972995191422209,0.12419747201610831,0,0,0
7.2316707999999998,4998,4008,4294967285,4999,4008,-11,-0.1205861871974503,0.0015707963267948967,-0.0078539816339744835,0.071303819360985482,0.5122885378048222,-0.056742035596218557,-5.4613370100121692,0.082423266864161251,0.11683393530315479,0,0,0
7.2366922999999996,4976,4003,4294967287,4977,4003,-9,-0.12010066448179439,0.0054977871437821377,-0.0070685834705770355,0.083340164258251165,0.63969743058143225,0.043008319037166926,-2.4583324815637528,0.070131604456342492,0.10888858284172424,0,0,0
7.2416646,4953,3999,4294967289,4954,3999,-7,-0.11959307255179048,0.0086393797973719298,-0.0070685834705770372,0.091820521183928333,0.63438903828483983,0.022944426024175176,-3.9056116643010252,0.050603546134837363,0.092718484833976864,0,0,0
7.2466226999999996,4932,3995,4294967291,4933,3995,-5,-0.11912961905048257,0.011780972450961723,-0.0070685834705770355,0.092226470086537532,0.63155707421176821,0.012240578040818408,-4.7813882340366778,0.026696604964653974,0.070649101037965636,0,0,0
7.2516439000000004,4915,3991,4294967293,4916,3991,-3,-0.11875444240656663,0.014922565104551517,-0.0070685834705770337,0.084206597940789302,0.63004625510438661,0.0065302026128480515,-5.2502794882486716,0.00044520752341061648,0.044751851072084278,0,0,0
7.2566284000000003,4901,3988,4294967294,4902,3988,-2,-0.1184454734056947,0.01727875959474386,-0.0062831853071795875,0.073750760870795781,0.55596073181078831,0.07676330461838328,-2.0161904026656696,-0.0096357444899177313,0.022304973934891347,0,0,0
7.2615940999999999,4892,3987,4294967295,4893,3987,-1,-0.11824685047656272,0.018064157758141311,-0.0070685834705770355,0.057877144997964133,0.36987794882736758,-0.032327210445310825,-5.7704492484896583,-0.038487990732366022,-0.0060497661788287849,0,0,0
7.2666129000000002,4888,3986,0,4889,3986,0,-0.11815857361917075,0.018849555921538759,-0.0078539816339744835,0.039113208653648632,0.2706050001486221,-0.090525701082786236,-7.6647649967359559,-0.076811815716045811,-0.040870302713731863,0,0,0
7.2715731000000003,4889,3986,0,4890,3986,0,-0.11818064283351874,0.018849555921538759,-0.0078539816339744835,0.018807320758362271,0.14436454496899612,-0.048294383465339451,-5.0299136440643553,-0.10196138393636758,-0.074349715439815306,0,0,0
7.2765683000000001,4895,3987,0,4896,3987,0,-0.11831305811960671,0.018064157758141311,-0.0086393797973719315,-0.0023211799264065049,0.0037372462247284854,-0.09904399773736268,-6.2069540170762139,-0.13299615402174866,-0.11141508693766791,0,0,0
7.2815563000000001,4907,3989,4294967295,4908,3989,-1,-0.11857788869178267,0.016493361431346415,-0.0086393797973719315,-0.025947645000665435,-0.14456526222966615,-0.05283879328693717,-3.0363620527399613,-0.14817796428544847,-0.14289723527865869,0,0,0
7.2865431999999997,4926,3993,4294967293,4927,3993,-3,-0.11899720376439459,0.013351768777756621,-0.0086393797973719298,-0.052965854591406493,-0.37024192295305758,-0.028188866966205352,-0.18766955465385893,-0.14911631205871775,-0.16416348366768785,0,0,0
7.2915285000000001,4953,3998,4294967291,4954,3998,-5,-0.11959307255179048,0.0094247779607693795,-0.0094247779607693795,-0.083852629752436375,-0.56391725317821118,-0.08831794411983912,-0.89410607442330692,-0.15358684243083429,-0.17823679702885087,0,0,0
7.2965298000000001,4984,4004,4294967288,4985,4004,-8,-0.12027721819657836,0.0047123889803846897,-0.0094247779607693795,-0.10856679752393605,-0.74052025468348448,-0.0471165714175837,2.6307904212740927,-0.14043289032446382,-0.18002438050697672,0,0,0
7.3014839,5018,4011,4294967284,5019,4011,-12,-0.12102757148441022,-0.00078539816339744833,-0.0086393797973719315,-0.12792884249942096,-0.908015372129509,0.048143389547692629,8.506583792690007,-0.097899971361013777,-0.1607754917905985,0,0,0
7.3065034999999998,5053,4017,4294967281,5054,4017,-15,-0.12179999398659008,-0.0054977871437821377,-0.0086393797973719315,-0.14031737317573328,-0.9240925033108518,0.025683924988453916,8.6074037041075862,-0.054862952840475848,-0.12772619944464594,0,0,0
7.3114913000000001,5084,4023,4294967278,5085,4023,-18,-0.12248413963137797,-0.010210176124166829,-0.0086393797973719332,-0.13869006570678094,-0.93266946133500772,0.013702068113817205,8.7660182652755818,-0.011032861514097936,-0.085662253218284939,0,0,0
7.3164539,5109,4028,4294967276,5110,4028,-20,-0.12303586999007786,-0.014137166941154069,-0.0094247779607693795,-0.1254672549752254,-0.86396564700666589,-0.065969629129976226,5.3172015699408552,0.015553146335606342,-0.045181369383093584,0,0,0
7.3214375,5126,4031,4294967274,5127,4031,-22,-0.1234110466339938,-0.016493361431346415,-0.0086393797973719315,-0.10194016081742538,-0.6807539416659274,0.038085507777477941,8.9070660322244564,0.060088476496728618,0.0023478451723260053,0,0,0
7.3264829000000002,5135,4033,4294967273,5136,4033,-23,-0.12360966956312576,-0.018064157758141311,-0.0086393797973719315,-0.072915854164493907,-0.50973315942613384,0.020318164842442074,7.1273573466736817,0.09572526323009703,0.049071193283344194,0,0,0
7.3314507000000004,5134,4033,4294967273,5135,4033,-23,-0.12358760034877776,-0.018064157758141311,-0.0086393797973719315,-0.036840629585772361,-0.27193657018808515,0.010839498976268789,5.0731434458354547,0.1210909804592743,0.089785016672588841,0,0,0
7.3363902999999997,5126,4031,4294967274,5127,4031,-22,-0.1234110466339938,-0.016493361431346415,-0.0086393797973719315,-0.0031811550505433245,0.0014841168565306317,0.0057827436172336044,2.9225377332216045,0.13570366912538231,0.12385549774364696,0,0,0
7.3414153999999998,5110,4028,4294967275,5111,4028,-21,-0.12305793920442586,-0.014137166941154069,-0.0078539816339744835,0.03124865586815171,0.22063031654479784,0.076364544145644211,4.1039076230292562,0.1562232072405286,0.15509477750954995,0,0,0
7.3463840999999999,5086,4023,4294967278,5087,4023,-18,-0.12252827806007395,-0.010210176124166829,-0.0086393797973719332,0.066089432073558746,0.48410124287039508,-0.032539944408715146,-2.8040825399039808,0.1422027945410087,0.16685037137287459,0,0,0
7.3513617,5056,4017,4294967281,5057,4017,-15,-0.12186620162963407,-0.0054977871437821377,-0.0086393797973719315,0.097031232839836945,0.69793936370585996,-0.0173596728268159,-4.3061937275472504,0.12067182590327245,0.16378823300727957,0,0,0
7.3564008000000003,5022,4010,4294967284,5023,4010,-12,-0.12111584834180221,-0,-0.0078539816339744835,0.12177475611644298,0.88529897388489764,0.06401834057367288,-2.7807483059446434,0.10676808437354923,0.15277992397155901,0,0,0
7.3613540999999998,4991,4004,4294967287,4992,4004,-9,-0.12043170269701434,0.0047123889803846897,-0.0078539816339744835,0.12879780032798555,0.91197357537486878,0.034153022307468868,-4.9158775576545342,0.082188696585276555,0.13450702820106084,0,0,0
7.3663132999999998,4961,3998,4294967290,4962,3998,-6,-0.11976962626657445,0.0094247779607693795,-0.00785398163397448,0.13048540051533034,0.92620415760436936,0.018220230675803757,-6.3112693073609414,0.050632350048471844,0.10696279416466213,0,0,0
7.3713015000000004,4935,3993,4294967292,4936,3993,-4,-0.11919582669352656,0.013351768777756621,-0.0070685834705770372,0.12314927406691756,0.86051648446108353,0.082999795374490634,-3.6236129190647506,0.032514285453148092,0.080550598372500393,0,0,0
7.3759549,4915,3990,4294967294,4916,3990,-2,-0.11875444240656663,0.015707963267948967,-0.00785398163397448,0.10688087639562889,0.67891385452362174,-0.029000116896727331,-7.7213291274112645,-0.0060923601839082339,0.046026939862187186,0,0,0
7.3809316999999997,4900,3987,4294967295,4901,3987,-1,-0.1184234041913467,0.018064157758141311,-0.0070685834705770355,0.087906328663257052,0.58203101414116098,0.057808302287362778,-3.5287103939605857,-0.023735912153711163,0.01612311407886817,0,0,0
7.3859063000000003,4891,3985,0,4892,3985,0,-0.11822478126221472,0.019634954084936207,-0.0070685834705770355,0.065428971837874994,0.45706565327402093,0.03084004083650263,-3.8841986075318351,-0.043156905191370339,-0.012644927237237948,0,0,0
7.3909080999999999,4888,3984,1,4889,3984,1,-0.11815857361917075,0.020420352248333658,-0.00785398163397448,0.041082908076002476,0.31711860216048282,-0.056826724776979226,-6.7080641721634677,-0.076697226052187678,-0.046100529729659362,0,0,0
7.3958833000000004,4890,3985,1,4891,3985,1,-0.11820271204786674,0.019634954084936207,-0.0086393797973719315,0.01779902168049631,0.095899478424057674,-0.10359590021624748,-7.4057390086502686,-0.11372592109543903,-0.084086329835756035,0,0,0
7.4008538000000001,4897,3986,0,4898,3986,0,-0.11835719654830271,0.018849555921538759,-0.0078539816339744835,-0.0049182057394268983,-0.022118289610934018,0.018012340240786712,-1.194213927213992,-0.11969699073150898,-0.11206229338252462,0,0,0
7.4058767999999997,4911,3989,4294967295,4912,3989,-1,-0.11866616554917465,0.016493361431346415,-0.0086393797973719315,-0.031451347869609528,-0.23163840197878841,-0.063670150280876234,-3.0536669547626802,-0.13496532550532239,-0.1379834020200206,0,0,0
7.4108293999999999,4932,3993,4294967293,4933,3993,-3,-0.11912961905048257,0.013351768777756621,-0.0086393797973719298,-0.060020235054333626,-0.41669440606312569,-0.033967266932828179,-0.094478655114079046,-0.13543771878089278,-0.15328875372254391,0,0,0
7.4158146,4957,3998,4294967291,4958,3998,-5,-0.11968134940918247,0.0094247779607693795,-0.0094247779607693795,-0.083497837193992216,-0.58869909971904311,-0.09140065168759362,-0.94467579187464024,-0.14016109774026597,-0.16521207389758646,0,0,0
7.4208216,4987,4004,4294967288,4988,4004,-8,-0.12034342583962235,0.0047123889803846897,-0.0094247779607693795,-0.10631840965647758,-0.75374107468826557,-0.048761159193297147,2.5538827935802813,-0.12739168377236457,-0.16449566035140631,0,0,0
7.4258034999999998,5019,4010,4294967284,5020,4010,-12,-0.12104964069875822,-0,-0.0078539816339744835,-0.12261113382253663,-0.84178900286450176,0.1205455408466125,11.201463587461792,-0.071384365835055613,-0.13765042541618019,0,0,0
7.4307854000000004,5050,4016,4294967282,5051,4016,-14,-0.1217337863435461,-0.0047123889803846897,-0.0094247779607693795,-0.12924399787384189,-0.88876152399176855,-0.082249428108230077,3.512788803340916,-0.053820421818351033,-0.1129306344289559,0,0,0
7.4368169999999996,5082,4023,4294967278,5083,4023,-18,-0.12244000120268198,-0.010210176124166829,-0.0086393797973719332,-0.134841662117759,-0.98710032391370772,0.029400428897222247,9.4906256302950904,-0.0063672936668755786,-0.068693412316046712,0,0,0
7.4407889000000003,5100,4026,4294967277,5101,4026,-19,-0.1228372470609459,-0.012566370614359173,-0.0094247779607693795,-0.10900040565172592,-0.74644482539618462,-0.057594740602378035,4.6488502193195611,0.016876957429722228,-0.035173985250554061,0,0,0
7.4456802,5115,4029,4294967275,5116,4029,-21,-0.12316828527616584,-0.014922565104551517,-0.0086393797973719315,-0.089037072280105295,-0.6180579828814935,0.042553411071167078,8.3468554475557575,0.058611234667501018,0.0086098275212081153,0,0,0
7.4516638999999998,5121,4030,4294967275,5122,4030,-21,-0.12330070056225381,-0.015707963267948967,-0.0094247779607693795,-0.05985487930337724,-0.40300609276308291,-0.050577781250245049,3.0377859882720561,0.073800164608861296,0.042177902031146318,0,0,0
7.4566578000000003,5119,4030,4294967275,5120,4030,-21,-0.12325656213355782,-0.015707963267948967,-0.0094247779607693795,-0.027813644776605591,-0.21499895112626119,-0.026982643970816626,2.5940079368737656,0.086770204293230124,0.069682726208369461,0,0,0
7.4616401999999997,5112,4028,4294967275,5113,4028,-21,-0.12310207763312185,-0.014137166941154069,-0.0078539816339744835,-0.00042447641911331699,0.031859658561095697,0.13216411935945216,7.7765822548634835,0.12565311556754755,0.10579254976979639,0,0,0
7.4666351999999998,5099,4026,4294967276,5100,4026,-20,-0.1228151778465979,-0.012566370614359173,-0.0078539816339744835,0.026541980300822651,0.16355578701260726,0.070507983747810865,3.9491437368617803,0.14539883425185646,0.13658416749016267,0,0,0
7.4716237999999997,5078,4022,4294967278,5079,4022,-18,-0.12235172434528999,-0.0094247779607693795,-0.0078539816339744835,0.057401145921596945,0.38037314176832709,0.037615169656302155,0.69903368599098692,0.14889400268181138,0.15636171932107309,0,0,0
7.4766231000000003,5052,4016,4294967281,5053,4016,-15,-0.12177792477224209,-0.0047123889803846897,-0.0078539816339744835,0.084159694594891823,0.64260165705641259,0.020067245056008629,-2.192597670268476,0.137931014330469,0.16409009898524424,0,0,0
7.4816001999999999,5022,4010,4294967284,5023,4010,-12,-0.12111584834180221,-0,-0.0078539816339744835,0.10667150269785804,0.78249744710710756,0.010705636258387424,-4.2444260711545958,0.11670888397469603,0.15892808300741743,0,0,0
7.4866101,4989,4004,4294967287,4990,4004,-9,-0.12038756426831834,0.0047123889803846897,-0.0078539816339744835,0.12485861501788099,0.85713018509293459,0.0057113294514028077,-5.7983003108222713,0.087717382420584675,0.14040779970880327,0,0,0
7.4916147000000004,4959,3998,4294967290,4960,3998,-6,-0.11972548783787847,0.0094247779607693795,-0.00785398163397448,0.12838389206378725,0.89694586201389592,0.0030469262466216057,-6.7824587187102265,0.05380508882703354,0.11353276011977743,0,0,0
7.4966090000000003,4932,3993,4294967292,4933,3993,-4,-0.11912961905048257,0.013351768777756621,-0.0070685834705770372,0.12408725459741407,0.84490753219794268,0.074905018159022063,-3.9261982880110518,0.034174097386978283,0.086496023957696982,0,0,0
7.5006287,4913,3989,4294967294,4914,3989,-2,-0.11871030397787065,0.016493361431346415,-0.007068583470577032,0.10532216757560205,0.74386618366884361,0.039960935150801596,-4.9957757193514229,0.0091952187902211678,0.059423265302154041,0,0,0
7.5066170000000003,4893,3986,0,4894,3986,0,-0.11826891969091072,0.018849555921538759,-0.0078539816339744835,0.097370327383899169,0.61668230822876646,-0.051960836280200817,-8.6583864072838619,-0.034096713246198146,0.017565947799978807,0,0,0
7.5115664000000004,4882,3984,1,4883,3984,1,-0.11802615833308276,0.020420352248333658,-0.00785398163397448,0.074596122974879234,0.47555170601065433,-0.027720487358621357,-6.8673439905116043,-0.068433433198756166,-0.0231332851647396,0,0,0
7.5166013999999999,4879,3983,1,4880,3983,1,-0.11795995069003878,0.021205750411731103,-0.0070685834705770355,0.045973474036826507,0.32698069114675821,0.05849096940695072,-2.0722430338448405,-0.078794648367980363,-0.053533620135648316,0,0,0
7.5216187000000003,4882,3984,1,4883,3984,1,-0.11802615833308276,0.020420352248333658,-0.00785398163397448,0.018348970116571984,0.10116078545151695,-0.042075283677034434,-4.8404242048363866,-0.10299676939216229,-0.085680940881713505,0,0,0
7.5266042999999998,4890,3985,1,4891,3985,1,-0.11820271204786674,0.019634954084936207,-0.0086393797973719315,-0.0066839250607884058,-0.019311444968210897,-0.095726182062995088,-6.1059531826148445,-0.1335265353052365,-0.12091788238014299,0,0,0
7.5315374999999998,4905,3988,4294967295,4906,3988,-1,-0.11853375026308667,0.01727875959474386,-0.007853981633974487,-0.03445244836248483,-0.23014098378835307,0.022210741155790026,0.60448374941120409,-0.13050411655818048,-0.1413094632242054,0,0,0
7.5365126,4926,3993,4294967293,4927,3993,-3,-0.11899720376439459,0.013351768777756621,-0.0086393797973719298,-0.061621286427450239,-0.4891750705831619,-0.061430353391095496,-0.93771848385933598,-0.13519270897747715,-0.15712730309649228,0,0,0
7.5415194999999997,4953,3998,4294967290,4954,3998,-6,-0.11959307255179048,0.0094247779607693795,-0.00785398163397448,-0.088470199560216511,-0.627366671074852,0.040507157326349741,5.0784290319509928,-0.10980056381772219,-0.15348311095336498,0,0,0
7.5464897000000004,4983,4004,4294967288,4984,4004,-8,-0.12025514898223036,0.0047123889803846897,-0.0094247779607693795,-0.10897110576344782,-0.77436976351800513,-0.12494895254647301,-0.41963556212434927,-0.11189874162834393,-0.15096108152621723,0,0,0
7.5514583000000002,5013,4010,4294967285,5014,4010,-11,-0.12091722541267025,-0,-0.0094247779607693795,-0.11990809507944875,-0.85279416268999186,-0.066658778177850736,3.1400268195251657,-0.0961986075307181,-0.13976483767360712,0,0,0
7.5564713000000001,5042,4016,4294967282,5043,4016,-14,-0.12155723262876213,-0.0047123889803846897,-0.0094247779607693795,-0.12368373836920382,-0.89463264569922174,-0.03556166432456688,5.2951763388057955,-0.06972272583668912,-0.11975008979274704,0,0,0
7.5614546000000002,5069,4021,4294967279,5070,4021,-17,-0.12215310141615802,-0.0086393797973719298,-0.0086393797973719298,-0.12157977857505596,-0.84367345884194611,0.054307794875481388,9.4868733561526035,-0.022288359055926105,-0.084781933264991255,0,0,0
7.5664274999999996,5092,4025,4294967277,5093,4025,-19,-0.12266069334616193,-0.011780972450961723,-0.0086393797973719298,-0.11222090002986054,-0.74320782022988652,0.028972561819487767,8.3336700568532009,0.019379991228339902,-0.043433987712244403,0,0,0
7.5714037000000003,5108,4029,4294967275,5109,4029,-21,-0.12301380077572986,-0.014922565104551517,-0.0086393797973719315,-0.092814277940985429,-0.6896105984664902,0.015456516699097349,7.5681999507477906,0.057220990982078855,0.00039372287665843941,0,0,0
7.5764103,5117,4030,4294967275,5118,4030,-21,-0.12321242370486184,-0.015707963267948967,-0.0094247779607693795,-0.068047304329222263,-0.44117856106409831,-0.065033651703297793,2.7732388637197247,0.07108718530067748,0.035997894803961761,0,0,0
7.5813762999999996,5117,4030,4294967274,5118,4030,-22,-0.12321242370486184,-0.015707963267948967,-0.0078539816339744835,-0.036302426490492153,-0.23536350837240555,0.11186435988015797,8.9262658080141222,0.11571851434074809,0.079363110044637905,0,0,0
7.5863586999999999,5110,4029,4294967275,5111,4029,-21,-0.12305793920442586,-0.014922565104551517,-0.0086393797973719315,-0.0049531403713424307,-0.052284109502082385,-0.013601215478423322,2.1315846267981362,0.12637643747473878,0.1110976507257512,0,0,0
7.5913697999999998,5096,4026,4294967276,5097,4026,-20,-0.12274897020355392,-0.012566370614359173,-0.0078539816339744835,0.026185102276474321,0.19194560810338687,0.06602343280991417,3.6799308198672782,0.14477609157407517,0.14082427189737698,0,0,0
7.5963474,5075,4022,4294967278,5076,4022,-18,-0.12228551670224599,-0.0094247779607693795,-0.0078539816339744835,0.057210755745636277,0.39551877322846507,0.03522271513704283,0.55477072896673363,0.14754994521890885,0.16013052908678149,0,0,0
7.6013134999999998,5048,4017,4294967281,5049,4017,-15,-0.12168964791485011,-0.0054977871437821377,-0.0086393797973719315,0.08611723396607554,0.57740215178043397,-0.054488620230510307,-5.1578214824370558,0.12176083780672357,0.15990909670988401,0,0,0
7.6063646,5017,4011,4294967284,5018,4011,-12,-0.12100550227006222,-0.00078539816339744833,-0.0086393797973719315,0.10977493690294859,0.74771428749734148,-0.029069029992963017,-5.9212750744311116,0.092154462434568013,0.14556403450779609,0,0,0
7.6112932999999998,4986,4005,4294967287,4987,4005,-9,-0.12032135662527435,0.0039269908169872417,-0.0086393797973719315,0.12239603968234009,0.83857378367060331,-0.015507981320815867,-6.6356782429562324,0.058976071219786853,0.12019673410395565,0,0,0
7.6162755999999998,4958,3999,4294967289,4959,3999,-7,-0.11970341862353047,0.0086393797973719298,-0.0070685834705770372,0.12295191692341997,0.88704624284157596,0.13828571523251532,-0.79888417250661536,0.054981650357253775,0.10102570847244044,0,0,0
7.6212894999999996,4934,3995,4294967291,4935,3995,-5,-0.11917375747917856,0.011780972450961723,-0.0070685834705770355,0.11501202976076291,0.7663466839711558,0.073773782244562672,-3.2752698061828469,0.03860530132633954,0.078877328658859838,0,0,0
7.6262882000000003,4914,3991,4294967293,4915,3991,-3,-0.11873237319221863,0.014922565104551517,-0.0070685834705770337,0.10253975346399649,0.70195490671383709,0.039357434262222629,-4.5987080063393737,0.01561176129464267,0.053512943300846827,0,0,0
7.6312667000000003,4899,3988,4294967294,4900,3988,-2,-0.1184013349769987,0.01727875959474386,-0.0062831853071795875,0.085590391277268668,0.59432314109084927,0.094276241766813582,-1.7195825153024242,0.0070138487181305477,0.033800537739718368,0,0,0
7.6362351999999998,4888,3987,4294967295,4889,3987,-1,-0.11815857361917075,0.018064157758141311,-0.0070685834705770355,0.068311667348177757,0.39034383732384292,-0.022984267036596277,-5.7142079503175367,-0.021557191033457136,0.0075033291286275283,0,0,0
7.6412490999999996,4882,3986,0,4883,3986,0,-0.11802615833308276,0.018849555921538759,-0.0078539816339744835,0.04879812258915437,0.28152330793509012,-0.085541352038498913,-7.7371837926200566,-0.060243109996557423,-0.025388831026248504,0,0,0
7.6462101999999996,4881,3985,0,4882,3985,0,-0.11800408911873476,0.019634954084936207,-0.0070685834705770355,0.028092327531638372,0.22346885143996109,0.027644226683646154,-2.3345623264984505,-0.071915921629049681,-0.050765121283130002,0,0,0
7.6511953000000004,4884,3986,0,4885,3986,0,-0.11807029676177876,0.018849555921538759,-0.0078539816339744835,0.008809591400997515,0.045938451681009199,-0.058531653568868872,-4.8797792556090807,-0.09631481790709509,-0.080069620622847837,0,0,0
7.6562123,4892,3988,4294967295,4893,3988,-1,-0.11824685047656272,0.01727875959474386,-0.007853981633974487,-0.011773070001954034,-0.12205142168905184,-0.03122594013086194,-2.4905183104180582,-0.10876740945918538,-0.10479467970314528,0,0,0
7.6611656999999997,4906,3991,4294967294,4907,3991,-2,-0.11855581947743467,0.014922565104551517,-0.0086393797973719298,-0.035108336319713759,-0.2849515378478984,-0.089938186484955135,-3.646136572002566,-0.1269980923191982,-0.12868608880061164,0,0,0
7.6661361000000001,4925,3994,4294967292,4926,3994,-4,-0.11897513455004659,0.012566370614359173,-0.0078539816339744852,-0.05785297431628042,-0.37185680985600061,0.025298567867962307,2.4238072198045213,-0.11487905622017559,-0.13780766957745727,0,0,0
7.6711599000000001,4948,3999,4294967290,4949,3999,-6,-0.1194827264800505,0.0086393797973719298,-0.0086393797973719298,-0.078223408874509986,-0.56477877610939053,-0.059783034612798755,0.43919619002124044,-0.11268307527006939,-0.14304982471275787,0,0,0
7.6761502000000004,4975,4005,4294967287,4976,4005,-9,-0.12007859526744639,0.0039269908169872417,-0.0086393797973719315,-0.097327234172559174,-0.74097986690747042,-0.031893537015215523,3.281347043837048,-0.096276340050884146,-0.13637418240680343,0,0,0
7.6811169000000001,5002,4010,4294967284,5003,4010,-12,-0.12067446405484229,-0,-0.0078539816339744835,-0.10751889746335336,-0.76170153119349138,0.056264697111626225,7.9406918067289212,-0.056572881017239542,-0.1136376359479537,0,0,0
7.6861233999999996,5028,4015,4294967282,5029,4015,-14,-0.12124826362789018,-0.0039269908169872417,-0.0086393797973719315,-0.11089691819468037,-0.7727562923176714,-0.043262973434116406,4.3524890321993359,-0.034810435856242862,-0.088569001855957313,0,0,0
7.6911044999999998,5050,4020,4294967280,5051,4020,-16,-0.1217337863435461,-0.0078539816339744835,-0.0094247779607693795,-0.10446261097542173,-0.77865387572727829,-0.096359800404308874,2.3976703189403681,-0.022822084261541021,-0.065526331655629738,0,0,0
7.6960812000000001,5068,4023,4294967278,5069,4023,-18,-0.12213103220181003,-0.010210176124166829,-0.0086393797973719332,-0.092793543648641397,-0.63524112765848606,0.021872713316402378,6.9870600334024493,0.012113215905471226,-0.033013584664777593,0,0,0
7.7010794000000002,5080,4025,4294967277,5081,4025,-19,-0.12239586277398598,-0.011780972450961723,-0.0086393797973719298,-0.074213573619340514,-0.48545261516111943,0.011668832074150785,5.8423679534804176,0.041325055672873312,9.558179697836261e-05,0,0,0
7.7060706999999997,5086,4027,4294967276,5087,4027,-20,-0.12252827806007395,-0.013351768777756621,-0.0086393797973719315,-0.0519467192995543,-0.40554222756152375,0.0062251829485011796,5.0297101462294789,0.06647360640402071,0.032587775090988633,0,0,0
7.7110270999999999,5086,4027,4294967276,5087,4027,-20,-0.12252827806007395,-0.013351768777756621,-0.0086393797973719315,-0.027712956117564597,-0.21635194883863113,0.0033210609678887802,3.6939014930704293,0.084943113869372852,0.061967347958466978,0,0,0
7.7160365999999998,5081,4026,4294967276,5082,4026,-20,-0.12241793198833398,-0.012566370614359173,-0.0078539816339744835,-0.0044889807440485364,-0.042141668897744358,0.075051265768173156,5.5641793667043249,0.11276401070289448,0.094453101511942597,0,0,0
7.7209969999999997,5069,4024,4294967277,5070,4024,-19,-0.12215310141615802,-0.010995574287564275,-0.0078539816339744817,0.022314505384560666,0.12407696008838323,0.04003895650863392,2.7128509957442559,0.12632826568161576,0.12015375518516766,0,0,0
7.7260121000000002,5052,4020,4294967279,5053,4020,-17,-0.12177792477224209,-0.0078539816339744835,-0.0078539816339744835,0.04690939734750306,0.35931165775400653,0.021360306477070653,0.13604991887665108,0.12700851527599902,0.13747588139952091,0,0,0
7.7310008999999997,5030,4016,4294967281,5031,4016,-15,-0.12129240205658617,-0.0047123889803846897,-0.0078539816339744835,0.070326030625007641,0.48480656757003293,0.011395469127573351,-1.6965193231415197,0.11852591866029141,0.1447479897882693,0,0,0
7.7359640000000001,5003,4011,4294967283,5004,4011,-13,-0.12069653326919029,-0.00078539816339744833,-0.0070685834705770346,0.09311407692560647,0.62503612674145204,0.079358866363973796,-0.29628207466876733,0.11704450828694758,0.14684070405452176,0,0,0
7.7409708999999998,4975,4005,4294967286,4976,4005,-10,-0.12007859526744639,0.0039269908169872417,-0.0070685834705770337,0.10733033850893067,0.77312644587037638,0.042337010127670431,-3.2986919996626005,0.10055104828863458,0.13948254581034711,0,0,0
7.7459740000000004,4947,4000,4294967289,4948,4000,-7,-0.11946065726570251,0.0078539816339744835,-0.0078539816339744835,0.1149145447634688,0.7788513482395214,-0.050693228576501555,-8.0437467591304959,0.060332314492982098,0.11614081442828139,0,0,0
7.7509303999999997,4921,3995,4294967291,4922,3995,-5,-0.11888685769265461,0.011780972450961723,-0.0070685834705770355,0.11484240795520331,0.78190551547611942,0.046235285547494218,-4.4506988895582911,0.038078820045190642,0.091422001317463281,0,0,0
7.7559411999999996,4898,3990,4294967293,4899,3990,-3,-0.1183792657626507,0.015707963267948967,-0.006283185307179584,0.10862659303890207,0.78353487732504545,0.097945493519802099,-2.5440794239104991,0.025358422925638148,0.06776877059029679,0,0,0
7.7609256000000002,4879,3987,4294967295,4880,3987,-1,-0.11795995069003878,0.018064157758141311,-0.0070685834705770355,0.097074088753745874,0.63784508388349137,-0.021026764923162078,-7.1593965535860118,-0.01043855984229191,0.034376349342467291,0,0,0
7.7658819000000001,4867,3985,0,4868,3985,0,-0.11769512011786283,0.019634954084936207,-0.0070685834705770355,0.076497193456292065,0.4868417947968825,-0.011217528680679106,-5.9779660834096457,-0.040328390259340138,0.0011571134177196032,0,0,0
7.7708664000000001,4860,3983,1,4861,3983,1,-0.11754063561742685,0.021205750411731103,-0.0070685834705770355,0.055224113549869419,0.40628333835358943,-0.0059844179626151982,-5.1964928305889062,-0.066310854412284667,-0.03250501709643594,0,0,0
7.7759019,4859,3983,1,4860,3983,1,-0.11751856640307885,0.021205750411731103,-0.0070685834705770355,0.03152051718263893,0.21674732262037727,-0.0031926157151668916,-3.8775344564575671,-0.085698526694572508,-0.063377292607993352,0,0,0
7.7808475000000001,4864,3984,1,4865,3984,1,-0.11762891247481884,0.020420352248333658,-0.00785398163397448,0.0065202692283665552,0.042352596101835893,-0.074982741755488538,-5.7062313957808222,-0.11422968367347662,-0.096615343515924726,0,0,0
7.7858219999999996,4874,3986,0,4875,3986,0,-0.1178496046182988,0.018849555921538759,-0.0078539816339744835,-0.017112616643164984,-0.12396443293691339,-0.040002399763913073,-2.9342881877830225,-0.12890112461239173,-0.12518518057974498,0,0,0
7.7908334000000004,4891,3990,4294967294,4892,3990,-2,-0.11822478126221472,0.015707963267948967,-0.00785398163397448,-0.04413425165278629,-0.35925162585877302,-0.021340803889112862,-0.2986974349582503,-0.13039461178718298,-0.14388041120576267,0,0,0
7.7958255999999997,4914,3994,4294967292,4915,3994,-4,-0.11873237319221863,0.012566370614359173,-0.0078539816339744852,-0.070904633708554252,-0.48477454126884023,-0.0113850647291529,1.6160194471788718,-0.12231451455128863,-0.15148799276080172,0,0,0
7.8007872000000003,4940,4000,4294967289,4941,4000,-7,-0.11930617276526653,0.0078539816339744835,-0.0078539816339744835,-0.091363644517427706,-0.69829856038318106,-0.0060737964493042676,3.694093735987654,-0.10384404587135035,-0.14785039481837473,0,0,0
7.8068083000000001,4975,4007,4294967286,4976,4007,-10,-0.12007859526744639,0.0023561944901923449,-0.0086393797973719315,-0.12081027550395142,-0.88549060103460797,-0.076519817365432244,2.7289832478951643,-0.090199129631874528,-0.13182890693223404,0,0,0
7.8107901999999996,4998,4011,4294967283,4999,4011,-13,-0.1205861871974503,-0.00078539816339744833,-0.0070685834705770346,-0.11181037930536825,-0.76551676759313492,0.10573662728710979,10.379874016526333,-0.038299759549242862,-0.10425913429895146,0,0,0
7.8157548999999999,5024,4016,4294967281,5025,4016,-15,-0.1211599867704982,-0.0047123889803846897,-0.0078539816339744835,-0.1131863726505303,-0.77479167550157846,-0.016870287842205428,5.7963693188645573,-0.0093179129549200747,-0.070750238992029424,0,0,0
7.8217261000000002,5047,4021,4294967279,5048,4021,-17,-0.12166757870050211,-0.0086393797973719298,-0.0086393797973719298,-0.10774311792543259,-0.77973972841669958,-0.082279616949112469,3.3613529306911318,0.0074888516985355848,-0.037592175406453578,0,0,0
7.8267343,5060,4023,4294967277,5061,4023,-19,-0.12195447848702606,-0.010210176124166829,-0.0070685834705770355,-0.08424810372561127,-0.56254089784495465,0.10266384280214466,10.226908428783995,0.05862339384245556,0.0059582439668622242,0,0,0
7.8317119000000002,5067,4025,4294967277,5068,4025,-19,-0.12210896298746203,-0.011780972450961723,-0.0086393797973719298,-0.059359131873665656,-0.44666790833601405,-0.091789101063440598,1.1292404357116337,0.064269596021013731,0.035874301957215915,0,0,0
7.8366910000000001,5066,4024,4294967276,5067,4024,-20,-0.12208689377311403,-0.010995574287564275,-0.0062831853071795857,-0.029608279689386192,-0.16501249047781902,0.17087016556674775,10.667554796879356,0.11760737000541052,0.079868173298832168,0,0,0
7.8417146999999998,5059,4023,4294967277,5060,4023,-19,-0.12193240927267807,-0.010210176124166829,-0.0070685834705770355,-0.0013818927729380894,-0.014752679259183679,0.017877679160607868,2.9359169738302668,0.13228695487456185,0.11352033779514373,0,0,0
7.8466769000000003,5045,4020,4294967278,5046,4020,-18,-0.12162344027180612,-0.0078539816339744835,-0.0062831853071795866,0.028090320340562035,0.21196817917958999,0.082817048220548986,3.9844079566126811,0.15220899465762525,0.14531334866127218,0,0,0
7.8516551000000003,5024,4016,4294967280,5025,4016,-16,-0.1211599867704982,-0.0047123889803846897,-0.0062831853071795866,0.058227166893757433,0.40620057645064461,0.044181908964980532,0.59258106375438713,0.15517189997639719,0.1665971171713887,0,0,0
7.8566772,4996,4010,4294967283,4997,4010,-13,-0.12054204876875431,-0,-0.0062831853071795866,0.088718587471972477,0.65638028588286235,0.023570522274488366,-2.4762226362458359,0.14279078679516802,0.17347955491195152,0,0,0
7.8616358999999996,4964,4004,4294967286,4965,4004,-10,-0.11983583390961844,0.0047123889803846897,-0.0062831853071795857,0.11322183828178216,0.78984818149758307,0.012574592934237211,-4.6229977538148521,0.11967579802609375,0.16665084091871654,0,0,0
7.8666140000000002,4931,3997,4294967289,4932,3997,-7,-0.11910754983613457,0.010210176124166829,-0.0054977871437821377,0.12835314104455481,0.93433123364304427,0.079987914872750879,-3.2895480984600409,0.10322805753379355,0.1541828405848979,0,0,0
7.871613,4898,3991,4294967293,4899,3991,-3,-0.1183792657626507,0.014922565104551517,-0.0070685834705770337,0.13642551087118793,0.93813170203512541,-0.10388643856821245,-12.051920536580912,0.042968454850888987,0.11664968040770041,0,0,0
7.8766232,4869,3985,4294967295,4870,3985,-1,-0.11773925854655881,0.019634954084936207,-0.0054977871437821395,0.1324955829896981,0.94015920666286901,0.091136860782025014,-4.2723472738816763,0.021606718481480606,0.083571961462656344,0,0,0
7.8815974999999998,4846,3981,2,4847,3981,2,-0.1172316666165549,0.022776546738526002,-0.007068583470577032,0.11804435168975182,0.79468181765236845,-0.097938608697395527,-11.98360621709401,-0.038311312603989442,0.033171908141951936,0,0,0
7.8865660000000002,4830,3978,3,4831,3978,3,-0.11687855918698697,0.025132741228718346,-0.0062831853071795875,0.095921020050582145,0.64379184380022125,0.021030437893924621,-6.2254617079525101,-0.069438621143751988,-0.013095910822625002,0,0,0
7.8915682,4823,3976,4,4824,3976,4,-0.11672407468655099,0.026703537555513242,-0.0062831853071795875,0.065586493721341843,0.49001432039303572,0.011219488166839849,-5.593622110159715,-0.097406731694550566,-0.05667812684479643,0,0,0
7.8965698,4825,3977,4,4826,3977,4,-0.11676821311524699,0.025918139392115794,-0.0070685834705770355,0.030871392811315769,0.18813728510176791,-0.067294055966870381,-7.038975487316268,-0.13260160913113189,-0.10090219714403725,0,0,0
7.9015148999999996,4834,3978,3,4835,3978,3,-0.11696683604437895,0.025132741228718346,-0.0062831853071795875,-0.0020624719442531025,0.027089481799987838,0.037378941832473443,-1.1247599070583025,-0.13822540866642341,-0.13275037831937331,0,0,0
7.9065304000000003,4851,3982,2,4852,3982,2,-0.11734201268829489,0.021991148575128551,-0.0078539816339744835,-0.036105178686720189,-0.27866616123394566,-0.12661781825882235,-5.9284487061647884,-0.16786765219724736,-0.16753416278911989,0,0,0
7.9114975999999997,4877,3987,4294967295,4878,3987,-1,-0.11791581226134279,0.018064157758141311,-0.0070685834705770355,-0.072798549686818745,-0.51506267486846835,0.005730421130997615,1.8916127164123993,-0.15840958861518536,-0.18234188507498997,0,0,0
7.9164807000000001,4908,3993,4294967292,4909,3993,-4,-0.11859995790613066,0.013351768777756621,-0.0070685834705770372,-0.10266957745096149,-0.714456918959959,0.0030571114303238772,3.8299463924119954,-0.1392598566531254,-0.18339752370885773,0,0,0
7.9214805000000004,4944,4000,4294967289,4945,4000,-7,-0.11939444962265852,0.0078539816339744835,-0.0078539816339744835,-0.12890096634538717,-0.89411089290689882,-0.071648586750800561,2.5882182121435711,-0.12631876559240754,-0.1756492831136274,0,0,0
7.9264802999999997,4979,4007,4294967286,4980,4007,-10,-0.12016687212483838,0.0023561944901923449,-0.0086393797973719315,-0.14083598967062191,-0.98995414852478258,-0.1115031870670769,2.1398665881482204,-0.11561943265166644,-0.16476662859063376,0,0,0
7.9314494,5014,4014,4294967282,5015,4014,-14,-0.12093929462701825,-0.0031415926535897933,-0.0078539816339744835,-0.14720318248152919,-1.0410853840083241,0.013793896873027942,8.5380195440199156,-0.072929334931566864,-0.1358823774565627,0,0,0
7.9364485,5045,4020,4294967279,5046,4020,-17,-0.12162344027180612,-0.0078539816339744835,-0.0078539816339744835,-0.14236356296894609,-0.99508376992955128,0.007358879711499215,8.6638055230417343,-0.029610307316358192,-0.098512704971891352,0,0,0
7.9414387,5072,4024,4294967277,5073,4024,-19,-0.12221930905920202,-0.010995574287564275,-0.0078539816339744817,-0.13154524254268909,-0.82398341806352282,0.003925874689856927,8.1358793889721941,0.011069089628502782,-0.054631841512320839,0,0,0
7.9463860000000004,5090,4028,4294967275,5091,4028,-21,-0.12261655491746594,-0.014137166941154069,-0.0078539816339744835,-0.10724180506518652,-0.73270341796149951,0.0020944073941544872,7.6032738703677332,0.049085458980341445,-0.0099551524826477916,0,0,0
7.9514250999999998,5101,4030,4294967274,5102,4030,-22,-0.12285931627529389,-0.015707963267948967,-0.0078539816339744835,-0.079862438759317644,-0.5374475863682413,0.0011173414026745692,6.4688118040216489,0.081429518000449688,0.034487320531052468,0,0,0
7.9564006999999997,5102,4030,4294967274,5103,4030,-22,-0.12288138548964189,-0.015707963267948967,-0.0078539816339744835,-0.044664770266309273,-0.2867218869131139,0.00059608833200991169,4.7592566715724249,0.10522580135831182,0.072905525545373842,0,0,0
7.9613531999999996,5096,4029,4294967275,5097,4029,-21,-0.12274897020355392,-0.014922565104551517,-0.0086393797973719315,-0.011473461452072731,-0.079683192831299168,-0.072961513265651354,-0.043886434043393763,0.10500636918809485,0.098341146441017463,0,0,0
7.9663617999999996,5084,4026,4294967276,5085,4026,-20,-0.12248413963137797,-0.012566370614359173,-0.0078539816339744835,0.018588368104374201,0.17732852344043695,0.034355420856806443,2.6179193440428148,0.11809596590830893,0.12215319593755794,0,0,0
7.9713246,5065,4022,4294967278,5066,4022,-18,-0.12206482455876604,-0.0094247779607693795,-0.0078539816339744835,0.049039768008194519,0.38772073263431089,0.018328207891529145,0.087204062886652167,0.11853198622274219,0.13551332652939613,0,0,0
7.9763402000000001,5041,4017,4294967280,5042,4017,-16,-0.12153516341441413,-0.0054977871437821377,-0.0070685834705770346,0.075580778527537931,0.57324198998960774,0.083057399933189877,1.1156297854766208,0.1241101351501253,0.14484293773094187,0,0,0
7.9813274999999999,5014,4011,4294967283,5015,4011,-13,-0.12093929462701825,-0.00078539816339744833,-0.0070685834705770346,0.095917422353292342,0.74549489072492348,0.044310133741347797,-2.1860641850996609,0.11317981422462699,0.14387572988097672,0,0,0
7.9863131000000003,4986,4006,4294967286,4987,4006,-10,-0.12032135662527435,0.0031415926535897933,-0.0078539816339744817,0.10882588990981579,0.76411024263109528,-0.0496405906263538,-7.1413537762428501,0.077473045343412733,0.12665971928925512,0,0,0
7.9913173999999998,4959,4000,4294967288,4960,4000,-8,-0.11972548783787847,0.0078539816339744835,-0.0062831853071795857,0.11365329336273486,0.84732083047652496,0.12007637465014559,-0.87441161116446597,0.073100987287590402,0.11405469357739267,0,0,0
7.9962955999999998,4934,3995,4294967291,4935,3995,-5,-0.11917375747917856,0.011780972450961723,-0.0070685834705770355,0.11211043509031902,0.81843316885273465,-0.0092202033947708512,-6.7585139197577844,0.039308417688801479,0.088593200840235767,0,0,0
8.0012722000000007,4912,3991,4294967293,4913,3991,-3,-0.11868823476352265,0.014922565104551517,-0.0070685834705770337,0.10511000778758151,0.72974242610495621,-0.0049188687085478496,-6.558545355528147,0.0065156909111607417,0.057330121378119589,0,0,0
8.0062563000000004,4895,3988,4294967295,4896,3988,-1,-0.11831305811960671,0.01727875959474386,-0.007853981633974487,0.091079811875419497,0.60914745176697438,-0.075903677169668449,-9.2398051568711725,-0.039683334873195121,0.016233682378998752,0,0,0
8.0112459000000005,4884,3986,4294967295,4885,3986,-1,-0.11807029676177876,0.018849555921538759,-0.0062831853071795875,0.071240207864281424,0.47153194982020741,0.10606533074399255,-0.70425752359104443,-0.043204622491150341,-0.011729124866194911,0,0,0
8.0162972000000003,4880,3985,0,4881,3985,0,-0.11798201990438677,0.019634954084936207,-0.0070685834705770355,0.046242243553331945,0.32483619909006534,-0.016694928462457903,-4.920422967729225,-0.067806737329796474,-0.042451096799624985,0,0,0
8.0212573000000003,4882,3985,0,4883,3985,0,-0.11802615833308276,0.019634954084936207,-0.0070685834705770355,0.020551465715595414,0.17329624376984853,-0.0089065455163391954,-3.473466729002717,-0.085174070974810057,-0.069498771751344335,0,0,0
8.0262636999999994,4888,3986,4294967295,4889,3986,-1,-0.11815857361917075,0.018849555921538759,-0.0062831853071795875,-0.0013906993625873165,0.019171962990017999,0.068527983326289177,1.0378719215680412,-0.079984711366969857,-0.085835480549043497,0,0,0
8.0311187999999998,4898,3988,4294967295,4899,3988,-1,-0.1183792657626507,0.01727875959474386,-0.007853981633974487,-0.021333024175434638,-0.13633102464602034,-0.11000017557296936,-5.417017309632377,-0.10706979791513174,-0.11027010657111833,0,0,0
8.0360978999999997,4914,3991,4294967293,4915,3991,-3,-0.11873237319221863,0.014922565104551517,-0.0070685834705770337,-0.044326678548082574,-0.29256953597095037,0.014595735605907864,1.2681385810804757,-0.10072910500972937,-0.12021857920571392,0,0,0
8.0410874999999997,4934,3995,4294967292,4935,3995,-4,-0.11917375747917856,0.011780972450961723,-0.008639379797371935,-0.064829960377439461,-0.44920044042462037,-0.13877238745756826,-3.9247463474681212,-0.12035283674706998,-0.13505143680895124,0,0,0
8.0460852999999997,4957,4000,4294967289,4958,4000,-7,-0.11968134940918247,0.0078539816339744835,-0.0078539816339744835,-0.081945547849846964,-0.60604068193949856,-0.00075389678887573253,3.3836203580925779,-0.10343473495660709,-0.13472745326045979,0,0,0
8.0510566000000008,4983,4005,4294967287,4984,4005,-9,-0.12025514898223036,0.0039269908169872417,-0.0086393797973719315,-0.097253840726565427,-0.68971308299153877,-0.07368171425079402,1.4109206730295845,-0.096380131591459167,-0.13046623047044514,0,0,0
8.0560480999999999,5009,4010,4294967284,5010,4010,-12,-0.12082894855527826,-0,-0.0078539816339744835,-0.10542063267123079,-0.73435131250580088,0.03397120220804075,6.8937670894297121,-0.061911296144310603,-0.11104429667765017,0,0,0
8.0610353999999997,5033,4014,4294967282,5034,4014,-14,-0.12135860969963017,-0.0031415926535897933,-0.0078539816339744835,-0.105659298390687,-0.68488575706703414,0.018123231818037534,6.5307310239648331,-0.029257641024486435,-0.084495231437705556,0,0,0
8.0660214999999997,5055,4018,4294967280,5056,4018,-16,-0.12184413241528608,-0.0062831853071795866,-0.0078539816339744835,-0.10166840318432704,-0.65849647232124531,0.0096685283470063898,6.4409396582772684,0.0029470572668999079,-0.051170572560569533,0,0,0
8.0710107000000004,5071,4021,4294967279,5072,4021,-17,-0.12219723984485402,-0.0086393797973719298,-0.0086393797973719298,-0.087184646542618177,-0.57113858388493766,-0.06812147456051218,2.7575163569945143,0.016734639051872481,-0.02323767692426959,0,0,0
8.0760124999999992,5081,4023,4294967278,5082,4023,-18,-0.12241793198833398,-0.010210176124166829,-0.0086393797973719332,-0.067103073283680245,-0.45125467144928566,-0.03634199542559912,3.3848679602785214,0.03365897885326509,0.0033997751303474905,0,0,0
8.0809894999999994,5085,4023,4294967278,5086,4023,-18,-0.12250620884572595,-0.010210176124166829,-0.0086393797973719332,-0.044035131523338739,-0.2407389932674224,-0.019388021766044483,2.8181419411519713,0.04774968855902495,0.026565774782760988,0,0,0
8.0859851000000003,5084,4023,4294967278,5085,4023,-18,-0.12248413963137797,-0.010210176124166829,-0.0086393797973719332,-0.021433107994612184,-0.12843138596943116,-0.010343278721999832,2.2627348809060912,0.05906336296355541,0.046267919099110932,0,0,0
8.0909990999999994,5080,4022,4294967278,5081,4022,-18,-0.12239586277398598,-0.0094247779607693795,-0.0078539816339744835,-0.0031978668193120719,0.0047629043550006245,0.067761503270994242,4.6507021162477677,0.08231687354479425,0.07026018749048861,0,0,0
8.0959894000000006,5072,4020,4294967279,5073,4020,-17,-0.12221930905920202,-0.0078539816339744835,-0.0078539816339744835,0.01476685823676642,0.14909999133643279,0.03614995502950627,2.2281206896067083,0.09345747699282779,0.090278312665177093,0,0,0
8.1009879999999992,5059,4017,4294967280,5060,4017,-16,-0.12193240927267807,-0.0054977871437821377,-0.0070685834705770346,0.034646376427514058,0.29938162763582477,0.09256508979373762,3.4167469192649298,0.11054121158915244,0.11026667711182331,0,0,0
8.1060198000000003,5042,4014,4294967282,5043,4014,-14,-0.12155723262876213,-0.0031415926535897933,-0.0078539816339744835,0.053488303689789921,0.37955509091123474,-0.023897146236279442,-2.5845897759338428,0.097618262709483219,0.11646408834159039,0,0,0
8.1109661000000006,5021,4010,4294967284,5022,4010,-12,-0.12109377912745421,-0,-0.0078539816339744835,0.071776688548300646,0.49560619808221296,-0.012748842928117662,-3.3997864185732531,0.080619330616616955,0.11249988464878792,0,0,0
8.1159364000000007,4999,4005,4294967286,5000,4005,-10,-0.1206082564117983,0.0039269908169872417,-0.0070685834705770337,0.083592434338327734,0.63079760100788418,0.066478163414675356,-1.253443121049532,0.074352115011369291,0.10675006537935969,0,0,0
8.1209667999999997,4978,4001,4294967288,4979,4001,-8,-0.12014480291049039,0.0070685834705770346,-0.0070685834705770346,0.087836883741946259,0.6296410851946117,0.035465308499337496,-3.0561727723511907,0.059071251149613341,0.095468788191662407,0,0,0
8.1259428000000007,4957,3997,4294967290,4958,3997,-6,-0.11968134940918247,0.010210176124166829,-0.0070685834705770303,0.090101246952015476,0.62902409778107238,0.018920319731269047,-4.2227186490455724,0.037957657904385475,0.077181986986848819,0,0,0
8.1309369999999994,4939,3993,4294967292,4940,3993,-4,-0.11928410355091854,0.013351768777756621,-0.0070685834705770372,0.085131926970331229,0.6286949423435958,0.010093765256267413,-4.8975159138915991,0.013470078334927478,0.054320001129490529,0,0,0
8.1359258000000008,4924,3990,4294967294,4925,3990,-2,-0.1189530653356986,0.015707963267948967,-0.00785398163397448,0.076303523151118047,0.55523982254556736,-0.067894615733528715,-8.1461662013201668,-0.027260752671673355,0.020615209763607076,0,0,0
8.1409056,4914,3988,4294967294,4915,3988,-2,-0.11873237319221863,0.01727875959474386,-0.0062831853071795875,0.061298123536623395,0.44277287161163137,0.11033806964098947,0.036328697744612448,-0.027079109182950294,-0.00051297531209863398,0,0,0
8.1458666999999991,4909,3987,4294967295,4910,3987,-1,-0.11862202712047866,0.018064157758141311,-0.0070685834705770355,0.042997370226622353,0.30949357335503269,-0.014415473144568307,-4.4695405812446563,-0.049426812089173572,-0.026195955464683538,0,0,0
8.1508795000000003,4909,3987,4294967295,4910,3987,-1,-0.11862202712047866,0.018064157758141311,-0.0070685834705770355,0.022938584964138198,0.16511113565414073,-0.0076904832500708101,-3.2281356270846042,-0.065567490224596597,-0.049387336482770931,0,0,0
8.1558679000000005,4912,3988,4294967295,4913,3988,-1,-0.11868823476352265,0.01727875959474386,-0.007853981633974487,0.0060601311166868866,0.014805305285994413,-0.077382300520665706,-5.2503448461227826,-0.091819214455210518,-0.077501948456152506,0,0,0
8.1608403000000003,4920,3989,4294967295,4921,3989,-1,-0.11886478847830662,0.016493361431346415,-0.0086393797973719315,-0.013239874320561713,-0.065381065236970515,-0.11456205508102472,-6.1179066712461498,-0.12240874781144126,-0.10900965932410678,0,0,0
8.1658373999999991,4933,3992,4294967294,4934,3992,-2,-0.11915168826483057,0.014137166941154069,-0.0094247779607693778,-0.033831748692931186,-0.25471857756282551,-0.13439701136866655,-5.6694043767075453,-0.15075576969497897,-0.14197507154666997,0,0,0
8.1708139000000006,4953,3995,4294967292,4954,3995,-4,-0.11959307255179048,0.011780972450961723,-0.008639379797371935,-0.059231040282878428,-0.35572788558548407,0.0015803142485972949,1.3576730340858019,-0.14396740452454995,-0.15906011167505354,0,0,0
8.1758068000000002,4979,4000,4294967289,4980,4000,-7,-0.12016687212483838,0.0078539816339744835,-0.0078539816339744835,-0.085135921444590257,-0.55617418708895938,0.074122598123825573,6.3581404563023076,-0.11217670224303841,-0.15597591747085437,0,0,0
8.1807917999999997,5008,4006,4294967286,5009,4006,-10,-0.12080687934093026,0.0031415926535897933,-0.0078539816339744817,-0.10513319783365478,-0.73638942113633732,0.039543523379792861,6.6906862151641668,-0.078723271167217584,-0.13922410992723694,0,0,0
8.1857839999999999,5038,4012,4294967284,5039,4012,-12,-0.12146895577137015,-0.0015707963267948967,-0.0094247779607693795,-0.11786061690420006,-0.83253210233380937,-0.12546303978113207,0.85288457540458662,-0.074458848290194654,-0.12444710085089321,0,0,0
8.1907662999999999,5066,4017,4294967281,5067,4017,-15,-0.12208689377311403,-0.0054977871437821377,-0.0086393797973719315,-0.12053232288321894,-0.81054355850621218,0.0063464816966936899,6.9665693154997603,-0.039626001712695855,-0.095851574674678794,0,0,0
8.1967444,5094,4022,4294967278,5095,4022,-18,-0.12270483177485793,-0.0094247779607693795,-0.0078539816339744835,-0.12195764620592371,-0.79881293223375427,0.076665291697530738,10.577914615776894,0.013263571366188616,-0.049565164577922392,0,0,0
8.2017377000000007,5112,4026,4294967277,5113,4026,-19,-0.12310207763312185,-0.012566370614359173,-0.0094247779607693795,-0.10212693659733349,-0.71927526352434068,-0.10565901846337571,2.4379327108486013,0.025453234920431625,-0.016493906557908299,0,0,0
8.2067333999999992,5122,4028,4294967276,5123,4028,-20,-0.12332276977660181,-0.014137166941154069,-0.0094247779607693795,-0.075074607081499892,-0.53028382589068479,-0.05636782806658594,3.3801601779903376,0.042354035810383314,0.013384551870241424,0,0,0
8.2117073999999999,5126,4028,4294967276,5127,4028,-20,-0.1234110466339938,-0.014137166941154069,-0.0094247779607693795,-0.04828784987220705,-0.28290010601090843,-0.030071564994194448,2.9814166824039288,0.057261119222402956,0.039744432242276952,0,0,0
8.216704,5123,4028,4294967276,5124,4028,-20,-0.12334483899094981,-0.014137166941154069,-0.0094247779607693795,-0.019583662063055233,-0.15092383752523028,-0.016042821804874839,2.4140582017446937,0.06933141023112642,0.060757400337628886,0,0,0
8.2216772000000002,5117,4026,4294967276,5118,4026,-20,-0.12321242370486184,-0.012566370614359173,-0.0078539816339744835,0.0019070110857306796,0.066042968602555069,0.13800038420363658,7.632058238051906,0.10749170142138595,0.092265797975721056,0,0,0
8.2266635000000008,5105,4024,4294967277,5106,4024,-19,-0.12294759313268588,-0.010995574287564275,-0.0078539816339744817,0.025726690856463872,0.18179217583380097,0.073621561538637095,3.823732609504193,0.12661036446890692,0.11865820684090247,0,0,0
8.2316535000000002,5088,4020,4294967279,5089,4020,-17,-0.12257241648876994,-0.0078539816339744835,-0.0078539816339744835,0.048729757661357495,0.39010203802894067,0.039276226328393532,0.73638489250673533,0.1302922889314406,0.13720228466220014,0,0,0
8.2366170000000007,5066,4016,4294967281,5067,4016,-15,-0.12208689377311403,-0.0047123889803846897,-0.0078539816339744835,0.071297171173943838,0.50123286876687678,0.020953399009196797,-1.3685549019672876,0.12344951442160416,0.1459895834950323,0,0,0
8.2416225000000001,5040,4010,4294967284,5041,4010,-12,-0.12151309420006613,-0,-0.0078539816339744835,0.091573058580520145,0.70707888210266079,0.011178388839286615,-3.5986812066638869,0.10545610838828473,0.14284953412394752,0,0,0
8.2466124999999995,5012,4005,4294967287,5013,4005,-9,-0.12089515619832225,0.0039269908169872417,-0.0086393797973719315,0.1065082235736729,0.74361575952386494,-0.06731598196867189,-8.0328725667653558,0.06529174555445795,0.12180317004990317,0,0,0
8.2516128999999996,4985,3999,4294967289,4986,3999,-7,-0.12029928741092635,0.0086393797973719298,-0.0070685834705770372,0.11241684597328117,0.83638726780574968,0.11064676386364396,-1.4879307011376426,0.057852092048769739,0.10466799682733172,0,0,0
8.2566202000000004,4960,3995,4294967292,4961,3995,-4,-0.11974755705222645,0.011780972450961723,-0.008639379797371935,0.1114508051327848,0.73932072408266092,-0.087530307745010694,-10.060559602815097,0.0075492940346942525,0.067733972539603018,0,0,0
8.2615820000000006,4941,3991,4294967293,4942,3991,-3,-0.11932824197961453,0.014922565104551517,-0.0070685834705770337,0.098580772272547773,0.68753687896301918,0.09986266179253192,-1.9763210152273887,-0.0023323110414426914,0.04102535704596362,0,0,0
8.2665454999999994,4927,3988,4294967295,4928,3988,-1,-0.11901927297874258,0.01727875959474386,-0.007853981633974487,0.081419211696057647,0.58663129498876687,-0.020003978481043183,-6.6366938684785257,-0.035515780383835321,0.0065689656065300688,0,0,0
8.2715578000000001,4919,3987,4294967295,4920,3987,-1,-0.11884271926395862,0.018064157758141311,-0.0070685834705770355,0.059909061927637022,0.38624032902987648,0.062607634997938089,-1.9931745301287194,-0.045481653034478917,-0.019808557552041372,0,0,0
8.2765369999999994,4917,3986,0,4918,3986,0,-0.11879858083526262,0.018849555921538759,-0.0078539816339744835,0.036078991612275291,0.27933413512856542,-0.039879091609238457,-5.5422961749197208,-0.073193133909077529,-0.050010685343469273,0,0,0
8.2815235000000005,4920,3987,0,4921,3987,0,-0.11886478847830662,0.018064157758141311,-0.0086393797973719315,0.013070381575562388,0.075741915234305665,-0.094554539749076849,-6.6266728025496509,-0.10632649792182577,-0.084070298523450437,0,0,0
8.2865052000000006,4928,3988,4294967295,4929,3988,-1,-0.11904134219309058,0.01727875959474386,-0.007853981633974487,-0.00949998918518569,-0.032872109518083441,0.022835798377283834,-0.62123483087860332,-0.10943267207621879,-0.10754856751488547,0,0,0
8.2915021000000007,4941,3991,4294967294,4942,3991,-2,-0.11932824197961453,0.014922565104551517,-0.0086393797973719298,-0.031836564511159439,-0.23737543683299087,-0.06109689280717806,-2.691987282834531,-0.12289260849039145,-0.13053590438515389,0,0,0
8.2964562999999991,4961,3995,4294967292,4962,3995,-4,-0.11976962626657445,0.011780972450961723,-0.008639379797371935,-0.058166633282369845,-0.4197550458360173,-0.03259446471529967,0.15426159962510266,-0.12212130049226594,-0.14292541671334541,0,0,0
8.3014638000000005,4985,4000,4294967290,4986,4000,-6,-0.12029928741092635,0.0078539816339744835,-0.009424777960769376,-0.080449852460303409,-0.59033191458900047,-0.090668278053117904,-0.75640106183373357,-0.12590330580143461,-0.15186763061907316,0,0,0
8.3064759000000006,5012,4005,4294967287,5013,4005,-9,-0.12089515619832225,0.0039269908169872417,-0.0086393797973719315,-0.098515015311066129,-0.68133264268432725,0.024909072710941442,5.4449542220805602,-0.0986785346910318,-0.14375959273865407,0,0,0
8.3114413000000003,5041,4010,4294967284,5042,4010,-12,-0.12153516341441413,-0,-0.0078539816339744835,-0.11227078508100968,-0.72988044740380364,0.086568212943426634,9.2044251190447604,-0.052656409095807995,-0.11690369005691952,0,0,0
8.3164256999999999,5068,4016,4294967282,5069,4016,-14,-0.12213103220181003,-0.0047123889803846897,-0.0094247779607693795,-0.11549110391162534,-0.8290596423622778,-0.10037592791167718,2.2489575640143915,-0.041411621275736041,-0.094298510548105605,0,0,0
8.3214100000000002,5092,4020,4294967280,5093,4020,-16,-0.12266069334616193,-0.0078539816339744835,-0.0094247779607693795,-0.11103177486911293,-0.73541152317259262,-0.053549362173098851,4.1791145733508284,-0.020516048408981899,-0.066900740515506721,0,0,0
8.3263978999999999,5110,4024,4294967278,5111,4024,-18,-0.12305793920442586,-0.010995574287564275,-0.0094247779607693795,-0.096298114354351316,-0.68545136683181507,-0.02856794700487264,5.1095782111755792,0.0050318426468959968,-0.037595090627769022,0,0,0
8.3313865000000007,5123,4026,4294967277,5124,4026,-19,-0.12334483899094981,-0.012566370614359173,-0.0094247779607693795,-0.078142330617944261,-0.51223917981092681,-0.015240659514021307,4.8572142124605655,0.029317913709198826,-0.007477372940779152,0,0,0
8.3363607000000002,5130,4027,4294967276,5131,4027,-20,-0.12349932349138579,-0.013351768777756621,-0.0086393797973719315,-0.056101774633822279,-0.34655302151142076,0.065148808940912309,7.3576526231471835,0.066106176824934748,0.028173361236775756,0,0,0
8.3413921000000002,5131,4028,4294967276,5132,4028,-20,-0.12352139270573377,-0.014137166941154069,-0.0094247779607693795,-0.031988738918940593,-0.2581614291999989,-0.038523405573270685,2.159181393696791,0.076902083793418702,0.055176800194761177,0,0,0
8.3464039999999997,5127,4027,4294967276,5128,4027,-20,-0.1234331158483418,-0.013351768777756621,-0.0086393797973719315,-0.0088291702113955477,-0.064446528765241443,0.052727741190404451,4.7625259947483141,0.10071471376716028,0.084871199896886629,0,0,0
8.3513415999999996,5117,4025,4294967277,5118,4025,-19,-0.12321242370486184,-0.011780972450961723,-0.0086393797973719298,0.015880845465210475,0.11217758297561764,0.028129621995214772,2.3532777315706226,0.11248110242501339,0.10862341641265788,0,0,0
8.3563457999999997,5102,4021,4294967278,5103,4021,-18,-0.12288138548964189,-0.0086393797973719298,-0.0070685834705770329,0.039358895872958072,0.35296348177294429,0.16156585692537553,6.3854257865807442,0.14440823135791711,0.13850757112812492,0,0,0
8.3613146,5081,4017,4294967280,5082,4017,-16,-0.12241793198833398,-0.0054977871437821377,-0.0070685834705770346,0.064238817743851304,0.48141989128398543,0.086193460596616742,1.8423772460000614,0.15362011758791741,0.15982027567066204,0,0,0
8.3662769000000008,5054,4012,4294967283,5055,4012,-13,-0.12182206320093808,-0.0015707963267948967,-0.0078539816339744835,0.089866621345574493,0.62322937527446498,-0.027296334533791801,-4.6266415678037696,0.13048690974889857,0.162010771480226,0,0,0
8.3709372000000002,5027,4006,4294967286,5028,4006,-10,-0.1212261944135422,0.0031415926535897933,-0.0078539816339744817,0.10353874936791421,0.77216256547917739,-0.014562269404216588,-5.5905035514959014,0.10253439199141906,0.15424715874820483,0,0,0
8.3759264000000009,4995,4000,4294967289,4996,4000,-7,-0.12051997955440631,0.0078539816339744835,-0.0078539816339744835,0.1211282181613105,0.8516166488215976,-0.0077687973064100475,-6.6648876884772044,0.069209953549033032,0.13106472400044908,0,0,0
8.3809103,4966,3995,4294967292,4967,3995,-4,-0.11987997233831443,0.011780972450961723,-0.008639379797371935,0.12433465950304246,0.82072493678132163,-0.077424080137087736,-10.2298662688268,0.018060622204899027,0.092586694846494483,0,0,0
8.3858894999999993,4941,3990,4294967294,4942,3990,-2,-0.11932824197961453,0.015707963267948967,-0.00785398163397448,0.11780881672275687,0.80424457629441903,0.031974694575198102,-5.9059074054945242,-0.011468914822573596,0.053541042364761621,0,0,0
8.3908856000000007,4922,3986,0,4923,3986,0,-0.11890892690700261,0.018849555921538759,-0.0078539816339744835,0.10197269573881708,0.72217298094575078,0.017058118772143169,-6.2936259167190185,-0.04293704440616869,0.011601650977677506,0,0,0
8.3958404000000009,4911,3984,1,4912,3984,1,-0.11866616554917465,0.020420352248333658,-0.00785398163397448,0.077051431683042487,0.53182972362635461,0.0091003032213562984,-5.599575402728183,-0.070934921419809602,-0.028908454692508492,0,0,0
8.4008377000000003,4908,3984,1,4909,3984,1,-0.11859995790613066,0.020420352248333658,-0.00785398163397448,0.047283351992585182,0.28372482404293298,0.0048549033939115898,-4.2265426848728289,-0.09206763484417374,-0.064978855210536632,0,0,0
8.4058346999999998,4913,3984,1,4914,3984,1,-0.11871030397787065,0.020420352248333658,-0.00785398163397448,0.014929553881309175,0.15136381477382349,0.0025900331440496128,-3.0884147681247525,-0.10750970868479751,-0.094993345734668042,0,0,0
8.410812,4923,3986,0,4924,3986,0,-0.11893099612135061,0.018849555921538759,-0.0078539816339744835,-0.012626363426224915,-0.065808245980079894,0.0013817518378813928,-1.5272433522188622,-0.11514592544589182,-0.11908808138161893,0,0,0
8.4157902999999994,4939,3990,4294967295,4940,3990,-1,-0.11928410355091854,0.015707963267948967,-0.0094247779607693795,-0.039681778725208845,-0.32822599269403457,-0.14582189043368102,-5.9610462574619065,-0.14495115673320136,-0.14800578032167552,0,0,0
8.4217946000000001,4967,3995,4294967292,4968,3995,-4,-0.11990204155266243,0.011780972450961723,-0.008639379797371935,-0.078824843739389958,-0.54150225474890823,-0.0045147226747438152,2.2084833382908662,-0.13390874004174702,-0.15384504561629755,0,0,0
8.4257723000000002,4989,4000,4294967290,4990,4000,-6,-0.12038756426831834,0.0078539816339744835,-0.009424777960769376,-0.087352541196935821,-0.65528260066760846,-0.075688070073571159,0.23921581965103966,-0.13271266094349182,-0.16434199816782349,0,0,0
8.4317499999999992,5025,4007,4294967286,5026,4007,-10,-0.1211820559848462,0.0023561944901923449,-0.0086393797973719315,-0.12072950991305378,-0.86254209879949539,0.032900835270097552,7.1330201996779508,-0.097047559945102058,-0.1455202991278651,0,0,0
8.4367678000000002,5056,4013,4294967283,5057,4013,-13,-0.12186620162963407,-0.0023561944901923449,-0.0086393797973719315,-0.12824017392621923,-0.89983305352635878,0.017552203803547186,7.4726599533154916,-0.059684260178524601,-0.11893288893563385,0,0,0
8.4407750999999998,5079,4017,4294967281,5080,4017,-15,-0.12237379355963798,-0.0054977871437821377,-0.0086393797973719315,-0.11577414163166469,-0.77316829519452379,0.0093638917015963913,6.8556860687715382,-0.02540582983466691,-0.090607213101569883,0,0,0
8.4456565999999995,5103,4022,4294967279,5104,4022,-17,-0.12290345470398989,-0.0094247779607693795,-0.0094247779607693795,-0.11118277212208351,-0.77887367435557431,-0.06828399458294851,3.9457242318103369,-0.005677208675615223,-0.059396005674118763,0,0,0
8.4516361,5124,4026,4294967277,5125,4026,-19,-0.1233669082052978,-0.012566370614359173,-0.0094247779607693795,-0.10255600037876086,-0.70863790690113715,-0.036428697922132436,5.2399317711788251,0.020522450180278904,-0.023001704342915159,0,0,0
8.4566195999999998,5134,4028,4294967276,5135,4028,-20,-0.12358760034877776,-0.014137166941154069,-0.0094247779607693795,-0.075303507499209915,-0.52460892281151661,-0.019434276515412872,4.8775575952840047,0.044910238156698923,0.0089403601016166574,0,0,0
8.4616074000000001,5138,4028,4294967276,5139,4028,-20,-0.12367587720616975,-0.014137166941154069,-0.0094247779607693795,-0.048409965519101122,-0.27987261280007597,-0.010367955079944272,3.7828246595197053,0.063824361454297457,0.037807333021582429,0,0,0
8.4666064999999993,5136,4028,4294967275,5137,4028,-21,-0.12363173877747376,-0.014137166941154069,-0.0078539816339744835,-0.021707919569129867,-0.14930870595139201,0.14102785801991621,9.2676254269581371,0.11016248858908814,0.076946837837568796,0,0,0
8.4715816999999998,5129,4027,4294967276,5130,4027,-20,-0.12347725427703779,-0.013351768777756621,-0.0086393797973719315,0.0028328552665497376,-0.0063748972292739792,0.0019571634736952476,2.2175942532410726,0.12125045985529351,0.10649808643402425,0,0,0
8.4765712999999998,5116,4024,4294967277,5117,4024,-19,-0.12319035449051384,-0.010995574287564275,-0.0078539816339744817,0.028279727963857599,0.21643762612230386,0.074323642697552067,3.6804983143673224,0.13965295142713013,0.13530086816652304,0,0,0
8.4815675000000006,5095,4020,4294967279,5096,4020,-17,-0.12272690098920593,-0.0078539816339744835,-0.0078539816339744835,0.058328213605147484,0.40858497316834574,0.039650778265654114,0.45918550609441988,0.14194887895760222,0.15288298735173861,0,0,0
8.4865495000000006,5069,4015,4294967282,5070,4015,-14,-0.12215310141615802,-0.0039269908169872417,-0.0086393797973719315,0.084654274163701457,0.58437281384417561,-0.052126301284796575,-5.2539189868369354,0.11567928402341754,0.15179252202516899,0,0,0
8.4915482000000004,5040,4009,4294967284,5041,4009,-12,-0.12151309420006613,0.00078539816339744833,-0.0070685834705770355,0.10487624474519548,0.75143305269536809,0.11875027761596814,0.40602914164578774,0.11770942973164648,0.15198295349432306,0,0,0
8.4965556000000007,5010,4003,4294967287,5011,4003,-9,-0.12085101776962626,0.0054977871437821377,-0.0070685834705770355,0.11772353549153663,0.84055770061731461,0.063351858921881415,-3.1178406597570172,0.10212022643286139,0.14265149112035799,0,0,0
8.5005539999999993,4986,3998,4294967290,4987,3998,-6,-0.12032135662527435,0.0094247779607693795,-0.00785398163397448,0.11222275053117131,0.81482511961434345,-0.039482057008709291,-7.8368111457973173,0.062936170703874805,0.12328112582863611,0,0,0
8.5065665999999993,4954,3992,4294967293,4955,3992,-3,-0.11961514176613848,0.014137166941154069,-0.0078539816339744817,0.12576102936492817,0.87437661338823824,-0.021063207225926597,-8.2726745008875309,0.021572798199437151,0.085268006173078517,0,0,0
8.5115599999999993,4931,3988,4294967295,4932,3988,-1,-0.11910754983613457,0.01727875959474386,-0.007853981633974487,0.11445154753212264,0.7595875875392627,-0.011236970215216399,-7.6564644042970462,-0.016709523822048079,0.044999405673490089,0,0,0
8.5166073000000004,4914,3985,0,4915,3985,0,-0.11873237319221863,0.019634954084936207,-0.0070685834705770355,0.096063412081586419,0.62506948996886891,0.067284729502253948,-3.6924166697635061,-0.035171607170865607,0.0095526398536374159,0,0,0
8.5215489000000009,4904,3983,1,4905,3983,1,-0.11851168104873867,0.021205750411731103,-0.0070685834705770355,0.071839788962309886,0.48002616758681538,0.035895601901738697,-4.1194881223356186,-0.055769047782543699,-0.024249033216105328,0,0,0
8.5265705000000001,4902,3982,2,4903,3982,2,-0.11846754262004269,0.021991148575128551,-0.0078539816339744835,0.042443892403330644,0.32936776311168514,-0.054129643154892243,-6.8801880868758492,-0.090169988216922944,-0.060955688881145803,0,0,0
8.5314788000000004,4905,3983,1,4906,3983,1,-0.11853375026308667,0.021205750411731103,-0.0070685834705770355,0.016465980348568054,0.10243425991738263,0.044401999293870925,-1.1712738594929775,-0.096026357514387831,-0.087706742407830302,0,0,0
8.5364711,4914,3985,1,4915,3985,1,-0.11873237319221863,0.019634954084936207,-0.0086393797973719315,-0.0097475879403843696,-0.091911580798379619,-0.12287110074011827,-6.8863437578888975,-0.13045807630383233,-0.12177784135604981,0,0,0
8.5414875000000006,4930,3988,4294967295,4931,3988,-1,-0.11908548062178657,0.01727875959474386,-0.007853981633974487,-0.038145986286589204,-0.2688722916653446,0.0077292503079083447,0.24406729393754795,-0.12923773983414458,-0.1410412425470291,0,0,0
8.5464456000000002,4952,3992,4294967293,4953,3992,-3,-0.11957100333744249,0.014137166941154069,-0.0078539816339744817,-0.065650855186674045,-0.43655824279590294,0.0041234629923318309,1.7629660654143424,-0.12042290950707286,-0.14929215135264862,0,0,0
8.5514319000000008,4978,3998,4294967291,4979,3998,-5,-0.12014480291049039,0.0094247779607693795,-0.0094247779607693795,-0.088560816242774398,-0.67257573935137493,-0.14435922018357028,-2.6922308143899949,-0.13388406357902283,-0.15982864287628862,0,0,0
8.5564668000000008,5008,4003,4294967288,5009,4003,-8,-0.12080687934093026,0.0054977871437821377,-0.0086393797973719315,-0.10901944868444663,-0.72520874376083766,-0.003734405515116182,4.4629066260743295,-0.11156953044865117,-0.15281799514965597,0,0,0
8.5614308999999995,5038,4009,4294967285,5039,4009,-11,-0.12146895577137015,0.00078539816339744833,-0.0086393797973719315,-0.11993388545209019,-0.82656734410364852,-0.0019922608696194203,5.7934457980054503,-0.08260230145862392,-0.13555976763503932,0,0,0
8.5663836999999994,5068,4015,4294967282,5069,4015,-14,-0.12213103220181003,-0.0039269908169872417,-0.0086393797973719315,-0.1257566074885936,-0.88064095031620071,-0.0010628474482887659,6.810168679443235,-0.048551458061407746,-0.10753713551162959,0,0,0
8.5714027999999995,5094,4020,4294967280,5095,4020,-16,-0.12270483177485793,-0.0078539816339744835,-0.0094247779607693795,-0.12062651930192014,-0.83620905598093032,-0.073846535748325615,3.9204969594588168,-0.028948973264113661,-0.080179166691510151,0,0,0
8.5763891999999995,5115,4024,4294967278,5116,4024,-18,-0.12316828527616584,-0.010995574287564275,-0.0094247779607693795,-0.1075941270344789,-0.73922565019642805,-0.039396247390065149,5.1243883195943809,-0.0033270316661417575,-0.049760932062563573,0,0,0
8.5813491000000006,5131,4027,4294967276,5132,4027,-20,-0.12352139270573377,-0.013351768777756621,-0.0086393797973719315,-0.090345949647767404,-0.61420663888492322,0.052262090475738279,8.5543769815329878,0.039444853241523178,-0.010123147928683515,0,0,0
8.5863365999999992,5140,4029,4294967275,5141,4029,-21,-0.12372001563486575,-0.014922565104551517,-0.0086393797973719315,-0.066730480579887216,-0.47423096589823432,0.027881202884332146,6.739946817948006,0.073144587331263208,0.029458288111261874,0,0,0
8.5913474000000001,5142,4029,4294967275,5143,4029,-21,-0.12376415406356173,-0.014922565104551517,-0.0086393797973719315,-0.039718137227596192,-0.25299657273333914,0.01487428970408612,4.819561566423463,0.097242395163380527,0.065913015463194322,0,0,0
8.5963101000000002,5137,4028,4294967275,5138,4028,-21,-0.12365380799182175,-0.014137166941154069,-0.0078539816339744835,-0.010893601897642264,-0.061691139348083582,0.081214775712585952,6.2768340714919715,0.1286265655208404,0.10404419497113571,0,0,0
8.6013000999999996,5125,4026,4294967276,5126,4026,-20,-0.1233889774196458,-0.012566370614359173,-0.0078539816339744835,0.018897716271168249,0.11364755041598963,0.043327115663299574,3.2051722548455688,0.14465242679506823,0.13552018457156378,0,0,0
8.6063083999999996,5105,4022,4294967278,5106,4022,-18,-0.12294759313268588,-0.0094247779607693795,-0.0078539816339744835,0.051263911833899466,0.35374769189667443,0.023114500227697132,0.35847376428519939,0.14644479561649423,0.15571573437942945,0,0,0
8.6112833000000002,5079,4016,4294967281,5080,4016,-15,-0.12237379355963798,-0.0047123889803846897,-0.0078539816339744835,0.080885553296866849,0.62839729662994281,0.012331310602999015,-2.3685126862436143,0.13460223218527617,0.16275568079834657,0,0,0
8.6162557999999994,5049,4010,4294967284,5050,4010,-12,-0.12171171712919811,-0,-0.0078539816339744835,0.10492478730681215,0.77491958997802013,0.0065786073542454266,-4.3325049906636153,0.11293970723195809,0.1566933925647486,0,0,0
8.6207235999999998,5022,4005,4294967287,5023,4005,-9,-0.12111584834180221,0.0039269908169872417,-0.0086393797973719315,0.11157210158190921,0.7798079692665596,-0.069769910612562713,-8.3716515528526863,0.071081449467694652,0.13702991352682575,0,0,0
8.6265608,4986,3998,4294967290,4987,3998,-6,-0.12032135662527435,0.0094247779607693795,-0.00785398163397448,0.13365035694989894,0.92897489998576577,0.036058102863724337,-5.6594259378317284,0.042784319778536008,0.10342851418027108,0,0,0
8.6313963000000005,4961,3993,4294967292,4962,3993,-4,-0.11976962626657445,0.013351768777756621,-0.0070685834705770372,0.12277863037086259,0.86199464252503999,0.092516087757151463,-3.2197359307162432,0.026685640124954793,0.076542555260457876,0,0,0
8.6359166999999992,4942,3989,4294967294,4943,3989,-2,-0.11935031119396253,0.016493361431346415,-0.007068583470577032,0.10462403213502353,0.7529819535395097,0.049356231052780211,-4.6126894371461713,0.0036221929392239345,0.048388465866611469,0,0,0
8.6409129999999994,4927,3987,4294967295,4928,3987,-1,-0.11901927297874258,0.018064157758141311,-0.0070685834705770355,0.086702329126778083,0.54826594360387682,0.026330961487798829,-4.6580560143122911,-0.01966808713233752,0.01870210960525337,0,0,0
8.6458823999999996,4917,3985,0,4918,3985,0,-0.11879858083526262,0.019634954084936207,-0.0070685834705770355,0.066845762686203722,0.43905239024752873,0.014047254380719154,-4.5317054482742076,-0.042326614373708563,-0.011278785145066349,0,0,0
8.6508824000000004,4914,3984,1,4915,3984,1,-0.11873237319221863,0.020420352248333658,-0.00785398163397448,0.041838749121154012,0.30750874085415758,-0.065785476367375695,-7.0479454046550147,-0.077566341396983637,-0.04536004800744408,0,0,0
8.6558793999999999,4915,3985,1,4916,3985,1,-0.11875444240656663,0.019634954084936207,-0.0086393797973719315,0.020261364139563268,0.090772731860095976,-0.10837528750076747,-7.6322896907420041,-0.11572778985069365,-0.08506225100979492,0,0,0
8.6608347000000006,4922,3986,0,4923,3986,0,-0.11890892690700261,0.018849555921538759,-0.0078539816339744835,-0.0036045753613279871,-0.024853347848849822,0.015462594041783052,-1.309733752807154,-0.12227645861472942,-0.11398655075557931,0,0,0
8.6658547000000006,4936,3989,4294967295,4937,3989,-1,-0.11921789590787456,0.016493361431346415,-0.0086393797973719315,-0.030750541706798258,-0.23309752297715711,-0.065030409513349485,-3.1099531406702399,-0.13782622431808061,-0.14080966894504413,0,0,0
8.6708093000000002,4957,3993,4294967293,4958,3993,-3,-0.11968134940918247,0.013351768777756621,-0.0086393797973719298,-0.05964636331231056,-0.41747282973921634,-0.034692949034149378,-0.11916439965738901,-0.13842204631636756,-0.15698510342683897,0,0,0
8.675808,4983,3998,4294967290,4984,3998,-6,-0.12025514898223036,0.0094247779607693795,-0.00785398163397448,-0.085357491334746891,-0.58911437948006085,0.054771244137467874,5.4709582486808177,-0.11106725507296347,-0.15437487416830617,0,0,0
8.6808042000000007,5013,4004,4294967288,5014,4004,-8,-0.12091722541267025,0.0047123889803846897,-0.0094247779607693795,-0.10731051299411976,-0.75396262149523974,-0.11733923210245181,-0.20381518119606223,-0.11208633097894379,-0.15189623478859801,0,0,0
8.6857594999999996,5043,4010,4294967285,5044,4010,-11,-0.12157930184311012,-0,-0.0094247779607693795,-0.11902218861285893,-0.8419071954476417,-0.062599082944432921,3.2615751409626963,-0.0957784552741303,-0.14057690754890181,0,0,0
8.6917760000000008,5078,4017,4294967281,5079,4017,-15,-0.12235172434528999,-0.0054977871437821377,-0.0086393797973719315,-0.13556577939578213,-0.9621040976193459,0.039883654027937837,9.2069770830694804,-0.0497435698587829,-0.10614078525822328,0,0,0
8.6967624000000008,5105,4022,4294967279,5106,4022,-17,-0.12294759313268588,-0.0094247779607693795,-0.0094247779607693795,-0.12791870596059141,-0.87966867492995848,-0.052002064838914445,5.3522484403646402,-0.022982327656959699,-0.074367412738248873,0,0,0
8.7017346,5126,4026,4294967277,5127,4026,-19,-0.1234110466339938,-0.012566370614359173,-0.0094247779607693795,-0.11148442177489346,-0.76241083934909204,-0.027742482303708248,5.9907230675003902,0.0069712876805422541,-0.039950891577956518,0,0,0
8.7067420999999996,5140,4029,4294967275,5141,4029,-21,-0.12372001563486575,-0.014922565104551517,-0.0086393797973719315,-0.088303155037172704,-0.62657566118756391,0.058479235365682967,9.0175005396466013,0.052058790378775262,0.001889956157241638,0,0,0
8.7117185999999993,5147,4030,4294967275,5148,4030,-21,-0.12387450013530171,-0.015707963267948967,-0.0094247779607693795,-0.06152245345714704,-0.4075501727031165,-0.042081543648311452,3.4516934716992242,0.069317257737271376,0.035502676019859292,0,0,0
8.7166875000000008,5147,4030,4294967275,5148,4030,-21,-0.12387450013530171,-0.015707963267948967,-0.0094247779607693795,-0.032821496254094626,-0.21742316365923509,-0.022450002391104618,2.9219467022736016,0.083926991248639379,0.064488347381094283,0,0,0
8.7216670000000001,5142,4029,4294967275,5143,4029,-21,-0.12376415406356173,-0.014922565104551517,-0.0086393797973719315,-0.0072143260697469323,-0.042713149247536705,0.06130271037139589,5.2222489915617096,0.11003823620644793,0.096237272654889836,0,0,0
8.7266866000000007,5130,4027,4294967276,5131,4027,-20,-0.12349932349138579,-0.013351768777756621,-0.0086393797973719315,0.020860566109188475,0.12377208212747624,0.032704265934746769,2.6003335252316306,0.12303990383260607,0.12111251342071269,0,0,0
8.7316406000000004,5112,4023,4294967278,5113,4023,-18,-0.12310207763312185,-0.010210176124166829,-0.0086393797973719332,0.048192848321643132,0.35914900899262653,0.017447336404063686,0.095137452810025502,0.1235155910966562,0.13661546687925341,0,0,0
8.7366431000000002,5089,4019,4294967280,5090,4019,-16,-0.12259448570311794,-0.0070685834705770346,-0.0086393797973719315,0.073069846697931401,0.48471979639280605,0.0093079461928284122,-1.6994450626869251,0.11501836578322158,0.14193420676813165,0,0,0
8.7416587999999997,5062,4013,4294967282,5063,4013,-14,-0.12199861691572204,-0.0023561944901923449,-0.0070685834705770346,0.094577870124656946,0.6982693546437686,0.15152471703042483,2.608464132161969,0.12806068644403143,0.14945074067649794,0,0,0
8.7466114000000008,5034,4008,4294967285,5035,4008,-11,-0.12138067891397816,0.0015707963267948967,-0.0078539816339744835,0.10811125474844296,0.73891598153640592,0.0075571127496638357,-4.4731110804536343,0.10569513104176326,0.14233657807100464,0,0,0
8.7515987000000006,5006,4003,4294967288,5007,4003,-8,-0.12076274091223427,0.0054977871437821377,-0.0086393797973719315,0.11533115427738955,0.76060047292665123,-0.069247889637038595,-8.600814421300953,0.06269105893525849,0.11908343743424804,0,0,0
8.7566138999999996,4979,3997,4294967290,4980,3997,-6,-0.12016687212483838,0.010210176124166829,-0.0070685834705770303,0.11712377443223476,0.84544841013673189,0.10961611412948338,-1.8923648473389587,0.053229234698563693,0.099806111715679643,0,0,0
8.7615934000000006,4955,3993,4294967292,4956,3993,-4,-0.11963721098048648,0.013351768777756621,-0.0070685834705770372,0.11190278514853358,0.74415473560792122,0.058478891479761957,-3.9543030078608203,0.033457719659259588,0.076006849397567161,0,0,0
8.7665813999999997,4936,3989,4294967294,4937,3989,-2,-0.11921789590787456,0.016493361431346415,-0.007068583470577032,0.098821898228360919,0.6901157665439428,0.031197792184662478,-5.0058543685899171,0.0084284478163100009,0.049449908500213552,0,0,0
8.7715496000000002,4921,3987,4294967295,4922,3987,-1,-0.11888685769265461,0.018064157758141311,-0.0070685834705770355,0.083606959784657681,0.51472758150943554,0.016643650598852203,-4.8690869667516949,-0.015916987017448474,0.02093495351343495,0,0,0
8.7765477000000001,4912,3985,0,4913,3985,0,-0.11868823476352265,0.019634954084936207,-0.0070685834705770355,0.063135309741933224,0.42116007347544304,0.0088791893867689597,-4.5947860438150645,-0.038890917236523798,-0.0070625382024916018,0,0,0
8.7815384999999999,4907,3984,1,4908,3984,1,-0.11857788869178267,0.020420352248333658,-0.00785398163397448,0.043977487188273302,0.29796340293422025,-0.068542577495632931,-7.1842347004546454,-0.074812090738797021,-0.042153127413550977,0,0,0
8.7865084000000007,4908,3984,1,4909,3984,1,-0.11859995790613066,0.020420352248333658,-0.00785398163397448,0.021402355428334616,0.1589599270463864,-0.036566648826609226,-4.8696581186329215,-0.099160381331961631,-0.075024234928811634,0,0,0
8.7915124999999996,4914,3986,1,4915,3986,1,-0.11873237319221863,0.018849555921538759,-0.0094247779607693795,-0.00093675983400772628,-0.061755810544076611,-0.1660669102641408,-9.0543973904242669,-0.14443236828408296,-0.11789596611449216,0,0,0
8.7964825999999992,4927,3988,4294967295,4928,3988,-1,-0.11901927297874258,0.01727875959474386,-0.007853981633974487,-0.027268183631024203,-0.17950502806497759,0.057964319633819664,1.7286218769420931,-0.13578925889937249,-0.14090124046423536,0,0,0
8.8014416999999998,4947,3992,4294967293,4948,3992,-3,-0.11946065726570251,0.014137166941154069,-0.0078539816339744817,-0.055729456487250709,-0.3888818719317077,0.030923274232841497,2.452749087948872,-0.12352551345962813,-0.15187567255350248,0,0,0
8.8064782000000008,4973,3998,4294967291,4974,3998,-5,-0.1200344568387504,0.0094247779607693795,-0.0094247779607693795,-0.083267868189664002,-0.64714096326888382,-0.13006184004326887,-2.3253082394972928,-0.13515205465711461,-0.16302026620882734,0,0,0
8.8114343000000002,5002,4004,4294967288,5003,4004,-8,-0.12067446405484229,0.0047123889803846897,-0.0094247779607693795,-0.10413661366862895,-0.78491911291327687,-0.069386442768479925,1.769966826295013,-0.12630222052563955,-0.163655635730341,0,0,0
8.8164262999999998,5034,4010,4294967285,5035,4010,-11,-0.12138067891397816,-0,-0.0094247779607693795,-0.12144717164582904,-0.85842211496112841,-0.037016840900158443,4.4137818358566863,-0.10423331134635612,-0.15191958936131628,0,0,0
8.8214264999999994,5065,4016,4294967282,5066,4016,-14,-0.12206482455876604,-0.0047123889803846897,-0.0094247779607693795,-0.12862303791408664,-0.89763509121310225,-0.019748043790048606,6.0807650700979083,-0.073829485995866584,-0.13036098585202238,0,0,0
8.8264218999999997,5095,4022,4294967279,5096,4022,-17,-0.12272690098920593,-0.0094247779607693795,-0.0094247779607693795,-0.13039216684874494,-0.91855474705976858,-0.010535346184336547,7.2264064945930668,-0.037697453522901249,-0.098511204200672303,0,0,0
8.8313804999999999,5120,4027,4294967276,5121,4027,-20,-0.12327863134790581,-0.013351768777756621,-0.0086393797973719315,-0.12104042475338472,-0.85643561503167231,0.067659037567151359,10.727404511774857,0.015939569035973038,-0.053555255394113169,0,0,0
8.8363633999999998,5139,4030,4294967275,5140,4030,-21,-0.12369794642051775,-0.015707963267948967,-0.0094247779607693795,-0.10369672013823272,-0.67673675928173305,-0.037184228495256169,5.5678848887121539,0.043778993479533804,-0.011847583148202643,0,0,0
8.8413723999999991,5150,4033,4294967273,5151,4033,-23,-0.1239407077783457,-0.018064157758141311,-0.0086393797973719315,-0.077971178168881231,-0.58086955975644228,0.053442176213387371,8.8426708138164738,0.087992347548616179,0.036290374973473212,0,0,0
8.8463311999999998,5152,4033,4294967273,5153,4033,-23,-0.1239848462070417,-0.018064157758141311,-0.0086393797973719315,-0.045714915526882276,-0.30988699260739394,0.028510764571834397,6.1438002565931944,0.11871134883158216,0.080408759305632682,0,0,0
8.8513327000000004,5146,4032,4294967273,5147,4032,-23,-0.12385243092095372,-0.01727875959474386,-0.00785398163397448,-0.012033701442502895,-0.092041500848064103,0.088489672658993115,7.1349760738652632,0.15438622920090847,0.1257010005106442,0,0,0
8.8563446999999993,5131,4029,4294967274,5132,4029,-22,-0.12352139270573377,-0.014922565104551517,-0.0070685834705770337,0.024466817529489003,0.17073551328745695,0.12048770584013968,6.5497115607899579,0.18713478700485825,0.16894599925874634,0,0,0
8.8612994,5106,4024,4294967277,5107,4024,-19,-0.12296966234703388,-0.010995574287564275,-0.0078539816339744817,0.064530512346896579,0.45748295952527029,-0.0090007631034144941,-1.4021114230132703,0.1801242298897919,0.19168293764748276,0,0,0
8.8662934,5074,4018,4294967280,5075,4018,-16,-0.122263447487898,-0.0062831853071795866,-0.0078539816339744835,0.1003177882561385,0.68373882653594698,-0.004801799926403995,-3.5120927284107433,0.16256376624773819,0.19888675858598148,0,0,0
8.8712754,5037,4011,4294967283,5038,4011,-13,-0.12144688655702215,-0.00078539816339744833,-0.0070685834705770346,0.12970542507991181,0.87772315641765264,0.07071781621547843,-2.3621502049032697,0.15075301522322185,0.19715389811198308,0,0,0
8.8762726999999995,4998,4003,4294967287,4999,4003,-9,-0.1205861871974503,0.0054977871437821377,-0.0070685834705770355,0.14950159987614808,1.0544910055598475,0.037727112778926972,-5.6511721258731509,0.1224971545938561,0.18121333150915586,0,0,0
8.8812707999999994,4959,3996,4294967291,4960,3996,-5,-0.11972548783787847,0.010995574287564275,-0.0078539816339744835,0.16006262337909669,1.0755150286729802,-0.053152553913208472,-10.651643355398807,0.069238937816862065,0.14520347315696283,0,0,0
8.8862615999999992,4925,3989,4294967294,4926,3989,-2,-0.11897513455004659,0.016493361431346415,-0.007068583470577032,0.15540125233405178,1.0867310946306608,0.044923264768242793,-7.1450173699615904,0.033513850967054108,0.10670240594301614,0,0,0
8.8912753000000002,4896,3984,1,4897,3984,1,-0.11833512733395471,0.020420352248333658,-0.00785398163397448,0.14261891507975835,0.9461556936639417,-0.049313492525226932,-10.958478410985288,-0.021278541087872332,0.054888282913641916,0,0,0
8.8962149000000004,4876,3980,3,4877,3980,3,-0.11789374304699479,0.023561944901923447,-0.007853981633974487,0.11726769801379708,0.7978808720558227,-0.026308160992319356,-9.349997863338384,-0.068028530404564247,0.0010065222355528369,0,0,0
8.9012271999999992,4864,3978,3,4865,3978,3,-0.11762891247481884,0.025132741228718346,-0.0062831853071795875,0.087270243512676413,0.57221898193520004,0.13252394799612444,-1.2185353367645861,-0.074121207088387181,-0.038266309419620739,0,0,0
8.9061994999999996,4863,3978,3,4864,3978,3,-0.11760684326047084,0.025132741228718346,-0.0062831853071795875,0.048616745883354247,0.30527201235870438,0.070699948040309074,-1.9115117160774386,-0.083678765668774371,-0.068748828509887186,0,0,0
8.9111695999999991,4869,3979,3,4870,3979,3,-0.11773925854655881,0.024347343065320895,-0.007068583470577039,0.013581793380048637,0.089579463844767573,-0.035561938971752652,-4.7627678382988474,-0.10749260486026861,-0.099419115638646804,0,0,0
8.9161806000000006,4881,3982,2,4882,3982,2,-0.11800408911873476,0.021991148575128551,-0.0078539816339744835,-0.017463598128731911,-0.17204898070854147,-0.092251390229555322,-5.322186160737167,-0.13410353566395444,-0.13011369584623983,0,0,0
8.9211346000000002,4899,3985,0,4900,3985,0,-0.1184013349769987,0.019634954084936207,-0.0070685834705770355,-0.046380606358251766,-0.31162464016842084,0.024064501217951069,1.1161798654038941,-0.12852263633693498,-0.14608242058030724,0,0,0
8.9261475000000008,4923,3990,4294967294,4924,3990,-2,-0.11893099612135061,0.015707963267948967,-0.00785398163397448,-0.074162147455007307,-0.53264563088048777,-0.060441394474192445,-0.57052788424894718,-0.1313752757581797,-0.15704276292057182,0,0,0
8.9311216000000009,4951,3996,4294967291,4952,3996,-5,-0.11954893412309449,0.010995574287564275,-0.0078539816339744835,-0.097219709833166218,-0.72383721659855027,-0.032244764160921612,2.4307645124266433,-0.11922145319604649,-0.15664518433929689,0,0,0
8.9360984000000006,4981,4002,4294967288,4982,4002,-8,-0.12021101055353438,0.0062831853071795866,-0.0078539816339744835,-0.11363886529694706,-0.8258356506959601,-0.017202197679892891,4.4399550574246192,-0.097021677908923395,-0.14520713620936779,0,0,0
8.9411126000000003,5012,4008,4294967285,5013,4008,-11,-0.12089515619832225,0.0015707963267948967,-0.0078539816339744835,-0.12445739946536703,-0.8802506005968691,-0.009177167602817865,5.8695144125128929,-0.067674105846358926,-0.12264574781065841,0,0,0
8.9461154000000001,5040,4014,4294967283,5041,4014,-13,-0.12151309420006613,-0.0031415926535897933,-0.0094247779607693795,-0.12405162781911899,-0.90928032834632311,-0.1514549482100844,0.41424765086483895,-0.065602867592034736,-0.10656479855989195,0,0,0
8.9510699999999996,5064,4018,4294967280,5065,4018,-16,-0.12204275534441804,-0.0062831853071795866,-0.0078539816339744835,-0.11559871242726147,-0.77820830380423966,0.065759627377134158,9.4668508380537943,-0.018268613401765763,-0.073287030839294054,0,0,0
8.9560580000000005,5084,4022,4294967278,5085,4022,-18,-0.12248413963137797,-0.0094247779607693795,-0.0078539816339744835,-0.10285274167982306,-0.70828293963583722,0.035081978080289559,8.1127044992776725,0.022294909094622603,-0.034490005815382731,0,0,0
8.9610512,5098,4025,4294967277,5099,4025,-19,-0.1227931086322499,-0.011780972450961723,-0.0086393797973719298,-0.083698256500343238,-0.59769907129476896,-0.054563701774263236,3.7543354957137915,0.041066586573191566,-0.00087240357169228802,0,0,0
8.9660325000000007,5104,4026,4294967277,5105,4026,-19,-0.12292552391833789,-0.012566370614359173,-0.0094247779607693795,-0.057006684664346212,-0.39214485588398867,-0.10238860439443311,0.38377497205096578,0.042985461433446392,0.02166639041907812,0,0,0
8.9709961000000007,5105,4026,4294967276,5106,4026,-20,-0.12294759313268588,-0.012566370614359173,-0.0078539816339744835,-0.032471497643735296,-0.20920461059674492,0.091935937476165713,7.4991977744712006,0.080481450305802393,0.054496630698767416,0,0,0
8.9760323999999994,5100,4025,4294967277,5101,4025,-19,-0.1228372470609459,-0.011780972450961723,-0.0086393797973719298,-0.0070276059792217949,-0.038328649062697881,-0.024232791505186174,1.2689410612107062,0.086826155611855929,0.076399292783835615,0,0,0
8.9809750000000008,5091,4024,4294967277,5092,4024,-19,-0.12263862413181394,-0.010995574287564275,-0.0078539816339744817,0.014782848265690101,0.052831641469457499,0.060351613610106519,3.9701855443638596,0.10667708333367523,0.10085802147803494,0,0,0
8.9859679999999997,5077,4021,4294967279,5078,4021,-17,-0.12232965513094199,-0.0086393797973719298,-0.0086393797973719298,0.036714017180241809,0.24802360943280166,-0.041082652152893417,-1.8729598577298716,0.097312284045025871,0.11158627925495043,0,0,0
8.9909966000000008,5058,4017,4294967281,5059,4017,-15,-0.12191034005833007,-0.0054977871437821377,-0.0086393797973719315,0.05870958593346505,0.42543571910989869,-0.021917105674007079,-2.6539063056603869,0.08404275251672394,0.11207851618175581,0,0,0
8.9959507999999992,5038,4013,4294967283,5039,4013,-13,-0.12146895577137015,-0.0023561944901923449,-0.0086393797973719315,0.072503070182805995,0.52008296683797872,-0.011692514868268025,-3.325699678569547,0.067414254123876208,0.1052285789702508,0,0,0
9.0009435999999994,5016,4009,4294967285,5017,4009,-11,-0.12098343305571424,0.00078539816339744833,-0.0086393797973719315,0.083979950289923624,0.57057614635545906,-0.0062378174371266514,-3.9902589245787947,0.047462959500982234,0.089711920005834528,0,0,0
9.0059436000000002,4996,4005,4294967287,4997,4005,-9,-0.12054204876875431,0.0039269908169872417,-0.0086393797973719315,0.085984508624511041,0.59751365630935993,-0.0033278013171074957,-4.4482500387972577,0.025221709306995944,0.068941718654962181,0,0,0
9.0109475999999997,4979,4002,4294967288,4980,4002,-8,-0.12016687212483838,0.0062831853071795866,-0.0078539816339744835,0.08087658583574725,0.53860497778139704,0.071504176919822859,-1.208986930176227,0.019176774656114809,0.052114107501280302,0,0,0
9.0158676,4966,3999,4294967289,4967,3999,-7,-0.11987997233831443,0.0086393797973719298,-0.0070685834705770372,0.069915128806847165,0.5071778993248145,0.11142614614201367,0.66176162902544133,0.022485582801242014,0.04187677781109183,0,0,0
9.0218100000000003,4953,3997,4294967290,4954,3997,-6,-0.11959307255179048,0.010210176124166829,-0.0070685834705770303,0.064067322020922107,0.41713240793842532,0.05944452200294182,-1.2366935790408564,0.01630211490603773,0.028919752890402786,0,0,0
9.0268189000000003,4945,3996,4294967291,4946,3996,-5,-0.11941651883700652,0.010995574287564275,-0.0078539816339744835,0.05065203542802553,0.29581469133532279,-0.041566574722844973,-4.9353524707520249,-0.0083746474477223928,0.010955482876995408,0,0,0
9.0317793000000002,4940,3995,4294967291,4941,3995,-5,-0.11930617276526653,0.011780972450961723,-0.0070685834705770355,0.037317809003980081,0.23109313428920231,0.05110424668993073,-0.5286834333930619,-0.011018064614687703,-0.00017085733377046955,0,0,0
9.0367844999999996,4937,3995,4294967292,4938,3995,-4,-0.11923996512222254,0.011780972450961723,-0.008639379797371935,0.026085937477398003,0.12328543507620653,-0.11929553157077434,-7.2434931364151431,-0.047235530296763424,-0.024465060580782912,0,0,0
9.0417590000000008,4937,3995,4294967292,4938,3995,-4,-0.11923996512222254,0.011780972450961723,-0.008639379797371935,0.013916536989138931,0.065771311418141562,-0.06364274541339085,-4.488134786254113,-0.069676204228033986,-0.048883929929161664,0,0,0
9.0467422000000006,4941,3996,4294967292,4942,3996,-4,-0.11932824197961453,0.010995574287564275,-0.009424777960769383,-0.00081213429794858849,-0.038191307914994164,-0.10723216605440394,-5.6518838499421298,-0.097935623477744635,-0.077542806640978762,0,0,0
9.0517344000000008,4948,3997,4294967291,4949,3997,-5,-0.1194827264800505,0.010210176124166829,-0.0086393797973719298,-0.014847035815366241,-0.093654127247859625,0.016072435720089331,0.20985546671093469,-0.096886346144189964,-0.096978268236586146,0,0,0
9.0567274999999992,4961,4000,4294967290,4962,4000,-6,-0.11976962626657445,0.0078539816339744835,-0.009424777960769376,-0.034689150210869581,-0.26980191944431509,-0.064705066240521927,-1.8869881488994977,-0.10632128688868746,-0.11444565388241593,0,0,0
9.0617157000000006,4978,4004,4294967288,4979,4004,-8,-0.12014480291049039,0.0047123889803846897,-0.0094247779607693795,-0.053511122993821006,-0.43705418814513147,-0.034519382272579759,0.79298926411771653,-0.10235634056809888,-0.12353221718883374,0,0,0
9.0667039999999997,4999,4008,4294967286,5000,4008,-10,-0.1206082564117983,0.0015707963267948967,-0.0094247779607693795,-0.071788862375248216,-0.52628128170498623,-0.018415679354242646,2.6298178046374412,-0.089207251544911673,-0.12257835315181227,0,0,0
9.0717073999999993,5022,4012,4294967283,5023,4012,-13,-0.12111584834180221,-0.0015707963267948967,-0.0078539816339744835,-0.085658039192748031,-0.57388287352184042,0.13673449295919324,10.288800406723546,-0.037763249511293943,-0.097890387744618501,0,0,0
9.0767065999999996,5044,4017,4294967281,5045,4017,-15,-0.12160137105745812,-0.0054977871437821377,-0.0086393797973719315,-0.090997969595400213,-0.67255727516512886,-0.00033329565690709551,5.5064764133783006,-0.01023086744440244,-0.070166253919331248,0,0,0
9.0817154999999996,5063,4021,4294967279,5064,4021,-17,-0.12202068613007004,-0.0086393797973719298,-0.0086393797973719298,-0.087669428084308193,-0.65191937404534639,-0.00017780926377215984,5.8013736588797444,0.018776000849996283,-0.036803889286073845,0,0,0
9.0867216000000006,5077,4024,4294967278,5078,4024,-18,-0.12232965513094199,-0.010995574287564275,-0.0094247779607693795,-0.075598139513835705,-0.56762978028081001,-0.073374378416725283,2.3733201267216186,0.030642601483604377,-0.0081557330454006156,0,0,0
9.0917136999999997,5084,4025,4294967277,5085,4025,-19,-0.12248413963137797,-0.011780972450961723,-0.0086393797973719298,-0.054744478978320452,-0.37610324722048871,0.034135162215482143,5.9225331539692991,0.060255267253450873,0.024470819379357269,0,0,0
9.0966722000000004,5085,4026,4294967276,5086,4026,-20,-0.12250620884572595,-0.012566370614359173,-0.0078539816339744835,-0.031264637850640674,-0.27392612270484096,0.091490221821439566,7.656247970533899,0.098536507106120372,0.06218138028818089,0,0,0
9.1016787000000008,5081,4025,4294967276,5082,4025,-20,-0.12241793198833398,-0.011780972450961723,-0.0070685834705770337,-0.0084428709147111973,-0.072856805009775774,0.12208846308503857,7.7719129842063968,0.13739607202715237,0.10444469851980251,0,0,0
9.1066672999999998,5070,4023,4294967277,5071,4023,-19,-0.12217517063050602,-0.010210176124166829,-0.0070685834705770355,0.01814604180230921,0.10769080075637184,0.065132741115483686,3.9847332385948517,0.15731973822012663,0.14082185217828488,0,0,0
9.1116472000000002,5051,4019,4294967279,5052,4019,-17,-0.12175585555789409,-0.0070685834705770346,-0.0070685834705770346,0.048803792193666484,0.35056983689165744,0.034747541725230494,0.75652814458263884,0.16110237894303983,0.16630495086029576,0,0,0
9.1166397000000003,5024,4014,4294967282,5025,4014,-14,-0.1211599867704982,-0.0031415926535897933,-0.0078539816339744835,0.081632219028862696,0.55342242953753495,-0.054742119586915411,-5.1121780638345617,0.13554148862386703,0.17035037656316052,0,0,0
9.1216237000000007,4993,4008,4294967285,4994,4008,-11,-0.12047584112571033,0.0015707963267948967,-0.0078539816339744835,0.10738223484557852,0.73492139125308231,-0.029204268880704397,-5.9589166140878671,0.10574690555342769,0.15991080985459186,0,0,0
9.1266221999999999,4960,4002,4294967288,4961,4002,-8,-0.11974755705222645,0.0062831853071795866,-0.0078539816339744835,0.12523778215464679,0.83174892587372695,-0.0155801296568783,-6.81931941224477,0.071650308492203843,0.13609080597907969,0,0,0
