time_s,raw_cart,raw_theta1,raw_theta2,cart_counts,theta1_counts,theta2_relative_counts,x_m,theta1_rad,theta2_rad,xdot_m_s,theta1dot_rad_s,theta2dot_rad_s,accel_m_s2,velocity_ref_m_s,voltage,left_limit,right_limit,warning
0.00013339999999999999,4294962293,4009,4294967285,-5002,4009,-11,-0.0021848522204516068,-0,-0,0,0,0,0.04534797570651334,0.00022673987853256671,-0.001423845960910345,0,0,0
0.0056766000000000004,4294962293,4009,4294967285,-5002,4009,-11,-0.0021848522204516068,-0,-0,0,0,0,0.04534797570651334,0.00045347975706513342,-0.0012605932483668971,0,0,0
0.0116603,4294962293,4008,4294967285,-5002,4008,-11,-0.0021848522204516068,0.00078539816339744833,0.00078539816339744833,0,0.073279519292017037,0.073279519292017037,2.8821840983606477,0.014864400248868374,0.0053467605073521472,0,0,0
0.016638300000000002,4294962293,4008,4294967285,-5002,4008,-11,-0.0021848522204516068,0.00078539816339744833,0.00078539816339744833,0,0.039093750863171843,0.039093750863171843,1.6020648650146336,0.022874724573941543,0.012964794520829534,0,0,0
0.021633900000000001,4294962293,4008,4294967285,-5002,4008,-11,-0.0021848522204516068,0.00078539816339744833,0.00078539816339744833,0,0.020856050521584717,0.020856050521584717,0.91913649884786164,0.027470407068180852,0.021209027278201439,0,0,0
0.026632900000000001,4294962293,4008,4294967285,-5002,4008,-11,-0.0021848522204516068,0.00078539816339744833,0.00078539816339744833,0,0.011126454580459841,0.011126454580459841,0.55480234842958454,0.030244418810328775,0.029874342470576836,0,0,0
0.031630800000000001,4294962293,4008,4294967285,-5002,4008,-11,-0.0021848522204516068,0.00078539816339744833,0.00078539816339744833,0,0.0059358310147413834,0.0059358310147413834,0.36043441800363901,0.03204659090034697,0.0388513129898738,0,0,0
0.036613,4294962293,4008,4294967285,-5002,4008,-11,-0.0021848522204516068,0.00078539816339744833,0.00078539816339744833,0,0.0031666951570937471,0.0031666951570937471,0.25674144183137293,0.033330298109503838,0.04808156077708807,0,0,0
0.041675499999999997,4294962293,4008,4294967285,-5002,4008,-11,-0.0021848522204516068,0.00078539816339744833,0.00078539816339744833,0,0.0016893941544253845,0.0016893941544253845,0.20142247391367546,0.034337410479072218,0.057533941832959873,0,0,0
0.046555699999999998,4294962293,4008,4294967285,-5002,4008,-11,-0.0021848522204516068,0.00078539816339744833,0.00078539816339744833,0,0.00090127166254486688,0.00090127166254486688,0.17191046331813306,0.035196962795662881,0.067191841204775171,0,0,0
0.051543699999999998,4294962293,4008,4294967285,-5002,4008,-11,-0.0021848522204516068,0.00078539816339744833,0.00078539816339744833,0,0.00048081769880556607,0.00048081769880556607,0.15616615712125673,0.035977793581269166,0.077046395013126975,0,0,0
0.056540399999999998,4294962293,4008,4294967285,-5002,4008,-11,-0.0021848522204516068,0.00078539816339744833,0.00078539816339744833,0,0.00025651051629859849,0.00025651051629859849,0.14776675726273134,0.03671662736758282,0.087092874483910787,0,0,0
0.061519699999999997,4294962290,4008,4294967285,-5005,4008,-11,-0.0021186445774076189,0.00078539816339744833,0.00078539816339744833,0.0061773307881619194,0.00013684530568493266,0.00013684530568493266,-0.0090663668841776332,0.036671295533161931,0.094206165692995891,0,0,0
0.066002400000000003,4294962288,4007,4294967285,-5007,4007,-11,-0.0020745061487116266,0.0015707963267948967,0.0015707963267948967,0.0074137529356561229,0.073352524632921676,0.073352524632921676,2.7942441280259014,0.050642516173291435,0.10817019549583178,0,0,0
0.070609500000000006,4294962280,4005,4294967286,-5015,4005,-10,-0.0018979524339276586,0.0031415926535897933,0.0015707963267948967,0.020428031003229413,0.18569173692716459,0.039132698343130518,0.49210266907265243,0.053103029518654699,0.11509276744499879,0,0,0
0.076247899999999993,4294962261,4001,4294967288,-5034,4001,-8,-0.0014786373613157339,0.0062831853071795866,0.0015707963267948969,0.050021206256355061,0.39218240743273253,0.020876828538320701,-2.0955632567033282,0.042625213235138057,0.10588307085267459,0,0,0
0.080543900000000002,4294962242,3997,4294967290,-5053,3997,-6,-0.0010593222887038095,0.0094247779607693795,0.001570796326794896,0.065808812831469513,0.5023427210688699,0.011137539404944897,-3.6804359068686949,0.024223033700794584,0.088500748987689934,0,0,0
0.086515999999999996,4294962216,3992,4294967293,-5079,3992,-3,-0.00048552271565591263,0.013351768777756621,0.000785398163397448,0.088645084765169233,0.63439145579662715,-0.067337774655420998,-8.6216597786733065,-0.018885265192571946,0.047597531750227906,0,0,0
0.091500700000000004,4294962197,3988,4294967295,-5098,3988,-1,-6.6207643043988092e-05,0.016493361431346415,0.000785398163397448,0.086414192047671479,0.6315583639255169,-0.035923900859243421,-7.7157542952168043,-0.057464036668655974,0.002207791820273964,0,0,0
0.096484299999999995,4294962186,3986,0,-5109,3986,0,0.00017655371478396824,0.018064157758141311,0.00078539816339745147,0.068751155248619383,0.4834879045672783,-0.019164973293943496,-6.3315707857139572,-0.08912189059722575,-0.042936997641417403,0,0,0
0.10147,4294962184,3985,0,-5111,3985,0,0.00022069214347996029,0.018849555921538759,0.0015707963267948995,0.040796143099335332,0.33121455856525178,0.063055234273619101,-1.7027401627130843,-0.097635591410791173,-0.076814129918722204,0,0,0
0.1064638,4294962189,3987,4294967295,-5106,3987,-1,0.00011034607173998014,0.01727875959474386,0.0015707963267948925,0.011468705192340655,0.03013998400652429,0.033639216565934722,-0.97278568270027677,-0.10249951982429256,-0.10318211896438438,0,0,0
0.1110269,4294962198,3989,4294967294,-5097,3989,-2,-8.8276857391984118e-05,0.015707963267948967,0.0015707963267948977,-0.012413574724137391,-0.13047971605087666,0.01794612143156122,-0.27899722834684892,-0.10389450596602681,-0.12383425752024066,0,0,0
0.11563809999999999,4294962213,3992,4294967292,-5082,3992,-4,-0.00041931507261192458,0.013351768777756621,0.0023561944901923457,-0.037509148224006549,-0.2894479325181426,0.082853561357029731,4.0337610958884422,-0.083725700486584592,-0.12816513841486069,0,0,0
0.1207796,4294962235,3997,4294967289,-5060,3997,-7,-0.0009048377882678372,0.0094247779607693795,0.0031415926535897929,-0.065311109664332762,-0.52081462144945556,0.11748090758047833,7.6358872050553188,-0.045546264461307995,-0.1109519786662355,0,0,0
0.12684609999999999,4294962262,4003,4294967286,-5033,4003,-10,-0.0015007065756637301,0.0047123889803846897,0.0031415926535897929,-0.090438676315324096,-0.71752551396150777,0.062674665124759707,7.3231478599049087,-0.0089305251617834494,-0.077830982783686664,0,0,0
0.1318336,4294962282,4008,4294967284,-5013,4008,-12,-0.0019420908626236505,0.00078539816339744833,0.0023561944901923449,-0.089430162042681366,-0.74918891321257275,-0.039843331834834794,3.5712306582903763,0.0089256281296684337,-0.048242344413766569,0,0,0
0.1368327,4294962297,4011,4294967282,-4998,4011,-14,-0.002273129077843591,-0.0015707963267948967,0.0031415926535897929,-0.078596580374927838,-0.61952192105244475,0.052023576248741599,7.1506783013537918,0.044679019636437396,-0.010472366639675178,0,0,0
0.14186009999999999,4294962305,4012,4294967281,-4990,4012,-15,-0.0024496827926275594,-0.0023561944901923449,0.0039269908169872417,-0.058403221732273927,-0.40378708634337895,0.10103347767669071,8.2526051563463483,0.085942045418169133,0.032293395575978448,0,0,0
0.14580209999999999,4294962306,4013,4294967281,-4989,4013,-15,-0.0024717520069755554,-0.0031415926535897933,0.0031415926535897933,-0.033216533538241895,-0.28869512119258478,-0.019379362149983724,2.2574743091764833,0.097229416964051546,0.065011925214930752,0,0,0
0.1517907,4294962301,4012,4294967282,-4994,4012,-14,-0.0023614059352355752,-0.0023561944901923449,0.0023561944901923449,-0.0074250737563770382,-0.080735889820329712,-0.08361817821197505,-1.9876508344363062,0.087291162791870019,0.084153960571229106,0,0,0
0.1568205,4294962293,4010,4294967283,-5002,4010,-13,-0.0021848522204516068,-0.00078539816339744833,0.0023561944901923449,0.012511693677264967,0.10348740284124472,-0.044609302274822252,-1.7124194066973424,0.078729065758383301,0.096902855429047904,0,0,0
0.1607857,4294962284,4007,4294967284,-5011,4007,-12,-0.0019862292913196428,0.0015707963267948967,0.0031415926535897933,0.025206831940686514,0.27504785486980277,0.049480987776516119,1.1185940452318976,0.084322035984542784,0.11158557027418192,0,0,0
0.16577140000000001,4294962268,4004,4294967286,-5027,4004,-10,-0.0016331218617517062,0.0039269908169872417,0.0023561944901923449,0.046393308858021481,0.366573312929245,-0.046882001577821256,-4.1580460078221408,0.063531805945432077,0.10865715723562255,0,0,0
0.17172989999999999,4294962244,3998,4294967288,-5051,3998,-8,-0.0011034607173998016,0.0086393797973719298,0.00392699081698724,0.074168924087361393,0.63523961271166662,0.12154804905575198,0.88412412123110595,0.067952426551587605,0.10277480386879044,0,0,0
0.17675270000000001,4294962223,3994,4294967291,-5072,3994,-5,-0.00064000721609188489,0.011780972450961723,0.002356194490192344,0.082809553246780992,0.63201084553906695,-0.081714601917433086,-8.438790485580677,0.025758474123684219,0.078220787819836185,0,0,0
0.18174380000000001,4294962203,3989,4294967293,-5092,3989,-3,-0.00019862292913196426,0.015707963267948967,0.0031415926535897937,0.085360115740145237,0.70356785599559624,0.029685752300816375,-4.5437270199154183,0.0030398390241071285,0.051445857539776443,0,0,0
0.1867055,4294962187,3986,4294967295,-5108,3986,-1,0.00015448450043597221,0.018064157758141311,0.002356194490192344,0.078484369405056098,0.59518363032420196,-0.057442523964451306,-8.0975918839402947,-0.037448120395594343,0.014093886938370614,0,0,0
0.19171440000000001,4294962177,3983,0,-5118,3983,0,0.00037517664391593252,0.020420352248333658,0.0031415926535897989,0.062461579041598846,0.53736193666638277,0.042634616834767561,-3.5631961244004122,-0.055264101017596406,-0.018014820924150174,0,0,0
0.1966735,4294962173,3983,1,-5122,3983,1,0.00046345350130791663,0.020420352248333658,0.0015707963267948995,0.041558949620321223,0.28667619381716691,-0.12381397823445356,-9.4089541569865478,-0.10230887180252915,-0.061564718153777696,0,0,0
0.2016715,4294962176,3983,0,-5119,3983,0,0.00039724585826392852,0.020420352248333658,0.0031415926535897989,0.015993873912534554,0.15293833540078353,0.080505755685340283,0.3856326895894493,-0.1003807083545819,-0.088037072317867032,0,0,0
0.20669090000000001,4294962183,3984,0,-5112,3984,0,0.00024276135782795631,0.019634954084936207,0.0023561944901923475,-0.0058812305762946833,0.0083112613155975762,-0.030330657369598404,-3.2080490171082898,-0.11642095344012335,-0.11683252279850898,0,0,0
0.2116354,4294962197,3987,4294967294,-5098,3987,-2,-6.6207643043988092e-05,0.01727875959474386,0.0031415926535897903,-0.031965110151503155,-0.21540459894223388,0.057098474790371168,2.2601324691848528,-0.10512029109419908,-0.12985520410723297,0,0,0
0.21596799999999999,4294962214,3990,4294967293,-5081,3990,-3,-0.00044138428695992058,0.014922565104551517,0.002356194490192344,-0.052057880062493282,-0.33475434617798788,-0.042818162971888243,-0.79636911797338827,-0.10910213668406603,-0.14235718701725544,0,0,0
0.22098989999999999,4294962238,3995,4294967290,-5057,3995,-6,-0.00097104543131182526,0.010995574287564275,0.003141592653589792,-0.077190905366084694,-0.54498505358703031,0.050436539264116578,5.0606902576924222,-0.083798685395603922,-0.13506272183865603,0,0,0
0.22596440000000001,4294962264,4001,4294967288,-5031,4001,-8,-0.001544845004359722,0.0062831853071795866,0.0015707963267948969,-0.094717295584083372,-0.73042015166342955,-0.1196517455307789,-0.57367108454025484,-0.086667040818305202,-0.1302507067887424,0,0,0
0.2309322,4294962290,4006,4294967285,-5005,4006,-11,-0.0021186445774076189,0.0023561944901923449,0.0023561944901923449,-0.1040674160452013,-0.75606804886548229,0.009446737973083319,5.7492599653139544,-0.057920740991735428,-0.11093374887252282,0,0,0
0.23593310000000001,4294962315,4011,4294967283,-4980,4011,-13,-0.0026703749361075197,-0.0015707963267948967,0.0015707963267948967,-0.10699648369875429,-0.76975089658430629,-0.068239797083718967,3.0483469727680226,-0.042679006127895311,-0.090297285475260142,0,0,0
0.24092479999999999,4294962336,4015,4294967281,-4959,4015,-15,-0.0031338284374154363,-0.0047123889803846897,0.0015707963267948969,-0.10032266535904238,-0.70377101360249483,-0.036405119082637445,4.4035092235849849,-0.020661460009970385,-0.066026889030932345,0,0,0
0.2458931,4294962353,4018,4294967279,-4942,4018,-17,-0.0035090050813313687,-0.0070685834705770346,0.0023561944901923449,-0.08852582170181808,-0.59529201248809693,0.053857821806676448,7.9649831523475658,0.019163455751767443,-0.031905731139651825,0,0,0
0.25087880000000001,4294962365,4019,4294967278,-4930,4019,-18,-0.0037738356535073209,-0.0078539816339744835,0.003141592653589792,-0.07193679478462206,-0.39086071867607314,0.10201202583798555,9.1593167222678318,0.064960039363106598,0.010313774285180686,0,0,0
0.25588490000000003,4294962370,4020,4294967278,-4925,4020,-18,-0.003884181725247301,-0.0086393797973719298,0.0023561944901923457,-0.048672974642463701,-0.28179905798101185,-0.018857318359373626,3.2143385195017768,0.081031731960615486,0.044039462109975169,0,0,0
0.26087189999999999,4294962368,4019,4294967279,-4927,4019,-17,-0.0038400432965513091,-0.0078539816339744835,0.001570796326794896,-0.021848231804292358,-0.077056922221544311,-0.083339674066656613,-1.0539600712485453,0.075761931604372765,0.064617188455320218,0,0,0
0.26583410000000002,4294962363,4017,4294967280,-4932,4017,-16,-0.003729697224811329,-0.0062831853071795866,0.0015707963267948969,-0.0013602201653846215,0.10545008824270681,-0.044460723629975281,-0.79045032974722074,0.071809679955636668,0.079973814096220092,0,0,0
0.27084009999999997,4294962353,4014,4294967282,-4942,4014,-14,-0.0035090050813313687,-0.0039269908169872417,0.000785398163397448,0.019865441367711813,0.27609492415804116,-0.09699878586990171,-4.5408626563013268,0.049105366674130034,0.079961198462324454,0,0,0
0.27583859999999999,4294962341,4010,4294967284,-4954,4010,-12,-0.0032441745091554165,-0.00078539816339744833,0.00078539816339744833,0.035307299546590572,0.44041143121708448,-0.051747697111888522,-4.0521540237959162,0.028844596555150454,0.071789795561021108,0,0,0
0.28077089999999999,4294962328,4006,4294967286,-4967,4006,-10,-0.0029572747226314679,0.0023561944901923449,0.00078539816339744822,0.045604457252060832,0.52807233090277128,-0.027606780150582017,-4.0451056972064316,0.008619068069118295,0.056309656967156188,0,0,0
0.28676780000000002,4294962313,4002,4294967288,-4982,4002,-8,-0.0026262365074115274,0.0054977871437821377,0.000785398163397448,0.055216088785457473,0.57483837693941697,-0.014727888443705782,-4.3460151465043326,-0.013111007663403368,0.032219833618098472,0,0,0
0.29174889999999998,4294962304,3999,4294967290,-4991,3999,-6,-0.002427613578279563,0.0078539816339744835,0,0.047989118168156424,0.52650798627536888,-0.081136672383652311,-7.2422075207441647,-0.049322045267124193,0.00072868743301714167,0,0,0
0.2967147,4294962298,3997,4294967291,-4997,3997,-5,-0.0022951982921915869,0.0094247779607693795,0,0.037956284620999037,0.4274447791263013,-0.043285448467438911,-5.3446437527771984,-0.076045264031010182,-0.033056000042036494,0,0,0
0.30171300000000001,4294962298,3996,4294967292,-4997,3996,-4,-0.0022951982921915869,0.010210176124166829,-0.00078539816339744627,0.020249225827367379,0.30131621855496593,-0.096371790566933152,-6.9658918448092777,-0.11087472325505657,-0.071541498371765613,0,0,0
0.30670589999999998,4294962301,3995,4294967292,-4994,3995,-4,-0.0023614059352355752,0.010995574287564275,0,0.00462539004455293,0.23402813354369528,0.021866316707432082,-1.4492393606114646,-0.11812092005811389,-0.10317502708312938,0,0,0
0.31167319999999998,4294962309,3996,4294967292,-4986,3996,-4,-0.0025379596500195432,0.010210176124166829,-0.00078539816339744627,-0.014005291596344827,0.051571702933822947,-0.061614099732575402,-3.8819832889937422,-0.13753083650308259,-0.13666718647268133,0,0,0
0.31667450000000003,4294962326,3998,4294967291,-4969,3998,-5,-0.002913136293935476,0.0086393797973719298,-0.00078539816339744974,-0.042476530745159315,-0.11904614923155167,-0.032870388450628833,-1.2285146918118213,-0.1436734099621417,-0.15997118403711061,0,0,0
0.32165510000000003,4294962350,4002,4294967289,-4945,4002,-7,-0.0034427974382873804,0.0054977871437821377,-0.00078539816339744887,-0.07207936960870312,-0.35662778007335511,-0.017535960787948945,1.3453671013387947,-0.13694657445544772,-0.17094598795908883,0,0,0
0.32665670000000002,4294962380,4008,4294967286,-4915,4008,-10,-0.0041048738687272613,0.00078539816339744833,-0.00078539816339744833,-0.10022679318121655,-0.6299337893734942,-0.0093552262462112713,3.9276638552016929,-0.11730825517943926,-0.16695654898587503,0,0,0
0.3316404,4294962413,4013,4294967284,-4882,4013,-12,-0.0048331579422111305,-0.0031415926535897933,-0.0015707963267948967,-0.12142043924021143,-0.70245977126673576,-0.078270421083833669,2.2286954886962729,-0.10616477773595789,-0.15701683814928086,0,0,0
0.3366093,4294962446,4019,4294967281,-4849,4019,-15,-0.0055614420156949998,-0.0078539816339744835,-0.0015707963267948969,-0.13272699701948509,-0.81443103819348606,-0.041756337532911289,5.0222340153441358,-0.08105360765923722,-0.13650983200793496,0,0,0
0.34161989999999998,4294962477,4024,4294967278,-4818,4024,-18,-0.0062455876604828762,-0.011780972450961723,-0.000785398163397448,-0.13464069042051968,-0.80088685635127332,0.051003010490628456,9.5553587280578132,-0.03327681401894815,-0.10019729771207239,0,0,0
0.3466108,4294962504,4029,4294967276,-4791,4029,-20,-0.0068414564478787689,-0.015707963267948967,-0.0015707963267948977,-0.12742518200908873,-0.79366119663488077,-0.046070020585472271,5.7483216780042001,-0.0045352056289271504,-0.063142306093282557,0,0,0
0.35156959999999998,4294962523,4032,4294967275,-4772,4032,-21,-0.007260771520490694,-0.018064157758141311,-0.002356194490192344,-0.10710291209865751,-0.64324735464187432,-0.097857326630688274,2.774829950444289,0.009338944123294295,-0.032863666541833321,0,0,0
0.35647600000000002,4294962536,4033,4294967275,-4759,4033,-21,-0.0075476713070146417,-0.018849555921538759,-0.003141592653589792,-0.083906561541179384,-0.41644432261931247,-0.12548523767550146,0.24572151045187507,0.01056755167555367,-0.011309849714254774,0,0,0
0.36095070000000001,4294962542,4033,4294967275,-4753,4033,-21,-0.0076800865931026183,-0.018849555921538759,-0.003141592653589792,-0.05711781292294589,-0.22216808671990457,-0.066944879907616675,1.3372994389524231,0.017254048870315786,0.0051521477137010307,0,0,0
0.36549290000000001,4294962544,4032,4294967276,-4751,4032,-20,-0.0077242250217986102,-0.018064157758141311,-0.0039269908169872417,-0.034589893509002434,-0.045244509193547583,-0.10899381548225473,-1.8180519396688042,0.0081637891719717644,0.011004369797352316,0,0,0
0.37149929999999998,4294962543,4030,4294967277,-4752,4030,-19,-0.0077021558074506146,-0.016493361431346415,-0.0039269908169872417,-0.016394185996441654,0.12242163174201443,-0.058146902562364017,-0.95994335203055403,0.0033640724118189939,0.012199923198494254,0,0,0
0.37648939999999997,4294962542,4028,4294967278,-4753,4028,-18,-0.0076800865931026183,-0.014922565104551517,-0.0039269908169872417,-0.006686992729513474,0.21186952121033947,-0.03102068005085596,-0.60252811697071962,0.00035143182696539561,0.011810727735422829,0,0,0
0.38147229999999999,4294962541,4026,4294967279,-4754,4026,-17,-0.0076580173787546219,-0.013351768777756621,-0.0039269908169872417,-0.0015083207236875492,0.25958890501492404,-0.016549163384679016,-0.51222682279994625,-0.0022097022870343356,0.010228189611750578,0,0,0
0.38646180000000002,4294962540,4024,4294967281,-4755,4024,-15,-0.0076359481644066264,-0.011780972450961723,-0.0054977871437821369,0.0012544391190873775,0.2850466279888757,-0.15538782016728112,-6.9371049128989366,-0.036895226851529017,-0.0068129113936243775,0,0,0
0.3914628,4294962540,4023,4294967282,-4755,4023,-14,-0.0076359481644066264,-0.010995574287564275,-0.0062831853071795857,0.00066922833103193028,0.22534850072975815,-0.15617707085186755,-7.0652101243685674,-0.072221277473371856,-0.032746699130895132,0,0,0
0.39643980000000001,4294962541,4021,4294967283,-4754,4021,-13,-0.0076580173787546219,-0.0094247779607693795,-0.0062831853071795857,-0.0017020849178942901,0.26677978006859476,-0.083318607400962807,-4.389392946513496,-0.094168242205939334,-0.061236178865722718,0,0,0
0.40142919999999999,4294962545,4020,4294967284,-4750,4020,-12,-0.0077462942361466065,-0.0086393797973719298,-0.0070685834705770329,-0.0091444830846050228,0.21560335490251614,-0.11772900410672565,-5.7463084225765373,-0.12289978431882202,-0.095782156109272265,0,0,0
0.4064352,4294962555,4020,4294967284,-4740,4020,-12,-0.0079669863796265668,-0.0086393797973719298,-0.0070685834705770329,-0.025469575452027299,0.115021822239781,-0.062807021666953733,-2.772266851523324,-0.13676111857643863,-0.12538739629309831,0,0,0
0.41142020000000001,4294962570,4021,4294967284,-4725,4021,-12,-0.0082980245948465065,-0.0094247779607693795,-0.0078539816339744835,-0.044474369129612508,-0.01191674691149619,-0.10678631738823796,-3.7664300668947228,-0.15559326891091224,-0.15535842343228917,0,0,0
0.41640579999999999,4294962594,4024,4294967283,-4701,4024,-13,-0.0088276857391984126,-0.011780972450961723,-0.0086393797973719298,-0.073145192594733746,-0.22619600043788093,-0.13024874791011659,-3.1808360796094752,-0.1714974493089596,-0.17961553699305685,0,0,0
0.42139749999999998,4294962624,4029,4294967281,-4671,4029,-15,-0.0094897621696382918,-0.015707963267948967,-0.0094247779607693795,-0.10079539705147489,-0.48707046894613282,-0.14276567518159161,-1.8027275800274341,-0.18051108720909678,-0.19778419135542608,0,0,0
0.42641030000000002,4294962660,4034,4294967278,-4635,4034,-18,-0.010284253886166149,-0.019634954084936207,-0.0086393797973719315,-0.12790111342170452,-0.62624389116500589,-0.0028842682339428188,5.773294149564558,-0.151644616461274,-0.19411994349486039,0,0,0
0.4314267,4294962699,4041,4294967276,-4596,4041,-20,-0.011144953245737995,-0.025132741228718346,-0.010995574287564277,-0.14853902109387718,-0.84705029309920299,-0.22137728063037207,-1.7275090349929911,-0.16028216163623896,-0.19513052619180069,0,0,0
0.43638860000000002,4294962739,4047,4294967273,-4556,4047,-23,-0.012027721819657836,-0.029845130209103034,-0.010995574287564275,-0.16160820932473957,-0.89156835967575532,-0.1181021428544365,3.6099609438606697,-0.14223235691693561,-0.18429762731066379,0,0,0
0.44139270000000003,4294962778,4053,4294967270,-4517,4053,-26,-0.012888421179229682,-0.034557519189487719,-0.010995574287564272,-0.16652135534341206,-0.9153182180327466,-0.063006086745181794,6.715686550633567,-0.10865392416376778,-0.16174493671322857,0,0,0
0.44637270000000001,4294962815,4059,4294967268,-4480,4059,-28,-0.013704982110105535,-0.039269908169872414,-0.012566370614359171,-0.16502423970872415,-0.9279884846313029,-0.18017203552884181,2.2071280959707691,-0.097618283683913926,-0.14182839411439993,0,0,0
0.4513527,4294962848,4063,4294967266,-4447,4063,-30,-0.014433266183589403,-0.042411500823462206,-0.012566370614359171,-0.15598910529574914,-0.78818888238854745,-0.096119635302280265,5.3940348283516002,-0.070648109542155918,-0.11555801810974882,0,0,0
0.4563586,4294962876,4067,4294967264,-4419,4067,-32,-0.015051204185333292,-0.045553093477052005,-0.012566370614359175,-0.14087341737141656,-0.71360745945276494,-0.051278680753786846,7.0476667405385518,-0.035409775839463156,-0.08346075865601657,0,0,0
0.4613294,4294962898,4069,4294967264,-4397,4069,-32,-0.015536726900989204,-0.047123889803846894,-0.014137166941154064,-0.12045471629881147,-0.52726011991586086,-0.17391560409304122,0.75977998422548598,-0.031610875918335724,-0.062464485960554095,0,0,0
0.46632170000000001,4294962915,4070,4294967263,-4380,4070,-33,-0.015911903544905136,-0.047909287967244349,-0.01335176877775663,-0.09926603112742434,-0.35456651417439644,-0.019502384346536922,6.2789644320160356,-0.00021605375825554246,-0.033883887412913774,0,0,0
0.47131580000000001,4294962927,4070,4294967264,-4368,4070,-32,-0.01617673411708109,-0.047909287967244349,-0.014922565104551519,-0.077666568609007489,-0.18915701281172537,-0.15696332838079238,-0.79196193754850785,-0.0041758634459980815,-0.018642066016009925,0,0,0
0.47630539999999999,4294962933,4069,4294967265,-4362,4069,-31,-0.016309149403169066,-0.047123889803846894,-0.01570796326794896,-0.053788851005139533,-0.027633494389405086,-0.15701758572119129,-2.2162798170653071,-0.015257262531324617,-0.014531178132134906,0,0,0
0.48127700000000001,4294962936,4068,4294967266,-4359,4068,-30,-0.016375357046213054,-0.046338491640449446,-0.016493361431346411,-0.03487304223287762,0.058537379120036565,-0.15704653136614935,-3.2706668325762549,-0.031610596694205892,-0.019998763565019312,0,0,0
0.4862747,4294962939,4066,4294967268,-4356,4066,-28,-0.016441564689257043,-0.04476769531365455,-0.018064157758141308,-0.02478168351951927,0.17778803322825851,-0.23034149281504007,-7.511830220289573,-0.069169747795653755,-0.040560632686240737,0,0,0
0.49129479999999998,4294962942,4064,4294967269,-4353,4064,-27,-0.016507772332301031,-0.043196898986859661,-0.018064157758141314,-0.01939806382301415,0.24140683704981863,-0.12288444330097147,-3.68804280670546,-0.087609961829181057,-0.063266135219311639,0,0,0
0.49627729999999998,4294962949,4063,4294967270,-4346,4063,-26,-0.016662256832737001,-0.042411500823462206,-0.018849555921538759,-0.024762407878847568,0.20206719196606643,-0.13883690637344487,-4.3813184037367883,-0.109516553847865,-0.089127359264259451,0,0,0
0.50127480000000002,4294962961,4063,4294967270,-4334,4063,-26,-0.016927087404912954,-0.042411500823462206,-0.018849555921538759,-0.037919772862753526,0.1078004405141163,-0.074067836154163333,-1.1033758367239499,-0.11503343303148475,-0.10857276006576537,0,0,0
0.50589499999999998,4294962976,4064,4294967270,-4319,4064,-26,-0.017258125620132896,-0.043196898986859661,-0.019634954084936214,-0.0511164011799684,-0.015769268063361708,-0.11279382781315085,-2.0365522048870544,-0.12521619405592002,-0.12803720802957197,0,0,0
0.51094039999999996,4294962998,4066,4294967270,-4297,4066,-26,-0.017743648335788807,-0.04476769531365455,-0.021205750411731103,-0.072570417068802531,-0.15497175530106011,-0.20673320247092983,-5.0558317123232577,-0.1504953526175363,-0.14976546630883089,0,0,0
0.51595420000000003,4294963024,4069,4294967269,-4271,4069,-27,-0.018317447908836704,-0.047123889803846894,-0.021991148575128548,-0.092252320102457569,-0.30251414378465113,-0.18356922084338362,-3.0095000350608201,-0.16554285279284039,-0.16871971762073107,0,0,0
0.52083829999999998,4294963054,4073,4294967267,-4241,4073,-29,-0.018979524339276584,-0.050265482457436693,-0.021991148575128554,-0.11098882203180478,-0.45450577026380173,-0.097931993210818552,1.8835900339792135,-0.15612490262294432,-0.17583865800247497,0,0,0
0.52685289999999996,4294963094,4079,4294967265,-4201,4079,-31,-0.019862292913196425,-0.054977871437821381,-0.023561944901923447,-0.14157562530702364,-0.68215053152002914,-0.19880459069882017,-0.46510215790567422,-0.15845041341247268,-0.17530781814352192,0,0,0
0.53146899999999997,4294963127,4084,4294967263,-4168,4084,-33,-0.020590576986680296,-0.058904862254808621,-0.024347343065320902,-0.14347954875985491,-0.7303167813574869,-0.17933940088407935,0.88552030885212574,-0.15402281186821204,-0.17701482468330179,0,0,0
0.53603140000000005,4294963159,4088,4294967261,-4136,4088,-35,-0.02129679184581617,-0.06204645490839842,-0.024347343065320902,-0.14243615898556866,-0.68273338274627293,-0.095675434635069612,4.5561901470970749,-0.13124186113272668,-0.17007960329001862,0,0,0
0.54071499999999995,4294963193,4093,4294967259,-4102,4093,-37,-0.022047145133648034,-0.06597344572538566,-0.025132741228718343,-0.14599774349206193,-0.73062772554556576,-0.12432122427979128,3.9863424387212589,-0.11131014893912039,-0.1564851593547065,0,0,0
0.5466647,4294963233,4099,4294967256,-4062,4099,-40,-0.022929913707567876,-0.070685834705770348,-0.025132741228718343,-0.1602524679880146,-0.82945830635164053,-0.066323892623134775,7.6871713691995893,-0.072874292093122434,-0.1234087472215345,0,0,0
0.55164630000000003,4294963263,4103,4294967255,-4032,4103,-41,-0.023591990138007755,-0.07382742735936014,-0.026703537555513246,-0.14726609112118333,-0.73562420566326425,-0.18194204545328213,2.3910297238493117,-0.060919143473875878,-0.10028069244132673,0,0,0
0.55663560000000001,4294963289,4106,4294967254,-4006,4106,-42,-0.024165789711055652,-0.076183621849552477,-0.027488935718910687,-0.13210157266542547,-0.61228531111575435,-0.17034343381009859,2.219276459613063,-0.049822761175810561,-0.078797677847515346,0,0,0
0.56162120000000004,4294963309,4108,4294967253,-3986,4108,-43,-0.024607173998015573,-0.077754418176347387,-0.027488935718910694,-0.11165682108582346,-0.47320596041430135,-0.090876193333253849,4.7221991136353498,-0.026211765607633809,-0.055157588950460697,0,0,0
0.56661450000000002,4294963323,4109,4294967253,-3972,4109,-43,-0.024916142998887517,-0.078539816339744828,-0.028274333882308135,-0.08839512801646586,-0.32572926380637418,-0.121760886199,2.3213686975513426,-0.014604922119877095,-0.037332106283069884,0,0,0
0.57159689999999996,4294963333,4109,4294967253,-3962,4109,-43,-0.025136835142367479,-0.078539816339744828,-0.028274333882308135,-0.067748850734464724,-0.17377268316057295,-0.064957982747865572,3.6339472591190303,0.0035648141757180559,-0.018523194134873605,0,0,0
0.57660040000000001,4294963340,4108,4294967254,-3955,4108,-42,-0.025291319642803449,-0.077754418176347387,-0.029059732045705597,-0.050556976890990035,-0.019426137731096818,-0.10793382950930593,0.64813589693236207,0.0068054936603798664,-0.005546542070590051,0,0,0
0.58158489999999996,4294963342,4107,4294967255,-3953,4107,-41,-0.025335458071499443,-0.076969020012949932,-0.029845130209103038,-0.031089765618352819,0.062915906156581949,-0.13086093196108856,-1.3406437015193329,0.00010227515278320165,-0.0018353684228254235,0,0,0
0.58659190000000005,4294963343,4105,4294967256,-3952,4105,-40,-0.025357527285847437,-0.075398223686155036,-0.029845130209103031,-0.018645129974925297,0.18012392525877588,-0.069812748790323231,0.24138513447567611,0.0013092008251615822,0.0015295130984091883,0,0,0
0.59160009999999996,4294963343,4103,4294967257,-3952,4103,-39,-0.025357527285847437,-0.07382742735936014,-0.029845130209103038,-0.0099469547984684069,0.24265300763017489,-0.037244270085972919,0.93464653404332299,0.0059824334953781973,0.0051059582866245217,0,0,0
0.59659799999999996,4294963343,4101,4294967258,-3952,4101,-38,-0.025357527285847437,-0.072256631032565244,-0.029845130209103038,-0.0053065819276044007,0.27601152842217092,-0.019869374552247174,1.2043314480309166,0.012004090735532781,0.010028471092143864,0,0,0
0.60157280000000002,4294963342,4099,4294967259,-3953,4099,-37,-0.025335458071499443,-0.070685834705770348,-0.029845130209103031,-0.00077188800005578142,0.29380790200111573,-0.010600074701051843,1.1972593031786469,0.017990387251426015,0.01535557387594598,0,0,0
0.6066144,4294963342,4097,4294967260,-3953,4097,-36,-0.025335458071499443,-0.069115038378975438,-0.029845130209103024,-0.00041179305568588828,0.30330205537009247,-0.0056550136176865976,1.1438949689299931,0.023709862096075982,0.022833109148972099,0,0,0
0.61156080000000002,4294963341,4095,4294967261,-3954,4095,-35,-0.025313388857151446,-0.067544242052180556,-0.029845130209103038,0.0018394235715183246,0.30836707312743145,-0.0030168824199951123,0.9644798973076415,0.028532261582614189,0.030502988326648106,0,0,0
0.61654500000000001,4294963338,4093,4294967262,-3957,4093,-34,-0.025247181214107458,-0.06597344572538566,-0.029845130209103038,0.0071586413580392505,0.31106919978213804,-0.0016094708432895005,0.66682051969335432,0.031866364181080964,0.036816752755019624,0,0,0
0.62151460000000003,4294963334,4090,4294967263,-3961,4090,-33,-0.025158904356715472,-0.063617251235193309,-0.02905973204570559,0.012055490963788905,0.38579027146506151,0.072420885764163695,3.1932720025372952,0.04783272419376744,0.04846911760036246,0,0,0
0.62653959999999997,4294963328,4087,4294967265,-3967,4087,-31,-0.025026489070627496,-0.061261056745000965,-0.029845130209103031,0.018786122437761708,0.42565307336146524,-0.034643839190565809,-1.9908595403732485,0.037878426491901193,0.050620752443329094,0,0,0
0.63142940000000003,4294963320,4084,4294967266,-3975,4084,-30,-0.024849935355843528,-0.058904862254808621,-0.029059732045705586,0.026495054700090358,0.44691940345072045,0.054797443654174584,1.269672881877409,0.04422679090128824,0.055163419004123027,0,0,0
0.63641369999999997,4294963310,4080,4294967268,-3985,4080,-28,-0.02462924321236357,-0.055763269601218829,-0.029059732045705586,0.034725898782511887,0.53154425658656745,0.029233783611737889,-0.68685386176157626,0.040792521592480362,0.054701686752393217,0,0,0
0.64121490000000003,4294963300,4077,4294967269,-3995,4077,-27,-0.024408551068883608,-0.053407075111026485,-0.028274333882308138,0.03911695608011178,0.50341108865285855,0.088875394706413424,1.6027430962702973,0.048806237073831846,0.057969871093772919,0,0,0
0.64619280000000001,4294963289,4073,4294967271,-4006,4073,-25,-0.024165789711055652,-0.050265482457436693,-0.028274333882308142,0.043518643118400438,0.56168189788757572,0.047413964666892516,-0.82140948785725998,0.044699189634545548,0.056757046447168606,0,0,0
0.65118399999999999,4294963278,4070,4294967273,-4017,4070,-23,-0.023923028353227696,-0.047909287967244349,-0.02905973204570559,0.045866890734037512,0.51948916138052181,-0.047984733790815484,-5.1541763152667794,0.018928308058211652,0.044422185870140851,0,0,0
0.65618469999999995,4294963267,4066,4294967274,-4028,4066,-22,-0.02368026699539974,-0.04476769531365455,-0.02748893571891069,0.04711965287191297,0.57025935821548135,0.12095975455245742,1.4978848097001429,0.026417732106712367,0.039955266407449237,0,0,0
0.66115800000000002,4294963257,4063,4294967276,-4038,4063,-20,-0.023459574851919778,-0.042411500823462206,-0.028274333882308135,0.045728876290718923,0.52406513431726587,-0.0087489307369777863,-4.1279643317489461,0.0057779104479676359,0.025703677515947265,0,0,0
0.66547780000000001,4294963251,4061,4294967276,-4044,4061,-20,-0.023327159565831802,-0.040840704496667317,-0.026703537555513246,0.036750472496400767,0.42614154669835425,0.14189158822607481,2.736607693490086,0.019460948915418066,0.025114565756200281,0,0,0
0.67106929999999998,4294963244,4059,4294967277,-4051,4059,-19,-0.023172675065395831,-0.039269908169872414,-0.026703537555513239,0.034019711257845295,0.37390047886674993,0.075697472544614175,0.060628852745212125,0.019764093179144127,0.021811651865361638,0,0,0
0.67572650000000001,4294963240,4057,4294967278,-4055,4057,-18,-0.023084398208003846,-0.037699111843077518,-0.026703537555513242,0.026385551869301124,0.3460304913127058,0.040383700128247088,-1.3162794674416189,0.013182695841936033,0.018436377907213562,0,0,0
0.68142619999999998,4294963235,4056,4294967278,-4060,4056,-18,-0.022974052136263867,-0.03691371367968007,-0.025918139392115794,0.024371929012741909,0.25788266556174899,0.09482374238463108,1.3331968991367535,0.019848680337619801,0.018777430088334327,0,0,0
0.68613869999999999,4294963232,4055,4294967278,-4063,4055,-18,-0.022907844493219878,-0.036128315516282622,-0.025132741228718346,0.019179464673377517,0.21085685026803985,0.12386685660690838,2.8904592329958385,0.034300976502598994,0.026396295173005971,0,0,0
0.69065370000000004,4294963228,4054,4294967279,-4067,4054,-17,-0.022819567635827893,-0.035342917352885174,-0.025918139392115794,0.018468457047632145,0.18576913783499616,-0.0071980264113420261,-2.6595636534880156,0.021003158235158914,0.024815038578133154,0,0,0
0.69665160000000004,4294963223,4052,4294967279,-4072,4052,-17,-0.022709221564087913,-0.033772121026090278,-0.024347343065320898,0.020148253209342465,0.24566466131126613,0.14271897721422377,3.393979433025252,0.037973055400285172,0.032379953350302547,0,0,0
0.70165270000000002,4294963217,4051,4294967279,-4078,4051,-17,-0.022576806277999937,-0.03298672286269283,-0.02356194490192345,0.023103514719796228,0.20433869050350678,0.1494183940085079,3.8213811577400305,0.057079961188985326,0.044460889867067963,0,0,0
0.70664280000000002,4294963211,4050,4294967279,-4084,4050,-17,-0.02244439099191196,-0.032201324699295375,-0.022776546738525996,0.024680111541683217,0.18229177722478923,0.15299245308551487,4.0914113458027508,0.077537017917999079,0.062130737371956068,0,0,0
0.71159130000000004,4294963202,4048,4294967280,-4093,4048,-16,-0.022245768062779999,-0.030630528372500482,-0.022776546738525999,0.031698537958773643,0.24380953083729115,0.081619651747936187,0.58929239364785557,0.080483479886238357,0.074569718091578335,0,0,0
0.7166266,4294963189,4046,4294967281,-4106,4046,-15,-0.021958868276256049,-0.029059732045705586,-0.022776546738525999,0.043679225921373632,0.27662851978023795,0.04354311220652711,-1.5842675555921946,0.072562142108277383,0.078785740828741374,0,0,0
0.72147640000000002,4294963175,4043,4294967282,-4120,4043,-14,-0.021649899275384105,-0.026703537555513242,-0.021991148575128551,0.0521298905352197,0.3674165788349677,0.096509251103242863,-0.060723593914103535,0.07225852413870687,0.082644701036667934,0,0,0
0.72624770000000005,4294963159,4040,4294967283,-4136,4040,-13,-0.02129679184581617,-0.024347343065320895,-0.021205750411731103,0.060756439993952777,0.41585092715394212,0.12476605543571798,0.59064601587615595,0.075211754218087651,0.085526438388900936,0,0,0
0.7308171,4294963143,4038,4294967284,-4152,4038,-12,-0.020943684416248231,-0.022776546738526002,-0.021205750411731106,0.065358601397395591,0.36841055588985572,0.066561204747367639,-1.9589744120681174,0.065416882157747061,0.082950708170714815,0,0,0
0.73679519999999998,4294963122,4034,4294967286,-4173,4034,-10,-0.020480230914940317,-0.019634954084936207,-0.021205750411731103,0.078109351013014292,0.48966072136755973,0.035509610061397572,-4.3756726568021511,0.043538518873736304,0.067383343171176474,0,0,0
0.74177300000000002,4294963106,4031,4294967287,-4189,4031,-9,-0.020127123485372378,-0.01727875959474386,-0.020420352248333652,0.074616172771828498,0.48106672140072337,0.092223473379061754,-2.0800020706263256,0.033138508520604675,0.054941144043195791,0,0,0
0.74677939999999998,4294963092,4029,4294967288,-4203,4029,-8,-0.019818154484500434,-0.015707963267948967,-0.020420352248333655,0.06863438325465579,0.40320240547156122,0.049200124766786507,-3.650839413266044,0.014884311454274456,0.038219591298244475,0,0,0
0.75173869999999998,4294963080,4028,4294967288,-4215,4028,-8,-0.019553323912324481,-0.014922565104551517,-0.019634954084936207,0.061324949258389341,0.28838320091038139,0.099527199935294047,-0.954606632465687,0.010111278291946021,0.024848452287413621,0,0,0
0.7567545,4294963072,4027,4294967288,-4223,4027,-8,-0.019376770197540513,-0.014137166941154069,-0.018849555921538759,0.049189012217882022,0.22712852264843847,0.1263760951971396,0.7276719535035685,0.013749638059463862,0.018119194690085244,0,0,0
0.76171140000000004,4294963067,4027,4294967288,-4228,4027,-8,-0.019266424125800534,-0.014137166941154069,-0.018849555921538759,0.036537303544377994,0.12117036198005786,0.067420141786269552,-1.0177473566992514,0.008660901275967605,0.011953901017815842,0,0,0
0.76672940000000001,4294963063,4028,4294967287,-4232,4028,-9,-0.019178147268408548,-0.014922565104551517,-0.018064157758141311,0.027728657372389141,-0.0086365741824579317,0.10924736203466547,1.6366489775844268,0.016844146163889739,0.012073623382304978,0,0,0
0.77168389999999998,4294963061,4028,4294967286,-4234,4028,-10,-0.019134008839712557,-0.014922565104551517,-0.016493361431346415,0.018911129015556329,-0.0046075094741661882,0.20484120521264634,6.1337476555851627,0.047512884441815555,0.02690362534165152,0,0,0
0.77668250000000005,4294963058,4029,4294967285,-4237,4029,-11,-0.019067801196668569,-0.015707963267948967,-0.015707963267948967,0.016266192907048681,-0.07573757072607426,0.18255986283771264,5.8316076824478476,0.076670922854054802,0.048937437841077611,0,0,0
0.78131989999999996,4294963053,4029,4294967285,-4242,4029,-11,-0.01895745512492859,-0.015707963267948967,-0.015707963267948967,0.018973371516904203,-0.040405092030530783,0.09739351273514496,2.1758296698664612,0.087550071203387106,0.068924101309533817,0,0,0
0.78631010000000001,4294963044,4029,4294967284,-4251,4029,-12,-0.018758832195796625,-0.015707963267948967,-0.014137166941154071,0.028654060116601418,-0.021555635417728217,0.19851731777776355,6.3939882687896006,0.1195200125473351,0.097469973959797049,0,0,0
0.79132740000000001,4294963030,4028,4294967284,-4265,4028,-12,-0.018449863194924681,-0.014922565104551517,-0.013351768777756621,0.044114143511704451,0.061779844500757561,0.17918614420180218,5.0394000260440803,0.14471701267755549,0.12638539364689794,0,0,0
0.79585609999999996,4294963012,4026,4294967285,-4283,4026,-11,-0.018052617336660751,-0.013351768777756621,-0.013351768777756621,0.060598354941149957,0.17951784989464833,0.095593674020194613,0.61807291546318144,0.14780737725487139,0.14752093723821941,0,0,0
0.80081740000000001,4294962987,4022,4294967286,-4308,4022,-10,-0.017500886977960851,-0.010210176124166829,-0.011780972450961725,0.083806257268831341,0.38888871222514315,0.19755712525745281,3.4735232459079972,0.16517499348441139,0.16843924451876058,0,0,0
0.80581999999999998,4294962957,4018,4294967288,-4338,4018,-8,-0.016838810547520972,-0.0070685834705770346,-0.011780972450961723,0.10648294809345801,0.5005855738999373,0.10539437363504466,-1.6486323755581065,0.15693183160662086,0.17649486958087945,0,0,0
0.81081939999999997,4294962922,4012,4294967290,-4373,4012,-6,-0.01606638804534111,-0.0023561944901923449,-0.010210176124166827,0.12887624390735472,0.70673355799972426,0.20278568178633646,0.83177631261175211,0.16109071316967963,0.18191058171655636,0,0,0
0.81579369999999995,4294962885,4006,4294967293,-4410,4006,-3,-0.015249827114465256,0.0023561944901923449,-0.010210176124166827,0.14494102106979023,0.81671105251939857,0.10818374627680055,-4.4404061071486751,0.13888868263393625,0.17338842495320361,0,0,0
0.82177710000000004,4294962839,3999,0,-4456,3999,0,-0.014234643254457439,0.0078539816339744835,-0.009424777960769376,0.17204338073646747,0.94866225542569893,0.13099425958031191,-5.1816648653219195,0.11298035830732665,0.14789948577854395,0,0,0
0.82682820000000001,4294962803,3993,2,-4492,3993,2,-0.013440151537929582,0.012566370614359173,-0.0078539816339744852,0.16591106423190127,0.94577713148933895,0.21644291607142657,-1.8004524756698519,0.10397809592897739,0.13066099407947354,0,0,0
0.83030309999999996,4294962781,3990,4,-4514,3990,4,-0.012954628822273669,0.014922565104551517,-0.0086393797973719298,0.13381200272782476,0.7243993943519178,0.042190198833120557,-7.91756685914625,0.064390261633246126,0.11056914488143943,0,0,0
0.83613110000000002,4294962749,3985,5,-4546,3985,5,-0.012248413963137797,0.018849555921538759,-0.0062831853071795875,0.13727863830740539,0.75285604654044114,0.2423465265142864,0.10921113903289204,0.064936317328410584,0.090511013837915932,0,0,0
0.84075520000000004,4294962728,3982,7,-4567,3982,7,-0.01178496046182988,0.021205750411731103,-0.0070685834705770355,0.11647783421533726,0.62147829301130575,0.056009466520649101,-7.0734274648059126,0.029569180004381017,0.064423737219204691,0,0,0
0.846719,4294962709,3980,7,-4586,3980,7,-0.011365645389217955,0.022776546738526002,-0.005497787143782136,0.10126263242165864,0.47811030677719324,0.17643942196116646,-1.1433027710670309,0.023852666149045861,0.045232810154501063,0,0,0
0.85169159999999999,4294962697,3979,7,-4598,3979,7,-0.011100814817042002,0.023561944901923447,-0.0047123889803846915,0.078731731622138576,0.32834567418556332,0.16740784970729708,-0.37846257277102069,0.021960353285190758,0.033619483831944845,0,0,0
0.85670489999999999,4294962689,3979,7,-4606,3979,7,-0.010924261102258035,0.023561944901923447,-0.0047123889803846915,0.058475323313156885,0.17516850693927752,0.089310094174012228,-2.5633950514436457,0.0091433780279725294,0.021638956554262487,0,0,0
0.86167050000000001,4294962684,3979,6,-4611,3979,6,-0.010813915030518054,0.023561944901923447,-0.0031415926535897955,0.041491439923874475,0.09345031238631385,0.19420491024009445,2.7942893886314364,0.02311482497112971,0.022249229976860529,0,0,0
0.86666710000000002,4294962680,3980,6,-4615,3980,6,-0.01072563817312607,0.022776546738526002,-0.00392699081698724,0.030371630132491549,-0.023424890525174831,0.030326487552490358,-3.3204885825240531,0.0065123820585094444,0.014820359035062642,0,0,0
0.87165769999999998,4294962677,3980,5,-4618,3980,5,-0.010659430530082082,0.022776546738526002,-0.002356194490192344,0.022380233770869909,-0.012496900130293592,0.16273785853791017,2.6334942748620391,0.019679853432819638,0.017899852536256797,0,0,0
0.87606649999999997,4294962674,3981,4,-4621,3981,4,-0.010593222887038093,0.021991148575128551,-0.001570796326794896,0.018116918980755993,-0.079946466687083814,0.16009822879166069,3.1591550190292912,0.035475628527966097,0.026197340293350392,0,0,0
0.88082570000000004,4294962671,3982,4,-4624,3982,4,-0.010527015243994107,0.021205750411731103,-0.002356194490192344,0.015842491311657492,-0.11593000719438781,0.012130979173112774,-2.7902691954941874,0.021524282550495159,0.025629578632329526,0,0,0
0.88593759999999999,4294962667,3982,3,-4628,3982,3,-0.010438738386602121,0.021205750411731103,-0.000785398163397448,0.016688221498866267,-0.061847278238311827,0.15303077150616384,3.1505735162521353,0.037277150131755837,0.033871874094139054,0,0,0
0.89092349999999998,4294962661,3982,3,-4634,3982,3,-0.010306323100514147,0.021205750411731103,-0.000785398163397448,0.021257629007459436,-0.032994786406537309,0.081640094169022154,0.031601207171828349,0.037435156167614982,0.03744575416228893,0,0,0
0.89590979999999998,4294962655,3982,3,-4640,3982,3,-0.01017390781442617,0.021205750411731103,-0.000785398163397448,0.023695353496636318,-0.017602325615982274,0.043554017994729542,-1.633615519844954,0.029267078568390212,0.037041075555750182,0,0,0
0.90087740000000005,4294962648,3982,2,-4647,3982,2,-0.010019423313990198,0.021205750411731103,0.00078539816339744453,0.027054960743693929,-0.0093906310916344118,0.16979458850338952,3.7986222732507113,0.048260189934643774,0.045580518178761915,0,0,0
0.90587329999999999,4294962641,3981,2,-4654,3981,2,-0.0098649388135542259,0.021991148575128551,0.0015707963267948925,0.028847271200742534,0.068269729436800194,0.16386291019028965,3.3460784440476825,0.064990582154882182,0.058028066853753786,0,0,0
0.9109064,4294962632,3981,2,-4663,3981,2,-0.0096663158844222611,0.021991148575128551,0.0015707963267948925,0.033921668010557376,0.036421087636544641,0.087418911158050519,0.20805024878589551,0.066030833398811661,0.06597139530672308,0,0,0
0.91587289999999999,4294962621,3979,3,-4674,3979,3,-0.0094235545265943053,0.023561944901923447,0.001570796326794896,0.04074701880350548,0.16598925510271598,0.046636948038971449,-2.2685467671797901,0.054688099562912706,0.066465231878570563,0,0,0
0.92076599999999997,4294962608,3978,3,-4687,3978,3,-0.0091366547400703567,0.024347343065320895,0.002356194490192344,0.048506482694503875,0.16183281013839912,0.098159775675642852,-0.25802110611643592,0.053397994032330524,0.066157017443899249,0,0,0
0.92674210000000001,4294962592,3976,3,-4703,3976,3,-0.0087835473105024198,0.025918139392115794,0.0039269908169872435,0.058823395061764913,0.23289491554067782,0.19892610993116394,3.539574992720798,0.071095868995934508,0.070799158673466769,0,0,0
0.93172619999999995,4294962579,3974,4,-4716,3974,4,-0.0084966475239784713,0.02748893571891069,0.0039269908169872435,0.058150014158367236,0.27080570250065394,0.10612471065535561,-0.57159969408836719,0.068237870525492669,0.073129648730522676,0,0,0
0.93671199999999999,4294962565,3972,5,-4730,3972,5,-0.0081876785231065272,0.029059732045705586,0.00392699081698724,0.059849883728357006,0.29103065586769306,0.056616269305121009,-2.918586242680163,0.053644939312091855,0.068521609597120794,0,0,0
0.94170370000000003,4294962551,3970,6,-4744,3970,6,-0.0078787095222345831,0.030630528372500482,0.00392699081698724,0.060756743900354709,0.30182042763188133,0.030204105436288833,-4.2738290715853422,0.032275793954165147,0.056822072116263223,0,0,0
0.94668419999999998,4294962537,3968,6,-4758,3968,6,-0.0075697405213626381,0.032201324699295375,0.0054977871437821325,0.061240543002400394,0.30757664237366655,0.16267256913635383,1.272688841217696,0.038639238160253629,0.051778055927611304,0,0,0
0.9516812,4294962525,3966,7,-4770,3966,7,-0.0073049099491866859,0.033772121026090278,0.0054977871437821395,0.057380423536380967,0.31064751438817295,0.086783878381439583,-1.955813552481398,0.028860170397846639,0.043012176886857274,0,0,0
0.95666989999999996,4294962514,3964,8,-4781,3964,8,-0.0070621485913587292,0.035342917352885174,0.0054977871437821395,0.053261985508350054,0.31228578803717644,0.046298165615196667,-3.7301231575162745,0.010209554610265265,0.028772228547655293,0,0,0
0.96165730000000005,4294962506,3963,8,-4789,3963,8,-0.0068855948765747608,0.036128315516282622,0.0062831853071795875,0.04488751707833688,0.23988026822685116,0.097979039287088024,-1.0910152856146578,0.0047544781821919754,0.018461798606045351,0,0,0
0.96665199999999996,4294962499,3962,9,-4796,3962,9,-0.0067311103761387887,0.03691371367968007,0.005497787143782136,0.038360727638985764,0.20125278567878163,-0.021008868655808526,-5.9633868179856666,-0.025062455907736356,-0.0028546869886735219,0,0,0
0.97164379999999995,4294962495,3961,9,-4800,3961,9,-0.006642833518746805,0.037699111843077518,0.006283185307179584,0.0287014324118708,0.18064548375055714,0.062071538056845996,-2.1826658061685484,-0.0359757849385791,-0.020543261757965996,0,0,0
0.97618959999999999,4294962494,3961,9,-4801,3961,9,-0.0066207643043988086,0.037699111843077518,0.006283185307179584,0.017370982651709953,0.096372214290313646,0.033114426349035539,-2.8077363098882024,-0.050014466488020111,-0.039224814747763542,0,0,0
0.98092679999999999,4294962496,3961,9,-4799,3961,9,-0.0066649027330948005,0.037699111843077518,0.006283185307179584,0.005148991849796134,0.051413428635962176,0.017666152100523903,-2.9890655259781322,-0.06495979411791078,-0.058644387588080243,0,0,0
0.98563809999999996,4294962500,3962,8,-4795,3962,8,-0.0067531795904867851,0.03691371367968007,0.0070685834705770355,-0.0054895152178912523,-0.045851067392568869,0.082704201053050902,0.55203412931781415,-0.062199623471321706,-0.071544354827936696,0,0,0
0.9917089,4294962510,3964,7,-4785,3964,7,-0.0069738717339667454,0.035342917352885174,0.0070685834705770355,-0.023519693621814847,-0.17102003700178509,0.044121706345006943,0.053351941474026443,-0.061932863763951573,-0.078622461906280749,0,0,0
0.99668959999999995,4294962521,3966,7,-4774,3966,7,-0.0072166330917947013,0.033772121026090278,0.0054977871437821395,-0.035197689343276682,-0.23779619166244617,-0.12302063369035401,-6.4322836038767921,-0.094094281783335537,-0.098211557878722627,0,0,0
1.0006987000000001,4294962532,3968,6,-4763,3968,6,-0.0074593944496226579,0.032201324699295375,0.0054977871437821325,-0.041427760988489506,-0.27342047494276722,-0.065630043032285479,-3.6038622588819704,-0.11211359307774539,-0.11941879567967718,0,0,0
1.0066719,4294962553,3971,4,-4742,3971,4,-0.0079228479509305741,0.029845130209103034,0.0062831853071795875,-0.065342532645061305,-0.36570512511849046,0.038266672916496706,2.0512608650552195,-0.1018572887524693,-0.12312698615194471,0,0,0
1.0116464999999999,4294962574,3975,2,-4721,3975,2,-0.008386301452238492,0.026703537555513242,0.006283185307179584,-0.078100778525005576,-0.48821740626976451,0.020414814286629127,2.4794752604386874,-0.089459912450275861,-0.12166594031898291,0,0,0
1.0166451999999999,4294962597,3979,0,-4698,3979,0,-0.0088938933822423991,0.023561944901923447,0.0062831853071795875,-0.089025371290609029,-0.55357624927637472,0.01089106030375348,3.0143017133111005,-0.074388403883720353,-0.11303466087933434,0,0,0
1.0215783000000001,4294962620,3983,4294967295,-4675,3983,-1,-0.009401485312246308,0.020420352248333658,0.0047123889803846915,-0.094853511431078646,-0.58844441366789368,-0.14074878761262646,-2.8678135636273687,-0.0887274717018572,-0.11291259713442466,0,0,0
1.0265628,4294962642,3987,4294967293,-4653,3987,-3,-0.0098870080279022214,0.01727875959474386,0.0047123889803846863,-0.095903644526508625,-0.60704616412897683,-0.0750878020268477,0.33452068323481843,-0.08705486828568311,-0.11003333497731303,0,0,0
1.0311967,4294962662,3990,4294967292,-4633,3990,-4,-0.010328392314862142,0.014922565104551517,0.0039269908169872417,-0.09234565750153978,-0.54369045718139519,-0.11333796745954634,-1.3894566169098672,-0.094002151370232448,-0.11237153694157333,0,0,0
1.0357616000000001,4294962682,3993,4294967290,-4613,3993,-6,-0.010769776601822063,0.012566370614359173,0.0047123889803846897,-0.090447513795462245,-0.50989094202220275,0.012815063383878035,4.1246362994574746,-0.07337896987294508,-0.10439252328007594,0,0,0
1.0418073000000001,4294962708,3997,4294967289,-4587,3997,-7,-0.01134357617486996,0.0094247779607693795,0.0031415926535897929,-0.10178953830941428,-0.56513882249213765,-0.13972235488215751,-1.5905739211357899,-0.081331839478624032,-0.098258896712273405,0,0,0
1.0467957999999999,4294962729,4000,4294967288,-4566,4000,-8,-0.011807029676177876,0.0070685834705770346,0.0023561944901923449,-0.097544822002867709,-0.52133338948885544,-0.14781973168085288,-2.0375340901844452,-0.091519509929546258,-0.099229892068821005,0,0,0
1.0517778,4294962748,4003,4294967286,-4547,4003,-10,-0.012226344748789801,0.0047123889803846897,0.0031415926535897929,-0.091162095877823701,-0.49796371265651523,-0.005580547188000301,4.0564778521218381,-0.07123712066893706,-0.091348209398019867,0,0,0
1.0567724000000001,4294962768,4005,4294967285,-4527,4005,-11,-0.012667729035749722,0.0031415926535897933,0.0031415926535897933,-0.089816097764137265,-0.41221674908179706,-0.0029771554665700647,4.0701858397757125,-0.050886191470058496,-0.077416247103284028,0,0,0
1.0617658000000001,4294962786,4008,4294967285,-4509,4008,-11,-0.01306497489401365,0.00078539816339744833,0.00078539816339744833,-0.084979803274413096,-0.43975128445947931,-0.22142683486279302,-5.1291470098267133,-0.076531926519192064,-0.080622085696368737,0,0,0
1.0667519999999999,4294962802,4010,4294967284,-4493,4010,-12,-0.013418082323581586,-0.00078539816339744833,0.00078539816339744833,-0.078281477233694538,-0.38116111188518242,-0.11812857944729641,-1.0549856002576834,-0.081806854520480476,-0.083729123291362201,0,0,0
1.0717398,4294962818,4012,4294967283,-4477,4012,-13,-0.013771189753149522,-0.0023561944901923449,0.00078539816339744844,-0.074708000060725602,-0.3499039525618225,-0.063020190352641878,1.2221118294372979,-0.07569629537329399,-0.0835392882703965,0,0,0
1.0767441,4294962835,4014,4294967283,-4460,4014,-13,-0.014146366397065456,-0.0039269908169872417,-0.00078539816339744844,-0.074860702807881707,-0.33322863030147276,-0.18017955963546298,-3.781396202783653,-0.094603276387212248,-0.092245553224832938,0,0,0
1.0817479000000001,4294962853,4016,4294967282,-4442,4016,-14,-0.014543612255329384,-0.0054977871437821377,-0.000785398163397448,-0.077001278167686815,-0.32433254446046966,-0.096123649323558713,-0.11021128825934356,-0.095154332828508964,-0.096860764577923406,0,0,0
1.0867488000000001,4294962871,4018,4294967281,-4424,4018,-15,-0.014940858113593311,-0.0070685834705770346,-0.000785398163397448,-0.078143249630225883,-0.31958658860697042,-0.051280822186335957,1.9523303615661534,-0.085392681020678193,-0.096855458864678959,0,0,0
1.0917536000000001,4294962890,4021,4294967281,-4405,4021,-15,-0.015360173186205237,-0.0094247779607693795,-0.0031415926535897929,-0.080811588068577134,-0.39033419697030147,-0.24719626581382179,-6.0020493655175633,-0.11540292784826602,-0.11111666411525754,0,0,0
1.0967152,4294962910,4023,4294967280,-4385,4023,-16,-0.015801557473165157,-0.010995574287564275,-0.003141592653589792,-0.084294225111158749,-0.35479768421329883,-0.13187626397386465,-1.1111544561547939,-0.12095870012903999,-0.12138923671296011,0,0,0
1.1017015999999999,4294962931,4026,4294967279,-4364,4026,-17,-0.016265010974473075,-0.013351768777756621,-0.0039269908169872417,-0.088211280761689548,-0.40911889715054806,-0.14363393561966065,-1.1835367428091299,-0.12687638384308564,-0.13218892759636972,0,0,0
1.1067121,4294962955,4029,4294967277,-4340,4029,-19,-0.016794672118824978,-0.015707963267948967,-0.0031415926535897937,-0.096478314091550471,-0.43809861734619449,-0.0033474748376181862,5.3642282795241023,-0.10005524244546513,-0.12683882680098002,0,0,0
1.11168,4294962981,4033,4294967276,-4314,4033,-20,-0.017368471691872875,-0.018849555921538759,-0.0047123889803846897,-0.10500689844712605,-0.52683847224574099,-0.14834487654513043,-0.001811612457047751,-0.10006430050775036,-0.12397081062455632,0,0,0
1.1166602999999999,4294963006,4037,4294967275,-4289,4037,-21,-0.017920202050572775,-0.021991148575128551,-0.006283185307179584,-0.10749768637197074,-0.57418012803980156,-0.22569926359524087,-2.8961934996161371,-0.11454526800583105,-0.1280318899888811,0,0,0
1.1216410000000001,4294963031,4041,4294967273,-4264,4041,-23,-0.018471932409272678,-0.025132741228718346,-0.0062831853071795875,-0.10882649206730922,-0.59943633761846737,-0.12040786929609311,1.9512723593918038,-0.10478890620887203,-0.12494641165848951,0,0,0
1.1266832,4294963056,4045,4294967272,-4239,4045,-24,-0.019023662767972578,-0.028274333882308138,-0.00785398163397448,-0.10953539408114601,-0.61291022465478617,-0.21079520292715348,-1.629673771976619,-0.11293727506875513,-0.12720402355743227,0,0,0
1.1316413999999999,4294963081,4048,4294967270,-4214,4048,-26,-0.019575393126672478,-0.030630528372500482,-0.0070685834705770355,-0.10991358486327846,-0.54681886363735221,-0.039177211128752165,5.6883543616307968,-0.084495503260601151,-0.11515354825845787,0,0,0
1.1366590999999999,4294963106,4052,4294967268,-4189,4052,-28,-0.020127123485372378,-0.033772121026090278,-0.0070685834705770355,-0.11011534514170654,-0.58483942890256579,-0.02090057557935112,7.0045635387421266,-0.049472685566890516,-0.092439606138272581,0,0,0
1.1416317,4294963128,4056,4294967267,-4167,4056,-29,-0.020612646201028293,-0.03691371367968007,-0.0086393797973719315,-0.10404565105934149,-0.60512294768810881,-0.15770924675256734,1.3873818766458932,-0.042535776183661049,-0.075675841167683264,0,0,0
1.1466223,4294963147,4058,4294967266,-4148,4058,-30,-0.021031961273640216,-0.038484510006474966,-0.0086393797973719315,-0.09463021076167133,-0.46938492482158467,-0.084136004997442934,3.9302682325767266,-0.022884435020777416,-0.054462019561903476,0,0,0
1.1515903999999999,4294963161,4060,4294967265,-4134,4060,-31,-0.021340930274512161,-0.040055306333269862,-0.008639379797371928,-0.079311634176881862,-0.39697030611404227,-0.04488555669811703,5.137169488227161,0.0028014124203583901,-0.030425388226506263,0,0,0
1.1566004999999999,4294963172,4061,4294967265,-4123,4061,-31,-0.021583691632340116,-0.040840704496667317,-0.009424777960769383,-0.064962025208267701,-0.28505845012064901,-0.097225429252457585,2.1959970909830036,0.013781397875273408,-0.0097711962264160051,0,0,0
1.1615622999999999,4294963178,4062,4294967265,-4117,4062,-31,-0.021716106918428093,-0.041626102660064758,-0.010210176124166824,-0.047011128398094792,-0.22535480769626987,-0.12514812794942307,0.33204839787466778,0.015441639864646747,0.0041587333367802907,0,0,0
1.1665672,4294963180,4062,4294967265,-4115,4062,-31,-0.021760245347124084,-0.041626102660064758,-0.010210176124166824,-0.029198097674579548,-0.12022410617608568,-0.066765035883362855,1.9293374400683199,0.025088327064988349,0.017346126182292365,0,0,0
1.1713511999999999,4294963179,4061,4294967266,-4116,4061,-30,-0.02173817613277609,-0.040840704496667317,-0.010995574287564282,-0.013517727129182588,0.0091413903850022793,-0.10889787083706225,-0.90629379620155914,0.020556858083980552,0.022908133075093557,0,0,0
1.1761231000000001,4294963177,4060,4294967266,-4118,4060,-30,-0.021694037704080096,-0.040055306333269862,-0.010210176124166827,-0.0030933259165965158,0.078156342198431081,0.015183802055267787,3.759149859443665,0.039352607381198876,0.03587537772073212,0,0,0
1.1807657,4294963174,4059,4294967267,-4121,4059,-29,-0.021627830061036107,-0.039269908169872414,-0.010995574287564275,0.0045270782497942473,0.11497499709812103,-0.065179141718047007,-0.13248161630224287,0.038690199299687658,0.043608514199580992,0,0,0
1.1867664,4294963168,4057,4294967268,-4127,4057,-28,-0.021495414774948134,-0.037699111843077518,-0.010995574287564275,0.014769803910026384,0.20789683030911571,-0.034772295894117393,0.33176185474632525,0.040349008573419283,0.048969794509126981,0,0,0
1.1917519000000001,4294963161,4055,4294967269,-4134,4055,-27,-0.021340930274512161,-0.036128315516282622,-0.010995574287564275,0.022293286332794572,0.25746952172953519,-0.018550605759407698,0.42720223942639368,0.042485019770551254,0.053451817716706762,0,0,0
1.1967456999999999,4294963152,4054,4294967269,-4143,4054,-27,-0.021142307345380196,-0.035342917352885174,-0.010210176124166827,0.030425195134315842,0.21063644295364609,0.063382992036846955,3.8107339860282008,0.061538689700692262,0.063818378252779945,0,0,0
1.2017309,4294963142,4051,4294967270,-4153,4051,-26,-0.020921615201900237,-0.03298672286269283,-0.009424777960769383,0.036822581900486803,0.33221059174161177,0.10709359072139676,4.9073941839952759,0.08607566062066864,0.080381834654914039,0,0,0
1.2067215,4294963130,4049,4294967272,-4165,4049,-24,-0.020656784629724284,-0.031415926535897934,-0.010995574287564275,0.044353732079784353,0.32378943301251228,-0.089425883301983838,-3.8776322484765826,0.066687499378285719,0.081566475769606919,0,0,0
1.2116944000000001,4294963116,4046,4294967273,-4179,4046,-23,-0.02034781562885234,-0.029059732045705586,-0.010210176124166827,0.052489731538099424,0.39257636440936716,0.025571875515105869,0.25412101040186452,0.067958104430295041,0.084507165457364697,0,0,0
1.2166923999999999,4294963100,4043,4294967274,-4195,4043,-22,-0.019994708199284401,-0.026703537555513242,-0.009424777960769383,0.06094841088367571,0.42927337313228964,0.086921810346189843,2.296939219321593,0.079442800526903001,0.090045333676221778,0,0,0
1.2216496999999999,4294963083,4040,4294967276,-4212,4040,-20,-0.019619531555368469,-0.024347343065320895,-0.010210176124166826,0.067520125843619383,0.44885079026463548,-0.02690776861624479,-3.0969851549252549,0.063957874752276725,0.085113330549336674,0,0,0
1.2266602,4294963066,4037,4294967277,-4229,4037,-19,-0.019244354911452537,-0.021991148575128551,-0.0094247779607693778,0.071026057512794574,0.45929510915906457,0.058924545177415466,0.15084278969882403,0.064712088700770845,0.082913249780367668,0,0,0
1.2316503000000001,4294963049,4034,4294967278,-4246,4034,-18,-0.018869178267536604,-0.019634954084936207,-0.0086393797973719315,0.072896430306478688,0.46486702890880027,0.10471506241712769,1.8230243944435216,0.073827210672988447,0.084468615331461328,0,0,0
1.2366395999999999,4294963033,4031,4294967279,-4262,4031,-17,-0.018516070837968669,-0.01727875959474386,-0.00785398163397448,0.07183514165508921,0.46783958173979995,0.12914375804941652,2.7054014892080049,0.087354218119028465,0.091284659274262228,0,0,0
1.2416195000000001,4294963016,4028,4294967281,-4279,4028,-15,-0.018140894194052737,-0.014922565104551517,-0.0086393797973719315,0.073328067061083552,0.46942540327527693,-0.0043828623339027956,-3.3076043998532243,0.070816196119762337,0.087360883587158628,0,0,0
1.2466069,4294962999,4025,4294967282,-4296,4025,-14,-0.017765717550136804,-0.012566370614359173,-0.0078539816339744835,0.074124524986068877,0.47027142017904988,0.07094131443198809,-0.39004907079722662,0.068865950765776202,0.085446661957464753,0,0,0
1.2515780999999999,4294962981,4022,4294967283,-4314,4022,-13,-0.017368471691872875,-0.010210176124166829,-0.0070685834705770355,0.07660853606682444,0.47072276012207448,0.11112586570783206,1.0551519786117023,0.074141710658834709,0.085283133883522044,0,0,0
1.2565892999999999,4294962964,4019,4294967284,-4331,4019,-12,-0.016993295047956943,-0.0078539816339744835,-0.0062831853071795866,0.07587461613382511,0.47096354460671208,0.13256384525933471,1.8162239595820391,0.083222830456744903,0.08903385890227411,0,0,0
1.2615782,4294962947,4016,4294967285,-4348,4016,-11,-0.01661811840404101,-0.0054977871437821377,-0.0054977871437821377,0.075483078589755587,0.47109200026178566,0.14400075204711599,2.1617508722676915,0.094031584818083366,0.09605800812689605,0,0,0
1.2665576000000001,4294962929,4013,4294967287,-4366,4013,-9,-0.016220872545777081,-0.0031415926535897933,-0.0062831853071795866,0.077333308235500206,0.47116052982400064,0.0035431670332820991,-4.1378718862459181,0.073342225386853782,0.090923289723906162,0,0,0
1.2715278999999999,4294962911,4011,4294967288,-4384,4011,-8,-0.015823626687513154,-0.0015707963267948967,-0.0062831853071795866,0.078320383717288333,0.397917570237313,0.0018902374170025947,-4.2102730570159652,0.052290860101773959,0.079928399009681045,0,0,0
1.2765537,4294962893,4008,4294967289,-4402,4008,-7,-0.015426380829249225,0.00078539816339744833,-0.0054977871437821386,0.078846976731830637,0.43212284283356528,0.074287938443322682,-1.516070314482183,0.044710508529363042,0.069252302569363211,0,0,0
1.28152,4294962876,4005,4294967290,-4419,4005,-6,-0.015051204185333292,0.0031415926535897933,-0.0047123889803846897,0.077068797571219969,0.45037094841619069,0.1129112497632387,-0.088670804477112064,0.044267154506977484,0.060636127466898254,0,0,0
1.2864994000000001,4294962862,4003,4294967290,-4433,4003,-6,-0.014742235184461348,0.0047123889803846897,-0.0031415926535897937,0.069942829377045837,0.3868265761374774,0.20679584568293499,4.3005272092517108,0.065769790553236035,0.064662555747747485,0,0,0
1.2915299,4294962849,4001,4294967291,-4446,4001,-5,-0.0144553353979374,0.0062831853071795866,-0.0031415926535897929,0.064082099945239376,0.35292641027092425,0.11032312095895945,0.40382438369703788,0.067788912471721224,0.067081768372950074,0,0,0
1.2964709999999999,4294962836,3999,4294967291,-4459,3999,-5,-0.014168435611413451,0.0078539816339744835,-0.001570796326794896,0.060955470588263491,0.334841075495105,0.20541510978764227,4.594717344916404,0.090762499196303248,0.079827704991801252,0,0,0
1.3014490999999999,4294962822,3997,4294967292,-4473,3997,-4,-0.013859466610541507,0.0094247779607693795,-0.001570796326794896,0.06134656132378162,0.32519276476880954,0.10958651480187868,0.49086672982460389,0.09321683284542627,0.088804062027094177,0,0,0
1.3065271000000001,4294962805,3995,4294967292,-4490,3995,-4,-0.013484289966625575,0.010995574287564275,0,0.067732534361878566,0.32004550589718439,0.20502213917501519,4.4186829772667364,0.11531024773175995,0.10447738416964478,0,0,0
1.3114432,4294962788,3992,4294967293,-4507,3992,-3,-0.013109113322709642,0.013351768777756621,0.000785398163397448,0.07113937492773216,0.39057902387942656,0.18265638895191036,3.0612494766492171,0.13061649511500603,0.12267809984733936,0,0,0
1.3164256000000001,4294962767,3989,4294967294,-4528,3989,-2,-0.012645659821401724,0.015707963267948967,0.0015707963267948977,0.081193324848743836,0.42820781574571293,0.17072452755956591,2.0734427515297646,0.14098370887265485,0.13887789102439002,0,0,0
1.3213861,4294962742,3985,0,-4553,3985,0,-0.012093929462701825,0.018849555921538759,0.0015707963267948995,0.09479342845091232,0.52156184738053923,0.091079502310183441,-2.2538684083529823,0.12971436683088994,0.14383004417107598,0,0,0
1.3263951,4294962715,3981,2,-4580,3981,2,-0.011498060675305932,0.021991148575128551,0.0015707963267948925,0.10616714228571578,0.57136511151306113,0.048589829824986851,-4.8696713135506355,0.10536601026313676,0.13718376585251946,0,0,0
1.3313663,4294962687,3976,4,-4608,3976,4,-0.010880122673562042,0.025918139392115794,0.0023561944901923475,0.11429399343078231,0.67121407911724362,0.099201614851791436,-3.6852121575252648,0.086939949475510439,0.12501864983671132,0,0,0
1.336363,4294962659,3971,6,-4636,3971,6,-0.010262184671818154,0.029845130209103034,0.003141592653589792,0.11862957173474524,0.72448231424181608,0.12620239943245376,-3.216325612467787,0.070858321413171499,0.10844531510395208,0,0,0
1.3413523000000001,4294962634,3967,8,-4661,3967,8,-0.0097104543131182521,0.03298672286269283,0.0031415926535897955,0.11476522033974063,0.67962076402219962,0.067327477164337013,-5.8136725119766446,0.041789958853288275,0.08420527249293179,0,0,0
1.3463411000000001,4294962612,3963,9,-4683,3963,9,-0.0092249315974623405,0.036128315516282622,0.004712388980384688,0.10652630410255226,0.6556876612321485,0.18247744585441569,-0.87996256782708748,0.037390146014152838,0.066229548420713477,0,0,0
1.3513082000000001,4294962595,3960,10,-4700,3960,10,-0.0088497549535464081,0.038484510006474966,0.005497787143782136,0.091835389092911973,0.56964011661877989,0.17062906354806939,-0.84906872699253189,0.03314480237919018,0.052263292855450574,0,0,0
1.3563210000000001,4294962581,3958,11,-4714,3958,11,-0.008540785952674464,0.040055306333269862,0.0054977871437821429,0.077820630099875374,0.45045525700790034,0.091028573396922746,-3.5775671347484015,0.015256966705448172,0.03467394993642825,0,0,0
1.3612937000000001,4294962570,3956,12,-4725,3956,12,-0.0082980245948465065,0.041626102660064758,0.005497787143782136,0.06416659228941661,0.38687155376713106,0.048562659856270056,-4.9839898527776372,-0.0096629825584400135,0.01271210066588967,0,0,0
1.3662814999999999,4294962563,3955,13,-4732,3955,13,-0.0081435400944105344,0.042411500823462206,0.004712388980384688,0.048645884671346493,0.27967088600869289,-0.047371918586988929,-8.4705119375142548,-0.052015542246011293,-0.019296217974307139,0,0,0
1.3712831000000001,4294962560,3955,13,-4735,3955,13,-0.0080773324513665461,0.042411500823462206,0.004712388980384688,0.032129330940916564,0.14920108711053512,-0.025272354418295877,-6.7365088238764637,-0.085698086365393611,-0.054199498917022318,0,0,0
1.3762665999999999,4294962563,3956,12,-4732,3956,12,-0.0081435400944105344,0.041626102660064758,0.005497787143782136,0.010963284643541939,0.0063174838592997967,0.059797019176022516,-1.9715344407885098,-0.095555758569336166,-0.080924133247681634,0,0,0
1.3812352999999999,4294962570,3957,12,-4725,3957,12,-0.0082980245948465065,0.040840704496667317,0.0047123889803846949,-0.008564990042472926,-0.069909216887419648,-0.04137852167886201,-5.4549169784014024,-0.12283034346134318,-0.11317011450785519,0,0,0
1.3862395999999999,4294962584,3960,10,-4711,3960,10,-0.0086069935957184523,0.038484510006474966,0.005497787143782136,-0.033396863866062394,-0.25713429254299508,0.051204570749388431,0.072107801055711018,-0.12246980445606463,-0.13268517415795955,0,0,0
1.3912321999999999,4294962602,3964,8,-4693,3964,8,-0.0090042394539823802,0.035342917352885174,0.0054977871437821395,-0.054880813881306667,-0.43029616005089177,0.027317028704230899,0.63362361334463957,-0.11930168638934144,-0.14564143748037481,0,0,0
1.3962045000000001,4294962626,3968,6,-4669,3968,6,-0.0095339005983342846,0.032201324699295375,0.0054977871437821325,-0.07869690694035994,-0.52267595419745072,0.01457330949770037,1.4420599052886325,-0.11209138686289828,-0.14907319639407079,0,0,0
1.4011894,4294962653,3974,3,-4642,3974,3,-0.010129769385730177,0.02748893571891069,0.0054977871437821395,-0.097579839751844311,-0.71851851281612067,0.0077746870648086625,2.9301603644374117,-0.097440585040711222,-0.14299952538800398,0,0,0
1.4061732,4294962681,3979,1,-4614,3979,1,-0.010747707387474067,0.023561944901923447,0.004712388980384688,-0.10971276979436542,-0.74971866627597605,-0.069131816330981866,0.54524213731282334,-0.094714374354147104,-0.13627531328790971,0,0,0
1.4111397000000001,4294962709,3985,4294967294,-4586,3985,-2,-0.011365645389217955,0.018849555921538759,0.0047123889803846897,-0.11618554348209176,-0.8396430958790404,-0.036881000728076117,2.9717661291685111,-0.079855543708304555,-0.12262652456894475,0,0,0
1.4161558999999999,4294962736,3990,4294967292,-4559,3990,-4,-0.011961514176613848,0.014922565104551517,0.0039269908169872417,-0.117579580898101,-0.81433718887841866,-0.092955093967967917,0.98613127552260194,-0.074924887330691539,-0.10997131242289218,0,0,0
1.4211427000000001,4294962760,3994,4294967289,-4535,3994,-7,-0.012491175320965752,0.011780972450961723,0.0054977871437821369,-0.11214595246991538,-0.72755726956731093,0.096968602945868593,9.1467746024447667,-0.029191014318467705,-0.08031943509687442,0,0,0
1.426129,4294962780,3998,4294967288,-4515,3998,-8,-0.012932559607925673,0.0086393797973719298,0.00392699081698724,-0.10101073536118171,-0.68126121606898815,-0.094827443702671529,0.94410102264396212,-0.024470509205247893,-0.060808222193964784,0,0,0
1.4310957,4294962796,4001,4294967286,-4499,4001,-10,-0.01328566703749361,0.0062831853071795866,0.0047123889803846897,-0.08683378859107585,-0.58328330357109903,0.02269020736802986,5.592287956710841,0.0034909305783063123,-0.033939339275810901,0,0,0
1.4361022999999999,4294962807,4002,4294967286,-4488,4002,-10,-0.013528428395321566,0.0054977871437821377,0.0039269908169872409,-0.068975005007588561,-0.38445421547947523,-0.061174563876785555,0.99347900494046915,0.0084583256030086578,-0.015352789951530934,0,0,0
1.4410912,4294962814,4003,4294967285,-4481,4003,-11,-0.013682912895757538,0.0047123889803846897,0.0047123889803846897,-0.051211115593542231,-0.2783812648200899,0.040643617986060004,4.6686622765927988,0.031801636985972652,0.0080649491993432607,0,0,0
1.4460763000000001,4294962817,4003,4294967285,-4478,4003,-11,-0.013749120538801526,0.0047123889803846897,0.0047123889803846897,-0.033497851088806638,-0.14851308956439666,0.021682886174419182,3.0353076594256496,0.046978175283100901,0.029336865602388976,0,0,0
1.4507321,4294962816,4003,4294967286,-4479,4003,-10,-0.013727051324453531,0.0047123889803846897,0.0031415926535897929,-0.015811594370300892,-0.079229964653752025,-0.13499147702949754,-4.411239975829746,0.024921975403952169,0.033181287253859493,0,0,0
1.4565592000000001,4294962812,4001,4294967286,-4483,4001,-10,-0.013638774467061547,0.0062831853071795866,0.0047123889803846897,-0.00019885624683609743,0.10429079598368834,0.07454269318999894,3.323140239519792,0.041537676601551131,0.044630684476268202,0,0,0
1.4610694,4294962807,4000,4294967287,-4488,4000,-9,-0.013528428395321566,0.0070685834705770346,0.0039269908169872417,0.010189463874077192,0.12891741695972658,-0.033511880197294674,-1.7252150316953112,0.032911601443074576,0.047343070469607319,0,0,0
1.4660933,4294962801,3998,4294967288,-4494,3998,-8,-0.013396013109233589,0.0086393797973719298,0.00392699081698724,0.017790619207747119,0.21533494526627428,-0.017878188995328646,-1.7769292152043943,0.024026955367052606,0.046059436978875268,0,0,0
1.4710772000000001,4294962793,3996,4294967289,-4502,3996,-7,-0.013219459394449622,0.010210176124166829,0.0039269908169872426,0.025963965582234849,0.26143766747934621,-0.0095378009192836066,-2.0075301428547938,0.013989304652778638,0.039548299051944985,0,0,0
1.4760659,4294962785,3994,4294967291,-4510,3994,-5,-0.013042905679665654,0.011780972450961723,0.002356194490192344,0.030324348537386699,0.2860329207469009,-0.15164734178966985,-8.6051015809928479,-0.029036203252185602,0.01499148971393956,0,0,0
1.4810585000000001,4294962779,3992,4294967292,-4516,3992,-4,-0.012910490393577678,0.013351768777756621,0.0023561944901923457,0.028532340391115643,0.29915419546251121,-0.080902050890410901,-5.9392123005738888,-0.058732264755055046,-0.013592683279714232,0,0,0
1.4860396,4294962776,3990,4294967292,-4519,3990,-4,-0.012844282750533689,0.014922565104551517,0.0039269908169872417,0.021398994597779827,0.30615423926322388,0.10339875788915338,1.9065933745137267,-0.049199297882486413,-0.029654285969523315,0,0,0
1.4910327999999999,4294962777,3990,4294967293,-4518,3990,-3,-0.012866351964881685,0.014922565104551517,0.002356194490192344,0.0093569985165177921,0.16332964068398623,-0.091397032616558599,-5.6650199323441868,-0.077524397544207341,-0.056043221550401701,0,0,0
1.4960235,4294962782,3990,4294967293,-4513,3990,-3,-0.012976698036621666,0.014922565104551517,0.002356194490192344,-0.0053037040366839599,0.087134418227095611,-0.048759228461999149,-3.3151172906638218,-0.094099983997526448,-0.080362896241850293,0,0,0
1.5010177,4294962790,3990,4294967293,-4505,3990,-3,-0.013153251751405633,0.014922565104551517,0.002356194490192344,-0.019302345044007827,0.046485174448307076,-0.02601246771526692,-1.9080516186874901,-0.1036402420909639,-0.10233161952002888,0,0,0
1.5060091,4294962803,3992,4294967292,-4492,3992,-4,-0.013440151537929582,0.013351768777756621,0.0023561944901923457,-0.037066004626478001,-0.12175975160356972,-0.013877341745986541,-0.20276404128275566,-0.10465406229737767,-0.11756542400348165,0,0,0
1.5110058,4294962820,3995,4294967291,-4475,3995,-5,-0.013815328181845514,0.010995574287564275,0.001570796326794896,-0.05477914651880475,-0.28479593533076653,-0.080682915849502407,-1.8237735923719076,-0.11377293025923721,-0.13194677630591431,0,0,0
1.5160507000000001,4294962842,3998,4294967290,-4453,3998,-6,-0.014300850897501428,0.0086393797973719298,0.00078539816339744627,-0.074524448087771325,-0.37177379776616715,-0.11632289405223233,-2.3741467172143098,-0.12564366384530876,-0.14433154232352829,0,0,0
1.5210461,4294962868,4002,4294967288,-4427,4002,-8,-0.014874650470549323,0.0054977871437821377,0.000785398163397448,-0.093294772380699872,-0.4914549708560304,-0.062056878698117914,1.1327775013707537,-0.11997977633845498,-0.14713833526816139,0,0,0
1.5289147000000001,4294962912,4009,4294967285,-4383,4009,-11,-0.015845695901861148,-0,-0,-0.14037250158586706,-0.77514200930333654,-0.10638612504774808,1.9858411136583527,-0.11005057077016323,-0.12869016568869873,0,0,0
1.5309486999999999,4294962924,4011,4294967285,-4371,4011,-11,-0.016110526474037101,-0.0015707963267948967,-0.0015707963267948967,-0.099596381065374925,-0.56008806945179335,-0.20331476935433662,-3.8514112226568349,-0.12930762688344741,-0.14751817385365804,0,0,0
1.5359558,4294962952,4016,4294967283,-4343,4016,-13,-0.016728464475780989,-0.0054977871437821377,-0.0023561944901923444,-0.11078857057032707,-0.66519791147482366,-0.18174552748549,-2.0021577868190894,-0.13931841581754284,-0.15500857996765205,0,0,0
1.5409778999999999,4294962982,4021,4294967281,-4313,4021,-15,-0.017390540906220872,-0.0094247779607693795,-0.0031415926535897929,-0.12087769090989538,-0.72127276045057753,-0.17023859381459677,-0.75102669609112382,-0.14307354929799845,-0.15986134409779962,0,0,0
1.5459357,4294963012,4026,4294967279,-4283,4026,-17,-0.018052617336660751,-0.013351768777756621,-0.0039269908169872417,-0.12626011646063978,-0.75118802458887446,-0.16409978173620005,0.079872531498404342,-0.14267418664050643,-0.16325242116888106,0,0,0
1.5509179,4294963043,4031,4294967276,-4252,4031,-20,-0.018736762981448628,-0.01727875959474386,-0.0031415926535897903,-0.13119068665586714,-0.76714746174850024,-0.014265760014894727,7.1100443905643083,-0.1071239646876849,-0.14946786365082304,0,0,0
1.5559091,4294963075,4036,4294967274,-4220,4036,-22,-0.019442977840584501,-0.021205750411731103,-0.0039269908169872435,-0.13588019740003043,-0.77566163141367794,-0.080890132370327467,4.889072496566067,-0.082678602204854568,-0.1298591557672667,0,0,0
1.5604924,4294963101,4041,4294967272,-4194,4041,-24,-0.020016777413632399,-0.025132741228718346,-0.004712388980384688,-0.12602733395876142,-0.78020383953557937,-0.11643344159836935,3.5633692232886895,-0.064861756088411118,-0.11191093286074072,0,0,0
1.5664901,4294963132,4046,4294967270,-4163,4046,-26,-0.020700923058420275,-0.029059732045705586,-0.0054977871437821395,-0.13106649996330066,-0.78262705347587069,-0.13539537378949884,3.2726234830974725,-0.048498638672923755,-0.085765199296734179,0,0,0
1.5714446,4294963153,4049,4294967268,-4142,4049,-28,-0.021164376559728193,-0.031415926535897934,-0.0047123889803846915,-0.11316373238854716,-0.63736077067114838,0.0010476997864908577,8.4469952382169584,-0.0062636624818389608,-0.05252238287098332,0,0,0
1.5764028999999999,4294963169,4052,4294967267,-4126,4052,-29,-0.021517483989296128,-0.033772121026090278,-0.0054977871437821395,-0.09331726777624072,-0.55986293875775639,-0.072720583932885427,4.8289731077900981,0.017881203057111529,-0.021725083579182295,0,0,0
1.5813598,4294963180,4053,4294967266,-4115,4053,-30,-0.021760245347124084,-0.034557519189487719,-0.0047123889803846845,-0.072433863941711071,-0.3719597297625471,0.034483953786632243,8.3788356276400275,0.059775381195311665,0.01775335198247454,0,0,0
1.5863387,4294963184,4054,4294967266,-4111,4054,-30,-0.021848522204516069,-0.035342917352885174,-0.0054977871437821395,-0.046879044855498861,-0.27171560548580154,-0.054882740613113393,3.6902903772684756,0.07822683308165404,0.050253332929529243,0,0,0
1.5913318000000001,4294963181,4053,4294967267,-4114,4053,-29,-0.021782314561472081,-0.034557519189487719,-0.0062831853071795805,-0.018832081363972332,-0.071677520398265915,-0.10255880781555439,0.092070113261858211,0.07868718364796333,0.071617944156212782,0,0,0
1.5963122999999999,4294963173,4051,4294967268,-4122,4051,-28,-0.021605760846688114,-0.03298672286269283,-0.0062831853071795875,0.0064261909636271815,0.10831993505261889,-0.054713902606100082,0.61127687533251196,0.081743568024625887,0.087957296131513776,0,0,0
1.6012983999999999,4294963161,4048,4294967269,-4134,4048,-27,-0.021340930274512161,-0.030630528372500482,-0.005497787143782136,0.028137619502820205,0.27762595325438533,0.044090303834544459,3.4200961182976362,0.098844048616114066,0.10621806136151625,0,0,0
1.6062893,4294963145,4045,4294967270,-4150,4045,-26,-0.020987822844944225,-0.028274333882308138,-0.0047123889803846915,0.047956849119937597,0.36794869771508093,0.09680117132033457,4.656004069421396,0.12212406896322105,0.12686615305060089,0,0,0
1.6112709999999999,4294963126,4041,4294967272,-4169,4041,-24,-0.020568507772332299,-0.025132741228718346,-0.004712388980384688,0.064707502883432091,0.4894143255315439,0.051642272103068473,1.5668707084818809,0.12995842250563044,0.14287896730879915,0,0,0
1.61626,4294963101,4036,4294967274,-4194,4036,-22,-0.020016777413632399,-0.021205750411731103,-0.0039269908169872435,0.085998438760570367,0.62749431074054851,0.10083005645589002,2.2466029875407325,0.14119143744333409,0.15597065118404713,0,0,0
1.6212728999999999,4294963074,4031,4294967277,-4221,4031,-19,-0.019420908626236504,-0.01727875959474386,-0.0047123889803846863,0.10147512002464948,0.70115833846758813,-0.019487884948755578,-4.0273805477516316,0.12105453470457594,0.15484664802711656,0,0,0
1.6262736,4294963044,4025,4294967280,-4251,4025,-16,-0.018758832195796625,-0.012566370614359173,-0.0047123889803846897,0.11590907595681012,0.81373673929378509,-0.01039655454071498,-5.0395456773653997,0.095856806317748941,0.14229883204715227,0,0,0
1.6312314000000001,4294963014,4019,4294967282,-4281,4019,-14,-0.018096755765356746,-0.0078539816339744835,-0.0031415926535897937,0.1236094195539516,0.8737959754486424,0.1410126005481834,0.48625747912667805,0.098288093713382332,0.13451364395392709,0,0,0
1.6362190999999999,4294962986,4013,4294967285,-4309,4013,-11,-0.017478817763612854,-0.0031415926535897933,-0.0031415926535897933,0.12359924063489536,0.90583686269728703,0.075228543086242675,-2.9570386135760995,0.083502900645501837,0.12102812961000248,0,0,0
1.6412095,4294962959,4008,4294967287,-4336,4008,-9,-0.016882948976216963,0.00078539816339744833,-0.0023561944901923449,0.12153470004007756,0.84965077518041465,0.11341305113866147,-1.5138395670857898,0.075933702810072889,0.10772502205459122,0,0,0
1.6461924999999999,4294962935,4004,4294967289,-4360,4004,-7,-0.016353287831865057,0.0039269908169872417,-0.0023561944901923449,0.1142559614310065,0.7463966473131437,0.060504512156782188,-3.5911886594658298,0.05797775951274374,0.090608010692773813,0,0,0
1.6511868000000001,4294962914,4000,4294967291,-4381,4000,-5,-0.015889834330557143,0.0070685834705770346,-0.0023561944901923449,0.10419551027673979,0.6913117997399566,0.03227843669292018,-4.7525296650473177,0.034215111187507155,0.069246907447906431,0,0,0
1.6561903,4294962897,3996,4294967293,-4398,3996,-3,-0.015514657686641209,0.010210176124166829,-0.002356194490192344,0.090591938344052519,0.66192468956009276,0.017220161574711092,-5.3737661450221985,0.0073462804623961632,0.044382833237222932,0,0,0
1.6611754000000001,4294962883,3994,4294967294,-4412,3994,-2,-0.015205688685769264,0.011780972450961723,-0.0023561944901923457,0.077157263933500544,0.49968797766351891,0.0091867511267728266,-5.0577875457724488,-0.017942657266466083,0.016572087115936097,0,0,0
1.6661802999999999,4294962874,3992,4294967295,-4421,3992,-1,-0.0150070657566373,0.013351768777756621,-0.0023561944901923457,0.059694473814181519,0.41313662392891876,0.0049010223219510774,-4.7384499407300584,-0.041634906970116375,-0.011908148421003965,0,0,0
1.6711933999999999,4294962870,3992,4294967295,-4425,3992,-1,-0.014918788899245316,0.013351768777756621,-0.0023561944901923457,0.040082731934698107,0.22040346885966189,0.0026146370429325667,-3.7172468605003499,-0.060221141272618128,-0.038805602823122648,0,0,0
1.6761842,4294962871,3992,4294967295,-4424,3992,-1,-0.014940858113593311,0.013351768777756621,-0.0023561944901923457,0.0193245498828379,0.11758262587179845,0.0013948777249301822,-2.9193817004818037,-0.074818049775027151,-0.063115075491845002,0,0,0
1.681155,4294962876,3993,4294967294,-4419,3993,-2,-0.015051204185333292,0.012566370614359173,-0.001570796326794896,1.3865914586672079e-05,-0.01055058867019186,0.07402366994679567,1.2454608989515248,-0.068590745280269524,-0.077041482591114582,0,0,0
1.6861626000000001,4294962885,3995,4294967293,-4410,3995,-3,-0.015249827114465256,0.010995574287564275,-0.0015707963267948977,-0.018524595064181644,-0.15218765199358225,0.039490746375473736,0.97818373808699866,-0.063699826589834529,-0.08502150676258427,0,0,0
1.6911476999999999,4294962897,3997,4294967291,-4398,3997,-5,-0.015514657686641209,0.0094247779607693795,0,-0.034591974011673778,-0.22774933853372731,0.16762688148364857,7.4627089801504622,-0.026386281689082219,-0.073197403542800549,0,0,0
1.696113,4294962910,4000,4294967290,-4385,4000,-6,-0.015801557473165157,0.0070685834705770346,-0.00078539816339744887,-0.045222839597929346,-0.34134011773767076,0.016147425726249193,2.0528816845315143,-0.016121873266424648,-0.061578993311689915,0,0,0
1.7011107999999999,4294962923,4003,4294967288,-4372,4003,-8,-0.016088457259689104,0.0047123889803846897,0,-0.050894279786186769,-0.40193944570073353,0.081893978618749141,5.5991216884723869,0.011873735175937285,-0.038571560518404935,0,0,0
1.7060858000000001,4294962934,4005,4294967287,-4361,4005,-9,-0.016331218617517063,0.0031415926535897933,0,-0.049801705060516704,-0.36098894620513455,0.04368946232517211,4.0999894001626345,0.032373682176750462,-0.012890878954817045,0,0,0
1.7110675,4294962941,4007,4294967286,-4354,4007,-10,-0.016485703117953034,0.0015707963267948967,0,-0.040982388404861556,-0.3391423424000003,0.023307807856652745,3.199596368353153,0.048371664018516225,0.012526874932994867,0,0,0
1.71608,4294962943,4007,4294967286,-4352,4007,-10,-0.016529841546649025,0.0015707963267948967,0,-0.025981836683904958,-0.1809284008551415,0.012434437920963893,1.867979756452842,0.057711562800780436,0.034105175264895295,0,0,0
1.7210551999999999,4294962941,4007,4294967285,-4354,4007,-11,-0.016485703117953034,0.0015707963267948967,0.0015707963267948967,-0.0097427799300960592,-0.096523147196375378,0.15319266313427993,7.327546618705731,0.094349295894309099,0.065881797478634249,0,0,0
1.7260426,4294962936,4006,4294967286,-4359,4006,-10,-0.016375357046213054,0.0023561944901923449,0.00078539816339744822,0.0050978942467754997,0.021785569748117142,0.0084469421326523741,0.36562155331381674,0.09617740366087818,0.088131003066587527,0,0,0
1.7310406,4294962926,4004,4294967286,-4369,4004,-10,-0.016154664902733092,0.0039269908169872417,0.0023561944901923449,0.023310768497503222,0.1581813806022892,0.15106538161793981,5.4625817585140322,0.12349031245344834,0.11681748615222434,0,0,0
1.7360078000000001,4294962911,4002,4294967287,-4384,4002,-9,-0.015823626687513154,0.0054977871437821377,0.0023561944901923444,0.043322671328409099,0.23094692136770453,0.08059158206930371,1.6396121071867529,0.1316883729893821,0.13854973398759207,0,0,0
1.7410186000000001,4294962891,3998,4294967289,-4404,3998,-7,-0.015382242400553232,0.0086393797973719298,0.0023561944901923431,0.064294334482373372,0.41632550939189183,0.042994649276164705,-1.4561890934090147,0.12440742752233702,0.14969479955660056,0,0,0
1.7460154000000001,4294962865,3992,4294967291,-4430,3992,-5,-0.014808442827505337,0.013351768777756621,0.0039269908169872417,0.087837128601711001,0.66178181703011396,0.16949617195350686,2.0566084046408468,0.13469046954554126,0.15995844623413072,0,0,0
1.7509923999999999,4294962837,3987,4294967294,-4458,3987,-2,-0.014190504825761447,0.01727875959474386,0.0031415926535897903,0.10451514942082879,0.71945031474628207,0.017144669930708442,-5.4997197868077681,0.10719187061150241,0.15272936940004442,0,0,0
1.7559543,4294962807,3981,0,-4488,3981,0,-0.013528428395321566,0.021991148575128551,0.0047123889803846915,0.11753089543623882,0.82349529080098982,0.15570551581775519,-0.77275288381067231,0.10332810619244905,0.1458563044260178,0,0,0
1.7609632,4294962776,3975,3,-4519,3975,3,-0.012844282750533689,0.026703537555513242,0.0047123889803846915,0.12653375119484717,0.87900204646403546,0.083067038405969809,-4.7945707488349427,0.079355252448274335,0.1271824820539422,0,0,0
1.7659425,4294962747,3969,6,-4548,3969,6,-0.012204275534441804,0.031415926535897934,0.0047123889803846915,0.12721844700243448,0.90861423958537402,0.044315275751792199,-7.1457043572250578,0.043626730662149046,0.098058339475196848,0,0,0
1.770907,4294962722,3963,8,-4573,3963,8,-0.011652545175741904,0.036128315516282622,0.0062831853071795875,0.1193472830109196,0.92441199196669754,0.17020071045103347,-2.130875055426519,0.032972355385016451,0.074236130984791815,0,0,0
1.7759427000000001,4294962701,3959,10,-4594,3959,10,-0.011189091674433988,0.039269908169872414,0.006283185307179584,0.10691166970753872,0.78628086614410575,0.090800052120871125,-5.0451280326348034,0.0077467152218424346,0.045159388438891029,0,0,0
1.7809086000000001,4294962686,3955,12,-4609,3955,12,-0.010858053459214046,0.042411500823462206,0.006283185307179584,0.087922756528447166,0.71258955550874625,0.048440746476936219,-6.499954077970207,-0.024753055168008603,0.012304964982911268,0,0,0
1.7858753999999999,4294962676,3953,13,-4619,3953,13,-0.010637361315734086,0.043982297150257102,0.006283185307179584,0.067496846171035602,0.52671708028385278,0.025842561369008792,-6.5266901072382115,-0.057386505704199661,-0.023610897255582561,0,0,0
1.7908888000000001,4294962673,3952,14,-4622,3952,14,-0.010571153672690098,0.04476769531365455,0.005497787143782136,0.042186094406617587,0.35427680899772901,-0.059492820558359805,-9.1245999391204986,-0.10300950539980216,-0.066469913830929095,0,0,0
1.7958573,4294962677,3952,14,-4618,3952,14,-0.010659430530082082,0.04476769531365455,0.005497787143782136,0.014269337924692925,0.18900245855004585,-0.031738711273304916,-6.7633258641842016,-0.13682613472072316,-0.10832766855621079,0,0,0
1.8008377,4294962687,3953,13,-4608,3953,13,-0.010880122673562042,0.043982297150257102,0.006283185307179584,-0.012978580776628168,0.027551041531372347,0.056347294801129877,-1.6622140590634586,-0.14513720501604047,-0.14060186438777142,0,0,0
1.8068392,4294962709,3956,11,-4586,3956,11,-0.011365645389217955,0.041626102660064758,0.007068583470577039,-0.052224344063449377,-0.2051404053219075,0.10334013003362008,2.5131792445483274,-0.13257130879329881,-0.15296944615310948,0,0,0
1.8108301,4294962728,3960,10,-4567,3960,10,-0.01178496046182988,0.038484510006474966,0.005497787143782136,-0.066984160614586966,-0.40255804040890764,-0.091428309879292291,-4.3728403288220692,-0.15443551043740916,-0.17786009992200655,0,0,0
1.8157988,4294962757,3964,7,-4538,3964,7,-0.012424967677921764,0.035342917352885174,0.0070685834705770355,-0.095449449598514549,-0.5078779976991914,0.097783124074844824,5.2243699759701814,-0.12831366055755825,-0.1769077518854682,0,0,0
1.8217785,4294962797,3971,4,-4498,3971,4,-0.013307736251841605,0.029845130209103034,0.0062831853071795875,-0.13328555517083393,-0.78390349854383268,-0.021113387088403525,2.785763133454112,-0.11438484489028769,-0.16248687428659456,0,0,0
1.8267807,4294962831,3977,1,-4464,3977,1,-0.01405808953967347,0.025132741228718346,0.0062831853071795875,-0.14111600533060814,-0.85788029678988886,-0.011263740574259943,4.2826616411922869,-0.092971536684326256,-0.144223991246266,0,0,0
1.8317508,4294962863,3982,4294967294,-4432,3982,-2,-0.014764304398809344,0.021205750411731103,0.0070685834705770337,-0.14117523671328891,-0.82406651837919231,0.0672704478345095,8.12425803599875,-0.052350246504332502,-0.11291875000856637,0,0,0
1.8367230000000001,4294962890,3986,4294967292,-4405,3986,-4,-0.015360173186205237,0.018064157758141311,0.0070685834705770355,-0.13091128463696461,-0.73274775099027489,0.035887982802076279,6.7345646288400891,-0.018677423360132055,-0.078402010671603878,0,0,0
1.8417565,4294962912,3989,4294967290,-4383,3989,-6,-0.015845695901861148,0.015707963267948967,0.0078539816339744835,-0.11514003712311249,-0.61075075680315183,0.092425330730207006,8.7821888478714563,0.02523352087922523,-0.035436004600381751,0,0,0
1.8467087,4294962927,3991,4294967289,-4368,3991,-7,-0.01617673411708109,0.014137166941154069,0.0078539816339744835,-0.092312492553777853,-0.47238729396339429,0.049307813259722021,6.2315658601271506,0.05639135017986098,0.0062134841893349314,0,0,0
1.8517017,4294962933,3991,4294967289,-4362,3991,-7,-0.016309149403169066,0.014137166941154069,0.0078539816339744835,-0.061602277012700553,-0.25201299571222308,0.026305131171805694,3.8181445516130674,0.075482072937926317,0.041134749975062043,0,0,0
1.8567316,4294962933,3989,4294967290,-4362,3989,-6,-0.016309149403169066,0.015707963267948967,0.0078539816339744835,-0.032864081170370971,0.012113106571369908,0.014033474214747696,1.5281858471818872,0.083123002173835753,0.068653754488842228,0,0,0
1.8616828000000001,4294962927,3987,4294967291,-4368,3987,-5,-0.01617673411708109,0.01727875959474386,0.00785398163397448,-0.0051779343527203602,0.15302123668597692,0.0074866913702016447,-0.098345926117643534,0.082631272543247536,0.087290222590070576,0,0,0
1.8666609000000001,4294962916,3983,4294967293,-4379,3983,-3,-0.015933972759253134,0.020420352248333658,0.0078539816339744852,0.019887846576299252,0.37475308462407037,0.0039940606876775978,-2.020450460444875,0.072529020241023159,0.095173093497922107,0,0,0
1.8716577999999999,4294962901,3978,4294967295,-4394,3978,-1,-0.015602934544033192,0.024347343065320895,0.008639379797371928,0.041496583246712425,0.56632390420668266,0.075410303103987664,-0.61484457928896052,0.069454797344578351,0.098278878582311463,0,0,0
1.8766423999999999,4294962884,3973,1,-4411,3973,1,-0.01522775790011726,0.028274333882308138,0.0094247779607693795,0.057142807449342671,0.66852465505456937,0.11351001794356522,-0.12676900825156689,0.068820952303320512,0.098501565228985621,0,0,0
1.8816174000000001,4294962866,3968,4,-4429,3968,4,-0.014830512041853332,0.032201324699295375,0.008639379797371928,0.067548991994707902,0.72304753853248527,-0.012723276499587842,-6.4505055418284476,0.036568424594178271,0.082458243825031294,0,0,0
1.8865985000000001,4294962848,3963,6,-4447,3963,6,-0.014433266183589403,0.036128315516282622,0.0094247779607693795,0.073100567523356696,0.75213484755990212,0.066491802799827915,-3.7990967884667799,0.017572940651844372,0.063047313864946067,0,0,0
1.8916054,4294962832,3958,8,-4463,3958,8,-0.014080158754021467,0.040055306333269862,0.010210176124166827,0.071944046429242098,0.76765258052791518,0.10875210424090326,-2.4439051006335584,0.00535341514867658,0.043076502625563812,0,0,0
1.8965658000000001,4294962820,3953,11,-4475,3953,11,-0.013815328181845514,0.043982297150257102,0.009424777960769383,0.063090615147553916,0.77593110626708195,-0.015261566798396534,-8.0509115811099576,-0.034901142756873213,0.010966525199073388,0,0,0
1.9015679999999999,4294962812,3950,12,-4483,3950,12,-0.013638774467061547,0.046338491640449446,0.010210176124166824,0.050130973942597107,0.63378856257668459,0.065137655153680432,-4.1137125112130946,-0.055469705312938683,-0.018915264043120831,0,0,0
1.9065753999999999,4294962809,3947,14,-4486,3947,14,-0.013572566824017558,0.04869468613064179,0.009424777960769376,0.032921608381335933,0.5579572082804608,-0.038529355985929457,-8.1905934425315738,-0.096422672525596553,-0.058112068185244004,0,0,0
1.9115413999999999,4294962812,3945,15,-4483,3945,15,-0.013638774467061547,0.050265482457436693,0.009424777960769376,0.011385955222845814,0.44422256454009879,-0.02055495257590308,-6.7692786710240167,-0.13026906588071663,-0.098574857118599257,0,0,0
1.9165304999999999,4294962820,3945,15,-4475,3945,15,-0.013815328181845514,0.050265482457436693,0.009424777960769376,-0.010398610584680331,0.23698744797609173,-0.010965822412186691,-5.157619608471796,-0.15605716392307561,-0.13862330232223591,0,0,0
1.9215316,4294962837,3946,15,-4458,3946,15,-0.014190504825761447,0.049480084294039245,0.008639379797371928,-0.040552409377071851,0.053150461941300339,-0.079129654957938514,-6.6758888563990251,-0.18943660820507074,-0.17940265219392423,0,0,0
1.9265219,4294962862,3948,14,-4433,3948,14,-0.014742235184461348,0.047909287967244349,0.008639379797371935,-0.073111984035735308,-0.11820390010235934,-0.042214728572207628,-3.583419740187364,-0.20735370690600757,-0.21301227169650697,0,0,0
1.9315374000000001,4294962895,3952,12,-4400,3952,12,-0.015470519257945216,0.04476769531365455,0.008639379797371928,-0.10695501146888889,-0.35617845019319982,-0.022521054961916753,-0.72284282512892939,-0.21096792103165221,-0.23565457088310149,0,0,0
1.9364125000000001,4294962935,3957,9,-4360,3957,9,-0.016353287831865057,0.040840704496667317,0.009424777960769383,-0.13942363540999053,-0.55641455794144212,0.061264804671026858,4.9019457483358524,-0.18645819228997296,-0.23809779775779616,0,0,0
1.9413936000000001,4294962981,3964,6,-4314,3964,6,-0.017368471691872875,0.035342917352885174,0.0086393797973719315,-0.16909992119300765,-0.8097971754155997,-0.040595475597001898,2.8860670966864261,-0.17202785680654081,-0.23094914854548926,0,0,0
1.9463766,4294963028,3970,3,-4267,3970,3,-0.01840572476622869,0.030630528372500482,0.0086393797973719315,-0.18699097650878427,-0.87169426503553793,-0.021657202783180011,4.9652565405168136,-0.14720157410395673,-0.21251688905288091,0,0,0
1.9513696,4294963075,3977,0,-4220,3977,0,-0.019442977840584501,0.025132741228718346,0.007853981633974487,-0.19653564145680297,-0.97799514451299041,-0.08483337906318833,3.548172044176169,-0.1294607138830759,-0.18949526407757267,0,0,0
1.9563583,4294963118,3982,4294967293,-4177,3982,-3,-0.020391954057548331,0.021205750411731103,0.0086393797973719298,-0.1933911654891432,-0.88814635920268836,0.028021921834788216,8.5299406115626368,-0.086811010825262713,-0.15360768144209735,0,0,0
1.9613438999999999,4294963155,3987,4294967291,-4140,3987,-5,-0.021208514988424184,0.01727875959474386,0.00785398163397448,-0.1793589634313506,-0.84021310224064094,-0.058330157703671892,4.8632459062438311,-0.062494781294043553,-0.12020322731980766,0,0,0
1.9663382,4294963186,3989,4294967290,-4109,3989,-6,-0.02189266063321206,0.015707963267948967,0.0078539816339744835,-0.15951828916541028,-0.59480272260812717,-0.031118444486374609,4.9051662732957864,-0.037968949927564624,-0.086541577447492385,0,0,0
1.9713233999999999,4294963210,3991,4294967289,-4085,3991,-7,-0.022422321777563967,0.014137166941154069,0.0078539816339744835,-0.13451975388626902,-0.46387920764403495,-0.01660131954676046,4.6788281487810766,-0.014574809183659242,-0.054445233394130203,0,0,0
1.9763314000000001,4294963226,3991,4294967289,-4069,3991,-7,-0.022775429207131902,0.014137166941154069,0.0078539816339744835,-0.10471045091836093,-0.24747403298286974,-0.0088566062745946573,3.5580923987392548,0.0032156528100370334,-0.027468576762820881,0,0,0
1.9813295,4294963237,3990,4294967290,-4058,3990,-6,-0.023018190564959858,0.014922565104551517,0.0070685834705770337,-0.078511991467652115,-0.058744930158630929,-0.078004413266996156,-0.82614912312644151,-0.00091509280559517407,-0.011976671036006893,0,0,0
1.9863280999999999,4294963242,3987,4294967291,-4053,3987,-5,-0.02312853663669984,0.01727875959474386,0.00785398163397448,-0.052180763769442202,0.18849883722444263,0.031665093761525528,2.0627684016549761,0.0093987492026797077,0.0017666680422777194,0,0,0
1.9913417,4294963243,3984,4294967293,-4052,3984,-3,-0.023150605851047834,0.019634954084936207,0.0070685834705770337,-0.029896926317755961,0.32040044271981188,-0.05638656886695978,-3.0276367051711386,-0.0057394343231759858,0.0015532271048567649,0,0,0
1.9963424000000001,4294963243,3980,4294967295,-4052,3980,-1,-0.023150605851047834,0.022776546738526002,0.0070685834705770355,-0.015949654150750996,0.46404789773940519,-0.030081562988011245,-3.2006636182264323,-0.021742752414308147,-0.0054020156727683493,0,0,0
2.0013149000000001,4294963242,3977,0,-4053,3977,0,-0.02312853663669984,0.025132741228718346,0.007853981633974487,-0.0064498402837270029,0.46740258501588583,0.057231363676506428,-0.0082378820993032065,-0.021783941824804663,-0.011259603678813009,0,0,0
2.0063019,4294963243,3973,2,-4052,3973,2,-0.023150605851047834,0.028274333882308138,0.00785398163397448,-0.0055000232435284567,0.54247179001924006,0.030532250958319473,-1.7964667049494054,-0.030766275349551689,-0.019869278849129483,0,0,0
2.0112464000000001,4294963244,3970,4,-4051,3970,4,-0.023172675065395831,0.030630528372500482,0.0070685834705770355,-0.0049933071638674567,0.50924079760418928,-0.056990927011548329,-5.787411491516476,-0.059703332807134066,-0.039940865009515276,0,0,0
2.0162469000000001,4294963248,3967,5,-4047,3967,5,-0.023260951922787813,0.03298672286269283,0.0078539816339744835,-0.010900310957965578,0.49151245889562123,0.042875538431113677,-1.6349120694327137,-0.067877893154297639,-0.055732972382076716,0,0,0
2.0212211,4294963254,3964,7,-4041,3964,7,-0.02339336720887579,0.035342917352885174,0.0070685834705770355,-0.018169847661588412,0.4820546013197704,-0.05040593013989892,-5.746720683842824,-0.096611496573511757,-0.080775749597102445,0,0,0
2.0261923999999998,4294963264,3963,8,-4031,3963,8,-0.023614059352355752,0.036128315516282622,0.0062831853071795875,-0.030284499971603596,0.33044990835178412,-0.10017048274202318,-7.2805204186822943,-0.13301409866692324,-0.11288457220585009,0,0,0
2.0311674000000002,4294963280,3962,8,-4015,3962,8,-0.023967166781923687,0.03691371367968007,0.0070685834705770355,-0.049102184283029621,0.24957061009984033,0.019839759670300744,-1.5627262268541389,-0.14082772980119393,-0.13566973992386649,0,0,0
2.0361505000000002,4294963301,3962,8,-3994,3962,8,-0.024430620283231605,0.03691371367968007,0.0070685834705770355,-0.06943674607869077,0.13314294837460583,0.010584275514215001,-1.0485493489674895,-0.14607047654603136,-0.15364432044090021,0,0,0
2.0411470999999999,4294963328,3963,8,-3967,3963,8,-0.025026489070627496,0.036128315516282622,0.0062831853071795875,-0.0926396542105557,-0.0022493419214072163,-0.067632934352356122,-3.3018864389762466,-0.1625799087409126,-0.1713233634954395,0,0,0
2.0461415000000001,4294963360,3966,7,-3935,3966,7,-0.02573270392976337,0.033772121026090278,0.0054977871437821395,-0.11531368069119005,-0.22103855500391376,-0.10936088433454537,-3.5886186235308233,-0.18052300185856673,-0.18807831220529472,0,0,0
2.0511363,4294963395,3968,6,-3900,3968,6,-0.026505126431943232,0.032201324699295375,0.0054977871437821325,-0.13358733458385477,-0.26448047535060842,-0.058342729423672197,-0.68869727749511944,-0.18396648824604234,-0.19901125354315133,0,0,0
2.0561368,4294963434,3972,5,-3861,3972,5,-0.027365825791515076,0.029059732045705586,0.00392699081698724,-0.15157255236719436,-0.43421526109373138,-0.17768418993331331,-4.5045188689668958,-0.20648908259087681,-0.21465544448461468,0,0,0
2.0611641000000001,4294963476,3976,3,-3819,3976,3,-0.028292732794130911,0.025918139392115794,0.0039269908169872435,-0.16734478265844827,-0.52476674793158773,-0.094792399304592032,0.0067136940673497847,-0.20645551412054006,-0.22237029820229315,0,0,0
2.0661209,4294963520,3980,1,-3775,3980,1,-0.029263778225442735,0.022776546738526002,0.0039269908169872435,-0.17987730021421947,-0.5730748877901769,-0.050570616154952432,2.7242692179683261,-0.19283416803069842,-0.22116095705653219,0,0,0
2.0710951999999998,4294963565,3985,4294967295,-3730,3985,-1,-0.030256892871102555,0.018849555921538759,0.003141592653589792,-0.18862235934433433,-0.67212622439951497,-0.10025834076982382,1.5977266126838474,-0.18484553496727918,-0.21712914987989115,0,0,0
2.0761172999999999,4294963610,3990,4294967293,-3685,3990,-3,-0.031250007516762379,0.014922565104551517,0.002356194490192344,-0.19328774424613845,-0.72496893288725295,-0.12676615012527165,1.1633705981489841,-0.17902868197653427,-0.21139240024643918,0,0,0
2.0810830999999999,4294963654,3994,4294967291,-3641,3994,-5,-0.032221052948074203,0.011780972450961723,0.002356194490192344,-0.19371756126888612,-0.67988036927444295,-0.067628231445299392,3.8843399611294047,-0.15960698217088723,-0.19860927086086846,0,0,0
2.0860634,4294963696,3998,4294967289,-3599,3998,-7,-0.033147959950690038,0.0086393797973719298,0.0023561944901923431,-0.18982864300642932,-0.6558261575426052,-0.036078856097620182,5.4441025766427851,-0.13238646928767331,-0.17890019692506806,0,0,0
2.0910799,4294963736,4001,4294967288,-3559,4001,-8,-0.03403072852460988,0.0062831853071795866,0.0015707963267948969,-0.18363573090074042,-0.56971400275106854,-0.092527159360286854,2.8481066846744509,-0.11814593586430105,-0.15976938042804642,0,0,0
2.0960497999999999,4294963771,4003,4294967287,-3524,4003,-9,-0.034803151026789741,0.0047123889803846897,0.0015707963267948964,-0.1700363347295783,-0.45049467437957325,-0.049362137621201785,4.111500483588534,-0.097588433446358383,-0.13895598795715652,0,0,0
2.1010323,4294963803,4005,4294967286,-3492,4005,-10,-0.035509365885925612,0.0031415926535897933,0.0015707963267948967,-0.15660388803807107,-0.38689258246550073,-0.026334112571711255,4.7407948434762286,-0.073884459228977239,-0.1147728672240439,0,0,0
2.1060354999999999,4294963829,4005,4294967286,-3466,4005,-10,-0.036083165458973505,0.0031415926535897933,0.0015707963267948967,-0.13708317611761195,-0.20640258527682726,-0.014048935446460463,4.1798064553531908,-0.052985426952211284,-0.09181837728525051,0,0,0
2.1110338,4294963851,4005,4294967287,-3444,4005,-9,-0.036568688174629424,0.0031415926535897933,0,-0.11843266772754513,-0.11011332121560323,-0.15405397833722839,-2.6897316833140659,-0.06643408536878162,-0.083556610073579063,0,0,0
2.1159796000000002,4294963868,4004,4294967287,-3427,4004,-9,-0.036943864818545356,0.0039269908169872417,0.00078539816339744844,-0.098187292295045969,0.0145353737530034,-0.0089064435361011079,2.4189868921289905,-0.054339150908136666,-0.073184691274047295,0,0,0
2.1209821999999998,4294963883,4002,4294967288,-3412,4002,-8,-0.037274903033765294,0.0054977871437821377,0.000785398163397448,-0.083268405076697749,0.15431348738081951,-0.0047514815604853171,1.5539495033638395,-0.046569403391317467,-0.064562805965269837,0,0,0
2.1259795000000001,4294963896,4000,4294967289,-3399,4000,-7,-0.037561802820289245,0.0070685834705770346,0.000785398163397448,-0.071191135887936824,0.22888344639643857,-0.0025348588275578886,0.89393783437957997,-0.042099714219419569,-0.058077486517805518,0,0,0
2.1309431999999999,4294963907,3997,4294967291,-3388,3997,-5,-0.0378045641781172,0.0094247779607693795,0,-0.060629836077389837,0.34194515077644,-0.07463183628911628,-3.1929635911476222,-0.058064532175157682,-0.062159555662134158,0,0,0
2.1359397000000002,4294963918,3995,4294967292,-3377,3995,-4,-0.038047325535945156,0.010995574287564275,0,-0.054995508402020291,0.32898270432961646,-0.039815195876504374,-2.0787072540818783,-0.068458068445567066,-0.068679462384131987,0,0,0
2.1409577,4294963930,3992,4294967293,-3365,3992,-3,-0.038312156108121109,0.013351768777756621,0.000785398163397448,-0.054048771948626381,0.39534691281084711,0.05203858644744231,1.3055442129871713,-0.061930347380631211,-0.069802910520695746,0,0,0
2.1459176000000002,4294963942,3990,4294967295,-3353,3990,-1,-0.038576986680297062,0.014922565104551517,-0.00078539816339744974,-0.053543699325338895,0.35747190841825366,-0.11879707243710882,-6.1528102304098917,-0.092694398532680675,-0.08600204158623867,0,0,0
2.1508908999999998,4294963956,3988,0,-3339,3988,0,-0.038885955681169003,0.016493361431346415,-0.00078539816339744453,-0.057392469621119761,0.33726604462478205,-0.063376823401684226,-3.9418646200451715,-0.11240372163290653,-0.1037099791342212,0,0,0
2.1559020000000002,4294963973,3987,1,-3322,3987,1,-0.039261132325084935,0.01727875959474386,-0.0015707963267948995,-0.065623073527426315,0.25320693762873853,-0.10709029982800013,-5.5440055632789287,-0.14012374944930117,-0.12733325793694328,0,0,0
2.1608917000000001,4294963995,3986,1,-3300,3986,1,-0.039746655040740847,0.018064157758141311,-0.000785398163397448,-0.080309554007531953,0.2083624050985971,0.016148119662403634,0.088041193916221228,-0.13968354347972006,-0.14064143153349043,0,0,0
2.1658572,4294964020,3986,1,-3275,3986,1,-0.04029838539944075,0.018064157758141311,-0.000785398163397448,-0.094321947231872538,0.11115886175120174,0.0086148295334064259,0.45618688403067076,-0.13740260905956672,-0.14934041125095895,0,0,0
2.1708734000000001,4294964049,3987,1,-3246,3987,1,-0.040938392615532636,0.01727875959474386,-0.0015707963267948995,-0.1100338331956263,-0.013977590328508857,-0.068683610329165076,-1.9757694393628269,-0.14728145625638087,-0.15834732249931352,0,0,0
2.1758530999999999,4294964080,3988,1,-3215,3988,1,-0.041622538260320509,0.016493361431346415,-0.002356194490192344,-0.12253415777131127,-0.080736397274426344,-0.10992140745576814,-3.2087226534243212,-0.16332506952350248,-0.16999866063686375,0,0,0
2.1808128999999998,4294964113,3990,1,-3182,3990,1,-0.042350822333804383,0.014922565104551517,-0.0039269908169872417,-0.13332115259265481,-0.18963094504754086,-0.20520080041765931,-6.6384307289036268,-0.19651722316802062,-0.19109452828038395,0,0,0
2.1868283000000002,4294964156,3993,0,-3139,3993,0,-0.043299798550768209,0.012566370614359173,-0.0047123889803846863,-0.15966698849570868,-0.32100440876126551,-0.18275170259720022,-4.5040029194898246,-0.21903723776546974,-0.20643584774821058,0,0,0
2.1908116,4294964186,3995,4294967295,-3109,3995,-1,-0.043961874981208092,0.010995574287564275,-0.0047123889803846915,-0.14695374478446038,-0.31781106784590996,-0.097495856962229857,-1.1226157231670646,-0.22465031638130506,-0.23071266009823369,0,0,0
2.1957651999999999,4294964228,3998,4294967293,-3067,3998,-3,-0.044888781983823921,0.0086393797973719298,-0.0039269908169872435,-0.16488070381801775,-0.38938697778879083,0.021266640671945738,4.9331363151187722,-0.19998463480571119,-0.23252404615526368,0,0,0
2.2017833000000002,4294964283,4003,4294967291,-3012,4003,-5,-0.046102588772963707,0.0047123889803846897,-0.0047123889803846897,-0.20121295638726794,-0.5741309119363609,-0.061934019756020094,3.4029254709952212,-0.18297000745073508,-0.21799601155603907,0,0,0
2.2057557000000001,4294964320,4006,4294967290,-2975,4006,-6,-0.046919149703839556,0.0023561944901923449,-0.0054977871437821386,-0.18353179572650463,-0.52613056212137455,-0.10632058126525493,1.1422362657872505,-0.17725882612179883,-0.21845690604249737,0,0,0
2.2117586999999999,4294964375,4011,4294967288,-2920,4011,-8,-0.048132956492979342,-0.0015707963267948967,-0.0062831853071795866,-0.21116309180629131,-0.64708198571090647,-0.13000028323491436,1.6140731336740162,-0.16918846045342875,-0.20069745646255627,0,0,0
2.2167365999999999,4294964418,4015,4294967286,-2877,4015,-10,-0.049081932709943168,-0.0047123889803846897,-0.0062831853071795866,-0.20119473605362131,-0.63832861050442014,-0.069353602944297224,4.2619979845068086,-0.1478784705308947,-0.18426057062084455,0,0,0
2.2217023,4294964458,4017,4294967285,-2837,4017,-11,-0.04996470128386301,-0.0062831853071795866,-0.0062831853071795866,-0.18969940618365072,-0.48709975049087362,-0.036999321245043446,5.0327894514071527,-0.12271452327385894,-0.16371430110552906,0,0,0
2.2267106999999999,4294964494,4019,4294967284,-2801,4019,-12,-0.050759193000390869,-0.0078539816339744835,-0.0062831853071795866,-0.1753303435439752,-0.40642095464436301,-0.019738697262684731,5.3495707384713924,-0.095966669581501976,-0.14005792674617862,0,0,0
2.2316959999999999,4294964525,4020,4294967284,-2770,4020,-12,-0.051443338645178742,-0.0086393797973719298,-0.0070685834705770329,-0.15736906843196241,-0.29010025856466193,-0.083809879215311703,1.8366630356023181,-0.086783354403490387,-0.12257981674661139,0,0,0
2.2366557999999999,4294964552,4020,4294967284,-2743,4020,-12,-0.05203920743257464,-0.0086393797973719298,-0.0070685834705770329,-0.13955050100801081,-0.15476503316669699,-0.044711572477152572,2.5595943487225945,-0.073985382659877419,-0.10578094201507633,0,0,0
2.2416719999999999,4294964575,4020,4294967285,-2720,4020,-11,-0.052546799362578549,-0.0086393797973719298,-0.0086393797973719298,-0.1218080664361457,-0.082565302111752462,-0.17041213003455175,-3.6247742288008893,-0.092109253803881866,-0.1042181976332216,0,0,0
2.2466529,4294964595,4019,4294967285,-2700,4019,-11,-0.052988183649538466,-0.0078539816339744835,-0.0078539816339744835,-0.10616535809693028,0.029231913878057784,-0.017633322658885037,1.951255934737123,-0.082352974130196252,-0.098848411121998783,0,0,0
2.2516234000000002,4294964613,4017,4294967286,-2682,4017,-10,-0.053385429507802395,-0.0062831853071795866,-0.0078539816339744835,-0.093701938960106507,0.16215391651777869,-0.0094071676448820758,1.3361647848892839,-0.075672150205749827,-0.095021235296550405,0,0,0
2.2566335,4294964632,4016,4294967287,-2663,4016,-9,-0.053804744580414322,-0.0054977871437821377,-0.0086393797973719315,-0.089111963539054817,0.15978670267803297,-0.07829813120145912,-1.8743464486838881,-0.085043882449169272,-0.096435960781886113,0,0,0
2.2616288999999998,4294964650,4014,4294967287,-2645,4014,-9,-0.054201990438678245,-0.0039269908169872417,-0.0070685834705770355,-0.084604156050801474,0.23180334157747948,0.10478791803336682,5.4322131277308783,-0.057882816810514881,-0.085143612719936534,0,0,0
2.2665804000000001,4294964667,4013,4294967288,-2628,4013,-8,-0.054577167082594184,-0.0031415926535897933,-0.0078539816339744835,-0.080140184176167542,0.19694384149872557,-0.017376412930985137,0.1603218340126773,-0.057081207640451492,-0.079576914342115904,0,0,0
2.2715614999999998,4294964684,4011,4294967289,-2611,4011,-7,-0.054952343726510117,-0.0015707963267948967,-0.0078539816339744835,-0.077758708342084065,0.25162623263733797,-0.0092701093645620233,0.044839086176555243,-0.056857012209568715,-0.074321766858912897,0,0,0
2.2765968000000001,4294964700,4009,4294967290,-2595,4009,-6,-0.055305451156078052,-0,-0.0078539816339744835,-0.074429109082658512,0.28079863710217334,-0.0049454929491059545,-0.16408267890681713,-0.0576774256041028,-0.070545814597415588,0,0,0
2.2815534999999998,4294964714,4007,4294967292,-2581,4007,-4,-0.055614420156949992,0.0015707963267948967,-0.0094247779607693795,-0.068534587004207712,0.29636176747265597,-0.14919740017695704,-6.8465280635058416,-0.091910065921632006,-0.084080083136396561,0,0,0
2.2865389,4294964729,4005,4294967293,-2566,4005,-3,-0.055945458372169937,0.0031415926535897933,-0.0094247779607693795,-0.067449039935402036,0.30466451218540674,-0.07959503621616025,-4.2720008773928475,-0.11327007030859625,-0.10049196059919757,0,0,0
2.2915868000000001,4294964746,4004,4294967294,-2549,4004,-2,-0.05632063501608587,0.0039269908169872417,-0.010210176124166827,-0.070988134027316227,0.23581440832101186,-0.11574252322330356,-5.7307457373281725,-0.1419237989952371,-0.12416522436758701,0,0,0
2.2965293,4294964766,4003,4294967294,-2529,4003,-2,-0.056762019303045787,0.0047123889803846897,-0.0094247779607693795,-0.079053529366764963,0.19908369783897162,0.011532261519549093,-0.12376697361762956,-0.14254263386332525,-0.13996690169681336,0,0,0
2.3014888,4294964790,4002,4294967295,-2505,4002,-1,-0.057291680447397693,0.0054977871437821377,-0.010210176124166829,-0.091592762781185597,0.17948830121948797,-0.067127195107989535,-3.2544792477914806,-0.15881503010228265,-0.15878888318192619,0,0,0
2.3065020999999999,4294964818,4003,4294967295,-2477,4003,-1,-0.057909618449141581,0.0047123889803846897,-0.010995574287564277,-0.10651873553007304,0.022475351898752591,-0.10909107847047839,-4.1608675511683746,-0.17961936785812452,-0.17958415961175189,0,0,0
2.3114837000000001,4294964851,4005,4294967294,-2444,4005,-2,-0.058637902522625449,0.0031415926535897933,-0.010995574287564275,-0.12477711555315799,-0.13456870600296772,-0.058198791208285111,-0.89196878547785574,-0.18407921178551379,-0.19311198909726274,0,0,0
2.3164536999999998,4294964888,4007,4294967293,-2407,4007,-3,-0.059454463453501305,0.0015707963267948967,-0.010995574287564277,-0.14275418490897257,-0.21834984067015722,-0.031048362025517872,1.1622995463994628,-0.17826771405351646,-0.19841869989048344,0,0,0
2.3214413,4294964927,4010,4294967292,-2368,4010,-4,-0.060315162813073149,-0.00078539816339744833,-0.011780972450961723,-0.15646295784845932,-0.33632559756521985,-0.089843450680515871,-0.36897244967388199,-0.18011257630188587,-0.2026685929485075,0,0,0
2.3264520000000002,4294964967,4013,4294967291,-2328,4013,-5,-0.06119793138699299,-0.0031415926535897933,-0.012566370614359173,-0.16583553521786826,-0.39926425890619488,-0.12120993029260327,-1.0699066565669408,-0.18546210958472059,-0.20724362009197428,0,0,0
2.3314013,4294965008,4016,4294967289,-2287,4016,-7,-0.062102769175260829,-0.0054977871437821377,-0.011780972450961723,-0.17289480388999867,-0.43284128520082099,0.0086154649589305493,5.0450254271049202,-0.16023698244919599,-0.19801481705757965,0,0,0
2.3363912,4294965048,4020,4294967288,-2247,4020,-8,-0.06298553774918067,-0.0086393797973719298,-0.013351768777756619,-0.17460172939567198,-0.52403374815527382,-0.14196279062923184,-0.70064508700883277,-0.16374020788424015,-0.19540554023677983,0,0,0
2.3414031,4294965088,4022,4294967287,-2207,4022,-9,-0.063868306323100504,-0.010210176124166829,-0.013351768777756623,-0.1755123538253277,-0.4261248025547073,-0.075735458178755183,1.9298925719212874,-0.15409074502463371,-0.18772089014852525,0,0,0
2.3463612999999999,4294965126,4025,4294967285,-2169,4025,-11,-0.064706936468324358,-0.012566370614359173,-0.012566370614359173,-0.17187994058856543,-0.44717106535753515,0.032875554280322974,6.8762355563057715,-0.11970956724310486,-0.16810011172719294,0,0,0
2.3513568999999999,4294965162,4028,4294967284,-2133,4028,-12,-0.065501428184852217,-0.014922565104551517,-0.013351768777756621,-0.16582387085938954,-0.45839899592481748,-0.055740802595445546,3.2925476770410063,-0.10324682885789982,-0.14933111002870544,0,0,0
2.3563819000000001,4294965195,4029,4294967284,-2100,4029,-12,-0.066229712258336085,-0.015707963267948967,-0.014137166941154071,-0.15641569899189461,-0.31782992458602649,-0.10301657366454742,0.59389174165979419,-0.10027737014960085,-0.13533272960994142,0,0,0
2.3613578,4294965225,4030,4294967283,-2070,4030,-13,-0.066891788688775961,-0.016493361431346415,-0.013351768777756621,-0.14521922055348541,-0.24283799905104558,0.018321404056971739,5.3382692604148216,-0.073586023847526744,-0.11320269028387288,0,0,0
2.3663204000000002,4294965250,4031,4294967283,-2045,4031,-13,-0.067443519047475864,-0.01727875959474386,-0.014137166941154066,-0.12895048133083328,-0.20283069985014213,-0.063505268415554039,1.3926117544740904,-0.06662296507515629,-0.098049283375890806,0,0,0
2.3713245999999999,4294965272,4030,4294967284,-2023,4030,-12,-0.067929041763131776,-0.016493361431346415,-0.014922565104551519,-0.11409397191031936,-0.03492824358570816,-0.10715882371325955,-1.6016630495161688,-0.074631280322737137,-0.091510025087500654,0,0,0
2.3763165000000002,4294965291,4029,4294967284,-2004,4029,-12,-0.068348356835743709,-0.015707963267948967,-0.014137166941154071,-0.099990870271131405,0.054645717296312471,0.016111562985662103,2.8824929398934422,-0.060218815623269924,-0.080715884981727798,0,0,0
2.3812935999999998,4294965308,4028,4294967284,-1987,4028,-12,-0.068723533479659635,-0.014922565104551517,-0.013351768777756621,-0.088348812973734397,0.10243235869873099,0.081874846273732121,5.2205273857517778,-0.034116178694511036,-0.063470169392692344,0,0,0
2.3862839,4294965323,4026,4294967285,-1972,4026,-11,-0.06905457169487958,-0.013351768777756621,-0.013351768777756621,-0.078019693524332592,0.20120548209217914,0.043679255446950879,2.8773630096780876,-0.019729363646120598,-0.047001395117757173,0,0,0
2.3912906,4294965335,4024,4294967286,-1960,4024,-10,-0.069319402267055533,-0.011780972450961723,-0.013351768777756619,-0.066331900518456943,0.25389976714245599,0.023302362608674663,1.3780041477276468,-0.012839342907482364,-0.033422003570896766,0,0,0
2.3962414999999999,4294965344,4021,4294967288,-1951,4021,-8,-0.069518025196187494,-0.0094247779607693795,-0.014137166941154069,-0.053919271350522116,0.35529105997735549,-0.060847986346002615,-3.20767674826772,-0.028877726648820965,-0.031781968825106678,0,0,0
2.4012190000000002,4294965351,4018,4294967290,-1944,4018,-6,-0.069672509696623461,-0.0070685834705770346,-0.014922565104551519,-0.043179060984857298,0.40938210724510515,-0.10574119537448362,-5.9973499514242699,-0.058864476405942313,-0.043347883810901142,0,0,0
2.4062527999999999,4294965357,4015,4294967291,-1938,4015,-5,-0.069804924982711444,-0.0047123889803846897,-0.014137166941154069,-0.035390176396242423,0.43823903679709558,0.016867850821992492,-1.4058404942120264,-0.06589367887700244,-0.054251085151447845,0,0,0
2.4112143000000001,4294965365,4012,4294967293,-1930,4012,-3,-0.069981478697495408,-0.0023561944901923449,-0.014922565104551519,-0.035353119750773584,0.45363386505853742,-0.064280721756182893,-5.2830151017851463,-0.092308754385928171,-0.074390490290730596,0,0,0
2.4161822000000002,4294965376,4010,4294967294,-1919,4010,-2,-0.070224240055323364,-0.00078539816339744833,-0.014922565104551517,-0.041510681259882463,0.38856730330839229,-0.034292999543664202,-3.9051609324481293,-0.11183455904816882,-0.09578422106113163,0,0,0
2.4211942,4294965390,4008,4294967295,-1905,4008,-1,-0.070533209056195312,0.00078539816339744833,-0.014922565104551519,-0.050972997783315294,0.35385506748644602,-0.018294906864337653,-3.1155511874456838,-0.12741231498539723,-0.11752361580017696,0,0,0
2.4261658000000002,4294965409,4008,4294967295,-1886,4008,-1,-0.070952524128807232,0.00078539816339744833,-0.014922565104551519,-0.066316582276303798,0.18877746447625762,-0.0097601149397450165,-1.8385486368705637,-0.13660505816975005,-0.13539435285585305,0,0,0
2.4311365,4294965432,4008,0,-1863,4008,0,-0.071460116058811141,0.00078539816339744833,-0.016493361431346411,-0.082738642928846334,0.10071052916445725,-0.15176594367206803,-7.3227639475682267,-0.17321887790759119,-0.16345853293546792,0,0,0
2.4361440999999999,4294965461,4009,4294967295,-1834,4009,-1,-0.072100123274903033,-0,-0.015707963267948967,-0.10385427829447813,-0.019551651335295857,-0.0076858042902347851,-0.21714888865710902,-0.17430462235087674,-0.17887474546467322,0,0,0
2.4411472000000001,4294965494,4012,4294967294,-1801,4012,-2,-0.0728284073483869,-0.0023561944901923449,-0.016493361431346415,-0.12335565934874658,-0.23026913102459692,-0.077379804351314169,-1.7472665117176023,-0.18304095490946476,-0.19305206653684465,0,0,0
2.4461021000000001,4294965531,4015,4294967293,-1764,4015,-3,-0.073644968279262757,-0.0047123889803846897,-0.017278759594743863,-0.14199585495191153,-0.34268439702357045,-0.11456072340440264,-2.2965148736850471,-0.19452352927788999,-0.20594616678260566,0,0,0
2.4511048999999998,4294965570,4018,4294967291,-1725,4018,-5,-0.074505667638834594,-0.0070685834705770346,-0.016493361431346415,-0.15605839784724901,-0.40265660269086145,0.012162737648986351,3.949482778118611,-0.17477611538729693,-0.20491415829695112,0,0,0
2.4560838,4294965612,4022,4294967289,-1683,4022,-7,-0.075432574641450423,-0.010210176124166829,-0.016493361431346415,-0.16973792780053162,-0.5079305795028447,0.0064886756907996217,4.8491202728365819,-0.15053051402311401,-0.19290163293990453,0,0,0
2.4610851,4294965653,4026,4294967288,-1642,4026,-8,-0.076337412429718268,-0.013351768777756621,-0.018064157758141311,-0.17497668385961246,-0.56409299243383848,-0.14309740737604004,-0.8850965842435965,-0.15495599694433199,-0.18734965830796352,0,0,0
2.4660715,4294965692,4030,4294967286,-1603,4030,-10,-0.077198111789290105,-0.016493361431346415,-0.018064157758141311,-0.17365327730382063,-0.59405497089946491,-0.076340762701129564,2.3492020912260139,-0.14320998648820191,-0.17725390108568559,0,0,0
2.4710529000000001,4294965729,4033,4294967285,-1566,4033,-11,-0.078014672720165962,-0.018849555921538759,-0.018849555921538759,-0.16882903514119357,-0.53675981030438746,-0.11400640705788151,0.64591017350720925,-0.13998043562066587,-0.16975182364825947,0,0,0
2.4760485000000001,4294965764,4036,4294967283,-1531,4036,-13,-0.078787095222345824,-0.021205750411731103,-0.018064157758141311,-0.16213713887345094,-0.5061935244497614,0.012458458818552502,6.0731031392503416,-0.10961491992441416,-0.15130957303488793,0,0,0
2.4810273999999999,4294965797,4038,4294967282,-1498,4038,-14,-0.079515379295829691,-0.022776546738526002,-0.018064157758141311,-0.15444887138235169,-0.41660725566541523,0.0066464394130466963,5.5821380494561765,-0.081704229677133283,-0.12802848367836622,0,0,0
2.4859895999999999,4294965826,4040,4294967282,-1469,4040,-14,-0.080155386511921584,-0.024347343065320895,-0.019634954084936207,-0.14211083118384563,-0.3688140481436793,-0.14301324230901505,-1.1483858724660161,-0.087446159039463359,-0.11652341672033353,0,0,0
2.4910079000000001,4294965852,4040,4294967281,-1443,4040,-15,-0.08072918608496947,-0.024347343065320895,-0.018064157758141308,-0.12935130288237576,-0.19675790251175374,0.070263176943848482,7.0745569719780814,-0.052073374179572952,-0.091587989790061081,0,0,0
2.4960072000000002,4294965873,4041,4294967281,-1422,4041,-15,-0.081192639586277399,-0.025132741228718346,-0.018849555921538759,-0.11224869517200045,-0.17824751711010223,-0.035794951150247181,2.1902803577628491,-0.04112197239075871,-0.073490991705006808,0,0,0
2.5009201000000001,4294965890,4040,4294967281,-1405,4040,-15,-0.081567816230193324,-0.024347343065320895,-0.018064157758141308,-0.094888216581028029,-0.021813408352779881,0.054183339132172673,5.016301904708957,-0.016040462867213924,-0.050812312634413957,0,0,0
2.5066090000000001,4294965905,4039,4294967282,-1390,4039,-14,-0.081898854445413269,-0.023561944901923447,-0.018849555921538759,-0.081508387471661947,0.061642325709701726,-0.044373353129452647,0.096636713017508757,-0.01555727930212638,-0.035326909626609497,0,0,0
2.5111252999999998,4294965913,4037,4294967283,-1382,4037,-13,-0.082075408160197233,-0.021991148575128551,-0.018849555921538759,-0.059956636141935721,0.17944448525731882,-0.023672655456343127,-0.18685332205923588,-0.016491545912422557,-0.027638818493844981,0,0,0
2.5163207999999999,4294965920,4034,4294967284,-1375,4034,-12,-0.0822298926606332,-0.019634954084936207,-0.018064157758141311,-0.046399923202649171,0.31557005377280367,0.060650439521555112,2.349507933032859,-0.0047440062472582627,-0.016717372105231443,0,0,0
2.5212582000000001,4294965924,4031,4294967286,-1371,4031,-10,-0.082318169518025189,-0.01727875959474386,-0.018849555921538756,-0.032990247507038148,0.38819142346882118,-0.040923232087825848,-2.8777703157687826,-0.019132857826102176,-0.017979611800780618,0,0,0
2.5262623999999998,4294965927,4028,4294967287,-1368,4028,-9,-0.082384377161069181,-0.014922565104551517,-0.018064157758141311,-0.023777234955315096,0.42693405936037032,0.051447462324204295,0.41266480696839292,-0.017069533791260211,-0.017455476419524399,0,0,0
2.5312250999999999,4294965930,4025,4294967289,-1365,4025,-7,-0.082450584804113172,-0.012566370614359173,-0.018849555921538759,-0.018862202475897989,0.44760279422599081,-0.045832910825195791,-4.260826631744548,-0.038373666949982954,-0.027443021642392505,0,0,0
2.536197,4294965933,4022,4294967290,-1362,4022,-6,-0.08251679244715715,-0.010210176124166829,-0.018064157758141311,-0.016240091180801691,0.45862931813471874,0.048828207186734529,-0.62438248331828627,-0.041495579366574387,-0.035295927720654922,0,0,0
2.5411921,4294965938,4019,4294967292,-1357,4019,-4,-0.082627138518897136,-0.0078539816339744835,-0.018849555921538759,-0.018959446556795163,0.46451183732615664,-0.047230252248565099,-5.0117141311826572,-0.066554150022487671,-0.05216755640677747,0,0,0
2.5461700999999999,4294965945,4017,4294967293,-1350,4017,-3,-0.082781623019333103,-0.0062831853071795866,-0.018849555921538759,-0.024528410790772479,0.39437057196838654,-0.025196777113838283,-3.9574477873838028,-0.086341388959406684,-0.071416349958838207,0,0,0
2.5511579000000002,4294965955,4015,4294967294,-1340,4015,-2,-0.083002315162813062,-0.0047123889803846897,-0.018849555921538759,-0.033676717677473947,0.35695104220595519,-0.013442180524109584,-3.3413230561810288,-0.10304800424031182,-0.091507092841761103,0,0,0
2.5561512,4294965969,4015,4294967294,-1326,4015,-2,-0.083311284163685009,-0.0047123889803846897,-0.018849555921538759,-0.046793671506058954,0.19042913011943488,-0.0071712432279092278,-2.2085115050204882,-0.11409056176541427,-0.10930386187716017,0,0,0
2.5606887,4294965985,4014,4294967294,-1310,4014,-2,-0.083664391593252951,-0.0039269908169872417,-0.018064157758141311,-0.057909630690442429,0.17487119240757365,0.069453746431609703,1.3372258544471574,-0.10740443249317848,-0.11946308244170743,0,0,0
2.5666723999999999,4294966011,4016,4294967294,-1284,4016,-2,-0.084238191166300838,-0.0054977871437821377,-0.019634954084936207,-0.08443096516357082,-0.053267339959692489,-0.10950629198110901,-4.7271157256284422,-0.13104001112132069,-0.13152808879820238,0,0,0
2.5716578000000001,4294966036,4017,4294967293,-1259,4017,-3,-0.084789921525000742,-0.0062831853071795866,-0.018849555921538759,-0.096520671002109287,-0.10169701080461428,0.014859216620550161,1.1153183664255413,-0.12546341928919297,-0.13616269725499508,0,0,0
2.5766559,4294966062,4019,4294967293,-1233,4019,-3,-0.085363721098048642,-0.0078539816339744835,-0.020420352248333655,-0.10502949535448489,-0.20081318274785909,-0.1386318234740275,-4.7777393213361599,-0.14935211589587377,-0.150898181806945,0,0,0
2.5816444000000001,4294966090,4021,4294967292,-1205,4021,-4,-0.085981659099792537,-0.0094247779607693795,-0.020420352248333655,-0.11368707234110478,-0.25369048011411821,-0.073958426869637731,-1.5284112908410643,-0.15699417235007909,-0.16240830511353346,0,0,0
2.5866373999999999,4294966120,4024,4294967290,-1175,4024,-6,-0.086643735530232413,-0.011780972450961723,-0.019634954084936207,-0.12242400708661111,-0.35517940784011748,0.033823579321232998,3.9486208927628366,-0.1372510678862649,-0.16128520447176231,0,0,0
2.5916614999999998,4294966152,4027,4294967289,-1143,4027,-7,-0.087349950389368283,-0.014137166941154069,-0.020420352248333655,-0.13120327825142036,-0.40932254215954389,-0.055235042526063885,0.84947604891306838,-0.13300368764169956,-0.15942651775345024,0,0,0
2.5966559999999999,4294966184,4030,4294967287,-1111,4030,-9,-0.088056165248504153,-0.016493361431346415,-0.019634954084936207,-0.13588691486630561,-0.43820725953330392,0.043812281893451266,5.6324977448177869,-0.10484119891761062,-0.14513187188628723,0,0,0
2.6016262999999999,4294966215,4033,4294967286,-1080,4033,-10,-0.08874031089329204,-0.018849555921538759,-0.020420352248333655,-0.13632646896062567,-0.453616912266737,-0.04990618865833437,2.0111818075646282,-0.094785289879787488,-0.13202657017067518,0,0,0
2.6066422,4294966245,4035,4294967285,-1050,4035,-11,-0.089402387323731916,-0.020420352248333658,-0.020420352248333658,-0.13450185557261368,-0.38855825919585629,-0.026624357320967594,2.9287925497097191,-0.080141327131238893,-0.11504174460660739,0,0,0
2.6116014000000001,4294966271,4037,4294967284,-1024,4037,-12,-0.089976186896779817,-0.021991148575128551,-0.020420352248333655,-0.12529200500838217,-0.35385024256011322,-0.014203777563690118,3.3217632655271729,-0.063532510803603032,-0.097034867333904248,0,0,0
2.6166006999999998,4294966293,4039,4294967283,-1002,4039,-13,-0.090461709612435728,-0.023561944901923447,-0.020420352248333655,-0.11214221836075292,-0.33533392901955267,-0.0075775461787356826,3.4339900127360319,-0.04636256073992287,-0.078550730361390986,0,0,0
2.6212027999999998,4294966311,4039,4294967283,-984,4039,-13,-0.090858955470699651,-0.023561944901923447,-0.020420352248333655,-0.096890522732970871,-0.17889665767072069,-0.0040425306460483831,2.6965834010607765,-0.032879643734618991,-0.061586173183882029,0,0,0
2.6261882000000001,4294966326,4039,4294967283,-969,4039,-13,-0.091189993685919596,-0.023561944901923447,-0.020420352248333655,-0.082576593958441913,-0.095439236403331365,-0.0021566419575376364,2.1546800421286809,-0.022106243523975586,-0.045896473708075529,0,0,0
2.6310815000000001,4294966337,4038,4294967283,-958,4038,-13,-0.091432755043747552,-0.022776546738526002,-0.01963495408493621,-0.066703842369621388,0.022363823248010908,0.072128976490922952,4.502486343002273,0.00040618819103577924,-0.026581623033983738,0,0,0
2.6360730999999999,4294966346,4037,4294967283,-949,4037,-13,-0.091631377972879513,-0.021991148575128551,-0.018849555921538759,-0.054117697898696734,0.0852103526660975,0.11175946927251487,5.6990941467144838,0.028901658924608199,-0.0013027179644148085,0,0,0
2.6410602000000001,4294966350,4035,4294967284,-945,4035,-12,-0.091719654830271502,-0.020420352248333658,-0.018849555921538762,-0.037107588397103777,0.19201774696906976,0.059622345923548446,2.5929305809456071,0.041866311829336235,0.019292052909288312,0,0,0
2.6460476000000002,4294966350,4032,4294967285,-945,4032,-11,-0.091719654830271502,-0.018064157758141311,-0.018064157758141311,-0.019796456498965269,0.32227773916219488,0.10508733080514461,3.4702222155723037,0.059217422907197753,0.040632996601302464,0,0,0
2.6510392999999999,4294966347,4029,4294967287,-948,4029,-9,-0.09165344718722751,-0.015707963267948967,-0.018849555921538759,-0.0043838429998387619,0.39176989374284688,-0.017216679782921102,-2.6436457523314876,0.045999194145540316,0.049082865023613705,0,0,0
2.6560201999999999,4294966341,4025,4294967289,-954,4025,-7,-0.091521031901139541,-0.012566370614359173,-0.018849555921538759,0.010015933542696196,0.5021226499279039,-0.0091848936323173699,-3.4651007721321241,0.028673690284879694,0.048409908871428049,0,0,0
2.6610171,4294966334,4021,4294967291,-961,4021,-5,-0.09136654740070356,-0.0094247779607693795,-0.018849555921538759,0.019757153105233675,0.56099453117171194,-0.0049000313707798235,-4.1557270077488591,0.0078950552461353983,0.039713568621240793,0,0,0
2.6660083999999999,4294966326,4016,4294967293,-969,4016,-3,-0.091189993685919596,-0.0054977871437821377,-0.018064157758141311,0.027013087997270573,0.66568149800743015,0.070665410909733148,-1.9399352129906089,-0.0018046208188176472,0.028880777268638781,0,0,0
2.6709950999999998,4294966319,4012,4294967295,-976,4012,-1,-0.091035509185483615,-0.0023561944901923449,-0.018064157758141311,0.028824932589185202,0.64825122881471808,0.037699155172401959,-3.7026232494879596,-0.020317737066257446,0.011953763510585472,0,0,0
2.6760088,4294966314,4009,1,-981,4009,1,-0.090925163113743643,-0,-0.018849555921538759,0.025673309576436661,0.5656728684838771,-0.053167468963344983,-7.5800837593713828,-0.058218155863114358,-0.016951715399232806,0,0,0
2.6810160999999999,4294966312,4006,3,-983,4006,3,-0.090881024685047648,0.0023561944901923449,-0.019634954084936207,0.017814625443365657,0.52161829666554338,-0.10164373081741739,-9.7410012486713633,-0.10692316210647118,-0.057983256017540188,0,0,0
2.6860168999999998,4294966316,4004,4,-979,4004,4,-0.090969301542439637,0.0039269908169872417,-0.019634954084936207,0.0012674494704010969,0.42483618795032763,-0.054225719925161946,-7.2973291072677489,-0.14340980764280992,-0.10063521995951452,0,0,0
2.6910059,4294966325,4003,4,-970,4003,4,-0.091167924471571599,0.0047123889803846897,-0.018849555921538759,-0.017855823165966848,0.29992456622805846,0.044350743481101546,-2.3032047497693919,-0.15492583139165689,-0.13627481738069705,0,0,0
2.6959724,4294966342,4003,4,-953,4003,4,-0.091543101115487524,0.0047123889803846897,-0.018849555921538759,-0.044530743481922312,0.1600061843083341,0.023660593478204057,-2.0242408003222709,-0.16504703539326823,-0.16583454726017849,0,0,0
2.7009682000000002,4294966367,4006,3,-928,4006,3,-0.092094831474187427,0.0023561944901923449,-0.019634954084936207,-0.075234377903054775,-0.13447716404662668,-0.060656874443247306,-3.6033428202110036,-0.18306374949432325,-0.19266483193220704,0,0,0
2.7058341000000001,4294966398,4009,1,-897,4009,1,-0.092778977118975314,-0,-0.018849555921538759,-0.1039690627962684,-0.29158052341863111,0.040919799133736258,2.2938120746328146,-0.17159468912115916,-0.20368707689197957,0,0,0
2.7108403999999999,4294966435,4014,4294967295,-860,4014,-1,-0.093595538049851157,-0.0039269908169872417,-0.019634954084936207,-0.13165333656437528,-0.52195233329803536,-0.051449293764328656,0.32115260963918857,-0.16998892607296323,-0.20876547943236382,0,0,0
2.7158155000000002,4294966475,4020,4294967292,-820,4020,-4,-0.094478306623771005,-0.0086393797973719298,-0.019634954084936207,-0.15259989771832971,-0.71813246968381828,-0.027447585518317098,3.1218871014090745,-0.15437949056591785,-0.20266589010223268,0,0,0
2.7207919,4294966517,4026,4294967289,-778,4026,-7,-0.095405213626386834,-0.013351768777756621,-0.019634954084936207,-0.16789285916871613,-0.82279223615426222,-0.014642960003226799,5.0266466799246325,-0.12924625716629468,-0.18495459248857715,0,0,0
2.7268007000000001,4294966566,4032,4294967286,-729,4032,-10,-0.096486605129438643,-0.018064157758141311,-0.019634954084936207,-0.19046524381905794,-0.8786269751826199,-0.0078118447800448404,6.7077619341126242,-0.095707447495731554,-0.14926997250351615,0,0,0
2.7317811999999999,4294966602,4037,4294967283,-693,4037,-13,-0.097281096845966503,-0.021991148575128551,-0.018849555921538759,-0.1757389088021743,-0.83513462423141105,0.06911199313241087,10.092216599244797,-0.045246364499507571,-0.10760473090551485,0,0,0
2.7367604000000001,4294966632,4041,4294967282,-663,4041,-14,-0.097943173276406378,-0.025132741228718346,-0.020420352248333655,-0.15552792286892442,-0.73865245365336962,-0.10968861329632268,2.0360369598593646,-0.035066179700210746,-0.076885604454073719,0,0,0
2.7417435000000001,4294966655,4043,4294967281,-640,4043,-15,-0.098450765206410287,-0.026703537555513242,-0.020420352248333655,-0.13033183072528176,-0.5406213260633298,-0.058517568921885393,3.0763202731503987,-0.019684578334458754,-0.048777454648571819,0,0,0
2.7467438999999998,4294966670,4043,4294967280,-625,4043,-16,-0.098781803421630232,-0.026703537555513242,-0.018849555921538759,-0.10041713352284949,-0.28841503924466672,0.11534061244460528,9.0037755633264354,0.025334299482173424,-0.012105815226659655,0,0,0
2.7517026000000002,4294966678,4043,4294967281,-617,4043,-15,-0.098958357136414196,-0.026703537555513242,-0.020420352248333655,-0.070044226977710206,-0.15386598872860288,-0.085026195425682766,-0.74487617250476035,0.021609918619649622,0.006503292351248139,0,0,0
2.7567078999999999,4294966680,4041,4294967281,-615,4041,-15,-0.099002495565110191,-0.025132741228718346,-0.018849555921538759,-0.041485981467732101,0.06447336597336642,0.10119857589364739,5.610929991904797,0.049664568579173604,0.031023293664830934,0,0,0
2.7616982999999999,4294966678,4038,4294967282,-617,4038,-14,-0.098958357136414196,-0.022776546738526002,-0.018064157758141311,-0.018014056534819765,0.25423433081540037,0.12726775436665708,5.3497241264636992,0.076413189211492094,0.057108455242228247,0,0,0
2.7656782999999998,4294966674,4035,4294967284,-621,4035,-12,-0.098870080279022207,-0.020420352248333658,-0.018849555921538762,-0.0013738435826851653,0.35546954571258305,-0.0053836879574980234,-1.3211620325730673,0.069807379048626758,0.072143101191982487,0,0,0
2.7716460999999999,4294966662,4031,4294967286,-633,4031,-10,-0.098605249706846254,-0.01727875959474386,-0.018849555921538756,0.023976393962263368,0.48275684655129625,-0.0028721334114751337,-2.693913555060937,0.056337811273322075,0.073893118908322758,0,0,0
2.7766687999999999,4294966649,4026,4294967288,-646,4026,-8,-0.098318349920322318,-0.013351768777756621,-0.018064157758141311,0.039559554061543448,0.62394262498789654,0.071747270320969836,-0.84309593054684084,0.052122331620587867,0.073721313693902168,0,0,0
2.7816234,4294966635,4021,4294967291,-660,4021,-5,-0.09800938091945037,-0.0094247779607693795,-0.018849555921538759,0.049932094658797485,0.69926355641525029,-0.035003205007485425,-6.4389710449118516,0.019927476396028605,0.057957935515028168,0,0,0
2.7861969000000002,4294966623,4016,4294967293,-672,4016,-3,-0.097744550347274417,-0.0054977871437821377,-0.018064157758141311,0.051347501016349981,0.73944637634163302,0.054605726270503044,-3.2968340337496049,0.0034433062272805799,0.041801879147245334,0,0,0
2.7909983,4294966612,4012,4294967295,-683,4012,-1,-0.097501788989446461,-0.0023561944901923449,-0.018064157758141311,0.050043493189438119,0.68760391294679946,0.029131504670693979,-4.566182691509189,-0.019387607230265367,0.019180639020411255,0,0,0
2.7955885,4294966604,4009,0,-691,4009,0,-0.097325235274662483,-0,-0.01727875959474386,0.043170489754930062,0.58666705682081233,0.088820830109397425,-1.7578459544650569,-0.028176837002590653,-0.00042805994492643371,0,0,0
2.8010956,4294966600,4006,1,-695,4006,1,-0.097236958417270508,0.0023561944901923449,-0.016493361431346415,0.031267383221707426,0.53281844612542217,0.12066437439620631,-0.11506826711744989,-0.028752178338177902,-0.014594343830521104,0,0,0
2.8060885,4294966600,4004,2,-695,4004,2,-0.097236958417270508,0.0039269908169872417,-0.016493361431346415,0.016680776588362686,0.43081133430561347,0.0643730067593343,-1.9300838124475463,-0.038402597400415635,-0.02857834104469199,0,0,0
2.8110743999999999,4294966602,4003,3,-693,4003,3,-0.097281096845966503,0.0047123889803846897,-0.017278759594743863,0.0047807751346012521,0.30311223565112988,-0.038937286798185047,-5.7338028041420452,-0.06707161142112586,-0.050996907676789091,0,0,0
2.8160607999999998,4294966606,4002,4,-689,4002,4,-0.097369373703358478,0.0054977871437821377,-0.018064157758141311,-0.0056859544503875164,0.23498628727589493,-0.09405209809824755,-7.8045064987982595,-0.10609414391511715,-0.083247163355886541,0,0,0
2.8210499000000002,4294966615,4001,4,-680,4001,4,-0.097567996632490453,0.0062831853071795866,-0.01727875959474386,-0.021565381350255049,0.19864190512341989,0.023103845014470055,-2.4252103673881336,-0.11822019575205782,-0.10866835573304645,0,0,0
2.8255504,4294966628,4002,4,-667,4002,4,-0.097854896419014389,0.0054977871437821377,-0.018064157758141311,-0.038273307545566557,0.032693571482976233,-0.060953893118382993,-4.9807341786556183,-0.14312386664533591,-0.13845324073561818,0,0,0
2.8315375,4294966652,4005,3,-643,4005,3,-0.098384557563366296,0.0031415926535897933,-0.018849555921538759,-0.069837000087522708,-0.20239692683464752,-0.10579769537631428,-5.126966760172941,-0.16875870044620062,-0.16409490525906475,0,0,0
2.8365456,4294966679,4008,1,-616,4008,1,-0.098980426350762193,0.00078539816339744833,-0.018064157758141311,-0.092853184957679663,-0.3278149080157729,0.016837708743869043,1.3820410811670856,-0.16184849504036519,-0.17733688873171122,0,0,0
2.8415276,4294966711,4013,4294967295,-584,4013,-1,-0.099686641209898064,-0.0031415926535897933,-0.018849555921538759,-0.11542759680186215,-0.54128294596862547,-0.064296802195902322,-0.31584093394148294,-0.16342769971007259,-0.18651777922552251,0,0,0
2.8465251999999999,4294966746,4018,4294967292,-549,4018,-4,-0.10045906371207793,-0.0070685834705770346,-0.018064157758141311,-0.13364810747228173,-0.65516560204505603,0.038977941025262808,5.4672517246303034,-0.13609144108692106,-0.17897726082863233,0,0,0
2.8515255000000002,4294966782,4023,4294967289,-513,4023,-7,-0.10125355542860578,-0.010995574287564275,-0.017278759594743863,-0.14542764319126972,-0.71592064284365553,0.094073786644246052,8.9545099688151204,-0.091318891242845451,-0.15418852240120634,0,0,0
2.8565331,4294966817,4028,4294967287,-478,4028,-9,-0.10202597793078565,-0.014922565104551517,-0.018064157758141311,-0.14965277495321133,-0.74833273358346253,-0.023092274433466439,4.7429362103461958,-0.067604210191114469,-0.12700624360897914,0,0,0
2.8615309,4294966849,4033,4294967284,-446,4033,-12,-0.10273219278992152,-0.018849555921538759,-0.017278759594743863,-0.14572950164333567,-0.76562419800051384,0.060960065885555095,8.8809410423007904,-0.023199504979610513,-0.086636486767480231,0,0,0
2.8665232,4294966874,4036,4294967283,-421,4036,-13,-0.10328392314862142,-0.021205750411731103,-0.018064157758141311,-0.1292227102153774,-0.62828994976050201,-0.040758050109944322,4.0119687550392955,-0.0031396612044140362,-0.051954514112017257,0,0,0
2.8714973000000001,4294966891,4038,4294967282,-404,4038,-14,-0.10365909979253735,-0.022776546738526002,-0.018064157758141311,-0.10394365146467086,-0.48174424453348974,-0.021743934349749729,3.9071992121844166,0.016396334856508047,-0.020496469089460154,0,0,0
2.8764930999999998,4294966901,4038,4294967282,-394,4038,-14,-0.1038797919360173,-0.022776546738526002,-0.018064157758141311,-0.076043802828132528,-0.25700481741029713,-0.011600130029058252,2.9006070665328934,0.030899370189172513,0.0059667612305149189,0,0,0
2.8814644999999999,4294966905,4037,4294967282,-390,4037,-14,-0.10396806879340929,-0.021991148575128551,-0.017278759594743863,-0.048804904260971706,-0.063829490149419646,0.067090988066406121,4.8978708843284871,0.055388724610814948,0.033604123079704,0,0,0
2.8864703999999999,4294966903,4035,4294967283,-392,4035,-13,-0.1039239303647133,-0.020420352248333658,-0.017278759594743866,-0.021918614684628326,0.11250676572890142,0.035792243152962665,2.1669952659505927,0.066223700940567912,0.054513311914120711,0,0,0
2.8914469999999999,4294966897,4032,4294967284,-398,4032,-12,-0.10379151507862533,-0.018064157758141311,-0.016493361431346415,0.00066134166885948274,0.27985957755959695,0.092374254767559991,3.2432164075609187,0.082439782978372511,0.075447993690866258,0,0,0
2.8964482,4294966888,4029,4294967285,-407,4029,-11,-0.10359289214949337,-0.015707963267948967,-0.015707963267948967,0.018884810268964412,0.36914030968188294,0.12256008413392583,3.6068700967610461,0.10047413346217773,0.097443069692099898,0,0,0
2.9014335,4294966874,4024,4294967287,-421,4024,-9,-0.10328392314862142,-0.011780972450961723,-0.014922565104551517,0.038902365059096854,0.56332955561705178,0.13866386462059027,2.7891633353953016,0.11441995013915424,0.11673990480334731,0,0,0
2.9064190999999999,4294966855,4019,4294967290,-440,4019,-6,-0.10286460807600949,-0.0078539816339744835,-0.015707963267948967,0.059877043465999993,0.6669272057414255,0.0006960011477367134,-4.4336876427028251,0.092251511925640114,0.11771525029577504,0,0,0
2.9114,4294966833,4013,4294967293,-462,4013,-3,-0.10237908536035357,-0.0031415926535897933,-0.015707963267948967,0.077244115398709512,0.79547483763981885,0.0003713083237032762,-5.9503527281714623,0.062499748284782802,0.10525288077177281,0,0,0
2.9163920999999999,4294966811,4008,0,-484,4008,0,-0.10189356264469766,0.00078539816339744833,-0.016493361431346411,0.086509241451932603,0.79077394910355747,-0.07308143072319799,-9.9014981656730949,0.012992257456417328,0.074824224054297742,0,0,0
2.9213569000000001,4294966792,4002,2,-503,4002,2,-0.10147424757208574,0.0054977871437821377,-0.014922565104551521,0.085274745075622743,0.86154560034393235,0.10757096561330792,-2.9960068129753452,-0.0019877766084593993,0.048789146415653524,0,0,0
2.9263658000000001,4294966777,3998,4,-518,3998,4,-0.1011432093568658,0.0086393797973719298,-0.014922565104551517,0.076379714909484572,0.75274239488349104,0.05738782910187068,-4.9003319580714759,-0.026489436398816776,0.018205282230052702,0,0,0
2.9313454999999999,4294966767,3995,6,-528,3995,6,-0.10092251721338584,0.010995574287564275,-0.015707963267948967,0.06133877093234992,0.62141766120579034,-0.042663795892597708,-8.7027115592049178,-0.070002994194841364,-0.022382064841689135,0,0,0
2.9356803,4294966764,3993,7,-531,3993,7,-0.10085630957034185,0.012566370614359173,-0.015707963267948967,0.038900834602736099,0.4780779604310092,-0.022760627029442405,-7.0856653832310563,-0.10543132111099665,-0.063690017189974441,0,0,0
2.9416842999999999,4294966769,3992,7,-526,3992,7,-0.10096665564208183,0.013351768777756621,-0.014922565104551517,0.010457580680460611,0.32832841779508409,0.061136995826043365,-2.3816798240188057,-0.11733972023109068,-0.095219014571700622,0,0,0
2.9466828,4294966779,3993,7,-516,3993,7,-0.10118734778556179,0.012566370614359173,-0.015707963267948967,-0.015012107872556186,0.10187978156844464,-0.040663660093736537,-5.2475444976780459,-0.14357744271948092,-0.13006990108873751,0,0,0
2.9516393999999999,4294966796,3995,6,-499,3995,6,-0.10156252442947773,0.010995574287564275,-0.015707963267948967,-0.043013655238435367,-0.092207388394306089,-0.02169357840018498,-2.9262813751127208,-0.15820884959504453,-0.1587659782767652,0,0,0
2.9566176,4294966820,3998,4,-475,3998,4,-0.10209218557382964,0.0086393797973719298,-0.014922565104551517,-0.072365919129299405,-0.26903010149502549,0.061706253562367287,2.3072088761887874,-0.14667280521410059,-0.17146894203073609,0,0,0
2.9616055000000001,4294966850,4003,2,-445,4003,2,-0.10275426200426951,0.0047123889803846897,-0.015707963267948967,-0.10037966393796205,-0.50992195175271193,-0.040359967870646246,-0.021003606905635186,-0.14677782324862876,-0.17897287422527192,0,0,0
2.9665623000000001,4294966883,4008,0,-412,4008,0,-0.10348254607775338,0.00078539816339744833,-0.016493361431346411,-0.12150199396841108,-0.63843488510608914,-0.094811081507826023,-0.94728940552370888,-0.15151427027624731,-0.1841267298878782,0,0,0
2.9715508000000002,4294966918,4013,4294967293,-377,4013,-3,-0.10425496857993324,-0.0031415926535897933,-0.015707963267948967,-0.13688872602119312,-0.70699500460130049,0.022698936404123585,5.1968702881732405,-0.12552991883538112,-0.17361305691885226,0,0,0
2.9765579999999998,4294966954,4019,4294967290,-341,4019,-6,-0.1050494602964611,-0.0078539816339744835,-0.015707963267948967,-0.1471564745948829,-0.81685053116779582,0.012109612252034243,6.0399173730287865,-0.095330331970237187,-0.15233587803120785,0,0,0
2.9815413999999998,4294966988,4024,4294967287,-307,4024,-9,-0.10579981358429297,-0.011780972450961723,-0.014922565104551517,-0.14851597565582253,-0.8021776270395462,0.079739853216208342,9.5331192016109032,-0.047664735962182667,-0.11628152584150617,0,0,0
2.9865105999999999,4294967018,4029,4294967285,-277,4029,-11,-0.10646189001473284,-0.015707963267948967,-0.015707963267948967,-0.14100481223077649,-0.79434980742540384,-0.030739257215817398,5.1719367490597321,-0.021805052216884006,-0.080794856980109728,0,0,0
2.9915178,4294967042,4032,4294967284,-253,4032,-12,-0.10699155115908475,-0.018064157758141311,-0.016493361431346415,-0.12464303441695207,-0.64361472029801525,-0.08967854694564184,2.0050242166076324,-0.011779931133845843,-0.051462417305212574,0,0,0
2.9964993999999998,4294967058,4034,4294967283,-237,4034,-13,-0.10734465858865269,-0.019634954084936207,-0.016493361431346415,-0.099441338702433338,-0.48991982711395654,-0.047842436821854357,2.8080695926557877,0.0022604168294330963,-0.026011985906831799,0,0,0
3.0004925999999998,4294967067,4034,4294967282,-228,4034,-14,-0.10754328151778465,-0.019634954084936207,-0.014922565104551517,-0.071582762324390578,-0.26136639335470802,0.1210356682907964,8.6582494823816347,0.045551664241341272,0.0083921900520115816,0,0,0
3.0064791999999998,4294967071,4034,4294967282,-224,4034,-14,-0.10763155837517664,-0.019634954084936207,-0.014922565104551517,-0.04642499227835032,-0.13943585826616961,0.064571087630392945,5.341335471070904,0.072258341596695794,0.040715493513950603,0,0,0
3.0114949000000002,4294967069,4032,4294967283,-226,4032,-13,-0.10758741994648065,-0.018064157758141311,-0.014922565104551517,-0.020648959984054801,0.072171668727965529,0.034447906279614686,2.5689467880834789,0.085103075537113188,0.066940909400967891,0,0,0
3.0165041000000001,4294967062,4029,4294967284,-233,4029,-12,-0.10743293544604467,-0.015707963267948967,-0.014137166941154071,0.0033977975941353548,0.25834128365659281,0.091657067055213703,3.5722371559831663,0.10296426131702902,0.09271045168245981,0,0,0
3.0214591,4294967050,4025,4294967286,-245,4025,-10,-0.10716810487386871,-0.012566370614359173,-0.014137166941154069,0.026522007705057055,0.43094007543604917,0.04889795373829537,0.25936020390111514,0.10426106233653459,0.10977106279650384,0,0,0
3.0264796999999999,4294967033,4021,4294967288,-262,4021,-8,-0.10679292822995279,-0.0094247779607693795,-0.014137166941154069,0.04915404972872478,0.52301947538710214,0.026086475998104274,-1.9648282986171737,0.094436920843448721,0.11615532496446367,0,0,0
3.0314258000000001,4294967013,4015,4294967291,-282,4015,-5,-0.10635154394299287,-0.0047123889803846897,-0.014137166941154069,0.067405305413587191,0.71870177727983764,0.013916824283522533,-4.2067198677504321,0.073403321504696556,0.11070351540481257,0,0,0
3.0363812999999999,4294966991,4010,4294967293,-304,4010,-3,-0.10586602122733696,-0.00078539816339744833,-0.013351768777756621,0.081260353494361615,0.74981643568488909,0.080703979313083749,-2.2732284347968728,0.062037179330712192,0.10097344413477063,0,0,0
3.0413872999999998,4294966969,4004,0,-326,4004,0,-0.10538049851168103,0.0039269908169872417,-0.013351768777756618,0.088651856646950689,0.83969525469436879,0.043054611867193261,-4.9393011016627257,0.037340673822398564,0.081343583213179069,0,0,0
3.0463594999999999,4294966950,3999,2,-345,3999,2,-0.10496118343906911,0.0078539816339744835,-0.012566370614359175,0.08641780476595573,0.81436501498524172,0.096248641989713821,-2.9786123734584944,0.022447611955106091,0.061793009356716104,0,0,0
3.0513271999999998,4294966934,3995,4,-361,3995,4,-0.10460807600950119,0.010995574287564275,-0.012566370614359171,0.079048633904402962,0.72757211446392234,0.051347504285203759,-4.778177358475558,-0.0014432748372717012,0.037086285128915451,0,0,0
3.0563818,4294966922,3992,6,-373,3992,6,-0.10434324543732523,0.013351768777756621,-0.013351768777756621,0.066880827957667241,0.6079896163525268,-0.045886237248611558,-8.5756664005159973,-0.044321606839851688,0.0015337330435333772,0,0,0
3.0613361000000001,4294966915,3989,7,-380,3989,7,-0.10418876093688925,0.015707963267948967,-0.012566370614359171,0.050093897076773711,0.54419377770717292,0.048799758174901897,-4.2211705243129964,-0.065427459461416676,-0.030434439135098888,0,0,0
3.0662989,4294966914,3988,8,-381,3988,8,-0.10416669172254125,0.016493361431346415,-0.013351768777756619,0.028783607789522967,0.36360041894467288,-0.047245429457581117,-7.3254258077540966,-0.10205458850018716,-0.068517783288594175,0,0,0
3.0713172000000002,4294966919,3987,8,-376,3987,8,-0.10427703779428124,0.01727875959474386,-0.012566370614359175,0.0050601606607438114,0.26725601271473565,0.048074645317912362,-2.4478015454386215,-0.11429359622738026,-0.098676098556102196,0,0,0
3.0763015,4294966930,3988,8,-365,3988,8,-0.1045197991521092,0.016493361431346415,-0.013351768777756619,-0.01995067743841257,0.069298380763787262,-0.047632268531481781,-5.1702479907230554,-0.14014483618099555,-0.13127979375040219,0,0,0
3.0808392000000002,4294966945,3990,7,-350,3990,7,-0.10485083736732914,0.014922565104551517,-0.013351768777756621,-0.041530102763403194,-0.10958917771465689,-0.025411248013199206,-2.9246114050112428,-0.15476789320605175,-0.1606018508759291,0,0,0
3.0852341000000001,4294966966,3993,6,-329,3993,6,-0.10531429086863706,0.012566370614359173,-0.014137166941154069,-0.065397130763198724,-0.27830307909928698,-0.086836117486821227,-4.1553557176757883,-0.1755446717944307,-0.18978544206030676,0,0,0
3.0912187000000002,4294967003,3999,3,-292,3999,3,-0.10613085179951291,0.0078539816339744835,-0.014137166941154067,-0.11107567017435846,-0.58814849416555715,-0.046326034555806868,0.2967984940044841,-0.17406067932440827,-0.19830213879220743,0,0,0
3.0962057000000001,4294967040,4005,0,-255,4005,0,-0.10694741273038876,0.0031415926535897933,-0.014137166941154066,-0.13544462696864648,-0.75344733318259216,-0.02471438774299773,2.9803616584120904,-0.15915887103234783,-0.19763624697386406,0,0,0
3.1011929999999999,4294967079,4011,4294967293,-216,4011,-3,-0.10780811208996061,-0.0015707963267948967,-0.014137166941154069,-0.15256339573615557,-0.84163229526936578,-0.013184831539497545,4.8219706573228169,-0.13504901774573375,-0.185486212946708,0,0,0
3.1061879000000001,4294967118,4018,4294967290,-177,4018,-6,-0.10866881144953244,-0.0070685834705770346,-0.014922565104551519,-0.16169605500776274,-0.9619574416479969,-0.080313469901381482,3.276430298035359,-0.11866686625555695,-0.1692756660464913,0,0,0
3.1111743000000001,4294967155,4024,4294967287,-140,4024,-9,-0.1094853723804083,-0.011780972450961723,-0.014922565104551517,-0.16244999944371769,-0.95286995500777338,-0.042846279746590624,5.4526916409821649,-0.091403408050646118,-0.14504995389500616,0,0,0
3.1161634,4294967189,4029,4294967284,-106,4029,-12,-0.11023572566824016,-0.015707963267948967,-0.014137166941154071,-0.15667488903348176,-0.87474236981524789,0.050421539299652811,9.6065770416253713,-0.043370522842519257,-0.10685137555982591,0,0,0
3.1211555,4294967217,4033,4294967282,-78,4033,-14,-0.11085366366998406,-0.018849555921538759,-0.014137166941154069,-0.14123927482856136,-0.75978271423731258,0.026899290750846985,8.3331294331691215,-0.0017048756766736492,-0.064455681855849711,0,0,0
3.1261499000000001,4294967238,4036,4294967281,-57,4036,-15,-0.11131711717129197,-0.021205750411731103,-0.014922565104551515,-0.11859078663251432,-0.62517358773853215,-0.058929068017642916,3.9687377179864169,0.018138812913258435,-0.028043553907591737,0,0,0
3.1311309000000001,4294967251,4037,4294967280,-44,4037,-16,-0.11160401695781592,-0.021991148575128551,-0.014137166941154067,-0.090035205796940992,-0.40680218321522288,0.041841563285506887,6.9691372615326559,0.052984499220921716,0.011703985432207381,0,0,0
3.1361441999999999,4294967255,4037,4294967280,-40,4037,-16,-0.1116922938152079,-0.021991148575128551,-0.014137166941154067,-0.056269151122486441,-0.21702412017518252,0.022321975725452661,4.7231554644548872,0.07660027654319615,0.045751680978549258,0,0,0
3.1411484999999999,4294967253,4036,4294967280,-42,4036,-16,-0.11164815538651192,-0.021205750411731103,-0.013351768777756619,-0.025900701494211874,-0.04250026430096733,0.085188027511170675,6.0579375193135441,0.10688996413976387,0.081590983534015463,0,0,0
3.1461537000000002,4294967244,4033,4294967282,-51,4033,-14,-0.11144953245737994,-0.018849555921538759,-0.014137166941154069,0.0047142765664192707,0.19716517300326061,-0.027832721111266327,-0.61427157713939129,0.10381860625406691,0.10228561207934127,0,0,0
3.1511599000000001,4294967230,4029,4294967284,-65,4029,-12,-0.11114056345650801,-0.015707963267948967,-0.014137166941154071,0.031342554084382607,0.39830334894322461,-0.014848425255520685,-1.8364451797002341,0.094636380355565736,0.11292905455759709,0,0,0
3.1561309,4294967211,4024,4294967286,-84,4024,-10,-0.11072124838389608,-0.011780972450961723,-0.013351768777756619,0.055843974340090113,0.57888768976299987,0.065358061246740665,-0.10885960181708754,0.094092082346480296,0.11874781443165972,0,0,0
3.1611186999999998,4294967190,4019,4294967289,-105,4019,-7,-0.11025779488258816,-0.0078539816339744835,-0.014137166941154071,0.073033410786768629,0.67522728502788665,-0.038411771960078236,-5.8225437372966766,0.064979363659996917,0.10823883378346222,0,0,0
3.1661126999999998,4294967168,4013,4294967291,-127,4013,-5,-0.10977227216693225,-0.0031415926535897933,-0.012566370614359173,0.084262880686359759,0.79990283109425775,0.12606681568562528,-0.060268291910854366,0.06467802220044265,0.10087537594761843,0,0,0
3.171001,4294967147,4008,4294967294,-148,4008,-2,-0.10930881866562434,0.00078539816339744833,-0.013351768777756621,0.08819455888433686,0.79313623087893004,-0.0060243744419588019,-6.2633198804805676,0.03336142279803981,0.079725739236249843,0,0,0
3.1759922,4294967128,4004,0,-167,4004,0,-0.10888950359301242,0.0039269908169872417,-0.013351768777756618,0.086173841855518657,0.71624681095486109,-0.0032139320210583084,-6.2834362444441014,0.0019442415758193013,0.051692383605918588,0,0,0
3.1809802999999999,4294967112,4000,2,-183,4000,2,-0.10853639616344447,0.0070685834705770346,-0.013351768777756623,0.078918482597018155,0.6752272210944672,-0.0017145944588114539,-6.3461996357463288,-0.029786756602912343,0.017936354016295751,0,0,0
3.1859655,4294967102,3997,3,-193,3997,3,-0.10831570401996451,0.0094247779607693795,-0.012566370614359171,0.062693173259695992,0.58006423911048877,0.072364803567190619,-2.7428803368773385,-0.043501158287299037,-0.010284152123864524,0,0,0
3.1909557999999998,4294967098,3995,4,-197,3995,4,-0.10822742716257253,0.010995574287564275,-0.012566370614359171,0.04168250237764206,0.45601640221730189,0.038605760917243187,-3.4116843278183708,-0.06055957992639089,-0.037178109482220251,0,0,0
3.1959385,4294967099,3994,4,-196,3994,4,-0.10824949637692052,0.011780972450961723,-0.011780972450961723,0.020178008362627876,0.31655883921715816,0.093875232988876581,-0.079738445637170585,-0.060958272154576741,-0.055285860900236392,0,0,0
3.2019194,4294967106,3994,4,-189,3994,4,-0.10840398087735649,0.011780972450961723,-0.011780972450961723,-0.0036490446756453718,0.16888037085197719,0.050081318847968334,-0.79080453917912674,-0.064912294850472368,-0.068249792985811714,0,0,0
3.2069135000000002,4294967114,3995,4,-181,3995,4,-0.10858053459214047,0.010995574287564275,-0.012566370614359171,-0.018419603980082296,0.01681614737656191,-0.046561732100489472,-3.9547060723070726,-0.084685825212007737,-0.087042207508709307,0,0,0
3.2119023000000002,4294967126,3997,4,-169,3997,4,-0.10884536516431642,0.0094247779607693795,-0.014137166941154067,-0.034535962518636033,-0.13758782422060531,-0.17139916816021947,-8.3178988683921631,-0.12627531955396856,-0.11639699835286238,0,0,0
3.2168866,4294967142,3999,3,-153,3999,3,-0.10919847259388435,0.0078539816339744835,-0.014137166941154067,-0.051370288921590623,-0.21996050428486297,-0.091439415036398491,-4.1538297095613927,-0.14704446810177552,-0.14293729471758571,0,0,0
3.2218718000000002,4294967164,4002,1,-131,4002,1,-0.10968399530954026,0.0054977871437821377,-0.013351768777756621,-0.072705863155431996,-0.33718486742241915,0.024497680313761483,2.0117778775486008,-0.13698557871403252,-0.15464181446652264,0,0,0
3.2268762999999998,4294967190,4006,4294967295,-105,4006,-1,-0.11025779488258816,0.0023561944901923449,-0.013351768777756623,-0.092324578976659605,-0.47300218843406122,0.013069220706748553,2.915679537801859,-0.12240718102502322,-0.15660863658773819,0,0,0
3.2318582,4294967220,4011,4294967292,-75,4011,-4,-0.11091987131302804,-0.0015707963267948967,-0.012566370614359171,-0.11102737128066689,-0.61873863104968685,0.080251792898908936,7.342757186052534,-0.085693395094760552,-0.13979347893537489,0,0,0
3.2368549999999998,4294967250,4016,4294967290,-45,4016,-6,-0.11158194774346793,-0.0054977871437821377,-0.013351768777756621,-0.12100508824500641,-0.69648728762310497,-0.030466143491739678,3.6820677918662721,-0.06728305613542919,-0.12017868019952829,0,0,0
3.2418591999999999,4294967278,4021,4294967288,-17,4021,-8,-0.11219988574521181,-0.0094247779607693795,-0.014137166941154069,-0.12220986089631641,-0.73796527000335566,-0.089532844026332839,1.7910011889433277,-0.058328050190712549,-0.10110183116173045,0,0,0
3.2468528000000001,6,4024,4294967286,7,4024,-10,-0.11272954688956371,-0.011780972450961723,-0.013351768777756619,-0.11461615170738079,-0.61353424106167187,0.025514813242451362,6.4156840387311949,-0.026249629997056573,-0.072835622319093241,0,0,0
3.2518544999999999,26,4027,4294967285,27,4027,-11,-0.11317093117652365,-0.014137166941154069,-0.014137166941154069,-0.10232855723699281,-0.54715176895907136,-0.059667670280755779,2.5558345434614749,-0.013470457279749198,-0.048755451246191975,0,0,0
3.2558364000000002,38,4029,4294967284,39,4029,-12,-0.11343576174869958,-0.015707963267948967,-0.014137166941154071,-0.07930038981711654,-0.43845799134312957,-0.031831991517933915,2.9883515395165157,0.0014713004178333808,-0.028402648632768361,0,0,0
3.2608584,48,4030,4294967283,49,4030,-13,-0.11365645389217956,-0.016493361431346415,-0.013351768777756621,-0.062896916213521489,-0.30719163611730266,0.056297530901486405,6.0570883065811545,0.031756741950739159,-0.00034740670114205563,0,0,0
3.2658216000000002,52,4030,4294967283,53,4030,-13,-0.11374473074957153,-0.016493361431346415,-0.013351768777756621,-0.041791196817150392,-0.16388307955137263,0.030034062293776382,3.9992746769389678,0.051753115335434002,0.024709875297954004,0,0,0
3.2717887000000001,52,4028,4294967283,53,4028,-13,-0.11374473074957153,-0.014922565104551517,-0.011780972450961723,-0.022295105814394155,0.059129367312040979,0.16258185314485224,8.3728464271344425,0.093617347471106213,0.060032503088963976,0,0,0
3.2768003999999999,47,4027,4294967284,48,4027,-12,-0.11363438467783156,-0.014137166941154069,-0.012566370614359173,-0.0015986221279927822,0.10482433258674242,0.013455963188284153,1.3292584333077322,0.10026363963764487,0.085006279292110853,0,0,0
3.2817691,38,4024,4294967285,39,4024,-11,-0.11343576174869958,-0.011780972450961723,-0.011780972450961723,0.017679146497047986,0.27576109096765133,0.080458115407127037,2.897595331634113,0.11475161629581543,0.11035368358374142,0,0,0
3.2867590999999998,23,4020,4294967287,24,4020,-9,-0.11310472353347965,-0.0086393797973719298,-0.011780972450961723,0.040318268057638926,0.44023333518560059,0.042923446401335892,-0.16504745489613781,0.11392637902133473,0.12600428895362639,0,0,0
3.2917664000000002,3,4015,4294967290,4,4015,-6,-0.11266333924651974,-0.0047123889803846897,-0.012566370614359173,0.062691521116581828,0.60125683808292085,-0.050380371808317191,-5.7922212371351183,0.084965272835659134,0.12277801725374594,0,0,0
3.2967304999999998,4294967276,4010,4294967292,-19,4010,-4,-0.11215574731651583,-0.00078539816339744833,-0.011780972450961723,0.080804715970657748,0.68716095926441523,0.046402190907537985,-2.9219840768136227,0.070355352451591024,0.114066528360732,0,0,0
3.3017121,4294967252,4004,4294967295,-43,4004,-1,-0.11162608617216392,0.0039269908169872417,-0.011780972450961725,0.092526999979640673,0.8062693041824065,0.024755016249707225,-5.1393117924781517,0.044658793489200266,0.094406720873465827,0,0,0
3.3067251999999998,4294967231,3999,1,-64,3999,1,-0.11116263267085601,0.0078539816339744835,-0.010995574287564275,0.092603368110658446,0.79653266845370929,0.086486025656002719,-2.9396503580972437,0.029960541698714045,0.074833726156370114,0,0,0
3.3116984,4294967212,3995,4,-83,3995,4,-0.11074331759824407,0.010995574287564275,-0.012566370614359171,0.088525889073655106,0.71805876995314,-0.10041977385075691,-11.03561495745755,-0.025217533088573711,0.034924894937517131,0,0,0
3.3166804999999999,4294967199,3991,5,-96,3991,5,-0.11045641781172012,0.014137166941154069,-0.010995574287564277,0.073995940989415615,0.6761938796415945,0.092986285124593254,-2.6957994974559143,-0.038696530575853282,0.0046870987223473146,0,0,0
3.3216820999999999,4294967191,3989,6,-104,3989,6,-0.11027986409693616,0.015707963267948967,-0.010995574287564275,0.055948835408698064,0.5073004206415157,0.049607075748772468,-3.6827018340494022,-0.057110039746100294,-0.025904750215563547,0,0,0
3.3266822999999999,4294967190,3988,7,-105,3988,7,-0.11025779488258816,0.016493361431346415,-0.011780972450961723,0.031907147663677422,0.34391825230977291,-0.04681473514619261,-6.7924215751302679,-0.091072147621751642,-0.060894835566142919,0,0,0
3.3316447999999999,4294967194,3988,7,-101,3988,7,-0.11034607173998015,0.016493361431346415,-0.011780972450961723,0.0087856422483741769,0.18347629191612919,-0.024975103688077878,-4.8053327066606943,-0.11509881115505512,-0.094506566446308865,0,0,0
3.3366481000000001,4294967203,3989,7,-92,3989,7,-0.11054469466911211,0.015707963267948967,-0.012566370614359171,-0.013844956852391073,0.024602897442792787,-0.08660343968337203,-6.3273055790101651,-0.14673533905010594,-0.13200803682266329,0,0,0
3.3416315999999999,4294967219,3991,6,-76,3991,6,-0.11089780209868005,0.014137166941154069,-0.012566370614359173,-0.040331883805951693,-0.13343368579196849,-0.046201903718605809,-3.2893058753443727,-0.1631818684268278,-0.16337026110646885,0,0,0
3.3465943999999999,4294967243,3995,4,-52,3995,4,-0.11142746324303195,0.010995574287564275,-0.012566370614359171,-0.070935226007039748,-0.36430335948847553,-0.024648165419613798,-0.45971095872713086,-0.16548042322046347,-0.18380260262075182,0,0,0
3.3516124999999999,4294967273,4000,1,-22,4000,1,-0.11208953967347184,0.0070685834705770346,-0.011780972450961723,-0.099616406195231877,-0.56074910029166791,0.060130016573409488,5.0958418238950962,-0.14000121410098798,-0.18495763067992579,0,0,0
3.3566033000000002,12,4006,4294967295,13,4006,-1,-0.1128619621756517,0.0023561944901923449,-0.013351768777756623,-0.12521302557767297,-0.73883008284775775,-0.11448039082500969,-0.5457354070822289,-0.14272989113639911,-0.18557095475831648,0,0,0
3.3615846999999999,48,4012,4294967291,49,4012,-5,-0.11365645389217956,-0.0023561944901923449,-0.011780972450961723,-0.14092762745311777,-0.83383416629123419,0.085485113415436451,9.3618944708829765,-0.095920418781984235,-0.16216467505573567,0,0,0
3.3665604999999998,84,4019,4294967288,85,4019,-8,-0.1144509456087074,-0.0078539816339744835,-0.012566370614359173,-0.14931118040990421,-0.95779723270537143,-0.027674229319309504,5.9329208330675316,-0.066255814616646577,-0.13289105800957376,0,0,0
3.3715598,117,4024,4294967286,118,4024,-10,-0.11517922968219128,-0.011780972450961723,-0.013351768777756619,-0.14760637528522169,-0.87737101378841476,-0.088043391063992713,3.5171266764116544,-0.0486701812345883,-0.10331973652957514,0,0,0
3.3765299999999998,144,4028,4294967283,145,4028,-13,-0.11577509846958717,-0.014922565104551517,-0.011780972450961723,-0.13434222047724659,-0.76118506449271561,0.099588937952117013,11.297215137235341,0.0078158944515884024,-0.05715709974071341,0,0,0
3.3815160999999998,164,4032,4294967282,165,4032,-14,-0.11621648275654708,-0.018064157758141311,-0.013351768777756621,-0.11285218000975905,-0.69920124419134533,-0.093429526182168959,2.7398089958539167,0.021514939430857985,-0.022280356679626044,0,0,0
3.3865121,176,4033,4294967281,177,4033,-15,-0.11648131332872304,-0.018849555921538759,-0.012566370614359171,-0.084914617241523757,-0.44629505634418215,0.023435979717545588,6.2966091077957662,0.05299798496983682,0.015594232816175162,0,0,0
3.3914992000000002,180,4033,4294967281,181,4033,-15,-0.11656959018611503,-0.018849555921538759,-0.012566370614359171,-0.05353737810879524,-0.23809309767245412,0.01250281608236321,4.398030745336845,0.074988138696521045,0.048606446980522584,0,0,0
3.3964732999999998,177,4032,4294967281,178,4032,-15,-0.11650338254307104,-0.018064157758141311,-0.011780972450961723,-0.02238422286112151,-0.05374031288722815,0.079949622777060095,5.8673643472520443,0.10432496043278126,0.082490986437821892,0,0,0
3.4014741000000002,168,4029,4294967283,169,4029,-13,-0.11630475961393907,-0.015707963267948967,-0.012566370614359173,0.0065902760397480113,0.19116874093920505,-0.030627347653229581,-0.68249274370483526,0.10091249671425709,0.10212833274844847,0,0,0
3.4064605000000001,154,4025,4294967284,155,4025,-12,-0.11599579061306713,-0.012566370614359173,-0.010995574287564277,0.03234337746229797,0.39510432384801436,0.13021971334932897,4.533284269428564,0.12357891806139991,0.12620632629663273,0,0,0
3.4114380999999998,134,4021,4294967287,135,4021,-9,-0.11555440632610721,-0.0094247779607693795,-0.012566370614359173,0.058437011956212995,0.50390152867958649,-0.077088372286869822,-5.750775904950558,0.094825038536647116,0.12615854094998974,0,0,0
3.4164340000000002,111,4015,4294967289,112,4015,-7,-0.1150468143961033,-0.0047123889803846897,-0.010995574287564275,0.078534986000162982,0.70850258038526359,0.1054333100073917,0.26544146741313934,0.096152245873712808,0.12753646310860903,0,0,0
3.4214115999999999,86,4010,4294967292,87,4010,-4,-0.1144950840374034,-0.00078539816339744833,-0.011780972450961723,0.093375236333109915,0.74437528560294042,-0.017032103998757077,-5.954700962248487,0.066378741062470367,0.11221693345958225,0,0,0
3.4263968,62,4004,4294967295,63,4004,-1,-0.11396542289305149,0.0039269908169872417,-0.011780972450961725,0.099233222891827122,0.83679246592380974,-0.0090864246495622209,-6.7345789295037859,0.032705846414951438,0.087138983193703307,0,0,0
3.4313783,41,4000,1,42,4000,1,-0.11350196939174358,0.0070685834705770346,-0.011780972450961723,0.096181058170512229,0.73953689245317844,-0.0048474993411379338,-6.6048912954587857,-0.00031861006234248923,0.055689060254756298,0,0,0
3.4363744999999999,24,3996,3,25,3996,3,-0.11312679274782765,0.010210176124166829,-0.011780972450961722,0.086316323588759292,0.68765220221436096,-0.0025860831700688955,-6.53737937093537,-0.033005506917019339,0.019364176809069773,0,0,0
3.4413801999999998,13,3993,4,14,3993,4,-0.11288403138999969,0.012566370614359173,-0.010995574287564274,0.068698943591296247,0.58669281856998379,0.071899874718214116,-2.8647734331235899,-0.047329374082637293,-0.011370636653160165,0,0,0
3.4463721,9,3991,5,10,3991,5,-0.11279575453260771,0.014137166941154069,-0.010995574287564277,0.044886509327379066,0.45955267041979364,0.038357726913109201,-3.4460434698134756,-0.064559591431704672,-0.039736284813439812,0,0,0
3.4513210000000001,10,3991,5,11,3991,5,-0.1128178237469557,0.014137166941154069,-0.010995574287564277,0.021887307914085701,0.24516587689807465,0.020463390509468465,-2.904235388127292,-0.079080768372341126,-0.065471621005696812,0,0,0
3.4563469000000002,16,3991,5,17,3991,5,-0.11295023903304367,0.014137166941154069,-0.010995574287564277,-0.00067804345811449396,0.13079307566703027,0.010916975140148132,-2.3610532976941068,-0.090886034860811662,-0.087890963405353698,0,0,0
3.4613420000000001,26,3993,5,27,3993,5,-0.11317093117652365,0.012566370614359173,-0.012566370614359173,-0.020952830737353927,-0.07678249031849578,-0.14073496235602734,-7.5405260303159745,-0.12858866501239152,-0.12008965037663513,0,0,0
3.4660427999999999,41,3995,4,42,3995,4,-0.11350196939174358,0.010995574287564275,-0.012566370614359171,-0.042064739613834778,-0.18752158277326963,-0.075080426417095142,-3.7615758297340109,-0.14739654416106157,-0.14811451225338043,0,0,0
3.4706589999999999,61,3998,2,62,3998,2,-0.11394335367870349,0.0086393797973719298,-0.011780972450961729,-0.063623242893241672,-0.31987908910814511,0.03322500592445439,2.1475776407668641,-0.13665865595722726,-0.16202072331367312,0,0,0
3.4762279999999999,92,4004,4294967295,93,4004,-1,-0.11462749932349138,0.0039269908169872417,-0.011780972450961725,-0.097774660544482139,-0.6103288003803673,0.017725144987128093,3.9687300720210321,-0.1168150055971221,-0.15744250423584369,0,0,0
3.4812069999999999,122,4009,4294967293,123,4009,-3,-0.11528957575393126,-0,-0.012566370614359173,-0.11393492489257534,-0.69200074311293036,-0.063823365528520998,1.6607777719486903,-0.10851111673737865,-0.15157452845652997,0,0,0
3.4861936,153,4014,4294967290,154,4014,-6,-0.11597372139871913,-0.0039269908169872417,-0.011780972450961725,-0.12461534373388797,-0.73557175193702728,0.039230513849196604,7.0164097213038543,-0.073429068130859379,-0.12951698990310251,0,0,0
3.4911875000000001,183,4020,4294967288,184,4020,-8,-0.11663579782915902,-0.0086393797973719298,-0.013351768777756619,-0.12825410973087384,-0.83209588555352532,-0.12563002663810285,0.96368650853071269,-0.068610635588205821,-0.11189095614744704,0,0,0
3.4961749000000002,209,4024,4294967285,210,4024,-11,-0.11720959740220692,-0.011780972450961723,-0.011780972450961723,-0.12195890700564999,-0.73703132275677952,0.079536915489148041,9.6979811753253475,-0.020120729711579084,-0.076799601710795362,0,0,0
3.5011619999999999,230,4027,4294967284,231,4027,-12,-0.11767305090351483,-0.014137166941154069,-0.012566370614359173,-0.108304940007135,-0.61303599132791631,-0.030847522076437164,4.5878232095488913,0.0028183863361653724,-0.045124976769242958,0,0,0
3.5061670999999999,245,4029,4294967283,246,4029,-13,-0.11800408911873476,-0.015707963267948967,-0.012566370614359173,-0.088666049640951747,-0.47360643936770641,-0.016456785667449129,4.4550973132449343,0.025093872902390044,-0.013935210366533227,0,0,0
3.5111878000000001,254,4030,4294967282,255,4030,-14,-0.11820271204786674,-0.016493361431346415,-0.011780972450961725,-0.065834273932027204,-0.32594291455874902,0.06450002012079413,7.0197886080351228,0.060192815942565661,0.022300194019232045,0,0,0
3.5161688,256,4030,4294967282,257,4030,-14,-0.11824685047656272,-0.016493361431346415,-0.011780972450961725,-0.039240021653806204,-0.17388666329261759,0.034409992609580213,4.6420749828361885,0.083403190856746606,0.054804763471554094,0,0,0
3.5211421000000001,252,4029,4294967283,253,4029,-13,-0.11815857361917075,-0.015707963267948967,-0.012566370614359173,-0.012697643195580879,-0.01948694477416299,-0.05492219802027308,-0.46652498289300293,0.081070565942281597,0.074924679331692695,0,0,0
3.5262088,243,4026,4294967284,244,4026,-12,-0.11795995069003878,-0.013351768777756621,-0.011780972450961725,0.01175795093471918,0.20944250490728522,0.043979180711653937,2.083534627323838,0.091488239078900788,0.09392503135175917,0,0,0
3.5311105,229,4023,4294967285,230,4023,-11,-0.11765098168916684,-0.010995574287564275,-0.010995574287564275,0.035100270477395557,0.33157364001237782,0.096741888457628086,3.1312544196443621,0.10714451117712259,0.11199348780068365,0,0,0
3.5361072999999998,212,4019,4294967287,213,4019,-9,-0.1172758050452509,-0.0078539816339744835,-0.010995574287564277,0.053730450760018811,0.47000866543440012,0.051610645401808285,-0.057847701674577312,0.10685527266874971,0.1229316943336617,0,0,0
3.5411469000000002,190,4014,4294967290,191,4014,-6,-0.11679028232959499,-0.0039269908169872417,-0.011780972450961725,0.07396498138928112,0.61714162217896029,-0.045745854596626466,-5.7529134142570868,0.078090705597464283,0.11522580228377256,0,0,0
3.5461136999999998,168,4009,4294967292,169,4009,-4,-0.11630475961393907,-0,-0.010995574287564275,0.084759862508810735,0.69563530240920568,0.048874650647931735,-2.7669710271314809,0.064255850461806874,0.10525636650514784,0,0,0
3.5510975999999999,146,4004,4294967295,147,4004,-1,-0.11581923689828316,0.0039269908169872417,-0.011780972450961725,0.090518803030823977,0.73751074603795463,-0.047205475215107505,-7.7084097661432072,0.025713801631090834,0.079784838043728629,0,0,0
3.5556884000000002,127,4000,1,128,4000,1,-0.11539992182567124,0.0070685834705770346,-0.011780972450961723,0.087413798428457729,0.68657127723103195,-0.025183558861555929,-7.0049003417966009,-0.00931070007789217,0.047923713967823148,0,0,0
3.5616694,109,3995,3,110,3995,3,-0.11500267596740731,0.010995574287564275,-0.010995574287564275,0.0836982051875928,0.73267519654804902,0.059844390548085089,-3.9463499662081851,-0.029042449908933097,0.014600828905529474,0,0,0
3.5666380000000002,100,3993,4,101,3993,4,-0.11480405303827534,0.012566370614359173,-0.010995574287564274,0.063183988077765915,0.53743253058025175,0.031926269676008541,-4.156295824833963,-0.049823929033102912,-0.015959415876986842,0,0,0
3.5716513999999999,97,3992,4,98,3992,4,-0.11473784539523135,0.013351768777756621,-0.010210176124166826,0.039885235975292657,0.35999337412153648,0.090311803957130565,-0.52983899851187255,-0.052473124025662274,-0.03717925279746017,0,0,0
3.5767655,99,3992,4,100,3992,4,-0.11478198382392735,0.013351768777756621,-0.010210176124166826,0.017160077877735557,0.19205217796554389,0.048180271896083531,-1.1354258212283417,-0.058150253131803983,-0.054444396951581077,0,0,0
3.5814311999999999,103,3992,4,104,3992,4,-0.11487026068131934,0.013351768777756621,-0.010210176124166826,0.00091825613908476725,0.10245754981272685,0.025703601282091933,-1.3565037018093833,-0.0649327716408509,-0.070521499870835017,0,0,0
3.5864129,111,3993,4,112,3993,4,-0.1150468143961033,0.012566370614359173,-0.010995574287564274,-0.015983003386991778,-0.018619636624553716,-0.059566954109866933,-4.1072912860374089,-0.085469228071037948,-0.089937115978267368,0,0,0
3.5913081999999998,123,3995,3,124,3995,3,-0.11531164496827925,0.010995574287564275,-0.010995574287564275,-0.033236065119476722,-0.15649239298367734,-0.031778260640184422,-1.8774154322797059,-0.094856305232436475,-0.10515870358597094,0,0,0
3.5962749000000001,139,3997,2,140,3997,2,-0.1156647523978472,0.0094247779607693795,-0.010995574287564279,-0.050676809139500123,-0.2300458665871748,-0.016953323607127851,-0.38194095316764221,-0.096766009998274685,-0.11480720075208675,0,0,0
3.6012487000000002,158,4001,0,159,4001,0,-0.11608406747045912,0.0062831853071795866,-0.010995574287564272,-0.066158569162111977,-0.41584480739705859,-0.0090443962488157281,1.370814885359146,-0.08991193557147896,-0.11720015948172248,0,0,0
3.6062373000000001,179,4004,4294967295,180,4004,-1,-0.11654752097176703,0.0039269908169872417,-0.011780972450961725,-0.078536124288747261,-0.4416868103644554,-0.078104596981869737,-0.92400011210833544,-0.094531936132020641,-0.12012266885750944,0,0,0
3.6112285000000002,202,4008,4294967293,203,4008,-3,-0.11705511290177094,0.00078539816339744833,-0.011780972450961725,-0.089257623071072323,-0.52875273048951965,-0.041667872349297634,1.5505033549839669,-0.086779419357100804,-0.11612823105443307,0,0,0
3.6162087000000001,225,4012,4294967291,226,4012,-5,-0.11756270483177485,-0.0023561944901923449,-0.011780972450961723,-0.09497741499009052,-0.57520136201613059,-0.022229313679454396,3.0758599435360181,-0.071400119639420709,-0.10596452481514651,0,0,0
3.6211945999999999,248,4016,4294967289,249,4016,-7,-0.11807029676177876,-0.0054977871437821377,-0.011780972450961723,-0.098028855862405853,-0.59998115378305616,-0.011859074121117476,4.0948579756905366,-0.05092582976096803,-0.089012076232620058,0,0,0
3.6261931999999999,269,4019,4294967287,270,4019,-9,-0.11853375026308667,-0.0078539816339744835,-0.010995574287564277,-0.095538542703013207,-0.53992135829841148,0.066952844477033979,7.5789877746056353,-0.01303089088793985,-0.060362177614095854,0,0,0
3.6311760999999998,286,4022,4294967286,287,4022,-10,-0.11890892690700261,-0.010210176124166829,-0.011780972450961725,-0.085973549238508015,-0.50788017265398633,-0.037560974098844617,3.1100257375979306,0.002519237800049803,-0.035391800773458049,0,0,0
3.6361555999999999,298,4023,4294967285,299,4023,-11,-0.11917375747917856,-0.010995574287564275,-0.010995574287564275,-0.070575187820226454,-0.344227543104212,0.05324118692050217,6.2061356416660214,0.033549916008379914,-0.004464205717525583,0,0,0
3.6411612,304,4024,4294967285,305,4024,-11,-0.11930617276526653,-0.011780972450961723,-0.011780972450961723,-0.050005683804931964,-0.25692081416366352,-0.044875980114373673,1.3265165132033854,0.04018249857439684,0.017377957664023228,0,0,0
3.6461424999999998,305,4024,4294967285,306,4024,-11,-0.11932824197961453,-0.011780972450961723,-0.011780972450961723,-0.028736547059519214,-0.13706419470974496,-0.023940800967059521,1.2641972433633515,0.046503484791213599,0.035002099168573816,0,0,0
3.6511203999999999,302,4022,4294967285,303,4022,-11,-0.11926203433657054,-0.010210176124166829,-0.010210176124166829,-0.0091532748471702778,0.07343692299139272,0.13378690637692522,6.7017003985129371,0.080011986783778286,0.061583261169368769,0,0,0
3.6561191000000002,295,4020,4294967286,296,4020,-10,-0.11910754983613457,-0.0086393797973719298,-0.010210176124166826,0.0095306087135949534,0.18573676244631679,0.071373721296010315,3.1126862378981732,0.095575417973269156,0.084253678242651411,0,0,0
3.6611167,285,4018,4294967287,286,4018,-9,-0.11888685769265461,-0.0070685834705770346,-0.010210176124166827,0.025675568876758325,0.24564738942696118,0.038077030328276813,0.94398015911507216,0.10029531876884451,0.10234450002734884,0,0,0
3.6661030999999999,270,4014,4294967289,271,4014,-7,-0.11855581947743467,-0.0039269908169872417,-0.010210176124166827,0.044584264168550068,0.4241680340349705,0.020313642224250444,-1.2682226729362842,0.093954205404163091,0.11112941860279918,0,0,0
3.6711141,251,4010,4294967291,252,4010,-5,-0.11813650440482275,-0.00078539816339744833,-0.010210176124166827,0.062908268975673129,0.51940667194725065,0.010837086213323003,-2.855071663969075,0.079678847084317717,0.1097895893292789,0,0,0
3.6761298999999998,230,4005,4294967294,231,4005,-2,-0.11767305090351483,0.0031415926535897933,-0.010995574287564275,0.076802127846810925,0.64349487037720676,-0.067498062855081586,-7.5434296495069422,0.041961698836783003,0.091092692215210311,0,0,0
3.6811191000000001,210,4001,0,211,4001,0,-0.1172316666165549,0.0062831853071795866,-0.010995574287564272,0.082155225831143958,0.63641492719252113,-0.036009412704904452,-6.806259062717837,0.0079304035231938172,0.06396279939843777,0,0,0
3.6861074999999999,193,3997,2,194,3997,2,-0.11685648997263898,0.0094247779607693795,-0.010995574287564279,0.078833709068065846,0.63263786181788961,-0.019210592845251846,-6.4652325748680335,-0.024395759351146351,0.030870006625223302,0,0,0
3.6910954,180,3994,3,181,3994,3,-0.11656959018611503,0.011780972450961723,-0.010210176124166827,0.068825278379722452,0.55734332312923418,0.06303089678627552,-2.7482779710149847,-0.038137149206221271,0.0013182185270068231,0,0,0
3.6960985000000002,174,3992,4,175,3992,4,-0.11643717490002706,0.013351768777756621,-0.010210176124166826,0.049072127957935183,0.44389506412262131,0.033626232806270646,-3.3063159037425418,-0.054668728724933981,-0.026111930014814433,0,0,0
3.7010456,173,3991,4,174,3991,4,-0.11641510568567906,0.014137166941154069,-0.0094247779607693778,0.028238506132777962,0.31009224969555715,0.091218714042419352,0.08429497016610954,-0.054247253874103431,-0.044557167814994608,0,0,0
3.7060441000000002,176,3991,4,177,3991,4,-0.11648131332872304,0.014137166941154069,-0.0094247779607693778,0.0088875759438791363,0.16543052235222855,0.048664097626275521,-0.69746952638518778,-0.057734601506029368,-0.059689710866214787,0,0,0
3.7110384000000001,183,3992,4,184,3992,4,-0.11663579782915902,0.013351768777756621,-0.010210176124166826,-0.0096723559143180385,0.014975694285877514,-0.047317802744704179,-3.747590433680704,-0.076472553674432883,-0.077757807917282915,0,0,0
3.7160194,192,3993,4,193,3993,4,-0.11683442075829098,0.012566370614359173,-0.010995574287564274,-0.023692079057568833,-0.065290164734680259,-0.098523003552914601,-5.3150282850798085,-0.10304769509983193,-0.10144379953948063,0,0,0
3.7209903,206,3996,3,207,3996,3,-0.11714338975916293,0.010210176124166829,-0.011780972450961722,-0.04146698570849127,-0.25467008322737927,-0.12584036838602339,-5.2396878251862162,-0.129246134225763,-0.12666040548464558,0,0,0
3.7260002000000001,225,3999,1,226,3999,1,-0.11756270483177485,0.0078539816339744835,-0.010995574287564275,-0.061245238040616948,-0.35570201443503813,0.0061451813795559973,1.486957785154194,-0.12181134529999203,-0.13811490701825546,0,0,0
3.7309673000000001,248,4003,4294967295,249,4003,-1,-0.11807029676177876,0.0047123889803846897,-0.010995574287564277,-0.080033141173283889,-0.48288086584627676,0.0032783810835877599,2.6895254776104158,-0.10836371791193995,-0.13996176724396317,0,0,0
3.7359591000000001,274,4007,4294967293,275,4007,-3,-0.11864409633482666,0.0015707963267948967,-0.010995574287564277,-0.09623359453929721,-0.55072926851281734,0.0017489772661524168,3.6886716221114626,-0.089920359801382632,-0.1320213077989435,0,0,0
3.7409536999999999,301,4012,4294967291,302,4012,-5,-0.11923996512222254,-0.0023561944901923449,-0.011780972450961723,-0.10693545374306157,-0.66020510262698773,-0.072346460748935457,1.6415316462593101,-0.081712701570086088,-0.12180745157392915,0,0,0
3.7459364000000002,327,4017,4294967288,328,4017,-8,-0.11981376469527044,-0.0062831853071795866,-0.010995574287564275,-0.1105856579180841,-0.71860915638916278,0.034683544049869987,7.034094696522617,-0.046542228087472999,-0.097528003541289737,0,0,0
3.7509014000000001,351,4020,4294967287,352,4020,-9,-0.12034342583962235,-0.0086393797973719298,-0.011780972450961723,-0.10841477785006812,-0.60320798495869343,-0.054776261584577664,3.0870523752132137,-0.03110696621140693,-0.074267305673402201,0,0,0
3.7559083000000002,370,4024,4294967285,371,4024,-11,-0.12076274091223427,-0.011780972450961723,-0.011780972450961723,-0.096961087872990737,-0.61492235359459246,-0.029222483229863271,4.3252649762834077,-0.009480641329989891,-0.048816510824010839,0,0,0
3.7609081999999998,385,4026,4294967284,386,4026,-12,-0.12109377912745421,-0.013351768777756621,-0.011780972450961725,-0.082614239620288674,-0.47461279117246175,-0.015589846795241696,4.2880791232354127,0.011959754286187174,-0.022004693943836858,0,0,0
3.765879,394,4027,4294967283,395,4027,-13,-0.12129240205658617,-0.014137166941154069,-0.010995574287564275,-0.062605705356456362,-0.32647979126203402,0.064962521684820917,6.9037398933249374,0.046478453752811864,0.010059858752168187,0,0,0
3.7708520999999999,398,4027,4294967283,399,4027,-13,-0.12138067891397816,-0.014137166941154069,-0.010995574287564275,-0.041635839292911009,-0.1741730806202044,0.034656731686099514,4.6547859724408038,0.069752383615015887,0.040549410421067016,0,0,0
3.7758729999999998,396,4026,4294967283,397,4026,-13,-0.12133654048528217,-0.013351768777756621,-0.010210176124166827,-0.018094003899909523,-0.019639745007512685,0.091768472922690775,5.9879824346434534,0.09969229578823316,0.073503365157304379,0,0,0
3.7808274000000002,389,4024,4294967284,390,4024,-12,-0.1211820559848462,-0.011780972450961723,-0.010210176124166827,0.0047608362382863274,0.13608146851046021,0.048957387441871905,2.952336694811585,0.11445397926229109,0.10166374557424084,0,0,0
3.7868224000000001,373,4020,4294967286,374,4020,-10,-0.12082894855527826,-0.0086393797973719298,-0.010210176124166826,0.035485613640291611,0.3657159200365877,0.026118183171171958,0.075136757269134047,0.11482966304863676,0.11762380206367529,0,0,0
3.7908466999999999,358,4017,4294967288,359,4017,-8,-0.12049791034005831,-0.0062831853071795866,-0.010995574287564275,0.049817806222965715,0.41494364593799665,-0.059345779609260851,-4.4496098428371686,0.092581613834450918,0.12258558659534152,0,0,0
3.7957988999999999,337,4012,4294967290,338,4012,-6,-0.1200344568387504,-0.0023561944901923449,-0.010210176124166827,0.069818521861369859,0.58776509004192967,0.041619252613959101,-1.7413678466744136,0.083874774601078853,0.12121341495814322,0,0,0
3.8017867999999999,309,4005,4294967293,310,4005,-3,-0.11941651883700652,0.0031415926535897933,-0.0094247779607693795,0.094902437306802104,0.8265223109405786,0.095482894921676442,-1.5125588380514592,0.076311980410821559,0.11031758386180437,0,0,0
3.8067897999999998,286,4000,0,287,4000,0,-0.11890892690700261,0.0070685834705770346,-0.010210176124166824,0.097988856161273882,0.80733740636798179,-0.022340531948399127,-7.0734140573023288,0.040944910124309918,0.08799409038644708,0,0,0
3.8117456000000001,265,3996,2,266,3996,2,-0.1184454734056947,0.010210176124166829,-0.010210176124166829,0.095517203338812098,0.72382296895776521,-0.011918407743111743,-6.7513536873188675,0.007188141687715581,0.058513922930107154,0,0,0
3.8167431000000001,248,3992,4,249,3992,4,-0.11807029676177876,0.013351768777756621,-0.010210176124166826,0.08596216494183527,0.67926901116524108,-0.0063583285957177849,-6.5812131991216667,-0.025717924307892756,0.024157113864926923,0,0,0
3.821736,236,3989,5,237,3989,5,-0.1178054661896028,0.015707963267948967,-0.0094247779607693795,0.070569114433526106,0.58222048597993703,0.069887426706957384,-2.904640192900815,-0.04024112527239683,-0.0056050779377873582,0,0,0
3.8267202999999999,231,3988,6,232,3988,6,-0.11769512011786283,0.016493361431346415,-0.010210176124166827,0.047943333462733981,0.38388721495158806,-0.035995409426852906,-6.3208436591052495,-0.071845343567923076,-0.039564139454516901,0,0,0
3.8316918000000002,232,3987,6,233,3987,6,-0.11771718933221081,0.01727875959474386,-0.009424777960769383,0.023518087186858699,0.27807877679081944,0.054076397028842232,-1.6104947997845978,-0.079897817566846066,-0.064539334728165781,0,0,0
3.8367032999999999,237,3988,6,238,3988,6,-0.1178275354039508,0.016493361431346415,-0.010210176124166827,0.0022510681258275742,0.075072196511066572,-0.044430405468015036,-4.5246035391855708,-0.10252083526277392,-0.093071828397369605,0,0,0
3.8416806999999999,248,3989,6,249,3989,6,-0.11807029676177876,0.015707963267948967,-0.010995574287564275,-0.021449294852563302,-0.033229396481311908,-0.096982611491552059,-5.8167717075291918,-0.13160469380041989,-0.1237828153139568,0,0,0
3.8466667999999999,264,3992,5,265,3992,5,-0.1184234041913467,0.013351768777756621,-0.011780972450961725,-0.044388707569675112,-0.23756604517297569,-0.12501858756567535,-5.5941507686605796,-0.15957544764372278,-0.15578887653666404,0,0,0
3.8516598000000002,287,3996,3,288,3996,3,-0.11893099612135061,0.010210176124166829,-0.011780972450961722,-0.071040382909922109,-0.41985673311546157,-0.066695927631317764,-1.5237734219310148,-0.16719431475337784,-0.17832453265289053,0,0,0
3.8566509999999998,317,4001,0,318,4001,0,-0.11959307255179048,0.0062831853071795866,-0.010995574287564272,-0.099672506150614334,-0.59038616354159967,0.037698036176435079,4.7442923682945946,-0.14347285291190487,-0.18072698096364925,0,0,0
3.8616280999999999,350,4007,4294967293,351,4007,-3,-0.12032135662527435,0.0015707963267948967,-0.010995574287564277,-0.12112473371033873,-0.75464110314651012,0.020111453357649221,5.7539415232288489,-0.11470314529576062,-0.16995320376005679,0,0,0
3.8666246000000002,385,4013,4294967290,386,4013,-6,-0.12109377912745421,-0.0031415926535897933,-0.010995574287564277,-0.13668746216626959,-0.84226915732861829,0.010729220860840043,6.7016825701219833,-0.0811947324451507,-0.14613736130017735,0,0,0
3.8715913999999998,419,4019,4294967287,420,4019,-9,-0.12184413241528608,-0.0078539816339744835,-0.010995574287564277,-0.14293088219967257,-0.88901768068025899,0.0057239115559443981,7.4644716155095985,-0.043872374367602704,-0.11154972412554733,0,0,0
3.8765866999999998,448,4024,4294967285,449,4024,-11,-0.12248413963137797,-0.011780972450961723,-0.011780972450961723,-0.13596612112157017,-0.84067794187243639,-0.070225880642461755,4.3893999324036592,-0.021925374705584408,-0.07806191964812631,0,0,0
3.8815729000000001,471,4028,4294967283,472,4028,-13,-0.12299173156138188,-0.014922565104551517,-0.011780972450961723,-0.11989584245278313,-0.74160974759999176,-0.037464671009138584,5.4442396438482179,0.0052958235136566813,-0.042253004318105816,0,0,0
3.8865656,486,4030,4294967282,487,4030,-14,-0.12332276977660181,-0.016493361431346415,-0.011780972450961725,-0.094849658060703765,-0.54219900716570879,-0.019986955820021704,5.1069451079421864,0.030830549053367615,-0.0082314109907328688,0,0,0
3.8915459000000001,494,4031,4294967281,495,4031,-15,-0.12349932349138579,-0.01727875959474386,-0.010995574287564272,-0.067074045121214829,-0.3625362326163421,0.062616716384871901,7.5117174215772931,0.068389136161254083,0.030104583305845298,0,0,0
3.8965285999999999,495,4031,4294967281,496,4031,-15,-0.12352139270573377,-0.01727875959474386,-0.010995574287564272,-0.037842314556194898,-0.19340876268985252,0.033405272494558318,5.0484752337794259,0.093631512330151212,0.064884432773856651,0,0,0
3.9015255999999998,490,4029,4294967282,491,4029,-14,-0.1234110466339938,-0.015707963267948967,-0.010995574287564277,-0.0098928728414509736,0.043377766976332069,0.017821315055499571,2.7308692304964257,0.10728585848263333,0.093949573030152278,0,0,0
3.9065124999999998,478,4026,4294967283,479,4026,-13,-0.12314621606181785,-0.013351768777756621,-0.010210176124166827,0.019431593305055141,0.24298007997604928,0.082786978641708767,3.8745715739798108,0.1266587163525324,0.12110960676318186,0,0,0
3.9114963999999999,461,4022,4294967285,462,4022,-11,-0.12277103941790191,-0.010210176124166829,-0.010210176124166829,0.045371398085424175,0.42274505620765412,0.04416586720276499,0.63553428565191661,0.12983638778079198,0.13981796997755147,0,0,0
3.9164781,437,4017,4294967288,438,4017,-8,-0.12224137827355001,-0.0062831853071795866,-0.010995574287564275,0.073623746860021877,0.59192704951450781,-0.049717555106630583,-5.1877393400898661,0.10389769108034265,0.1382375467315296,0,0,0
3.9214459000000002,411,4011,4294967291,412,4011,-5,-0.12166757870050211,-0.0015707963267948967,-0.010995574287564275,0.092814259002064886,0.75546314746278598,-0.026523723567553083,-5.9080309804652202,0.074357536178016548,0.12448271150105014,0,0,0
3.9264633,385,4005,4294967294,386,4005,-2,-0.12109377912745421,0.0031415926535897933,-0.010995574287564275,0.10305216869178405,0.8427077081817006,-0.014150090654682002,-6.598339308747283,0.04136583963428013,0.10004607353350208,0,0,0
3.9314418,361,4000,0,362,4000,0,-0.12056411798310231,0.0070685834705770346,-0.010210176124166824,0.1043957510634739,0.8159721230456991,0.065730614439884968,-3.6352426456757967,0.023189626405901147,0.07460685666794506,0,0,0
3.9364444999999999,341,3996,2,342,3996,2,-0.12012273369614239,0.010210176124166829,-0.010210176124166829,0.096876095207287349,0.72842948747527314,0.035066500023779056,-4.8503193399755924,-0.001061970293976814,0.045151829630739271,0,0,0
3.9414291000000001,327,3992,4,328,3992,4,-0.11981376469527044,0.013351768777756621,-0.010210176124166826,0.08050978678258508,0.68172653393572213,0.018707560158932338,-5.3984413831016065,-0.028054177209484846,0.013926897624535351,0,0,0
3.9464318999999999,318,3990,5,319,3990,5,-0.11961514176613848,0.014922565104551517,-0.010210176124166829,0.061483004829278612,0.51025202581955664,0.0099802605581604652,-4.9412479344330249,-0.052760416881649966,-0.017941128626809917,0,0,0
3.9514032000000001,315,3989,5,316,3989,5,-0.11954893412309449,0.015707963267948967,-0.0094247779607693795,0.038977781669079219,0.34549289852186077,0.078603869445782015,-0.9588802325705994,-0.057554818044502964,-0.04081698258995476,0,0,0
3.9563836999999999,317,3989,5,318,3989,5,-0.11959307255179048,0.015707963267948967,-0.0094247779607693795,0.016675961812161348,0.18431634691795976,0.041934228263004546,-1.3745928416964968,-0.064427782252985455,-0.059937799470826031,0,0,0
3.9613716999999999,323,3990,5,324,3990,5,-0.11972548783787847,0.014922565104551517,-0.010210176124166829,-0.0034582345420464764,0.025051056782130751,-0.050908107904608271,-4.229643116942432,-0.08557599783769762,-0.082292119022142632,0,0,0
3.9663498000000001,332,3991,5,333,3991,5,-0.11992411076701043,0.014137166941154069,-0.010995574287564277,-0.020376919308867252,-0.059915078829503227,-0.10043838859910637,-5.6424427517180211,-0.11378821159628773,-0.10954600315826464,0,0,0
3.9713137000000001,347,3994,4,348,3994,4,-0.12025514898223036,0.011780972450961723,-0.011780972450961723,-0.041757497725213866,-0.25180253890837584,-0.12686220349802052,-5.4338205967115503,-0.14095731457984548,-0.13737188813111317,0,0,0
3.9763237999999999,367,3997,2,368,3997,2,-0.12069653326919029,0.0094247779607693795,-0.010995574287564279,-0.063459333004579371,-0.35417221369017371,0.0056000445162466411,1.3641429013453201,-0.13413660007311887,-0.15132069127812225,0,0,0
3.9813095999999999,393,4002,0,394,4002,0,-0.12127033284223818,0.0054977871437821377,-0.011780972450961722,-0.087391665257263607,-0.55534425465916626,-0.070291962233018895,-0.13029649822747569,-0.13478808256425626,-0.15992717099393186,0,0,0
3.9862918000000001,422,4007,4294967293,423,4007,-3,-0.12191034005833007,0.0015707963267948967,-0.010995574287564277,-0.10633661029426975,-0.66266714277661531,0.035779594541275515,5.7600482292735533,-0.10598784141788849,-0.1512388698843016,0,0,0
3.9913107000000001,453,4013,4294967291,454,4013,-5,-0.12259448570311794,-0.0031415926535897933,-0.012566370614359173,-0.12056173338332826,-0.79320214478079432,-0.12747105099219525,0.144512678918991,-0.10526527802329354,-0.14441824337003462,0,0,0
3.9962664000000001,483,4018,4294967288,484,4018,-8,-0.12325656213355782,-0.0070685834705770346,-0.011780972450961723,-0.12609155688292528,-0.78956149452856006,0.0052752316288142281,6.4277714694951102,-0.073126420675817982,-0.12333729404164258,0,0,0
4.0012563999999999,512,4023,4294967286,513,4023,-10,-0.12389656934964971,-0.010995574287564275,-0.012566370614359171,-0.12698254160307657,-0.78761925097516516,-0.070465246040297483,3.7065485615306741,-0.05459367786816461,-0.10029602987821151,0,0,0
4.0062528999999998,537,4027,4294967284,538,4027,-12,-0.12444829970834961,-0.014137166941154069,-0.012566370614359173,-0.11922143028973836,-0.71330356787741367,-0.037592369598303386,5.0517304767937858,-0.029335025484195681,-0.072877143188001453,0,0,0
4.0112614999999998,557,4030,4294967282,558,4030,-14,-0.12488968399530953,-0.016493361431346415,-0.011780972450961725,-0.1047854185168362,-0.60037751667144579,0.053224437795426897,8.5579507297296082,0.013454728164452364,-0.035848630046419291,0,0,0
4.0162838000000001,571,4033,4294967281,572,4033,-15,-0.12519865299618146,-0.018849555921538759,-0.012566370614359171,-0.084729316576817371,-0.54013281317911765,-0.044884915573137382,3.9989919000220806,0.033449687664562772,-0.0039513045404301651,0,0,0
4.0211857000000002,578,4033,4294967280,579,4033,-16,-0.12535313749661744,-0.018849555921538759,-0.010995574287564275,-0.059615853199065399,-0.28815442343859499,0.12261347065613559,9.7817165415294589,0.082358270372210066,0.038664830303195376,0,0,0
4.0262231999999996,578,4033,4294967280,579,4033,-16,-0.12535313749661744,-0.018849555921538759,-0.010995574287564275,-0.03180434772193684,-0.1537269532997135,0.06541282640239679,6.326820481152664,0.11399237277797339,0.078718012285325378,0,0,0
4.0311968,571,4031,4294967281,572,4031,-15,-0.12519865299618146,-0.01727875959474386,-0.010995574287564272,-0.0025534689155284375,0.064547539718918981,0.034896963890288714,3.4291812076344534,0.13113827881614565,0.11263588907459487,0,0,0
4.0361662999999997,557,4028,4294967283,558,4028,-13,-0.12488968399530953,-0.014922565104551517,-0.011780972450961723,0.027465298420682335,0.25427390162532409,-0.054662404641312043,-2.1096619500568083,0.12058996906586161,0.13047747627322423,0,0,0
4.0412118000000001,536,4023,4294967285,537,4023,-11,-0.12442623049400162,-0.010995574287564275,-0.010995574287564275,0.057893725142830713,0.50204969485246631,0.044117777385473969,0.007001251914421136,0.12062497532543372,0.14194409813926331,0,0,0
4.0461403999999996,511,4018,4294967288,512,4018,-8,-0.12387450013530171,-0.0070685834705770346,-0.011780972450961723,0.082363369480618218,0.63423512979979835,-0.049743210451458242,-5.6011100820640536,0.092619424915113449,0.13526769805191763,0,0,0
4.0511020000000002,484,4012,4294967291,485,4012,-5,-0.12327863134790581,-0.0023561944901923449,-0.011780972450961723,0.099535853853504219,0.77803400445191473,-0.026537410388491476,-6.2068288927450297,0.061585280451388301,0.11634385004275631,0,0,0
4.0561124,458,4007,4294967293,459,4007,-3,-0.12270483177485793,0.0015707963267948967,-0.010995574287564277,0.10663805949816492,0.78146947229910413,0.059122126881359309,-3.2496024681321574,0.045337268110727511,0.095589597130790349,0,0,0
4.0611097999999997,436,4002,0,437,4002,0,-0.12221930905920202,0.0054977871437821377,-0.011780972450961722,0.10219056057918965,0.78330225348290594,-0.041738568680834309,-8.0040794011548773,0.0053168711049531234,0.063030579317122651,0,0,0
4.0660889999999998,417,3998,2,418,3998,2,-0.12179999398659008,0.0086393797973719298,-0.011780972450961729,0.093640542082614825,0.71100050112602298,-0.022267029330413853,-7.2008280798243396,-0.030687269294168575,0.024520328302932694,0,0,0
4.0710679000000001,405,3995,3,406,3995,3,-0.12153516341441413,0.010995574287564275,-0.010995574287564275,0.074665437197038151,0.59914885798659101,0.061400324320265404,-3.0853572687791329,-0.046114055638064241,-0.0074514374250423746,0,0,0
4.0760567999999999,400,3994,4,401,3994,4,-0.12142481734267416,0.011780972450961723,-0.011780972450961723,0.05012867287433305,0.39291829981869797,-0.040523177478023961,-6.2674139829037738,-0.077451125552583114,-0.043122038006836214,0,0,0
4.0810152999999998,401,3993,4,402,3993,4,-0.12144688655702215,0.012566370614359173,-0.010995574287564274,0.024683939737937546,0.28289675301705614,0.051660886694320174,-1.4321506197808405,-0.08461187865148731,-0.069340792565232484,0,0,0
4.0860687999999996,407,3994,3,408,3994,3,-0.12157930184311012,0.011780972450961723,-0.010210176124166827,0.0008139263150768565,0.077642529450923439,0.10083998711864349,2.1438423669588929,-0.073892666816692848,-0.08328551216443239,0,0,0
4.0910280999999999,418,3996,3,419,3996,3,-0.12182206320093808,0.010210176124166829,-0.011780972450961722,-0.022215992893807913,-0.10513767375977594,-0.092762106350457285,-4.7592585888323278,-0.097688959760854482,-0.10380116049088481,0,0,0
4.0960006,433,3998,2,434,3998,2,-0.12215310141615802,0.0086393797973719298,-0.011780972450961729,-0.042738621581421228,-0.20264873545989637,-0.049487479042496015,-1.9504138762831511,-0.10744102914227024,-0.11933210985719847,0,0,0
4.1009824999999998,452,4002,0,453,4002,0,-0.12257241648876994,0.0054977871437821377,-0.011780972450961722,-0.061923640635029323,-0.40122876421059406,-0.02640098072729153,0.55357969847933264,-0.10467313064987357,-0.12692294700292556,0,0,0
4.1059761000000004,474,4006,4294967294,475,4006,-2,-0.12305793920442586,0.0023561944901923449,-0.011780972450961723,-0.078335950615647437,-0.50716884467762036,-0.014084608811135928,2.2461662901754513,-0.093442299198996312,-0.1260258956627606,0,0,0
4.1109555000000002,498,4011,4294967292,499,4011,-4,-0.12358760034877776,-0.0015707963267948967,-0.012566370614359171,-0.091209943063044363,-0.63696613526802914,-0.08079349036043483,0.61889782044647523,-0.090347810096763931,-0.12291879308293159,0,0,0
4.1159727000000004,523,4015,4294967290,524,4015,-6,-0.12413933070747767,-0.0047123889803846897,-0.012566370614359173,-0.1001371749812482,-0.63293192476188642,-0.04310236494497599,2.8005431882216709,-0.076345094155655574,-0.11236754064534539,0,0,0
4.1209262999999998,547,4019,4294967288,548,4019,-8,-0.12466899185182957,-0.0078539816339744835,-0.012566370614359173,-0.10284063663329757,-0.6307797214999048,-0.022994598396007329,4.119306801518281,-0.055748560148064168,-0.095458680775597035,0,0,0
4.1259312000000001,569,4023,4294967286,570,4023,-10,-0.12515451456748547,-0.010995574287564275,-0.012566370614359171,-0.10016468070394458,-0.62963154669002996,-0.012267344403692334,4.9267355360507885,-0.031114882467810225,-0.072862845336678583,0,0,0
4.1308956999999999,588,4026,4294967284,589,4026,-12,-0.12557382964009742,-0.013351768777756621,-0.011780972450961725,-0.092559759295191724,-0.55573948981045418,0.066735037143333897,8.2469978955141769,0.010120107009760661,-0.039085869181954197,0,0,0
4.1359034000000001,602,4029,4294967283,603,4029,-13,-0.12588279864096935,-0.015707963267948967,-0.012566370614359173,-0.078207072976331907,-0.51631895743897405,-0.037677171717525923,3.6394031016980977,0.02831712251825115,-0.0096323571442832531,0,0,0
4.1408936000000001,609,4030,4294967283,610,4030,-13,-0.12603728314140533,-0.016493361431346415,-0.013351768777756621,-0.056136313911011246,-0.34872953429028386,-0.093379841709311601,0.18666763505966122,0.029250460693549456,0.0096173362387441119,0,0,0
4.1458640000000004,612,4030,4294967282,613,4030,-14,-0.12610349078444932,-0.016493361431346415,-0.011780972450961725,-0.03612538573743862,-0.18604305355561299,0.096742005084143962,7.309248822746258,0.065796704807280754,0.040112657555046907,0,0,0
4.1508628999999999,609,4029,4294967282,610,4029,-14,-0.12603728314140533,-0.015707963267948967,-0.010995574287564277,-0.013095132288833616,-0.025972234210126871,0.12489022691268277,7.4559156818443508,0.1030762832165025,0.074043818234398665,0,0,0
4.1558409000000003,602,4027,4294967283,603,4027,-13,-0.12588279864096935,-0.014137166941154069,-0.010995574287564275,0.0074276747116900129,0.13270316093390255,0.066627448751582025,3.8378408865325624,0.12226548764916531,0.10480997926530207,0,0,0
4.1608197999999996,589,4025,4294967284,590,4025,-12,-0.12559589885444541,-0.012566370614359173,-0.010995574287564277,0.030731009418552478,0.21735459459241713,0.035544950448751646,1.501279160869037,0.12977188345351048,0.12870756625228763,0,0,0
4.1658200000000001,569,4020,4294967286,570,4020,-10,-0.12515451456748547,-0.0086393797973719298,-0.010210176124166826,0.057576832806421507,0.4823536842190746,0.092242327054849693,1.9341542947655173,0.13944265492733807,0.14771982888040761,0,0,0
4.1707782,545,4015,4294967289,546,4015,-7,-0.12462485342313358,-0.0047123889803846897,-0.010995574287564275,0.080135200930263814,0.62372754268487995,-0.024069336313724168,-4.5720242308388039,0.11658253377314405,0.14938528067793874,0,0,0
4.1767877999999996,510,4008,4294967292,511,4008,-4,-0.12385243092095372,0.00078539816339744833,-0.010210176124166827,0.1148200345687112,0.84570785115202041,0.060438815008178513,-3.276857813034654,0.10019824470797078,0.13624495532888711,0,0,0
4.1817764999999998,482,4002,4294967295,483,4002,-1,-0.12323449291920983,0.0054977871437821377,-0.010210176124166829,0.11891020841725367,0.89085218288395251,0.032243388046521319,-5.3319156690458271,0.073538666362741645,0.11845968357928999,0,0,0
4.1867717000000004,456,3997,2,457,3997,2,-0.12266069334616193,0.0094247779607693795,-0.010995574287564279,0.1169740469305031,0.84165662695118737,-0.056078055752768807,-9.4700012854076192,0.026188659935703545,0.085773137001442332,0,0,0
4.1917551,433,3992,4,434,3992,4,-0.12215310141615802,0.013351768777756621,-0.010210176124166826,0.10976379704673014,0.81541138372645094,0.043362544376372401,-5.5019311769852877,-0.0013209959492228932,0.052126349812327388,0,0,0
4.1967295,416,3989,6,417,3989,6,-0.12177792477224209,0.015707963267948967,-0.010995574287564275,0.093562553023622985,0.6548508204342306,-0.050146118267812997,-8.9159208421351295,-0.045900600159898539,0.0093631936190142519,0,0,0
4.2017037999999998,407,3987,7,408,3987,7,-0.12157930184311012,0.01727875959474386,-0.010995574287564279,0.068446500174668315,0.49591415272693423,-0.026752356910324581,-7.0423850467904332,-0.081112525393850707,-0.032835000313785431,0,0,0
4.2067049000000001,404,3986,7,405,3986,7,-0.12151309420006613,0.018064157758141311,-0.010210176124166827,0.042692723508212953,0.33784381397537133,0.059007455471740383,-2.3044155700682714,-0.092634603244192065,-0.066811672750034273,0,0,0
4.2116971000000003,409,3987,7,410,3987,7,-0.12162344027180612,0.01727875959474386,-0.010995574287564279,0.012480508254272991,0.10695613211264134,-0.041799744512255273,-5.0015076090032684,-0.11764214128920841,-0.10100794622916799,0,0,0
4.2166724999999996,419,3989,6,420,3989,6,-0.12184413241528608,0.015707963267948967,-0.010995574287564275,-0.013932900102787462,-0.089499215832772816,-0.022299665907938564,-2.6928428450101558,-0.1311063555142592,-0.13031392424650362,0,0,0
4.2216402000000004,437,3992,5,438,3992,5,-0.12224137827355001,0.013351768777756621,-0.011780972450961725,-0.044497021008171531,-0.26758532368482779,-0.085176125489212662,-3.7894627319913279,-0.15005366917421584,-0.15672319394715864,0,0,0
4.2266564999999998,461,3996,3,462,3996,3,-0.12277103941790191,0.010210176124166829,-0.011780972450961722,-0.073157277102184545,-0.43587166070468175,-0.045440448593776002,-0.47324132202403568,-0.15241987578433602,-0.17339116668423887,0,0,0
4.2316443000000001,491,4002,0,492,4002,0,-0.1234331158483418,0.0054977871437821377,-0.011780972450961722,-0.10080184399228756,-0.67220945598215209,-0.02424193817861697,2.5050847769557287,-0.13989445189955738,-0.176715572479723,0,0,0
4.2366210999999998,524,4009,4294967293,525,4009,-3,-0.12416139992182566,-0,-0.012566370614359173,-0.12172722199968992,-0.87157237452942649,-0.086212304615276236,1.716398382325504,-0.13131245998792984,-0.1739922601511224,0,0,0
4.2416133,559,4015,4294967289,560,4015,-7,-0.12493382242400553,-0.0047123889803846897,-0.010995574287564275,-0.13700888249366028,-0.90465059808754611,0.10056580076626576,10.870963628740309,-0.076957641844228292,-0.14524385902099479,0,0,0
4.2465938999999997,593,4022,4294967286,594,4022,-10,-0.12568417571183738,-0.010210176124166829,-0.011780972450961725,-0.1431023561165688,-0.99557695572226923,-0.019628862212173831,6.9892412394408758,-0.042011435647023913,-0.11056216812659739,0,0,0
4.2515679999999998,622,4027,4294967284,623,4027,-12,-0.12632418292792927,-0.014137166941154069,-0.012566370614359173,-0.13605760041416703,-0.89752604610265019,-0.083751283523879907,4.2299155381520244,-0.020861857956263791,-0.076920449705058999,0,0,0
4.2565833,644,4031,4294967281,645,4031,-15,-0.12680970564358518,-0.01727875959474386,-0.010995574287564272,-0.11788553530324425,-0.77193753420791622,0.10187872621045002,11.775095200430243,0.038013618045887432,-0.027501064340372323,0,0,0
4.2615606000000001,659,4034,4294967280,660,4034,-16,-0.12714074385880514,-0.019634954084936207,-0.011780972450961723,-0.093777183136992071,-0.63165803944220578,-0.018928432123211193,5.9281356821201712,0.067654296456488294,0.017081253873850143,0,0,0
4.2665395999999998,664,4034,4294967280,665,4034,-16,-0.1272510899305451,-0.019634954084936207,-0.011780972450961723,-0.060324561733255913,-0.33698204168437118,-0.010098093120759459,4.4989115633629728,0.090148854273303158,0.055736624749975247,0,0,0
4.2715112,661,4033,4294967280,662,4033,-16,-0.12718488228750111,-0.018849555921538759,-0.010995574287564275,-0.026005104496819833,-0.10649638685816078,0.067892306869362831,6.1680697072927364,0.12098920280976684,0.094798848156758611,0,0,0
4.2765231999999997,651,4031,4294967281,652,4031,-15,-0.12696419014402116,-0.01727875959474386,-0.010995574287564272,0.0067176890705719482,0.089744484450974465,0.036219737191508103,3.2098737368786256,0.13703857149415996,0.12698426993218762,0,0,0
4.2814880000000004,633,4028,4294967282,634,4028,-14,-0.12656694428575724,-0.014922565104551517,-0.010210176124166827,0.040647791847774117,0.26771617157175642,0.092602317746135782,3.9599764604421139,0.15683845379637054,0.15581230897281015,0,0,0
4.2864858999999997,608,4023,4294967285,609,4023,-11,-0.12601521392705733,-0.010995574287564275,-0.010995574287564275,0.073162869447953971,0.50922098578611985,-0.023877285567019221,-3.1277329328708161,0.14119978913201647,0.16551460367989093,0,0,0
4.2914797,577,4016,4294967288,578,4016,-8,-0.12533106828226945,-0.0054977871437821377,-0.010210176124166827,0.10286393770487759,0.78461996669468603,0.060541271794430758,-1.889099757620873,0.13175429034391212,0.16626861682432523,0,0,0
4.2964599000000003,544,4009,4294967291,545,4009,-5,-0.12460278420878558,-0,-0.0094247779607693795,0.12282732443807054,0.93154204330803225,0.10557756681385552,-1.5936829732285442,0.1237858754777694,0.16149970131716351,0,0,0
4.3014317999999996,512,4003,4294967295,513,4003,-1,-0.12389656934964971,0.0047123889803846897,-0.010995574287564277,0.13141844325535434,0.93664370220761017,-0.090234664002466991,-10.859049538052323,0.06949062778750778,0.13345964516948677,0,0,0
4.3064428000000001,481,3997,2,482,3997,2,-0.12321242370486184,0.0094247779607693795,-0.010995574287564279,0.13394259257080321,0.93936537647534402,-0.048139118648923368,-9.872633383415689,0.020127460870429333,0.0933898426885309,0,0,0
4.31142,456,3992,4,457,3992,4,-0.12266069334616193,0.013351768777756621,-0.010210176124166826,0.12293453459440765,0.867537837992992,0.047597872777195238,-5.8129564372656937,-0.0089373213158991348,0.054534231234960144,0,0,0
4.3164068000000002,438,3988,6,439,3988,6,-0.122263447487898,0.016493361431346415,-0.010210176124166827,0.10264809491891613,0.7559391823082523,0.025392898287902917,-6.2908821558809898,-0.040391732095304084,0.013903243142416265,0,0,0
4.3214085999999998,427,3986,7,428,3986,7,-0.12202068613007004,0.018064157758141311,-0.010210176124166827,0.077411749102358027,0.549843589934633,0.013546808834883873,-5.6955264702671569,-0.068869364446639866,-0.02617608909207314,0,0,0
4.3264022999999998,425,3985,7,426,3985,7,-0.12197654770137406,0.018849555921538759,-0.0094247779607693795,0.045416466782080639,0.36661452648492371,0.080506580477715278,-1.4875260972323452,-0.076306994932801589,-0.054621046424950526,0,0,0
4.3313512000000003,428,3986,7,429,3986,7,-0.12204275534441804,0.018064157758141311,-0.010210176124166827,0.018051813379513712,0.12230496460869368,-0.030330217352688392,-4.6194887953676371,-0.099404438909639778,-0.085566136846390806,0,0,0
4.3363800000000001,437,3988,6,438,3988,6,-0.12224137827355001,0.016493361431346415,-0.010210176124166827,-0.0089015649039172421,-0.081310796483977058,-0.016180809757863988,-2.4924656823325932,-0.11186676732130274,-0.11075835252216665,0,0,0
4.3413472999999998,451,3990,5,452,3990,5,-0.12255034727442195,0.014922565104551517,-0.010210176124166829,-0.033576422546402446,-0.18993738018536829,-0.008632269310031318,-1.0017189392552746,-0.11687536201757912,-0.12970913884906676,0,0,0
4.3463263999999997,471,3994,3,472,3994,3,-0.12299173156138188,0.011780972450961723,-0.010210176124166827,-0.059094826824362456,-0.39444740755000551,-0.004605212875992761,0.90043947152276804,-0.11237316465996527,-0.13869058177027621,0,0,0
4.3513535000000001,496,3999,1,497,3999,1,-0.12354346192008177,0.0078539816339744835,-0.010995574287564275,-0.083004142923903595,-0.57683059094977196,-0.07573634551829854,-0.46310016537420307,-0.11468866548683629,-0.1433585161131874,0,0,0
4.3563122999999999,523,4004,4294967295,524,4004,-1,-0.12413933070747767,0.0039269908169872417,-0.011780972450961725,-0.099877698854584404,-0.67412984730883208,-0.11368395768879049,-0.92659698992993045,-0.11932165043648595,-0.14640508026371521,0,0,0
4.3613019,551,4009,4294967292,552,4009,-4,-0.12475726870922156,-0,-0.010995574287564275,-0.11093865026068303,-0.72603784184841091,0.012630481716942574,5.4123889183213816,-0.092259705844879039,-0.13449964399186115,0,0,0
4.3662907000000004,579,4015,4294967289,580,4015,-7,-0.12537520671096544,-0.0047123889803846897,-0.010995574287564275,-0.11683953611197276,-0.82700965805971527,0.0067382115807327744,6.3070935860645267,-0.060724237914556403,-0.1126099697978685,0,0,0
4.3712569999999999,606,4019,4294967287,607,4019,-9,-0.12597107549836134,-0.0078539816339744835,-0.010995574287564277,-0.11792847817780434,-0.73431788096025175,0.0035947556335729318,6.3410874879555115,-0.029018800474778846,-0.082701368507041961,0,0,0
4.3762577,628,4024,4294967285,629,4024,-11,-0.12645659821401725,-0.011780972450961723,-0.011780972450961723,-0.10821386448820983,-0.75814744102763376,-0.071361759971123026,3.474559686494147,-0.011646002042308111,-0.055249572392930782,0,0,0
4.3812289,644,4027,4294967284,645,4027,-12,-0.12680970564358518,-0.014137166941154069,-0.012566370614359173,-0.09067657219893599,-0.62430118895548836,-0.11135016839591309,1.1033180857863174,-0.0061294116133765236,-0.034585565369691318,0,0,0
4.3862344000000002,655,4028,4294967283,656,4028,-13,-0.12705246700141315,-0.014922565104551517,-0.011780972450961723,-0.071025084299023336,-0.40633676885378667,0.013875530511808586,5.318323170445642,0.020462204238851686,-0.0086347744330482618,0,0,0
4.3912434999999999,661,4029,4294967282,662,4029,-14,-0.12718488228750111,-0.015707963267948967,-0.010995574287564277,-0.050245698218592628,-0.29005534644795067,0.080681949577637968,7.4588689313520717,0.057756548895612048,0.023498524831526334,0,0,0
4.3962028000000002,662,4029,4294967282,663,4029,-14,-0.1272069515018491,-0.015707963267948967,-0.010995574287564277,-0.028864591890897393,-0.15474107308728582,0.043042859265682729,4.9558057393304056,0.08253557759226407,0.054188196618392158,0,0,0
4.4011846999999999,657,4028,4294967282,658,4028,-14,-0.12709660543010914,-0.014922565104551517,-0.010210176124166827,-0.005103364714397372,-0.0092730004027078566,0.096242372116769254,6.1527968597056537,0.11329956189079234,0.087417483083758463,0,0,0
4.4061750000000002,648,4026,4294967283,649,4026,-13,-0.12689798250097717,-0.013351768777756621,-0.010210176124166827,0.015809408064861304,0.14161200330050636,0.051344159382654853,3.0946301683427073,0.12877271273250587,0.11693844339526437,0,0,0
4.4111399999999996,632,4023,4294967285,633,4023,-11,-0.12654487507140924,-0.010995574287564275,-0.010995574287564275,0.041379895133332741,0.29538687519242535,-0.045888021714287103,-2.5302798362888059,0.11612131355106184,0.13023868684306644,0,0,0
4.4161469999999996,610,4018,4294967287,611,4018,-9,-0.12605935235575333,-0.0070685834705770346,-0.010210176124166827,0.067376107044085892,0.52398297663985804,0.048798806183714877,-0.40917560530778507,0.11407543552452291,0.13779992934407187,0,0,0
4.4211207000000003,585,4013,4294967289,586,4013,-7,-0.12550762199705343,-0.0031415926535897933,-0.0094247779607693795,0.087422107300115667,0.64593627443191726,0.099313101250491767,0.4083299321471352,0.1161170851852586,0.14230679026590751,0,0,0
4.4261201999999997,558,4008,4294967292,559,4008,-4,-0.12491175320965753,0.00078539816339744833,-0.010210176124166827,0.10223463023615828,0.71099690647326774,-0.02029716248555468,-5.7921532105201416,0.087156319132657895,0.13035645425000661,0,0,0
4.4311087999999996,531,4002,4294967295,532,4002,-1,-0.12431588442226163,0.0054977871437821377,-0.010210176124166829,0.11013693482155085,0.81898549815820554,-0.010828294468984681,-6.612754611627814,0.054092546074518827,0.10785057531247227,0,0,0
4.4360901999999998,506,3997,1,507,3997,1,-0.12376415406356173,0.0094247779607693795,-0.0094247779607693795,0.11023449968459087,0.80331660650380254,0.067502753145986166,-3.7193814418737099,0.035495638865150281,0.084306077918189753,0,0,0
4.4410898000000003,485,3993,3,486,3993,3,-0.12330070056225381,0.012566370614359173,-0.0094247779607693778,0.10205010832624861,0.7216779201135648,0.036011914919246289,-4.9718684801408148,0.010636296464446207,0.05662285752787799,0,0,0
4.4460870999999997,469,3990,5,470,3990,5,-0.12294759313268588,0.014922565104551517,-0.010210176124166829,0.087388281690140263,0.60484513386003447,-0.0540675915452134,-8.4277823576411155,-0.031502615323759371,0.019576440006747589,0,0,0
4.4510475999999999,458,3988,6,459,3988,6,-0.12270483177485793,0.016493361431346415,-0.010210176124166827,0.069270820472531622,0.46923671445276682,-0.02884441620334921,-6.7287510840506028,-0.065146370744012388,-0.019510934578195277,0,0,0
4.4560347,455,3987,6,456,3987,6,-0.12263862413181394,0.01727875959474386,-0.009424777960769383,0.043132488570367701,0.32361171835528441,0.057891366753054632,-1.9827369765190039,-0.075060055626607405,-0.048502485047856161,0,0,0
4.4610035000000003,457,3987,6,458,3987,6,-0.12268276256050993,0.01727875959474386,-0.009424777960769383,0.018892448465972773,0.17264299788007242,0.030884354739742079,-1.9910533224158546,-0.085015322238686686,-0.073986323909497387,0,0,0
4.4660140999999998,464,3989,5,465,3989,5,-0.1228372470609459,0.015707963267948967,-0.0094247779607693795,-0.0043348755708951785,-0.054456055204748458,0.016476435454685794,-1.0421373395704867,-0.09022600893653912,-0.093933935197198476,0,0,0
4.4709769000000001,476,3991,5,477,3991,5,-0.12310207763312185,0.014137166941154069,-0.010995574287564277,-0.027021927646082165,-0.17561069552356717,-0.13776905648532808,-6.5530013795463731,-0.12299101583427099,-0.12165962087606753,0,0,0
4.4759839000000001,493,3994,3,494,3994,3,-0.12347725427703779,0.011780972450961723,-0.010210176124166827,-0.049420751063761932,-0.31352477260610001,-0.00021863166376290266,0.58542404148459304,-0.12006389562684804,-0.1361746000555823,0,0,0
4.4809744,515,3999,1,516,3999,1,-0.1239627769926937,0.0078539816339744835,-0.010995574287564275,-0.071665807925149136,-0.53365932890748558,-0.073396156680969937,-0.77880809666800754,-0.12395793611018807,-0.14699029171749431,0,0,0
4.4859581000000004,541,4004,4294967295,542,4004,-1,-0.12453657656574159,0.0039269908169872417,-0.011780972450961725,-0.09176972189722539,-0.65109849313189883,-0.11243549481317133,-1.1417473380031109,-0.12966667280020364,-0.15463133655052752,0,0,0
4.4909588999999999,570,4009,4294967292,571,4009,-4,-0.12517658378183347,-0,-0.010995574287564275,-0.1086722513738104,-0.71375088867331571,0.013296521793254745,5.352239248985442,-0.10290547655527643,-0.14521483671965113,0,0,0
4.4959327,599,4015,4294967289,600,4015,-7,-0.12581659099792536,-0.0047123889803846897,-0.010995574287564275,-0.11768954955888614,-0.82045471486500798,0.0070935360296347279,6.3298486235592577,-0.071256233437480138,-0.12535786393235457,0,0,0
4.5009151999999997,628,4020,4294967286,629,4020,-10,-0.12645659821401725,-0.0086393797973719298,-0.010210176124166826,-0.12250017075444145,-0.80410041612011351,0.07706383628755295,9.9949100931566424,-0.021281682971696927,-0.08816754133197259,0,0,0
4.5059101000000004,652,4025,4294967284,653,4025,-12,-0.12698625935836916,-0.012566370614359173,-0.010995574287564277,-0.11477102855941684,-0.79537559250156653,-0.032166880378813406,5.6735602112433465,0.0070861180845198067,-0.051551153143095108,0,0,0
4.5109269000000003,670,4028,4294967283,671,4028,-13,-0.12738350521663308,-0.014922565104551517,-0.011780972450961723,-0.09829296166769691,-0.64416196442016704,-0.090440166901665869,2.5266157371845677,0.019719196770442645,-0.020379968241840907,0,0,0
4.5159788000000001,680,4030,4294967282,681,4030,-14,-0.12760419736011305,-0.016493361431346415,-0.011780972450961725,-0.073029227114998235,-0.49021177533604432,-0.048248751998330668,3.3390316909082722,0.036414355224984006,0.0076274552922859853,0,0,0
4.5208596999999999,684,4030,4294967281,685,4030,-15,-0.12769247421750501,-0.016493361431346415,-0.010210176124166827,-0.047196664018319505,-0.26152214425440706,0.1208189039829167,9.2437125766677894,0.082632918108322961,0.046350922428078298,0,0,0
4.5258881999999998,681,4030,4294967281,682,4030,-15,-0.12762626657446105,-0.016493361431346415,-0.010210176124166827,-0.019001527404841737,-0.13951894951633578,0.064455446453565532,5.8532376483940727,0.11189910635029332,0.081886882835093433,0,0,0
4.5307634999999999,673,4028,4294967282,674,4028,-14,-0.12744971285967707,-0.014922565104551517,-0.010210176124166827,0.0063357935187417884,0.072127340535528203,0.034386213088937502,3.0908933060610133,0.1273535728805984,0.11278276947200461,0,0,0
4.5367426000000002,655,4024,4294967284,656,4024,-12,-0.12705246700141315,-0.011780972450961723,-0.010210176124166827,0.040444055118832062,0.33159715438584508,0.018344635180669179,0.30849867063284431,0.12889606623376262,0.13080297418858916,0,0,0
4.5417284000000002,633,4020,4294967286,634,4020,-10,-0.12656694428575724,-0.0086393797973719298,-0.010210176124166826,0.066876847541183254,0.47002121007261455,0.0097866444042980592,-1.5831819289790181,0.12098015658886753,0.13922810125935958,0,0,0
4.5467155999999997,608,4014,4294967289,609,4014,-7,-0.12601521392705733,-0.0039269908169872417,-0.010210176124166827,0.08715575830095304,0.69042783388607165,0.0052210582414362371,-3.6487529447842961,0.10273639186494604,0.13650079073457327,0,0,0
4.5516993000000001,581,4009,4294967291,582,4009,-5,-0.12541934513966144,-0,-0.0094247779607693795,0.10209253621703099,0.7347326235961309,0.076064891686716291,-1.6222650494819226,0.094625066617536432,0.13033591537328196,0,0,0
4.5562214000000001,557,4004,4294967294,558,4004,-2,-0.12488968399530953,0.0039269908169872417,-0.010210176124166827,0.10388379856636887,0.7583687012847431,-0.032699805427019189,-6.9242776425413766,0.06000367840482955,0.11193400582849827,0,0,0
4.5612024,532,4000,0,533,4000,0,-0.12433795363660963,0.0070685834705770346,-0.010210176124166824,0.10689852596048127,0.69769874795970477,-0.017444956776310645,-6.6166936489813368,0.026920210159922867,0.083842185347324072,0,0,0
4.5661896000000004,511,3996,2,512,3996,2,-0.12387450013530171,0.010210176124166829,-0.010210176124166829,0.1002704060722433,0.66533205037374388,-0.0093066766897612584,-6.4551308976612312,-0.0053554443283832867,0.050706649511142614,0,0,0
4.5711868000000004,495,3992,3,496,3992,3,-0.12352139270573377,0.013351768777756621,-0.0086393797973719298,0.086438831731941737,0.64806480266368638,0.14159403740241153,0.052847348288323381,-0.0050912075869416701,0.028530784889757868,0,0,0
4.5761719999999997,485,3990,4,486,3990,4,-0.12330070056225381,0.014922565104551517,-0.0086393797973719298,0.066705189964024997,0.4922938930604166,0.07553873272369481,-1.8611753505425432,-0.014397084339654385,0.0085101685305011623,0,0,0
4.5811633,479,3989,5,480,3989,5,-0.12316828527616584,0.015707963267948967,-0.0094247779607693795,0.047941086036100394,0.33591244855662655,-0.032980504967812158,-5.6182822894616766,-0.042488495786962774,-0.017584733915214975,0,0,0
4.5861685000000003,477,3989,5,478,3989,5,-0.12312414684746985,0.015707963267948967,-0.0094247779607693795,0.02969421899967507,0.17920529095421314,-0.017594706638498755,-4.0284192825466407,-0.062630592199695981,-0.042853574226780586,0,0,0
4.5911653000000001,480,3989,5,481,3989,5,-0.12319035449051384,0.015707963267948967,-0.0094247779607693795,0.0096641814224155409,0.095603888584588931,-0.0093865664578806646,-2.9267534425342117,-0.077264359412367034,-0.065352951586545957,0,0,0
4.5961799000000001,486,3990,5,487,3990,5,-0.12332276977660181,0.014922565104551517,-0.010210176124166829,-0.0071989358773207031,-0.022275983270138293,-0.078287140713531697,-5.022870742990035,-0.10237871312731721,-0.092536713998783507,0,0,0
4.6011579999999999,497,3992,4,498,3992,4,-0.12356553113442977,0.013351768777756621,-0.010210176124166826,-0.026490759449006161,-0.15844301037599742,-0.041765257256242291,-2.3933794223584139,-0.11434561023910927,-0.11493903694933054,0,0,0
4.6061512000000002,513,3995,3,514,3995,3,-0.12391863856399771,0.010995574287564275,-0.010995574287564275,-0.047078268893534794,-0.30436601702826993,-0.095560786659578706,-3.4709806158040069,-0.13170051331812932,-0.13720517379817951,0,0,0
4.6111411999999996,534,3999,0,535,3999,0,-0.12438209206530562,0.0078539816339744835,-0.009424777960769376,-0.068357011321018943,-0.45549372258548193,0.095578496925851519,6.1768528891705019,-0.1008162488722768,-0.13657982669981852,0,0,0
4.6161253000000002,559,4004,4294967294,560,4004,-2,-0.12493382242400553,0.0039269908169872417,-0.010210176124166827,-0.087945408050359775,-0.60939807302619453,-0.022289529417687914,2.7090500268289466,-0.087270998738132072,-0.13043367975008968,0,0,0
4.6211098000000002,586,4009,4294967292,587,4009,-4,-0.12552969121140142,-0,-0.010995574287564275,-0.10251380495447254,-0.69150421115342642,-0.085170717792378309,1.1229538309775693,-0.081656229583244228,-0.12116916450923791,0,0,0
4.6261272,612,4014,4294967289,613,4014,-7,-0.12610349078444932,-0.0039269908169872417,-0.010210176124166827,-0.10822676094638445,-0.73530685804978591,0.027841955640102022,6.7614782473428914,-0.047848838346529768,-0.097753462906124411,0,0,0
4.6311292999999996,635,4019,4294967287,636,4019,-9,-0.12661108271445323,-0.0078539816339744835,-0.010995574287564277,-0.10509722414483473,-0.75867504852726231,-0.058426167525335956,3.593874370133487,-0.029879466495862334,-0.074773498032060667,0,0,0
4.6360801,654,4022,4294967285,655,4022,-11,-0.12703039778706515,-0.010210176124166829,-0.010210176124166829,-0.09519121247969356,-0.62458266127331052,0.042109854709156506,7.536471333189338,0.0078028901700843596,-0.041965348216475629,0,0,0
4.6410660999999998,668,4025,4294967284,669,4025,-12,-0.12733936678793709,-0.012566370614359173,-0.010995574287564277,-0.079610921912527402,-0.55304596956735064,-0.050814413287105384,3.260884639063796,0.024107313365403341,-0.013831080818366821,0,0,0
4.6460445999999997,676,4026,4294967283,677,4026,-13,-0.12751592050272106,-0.013351768777756621,-0.010210176124166827,-0.058944360862883224,-0.36832295788213126,0.046170634947564917,6.4087328657137919,0.056150977693972301,0.019292539182190632,0,0,0
4.6506550000000004,679,4026,4294967283,680,4026,-13,-0.12758212814576506,-0.013351768777756621,-0.010210176124166827,-0.037623445345486999,-0.19649591170556704,0.02463148390264059,4.4434809245194504,0.078368382316569549,0.050771700689882085,0,0,0
4.6565026999999999,674,4025,4294967283,675,4025,-13,-0.12747178207402507,-0.012566370614359173,-0.0094247779607693795,-0.0097761087240305061,-0.031548709550991941,0.08642012261997796,5.8262472274589321,0.10749961845386422,0.082667248940764521,0,0,0
4.6612830000000001,665,4023,4294967284,666,4023,-12,-0.12727315914489309,-0.010995574287564275,-0.0094247779607693795,0.013316554783004735,0.12972817774928783,0.046104106248391119,2.8671893836143498,0.12183556537193596,0.11039117281376254,0,0,0
4.6662701999999996,650,4020,4294967286,651,4020,-10,-0.12694212092967316,-0.0086393797973719298,-0.010210176124166826,0.037990877331904128,0.28904699578424609,-0.048683527658101258,-2.6540631830276507,0.10856524945679771,0.12261621836395702,0,0,0
4.6712331999999996,630,4016,4294967288,631,4016,-8,-0.12650073664271325,-0.0054977871437821377,-0.010210176124166827,0.061449885881086436,0.44732120718462359,-0.025972082237901532,-3.2634973272504091,0.09224776282054567,0.12377187600423284,0,0,0
4.6762362,607,4011,4294967290,608,4011,-6,-0.12599314471270934,-0.0015707963267948967,-0.0094247779607693795,0.08014231835904187,0.60503813338557788,0.059423722717257758,-1.1087365928483894,0.086704079856303726,0.121181050828898,0,0,0
4.6812374999999999,584,4007,4294967292,585,4007,-4,-0.12548555278270543,0.0015707963267948967,-0.0094247779607693795,0.090114508479555655,0.61589871598526447,0.031701848397956874,-2.957973380547902,0.071914212953564219,0.11180980077269473,0,0,0
4.6862059,561,4002,4294967295,562,4002,-1,-0.12497796085270152,0.0054977871437821377,-0.010210176124166829,0.095434553150946108,0.69497222675652548,-0.056366960706131598,-7.6855987970747286,0.033486218968190574,0.087209103585133188,0,0,0
4.6912459000000002,540,3998,1,541,3998,1,-0.12451450735139359,0.0086393797973719298,-0.010210176124166829,0.094154513101765369,0.66387748378174016,-0.030071102267721375,-6.9190202501957927,-0.0011088822827883885,0.05549127581498,0,0,0
4.6961689,524,3995,2,525,3995,2,-0.12416139992182566,0.010995574287564275,-0.009424777960769383,0.083176075665802679,0.57400928941713658,0.05723694434620482,-2.9251094050477033,-0.015734429308026904,0.028128959745976359,0,0,0
4.7011650999999999,512,3993,3,513,3993,3,-0.12389656934964971,0.012566370614359173,-0.0094247779607693778,0.069082768984046083,0.452786158663743,0.030535228179145012,-3.4883876974808401,-0.033176367795431108,-8.3760909499051156e-05,0,0,0
4.7061392,507,3992,4,508,3992,4,-0.12378622327790972,0.013351768777756621,-0.010210176124166826,0.047150385866190234,0.31483554275001069,-0.056989338699693658,-6.3729638183553305,-0.065041186887207753,-0.032163324028222251,0,0,0
4.7111530999999998,506,3991,4,507,3991,4,-0.12376415406356173,0.014137166941154069,-0.0094247779607693778,0.027213279612683525,0.24124053200135165,0.042876385776573087,-1.4805661976360893,-0.072444017875388206,-0.056814624802242891,0,0,0
4.7161317,511,3992,3,512,3992,3,-0.12387450013530171,0.013351768777756621,-0.0086393797973719298,0.004222409279295165,0.055419431619186318,0.096153560492846707,2.1762639020148402,-0.061562698365314,-0.068479609694464108,0,0,0
4.7211227999999998,519,3994,3,520,3994,3,-0.12405105385008568,0.011780972450961723,-0.010210176124166827,-0.014220277035548257,-0.11699343180016054,-0.095262259145092468,-4.7854932035667623,-0.085490164383147813,-0.088709739624854247,0,0,0
4.7261183999999998,530,3996,2,531,3996,2,-0.12429381520791363,0.010210176124166829,-0.010210176124166829,-0.030236561340408377,-0.20897364118529868,-0.05082128078434154,-2.0593659683564303,-0.095786994224929964,-0.10537885470032106,0,0,0
4.7311003999999999,546,3999,1,547,3999,1,-0.12464692263748157,0.0078539816339744835,-0.010995574287564275,-0.049076609594184403,-0.33132350680035338,-0.10039206736446019,-3.0854130522025498,-0.11121405948594271,-0.12154162923239839,0,0,0
4.7360550000000003,566,4003,4294967295,567,4003,-1,-0.12508830692444151,0.0047123889803846897,-0.010995574287564277,-0.067363992024038699,-0.46987522234459889,-0.053557972378955473,0.16646263033234643,-0.11038174633428098,-0.12971487769149093,0,0,0
4.7410803000000001,588,4007,4294967293,589,4007,-3,-0.12557382964009742,0.0015707963267948967,-0.010995574287564277,-0.081238313293034881,-0.54379091258769585,-0.028572540447158991,2.2074650625617274,-0.09934442102147234,-0.13011943039344417,0,0,0
4.7460618999999999,613,4012,4294967290,614,4012,-6,-0.12612555999879732,-0.0023561944901923449,-0.010210176124166827,-0.094817429250178623,-0.65650357236918411,0.05803640923123897,7.1895336204624787,-0.063396752919159943,-0.11272102665336703,0,0,0
4.7510339999999998,638,4017,4294967288,639,4017,-8,-0.1266772903574972,-0.0062831853071795866,-0.010995574287564275,-0.10206172590085739,-0.71663443407781124,-0.042317786117461231,3.8238568141720073,-0.044277468848299903,-0.092373832719299512,0,0,0
4.7560114999999996,660,4021,4294967286,661,4021,-10,-0.12716281307315311,-0.0094247779607693795,-0.010995574287564275,-0.099749141104165995,-0.67543401341439269,-0.022576034935005984,4.8751595350846975,-0.019901671172876414,-0.066843637519679547,0,0,0
4.7610332,678,4024,4294967284,679,4024,-12,-0.12756005893141706,-0.011780972450961723,-0.010210176124166827,-0.090278963604612322,-0.58017456035049808,0.061235473510134593,8.274741713892114,0.021472037396584157,-0.030928231656773265,0,0,0
4.7659808000000004,691,4027,4294967283,692,4027,-13,-0.12784695871794099,-0.014137166941154069,-0.010995574287564275,-0.074931185374475129,-0.52935477657705854,-0.040611123422035468,3.7092494084703134,0.040018284438935722,0.00068384957904625565,0,0,0
4.7709754000000002,697,4028,4294967283,698,4028,-13,-0.12797937400402898,-0.014922565104551517,-0.011780972450961723,-0.052329556624946899,-0.35568398855806943,-0.094945070003503884,0.27876142738227294,0.04141209157584709,0.022176686702989598,0,0,0
4.7759720000000003,697,4028,4294967282,698,4028,-14,-0.12797937400402898,-0.014922565104551517,-0.010210176124166827,-0.027917195271486717,-0.18975317208751427,0.095906974429353531,7.3114295968200871,0.077969239559947529,0.052952085700992094,0,0,0
4.7809499999999998,693,4027,4294967283,694,4027,-13,-0.12789109714663699,-0.014137166941154069,-0.010995574287564275,-0.006657050163119977,-0.027951538263432621,-0.022114290581377927,1.138378678000985,0.083661132949952449,0.074535709832216523,0,0,0
4.7859280000000002,684,4025,4294967283,685,4025,-13,-0.12769247421750501,-0.012566370614359173,-0.0094247779607693795,0.014980535380666257,0.1316472257928154,0.13476132791594073,6.6564075363806925,0.11694317063185591,0.10416162273489883,0,0,0
4.7909442999999996,670,4022,4294967285,671,4022,-11,-0.12738350521663308,-0.010210176124166829,-0.010210176124166829,0.03681948090184245,0.29007078506169959,-0.0013859557092397307,-0.47755446751717517,0.11455539829427004,0.12078951121627712,0,0,0
4.7959028000000004,651,4018,4294967287,652,4018,-9,-0.12696419014402116,-0.0070685834705770346,-0.010210176124166827,0.058765849572981144,0.44786738657193209,-0.00073939086565895818,-1.9471362002928967,0.10481971729280556,0.12752128655956113,0,0,0
4.8008793000000001,628,4013,4294967289,629,4013,-7,-0.12645659821401725,-0.0031415926535897933,-0.0094247779607693795,0.078710416952611564,0.60532951358430642,0.072885063070526404,-0.30182431846806734,0.10331059570046523,0.13030167080652688,0,0,0
4.8059051000000004,604,4009,4294967291,605,4009,-5,-0.12592693706966535,-0,-0.0094247779607693795,0.091409716394329238,0.61605416385126588,0.038883313166549797,-2.4736300501542301,0.090942445449694084,0.1256633667068274,0,0,0
4.8108918999999997,579,4004,4294967294,580,4004,-2,-0.12537520671096544,0.0039269908169872417,-0.010210176124166827,0.10024375167440627,0.6950551563418228,-0.052535734775496779,-7.4243398955837074,0.053820745971775545,0.10485712291067791,0,0,0
4.8158554000000002,556,3999,0,557,3999,0,-0.12486761478096153,0.0078539816339744835,-0.009424777960769376,0.10083838376716452,0.73720124501991258,0.045252330432569057,-3.9403654934045296,0.034118918504752897,0.083189504569066208,0,0,0
4.8208539000000004,535,3996,2,536,3996,2,-0.12440416127965362,0.010210176124166829,-0.010210176124166829,0.0970373923817901,0.61312664283170903,-0.049137939912122383,-7.8157506452501817,-0.0049598347214980104,0.049300256119820647,0,0,0
4.8258435999999998,520,3993,3,521,3993,3,-0.12407312306443367,0.012566370614359173,-0.0094247779607693778,0.082654947167029702,0.54693432015743615,0.047065013528149818,-3.4539505833731434,-0.022229587638363729,0.020461716335985463,0,0,0
4.8308184000000001,510,3991,4,511,3991,4,-0.12385243092095372,0.014137166941154069,-0.0094247779607693778,0.064686532610580993,0.43834198499703492,0.025108624224309598,-3.7699666211106138,-0.041079420743916795,-0.0082537464085677241,0,0,0
4.8368165000000003,505,3990,4,506,3990,4,-0.12374208484921374,0.014922565104551517,-0.0086393797973719298,0.044805046115323766,0.30712974811317018,0.086674671299367761,-0.25109471089442081,-0.042334894298388902,-0.028428847990928825,0,0,0
4.8408207000000001,505,3990,4,506,3990,4,-0.12374208484921374,0.014922565104551517,-0.0086393797973719298,0.02390295852331293,0.16385006303818653,0.046239904937448548,-0.91450418636095843,-0.046907415230193691,-0.04460832690553853,0,0,0
4.8457762000000004,509,3990,4,510,3990,4,-0.12383036170660572,0.014922565104551517,-0.0086393797973719298,0.0045155026631502806,0.087412057355399073,0.024668438617313507,-1.0652890485726065,-0.052233860473056726,-0.057399673041200493,0,0,0
4.8517706,516,3992,4,517,3992,4,-0.1239848462070417,0.013351768777756621,-0.010210176124166826,-0.012004804942964492,-0.099925746967156115,-0.13339872035588535,-6.6661963153844752,-0.085564842049979106,-0.080286804374839801,0,0,0
4.8567606000000003,526,3994,3,527,3994,3,-0.12420553835052166,0.011780972450961723,-0.010210176124166827,-0.026995523100149486,-0.1998682345843949,-0.071166628676657337,-3.2142855880405339,-0.10163626999018177,-0.1006343337960917,0,0,0
4.8617520000000001,540,3997,2,541,3997,2,-0.12451450735139359,0.0094247779607693795,-0.010995574287564279,-0.043229333764792606,-0.32646588081422867,-0.11124606817411661,-3.9041335608528596,-0.12115693779444607,-0.12226642116922996,0,0,0
4.8667385000000003,559,4000,0,560,4000,0,-0.12493382242400553,0.0070685834705770346,-0.010210176124166824,-0.062185429741012557,-0.39400421743800962,0.013931066740417435,2.4142931331983908,-0.10908547212845411,-0.12934447151824102,0,0,0
4.8717272999999999,581,4004,4294967294,582,4004,-2,-0.12541934513966144,0.0039269908169872417,-0.010210176124166827,-0.078475611986066868,-0.50331463501091589,0.0074320582022077324,3.3482968471394625,-0.092343987892756801,-0.12714323304651201,0,0,0
4.8766990999999997,606,4009,4294967291,607,4009,-5,-0.12597107549836134,-0,-0.0094247779607693795,-0.093343561003669362,-0.63490996031027414,0.077244433835190779,7.7397947719802929,-0.053645014032855334,-0.10678257924644151,0,0,0
4.8816753000000004,630,4014,4294967289,631,4014,-7,-0.12650073664271325,-0.0039269908169872417,-0.010210176124166827,-0.099216324480789209,-0.70511449920074143,-0.032070533737868036,4.0082715178875947,-0.033603656443417361,-0.084402617084370718,0,0,0
4.8866835000000002,651,4018,4294967287,652,4018,-9,-0.12696419014402116,-0.0070685834705770346,-0.010210176124166827,-0.096172043069465141,-0.66928826534733088,-0.017109247824088045,4.8641858251164987,-0.0092827273178348671,-0.05711270524286402,0,0,0
4.8916646999999998,668,4021,4294967286,669,4021,-10,-0.12733936678793709,-0.0094247779607693795,-0.010995574287564275,-0.086311514139710693,-0.57689587694587452,-0.082407099253694341,1.7866396436320771,-0.00034952909967448167,-0.034069888810141176,0,0,0
4.8966399000000003,679,4023,4294967285,680,4023,-11,-0.12758212814576506,-0.010995574287564275,-0.010995574287564275,-0.068696377807505399,-0.45432611873421658,-0.043963206073208479,2.737433165606407,0.013337636728357553,-0.012627739576209367,0,0,0
4.9016384000000004,686,4024,4294967284,687,4024,-12,-0.12773661264620101,-0.011780972450961723,-0.010210176124166827,-0.051062471300442031,-0.31565709310836415,0.049825672405776206,5.9808825002942729,0.043242049229828917,0.015043172045957226,0,0,0
4.9066248999999997,687,4024,4294967284,688,4024,-12,-0.12775868186054901,-0.011780972450961723,-0.010210176124166827,-0.029300330603187826,-0.16839930004174786,0.026581402859088207,4.0156348730033731,0.063320223594845779,0.039747607739623582,0,0,0
4.9115909999999996,685,4023,4294967284,686,4023,-12,-0.12771454343185301,-0.010995574287564275,-0.0094247779607693795,-0.011513156916391386,-0.016559501828333018,0.087460381161835563,5.6518963367159341,0.091579705278425447,0.069467695971645108,0,0,0
4.9166052000000002,678,4022,4294967285,679,4022,-11,-0.12756005893141706,-0.010210176124166829,-0.010210176124166829,0.008271639733284767,0.064445222272199829,-0.026620447499889219,-0.058903956637997856,0.091285185495235455,0.088267076369455882,0,0,0
4.9215689999999999,666,4019,4294967286,667,4019,-10,-0.12729522835924109,-0.0078539816339744835,-0.0094247779607693795,0.029122144444152551,0.25421931648598894,0.059077827571310332,2.1692478785000744,0.10213142488773583,0.10617881433191725,0,0,0
4.9265781000000004,650,4016,4294967287,651,4016,-9,-0.12694212092967316,-0.0054977871437821377,-0.0086393797973719315,0.048482081451519915,0.35546153574664652,0.10479683674884469,3.0953766826634284,0.11760830830105297,0.12414394593436213,0,0,0
4.9315591000000003,630,4012,4294967289,631,4012,-7,-0.12650073664271325,-0.0023561944901923449,-0.0086393797973719315,0.067046818340107381,0.48275257332985855,0.055907864389527134,-0.20980421216454559,0.11655928724023024,0.1339818361065015,0,0,0
4.9365294000000004,607,4007,4294967292,608,4007,-4,-0.12599314471270934,0.0015707963267948967,-0.0094247779607693795,0.083128215172570782,0.6239403452751493,-0.043453339441867897,-5.8658695436489943,0.087229939521985267,0.12691536766171588,0,0,0
4.9415370999999997,582,4003,4294967294,583,4003,-2,-0.12544141435400943,0.0047123889803846897,-0.0094247779607693795,0.095825669396241722,0.62598282092363133,-0.023181839110375854,-5.7977388271603383,0.058241245386183575,0.10926406647429512,0,0,0
4.9465399000000003,558,3998,0,559,3998,0,-0.12491175320965753,0.0086393797973719298,-0.0086393797973719298,0.10054049974902383,0.70035197665045712,0.060912284197041672,-3.0794375692264615,0.042844057540051265,0.090065863802067936,0,0,0
4.9514883000000003,537,3994,2,538,3994,2,-0.12444829970834961,0.011780972450961723,-0.008639379797371935,0.096878474805585674,0.6667475162832015,0.032495978220278054,-4.4758937450376814,0.020464588814862857,0.066064974703857721,0,0,0
4.9565017999999998,519,3990,4,520,3990,4,-0.12405105385008568,0.014922565104551517,-0.0086393797973719298,0.08874749732082185,0.64881993686972761,0.017336217388874694,-5.2733454164816482,-0.0059021382675453864,0.037227138167422576,0,0,0
4.9614998999999997,507,3988,5,508,3988,5,-0.12378622327790972,0.016493361431346415,-0.0086393797973719315,0.07205505608744589,0.49269674816651532,0.0092486655215309899,-4.8992370696131795,-0.030398323615611286,0.0081600517069529525,0,0,0
4.9664818000000004,499,3986,6,500,3986,6,-0.12360966956312576,0.018064157758141311,-0.0086393797973719315,0.054913396427318684,0.40940688625018229,0.004934052914221671,-4.5992446033682413,-0.053394546632452494,-0.022136914323393785,0,0,0
4.9714323,497,3986,7,498,3986,7,-0.12356553113442977,0.018064157758141311,-0.010210176124166827,0.033413863560780778,0.21841369822516221,-0.14392678011348337,-9.9100414634185938,-0.10294475394954547,-0.064002862452281775,0,0,0
4.9764515999999999,500,3986,7,501,3986,7,-0.12363173877747376,0.018064157758141311,-0.010210176124166827,0.011648567498857228,0.11652110693429009,-0.07678322317963121,-6.3038771949465566,-0.13446413992427825,-0.10520902964083401,0,0,0
4.9814277999999996,510,3988,6,511,3988,6,-0.12385243092095372,0.016493361431346415,-0.010210176124166827,-0.014376730588295108,-0.084396415673837252,-0.040962935161923605,-3.3248970620091054,-0.15108862523432379,-0.14042909489538252,0,0,0
4.9863955000000004,528,3991,4,529,3991,4,-0.12424967677921765,0.014137166941154069,-0.0094247779607693778,-0.044733799286653039,-0.26486304056881788,0.051426281206993898,2.3087655954579342,-0.13954479725703411,-0.15848590294576886,0,0,0
4.9913997999999999,552,3996,2,553,3996,2,-0.12477933792356954,0.010210176124166829,-0.010210176124166829,-0.073283595493983472,-0.50769887437372918,-0.045844210698983874,0.19275818175654158,-0.13858100634825141,-0.17080375819552085,0,0,0
4.9963815,582,4002,4294967295,583,4002,-1,-0.12544141435400943,0.0054977871437821377,-0.010210176124166829,-0.10086923334999807,-0.71052841909084496,-0.024457340453379241,3.0665924163863116,-0.12324804426631984,-0.16912068915409739,0,0,0
5.0013788999999997,615,4008,4294967292,616,4008,-4,-0.12616969842749329,0.00078539816339744833,-0.010210176124166827,-0.12176317341949347,-0.81873556571885653,-0.013047699871638349,5.0589969791635809,-0.097953059370501944,-0.15437795186711328,0,0,0
5.0063614000000003,648,4015,4294967289,649,4015,-7,-0.12689798250097717,-0.0047123889803846897,-0.010995574287564275,-0.1329098416225431,-0.9497423091078665,-0.080240311789666965,3.5926221137088579,-0.079989948801957658,-0.13484982062666831,0,0,0
5.0113035999999997,678,4020,4294967286,679,4020,-10,-0.12756005893141706,-0.0086393797973719298,-0.010210176124166826,-0.13267912557605163,-0.8730738079744973,0.03047226852679278,8.5958872356986582,-0.037010512623464366,-0.10132452550570942,0,0,0
5.0162825,704,4025,4294967284,705,4025,-12,-0.12813385850446496,-0.012566370614359173,-0.010995574287564277,-0.12431960026194176,-0.83217207565804041,-0.057022926924443142,5.0394508045212802,-0.011813258600857964,-0.067917022089687418,0,0,0
5.0212374999999998,724,4029,4294967282,725,4029,-14,-0.12857524279142488,-0.015707963267948967,-0.010995574287564277,-0.10750523148336497,-0.73707196927019736,-0.030421052433348649,5.8368470835589195,0.017370976816936633,-0.031973869853546777,0,0,0
5.0262510999999996,737,4031,4294967281,738,4031,-15,-0.12886214257794881,-0.01727875959474386,-0.010995574287564272,-0.084121194141734856,-0.53977815646675165,-0.016229269191649048,5.4123525186111419,0.044432739409992345,0.00339768275067618,0,0,0
5.0312092000000002,743,4032,4294967280,744,4032,-16,-0.1289945578640368,-0.018064157758141311,-0.010210176124166827,-0.057232316859302794,-0.36124473759813952,0.06462139745116019,7.7701772739831165,0.08328362577990793,0.043490148899010109,0,0,0
5.0361954999999998,741,4032,4294967280,742,4032,-16,-0.1289504194353408,-0.018064157758141311,-0.010210176124166827,-0.026414538944549093,-0.19271976547793795,0.034474745969858937,5.2306776936029262,0.10943701424792256,0.079330478160564419,0,0,0
5.0411910000000004,734,4030,4294967281,735,4030,-15,-0.12879593493490482,-0.016493361431346415,-0.010210176124166827,0.00032192988046622628,0.043745338783683765,0.01839186641831075,2.922532255796491,0.12404967552690502,0.11055468412681699,0,0,0
5.0461755000000004,719,4027,4294967282,720,4027,-14,-0.12846489671968489,-0.014137166941154069,-0.0094247779607693795,0.031058399698203946,0.24317617515789225,0.083091360999124161,4.0200702689534484,0.14415002687167225,0.13917492213851873,0,0,0
5.0511685999999996,698,4023,4294967284,699,4023,-12,-0.12800144321837698,-0.010995574287564275,-0.0094247779607693795,0.059810601884472722,0.42284967065188794,0.044328251565584495,0.70497974020677057,0.14767492557270609,0.15835737490699944,0,0,0
5.0561686000000003,671,4017,4294967287,672,4017,-9,-0.12740557443098108,-0.0062831853071795866,-0.0094247779607693795,0.087504220919815273,0.66526237936667953,0.023648594309129883,-2.2721019752695795,0.13631441569635819,0.16450638429256176,0,0,0
5.0611430999999998,641,4011,4294967290,642,4011,-6,-0.12674349800054119,-0.0015707963267948967,-0.0094247779607693795,0.10845576766254669,0.79458667259515747,0.01261624343496563,-4.3189467676739568,0.11471968185798841,0.15853931062073282,0,0,0
5.0661307000000004,609,4005,4294967293,610,4005,-3,-0.12603728314140533,0.0031415926535897933,-0.0094247779607693795,0.12375138886517142,0.86357964292132428,0.0067306156268604781,-5.8193782634492024,0.085622790540742399,0.14025393681956025,0,0,0
5.0706730000000002,582,4000,0,583,4000,0,-0.12544141435400943,0.0070685834705770346,-0.010210176124166824,0.12161586930901108,0.82710705166731913,-0.069688816009374946,-9.5100799397228712,0.038072390842128045,0.1095225192078601,0,0,0
5.0766907000000003,550,3994,3,551,3994,3,-0.12473519949487356,0.011780972450961723,-0.010210176124166827,0.1307721463711099,0.88092887787409069,-0.037178153423240885,-9.2456630578518464,-0.0081559244471311881,0.062042713463690551,0,0,0
5.0816910999999996,530,3990,5,531,3990,5,-0.12429381520791363,0.014922565104551517,-0.010210176124166829,0.11094758798982371,0.76308314261214449,-0.019834102100057111,-8.1035096500660142,-0.048673472697461258,0.01522028890169572,0,0,0
5.0866873000000004,518,3987,6,519,3987,6,-0.12402898463573768,0.01727875959474386,-0.009424777960769383,0.083898540080501113,0.62693432697200402,0.062698262024151324,-3.7566682543475882,-0.067456813969199197,-0.024157829496958123,0,0,0
5.0916759999999996,514,3986,6,515,3986,6,-0.1239407077783457,0.018064157758141311,-0.0086393797973719315,0.052995313043758707,0.40774151662779734,0.10672829541401163,-0.39183019096250593,-0.069415964924011725,-0.051998940853508771,0,0,0
5.0966418000000004,517,3987,6,518,3987,6,-0.1240069154213897,0.01727875959474386,-0.009424777960769383,0.022095037604327995,0.1442457240723376,-0.016341244706188911,-3.8724692251459087,-0.088778311049741265,-0.079857917713641244,0,0,0
5.1016621999999998,525,3988,6,526,3988,6,-0.12418346913617366,0.016493361431346415,-0.010210176124166827,-0.0046854426676457093,0.0036738566913886994,-0.081997378736374013,-5.5180859883414524,-0.11636874099144853,-0.11015819920162004,0,0,0
5.1066434999999997,538,3991,5,539,3991,5,-0.12447036892269761,0.014137166941154069,-0.010995574287564277,-0.029268061280047719,-0.21787859908281995,-0.11702414434855957,-5.4846667374789941,-0.1437920746788435,-0.14159101153279366,0,0,0
5.1116175000000004,558,3995,3,559,3995,3,-0.12491175320965753,0.010995574287564275,-0.010995574287564275,-0.056796367396642726,-0.40935371508236562,-0.062430987380082605,-1.5158673099548101,-0.15137141122861755,-0.16353545884539908,0,0,0
5.1166093999999998,585,4000,0,586,4000,0,-0.12550762199705343,0.0070685834705770346,-0.010210176124166824,-0.085896162716801866,-0.58478292850042779,0.039973331009684303,4.6973667982172023,-0.12788457723753155,-0.16540673748997198,0,0,0
5.1215919999999997,615,4006,4294967293,616,4006,-3,-0.12616969842749329,0.0023561944901923449,-0.010210176124166827,-0.1075978877614551,-0.75165184398046059,0.02132529605490896,5.6771228319215474,-0.099498963077923816,-0.15420430676865157,0,0,0
5.1265891999999997,647,4012,4294967290,648,4012,-6,-0.12687591328662917,-0.0023561944901923449,-0.010210176124166827,-0.12329372015435525,-0.84067442316234597,0.011376791484286016,6.6082751827932809,-0.066457587163957416,-0.1300858533660082,0,0,0
5.1315656000000001,677,4018,4294967287,678,4018,-9,-0.12753798971706906,-0.0070685834705770346,-0.010210176124166827,-0.12754903929028794,-0.88816690899409656,0.0060693827716932665,7.3107892364502982,-0.029903640981705927,-0.096375928065417879,0,0,0
5.1365549000000001,703,4023,4294967285,704,4023,-11,-0.12811178929011696,-0.010995574287564275,-0.010995574287564275,-0.12158276032221704,-0.84022406530963134,-0.07004157586304513,4.253490848729113,-0.0086361867380603634,-0.063126141648092132,0,0,0
5.1415480000000002,723,4026,4294967283,724,4026,-13,-0.12855317357707688,-0.013351768777756621,-0.010210176124166827,-0.10604515996829933,-0.66808809056689289,0.03591317268782835,8.1540074524152679,0.032133850524015975,-0.021275970171698442,0,0,0
5.1465062000000001,734,4028,4294967282,735,4028,-14,-0.12879593493490482,-0.014922565104551517,-0.010210176124166827,-0.079224042850864484,-0.50297607870126582,0.019159249942254694,6.4898850084977653,0.064583275566504811,0.018565101227500987,0,0,0
5.151516,738,4029,4294967282,739,4029,-14,-0.12888421179229681,-0.015707963267948967,-0.010995574287564277,-0.05050152443991051,-0.34161126738284397,-0.063058287613586367,1.8132783939873494,0.07364966753644156,0.04854782030173295,0,0,0
5.1564994999999998,735,4028,4294967282,736,4028,-14,-0.12881800414925282,-0.014922565104551517,-0.010210176124166827,-0.020764631082476274,-0.10896602363926876,0.039638673805571206,4.5941045278775112,0.096620190175829124,0.079023775312227013,0,0,0
5.1614652000000003,726,4027,4294967283,727,4027,-13,-0.12861938122012087,-0.014137166941154069,-0.010995574287564275,0.007454308966083005,0.015147443346915472,-0.052132758870099896,-0.55708188318300178,0.09383478075991411,0.096765719792956034,0,0,0
5.1664709999999996,712,4024,4294967284,713,4024,-12,-0.12831041221924891,-0.011780972450961723,-0.010210176124166827,0.032804328738809577,0.22791953851210775,0.045467313279094618,1.969189912541351,0.10368073032262087,0.11311161558278152,0,0,0
5.1714454999999999,693,4020,4294967286,694,4020,-10,-0.12789109714663699,-0.0086393797973719298,-0.010210176124166826,0.056623813710084417,0.41471043669125773,0.024256270168305522,-0.53269041913605875,0.10101727822694058,0.12033092233028075,0,0,0
5.1764486999999999,672,4015,4294967288,673,4015,-8,-0.12742764364532908,-0.0047123889803846897,-0.0094247779607693795,0.073449445803624586,0.58764067568606193,0.086219950561096229,0.66347054995807087,0.10433463097673093,0.12623843204514451,0,0,0
5.1814311999999996,648,4011,4294967290,649,4011,-6,-0.12689798250097717,-0.0015707963267948967,-0.0094247779607693795,0.0886030509387708,0.60661737948731131,0.045997316838808526,-1.8490925597794974,0.095089168177833444,0.12359785147156356,0,0,0
5.1864102000000001,624,4006,4294967293,625,4006,-3,-0.12636832135662526,0.0023561944901923449,-0.010210176124166827,0.096687318815468298,0.69002074426545823,-0.048740498536368373,-6.9308083602341348,0.060435126376662769,0.10611686377106981,0,0,0
5.1914094999999998,602,4002,4294967295,603,4002,-1,-0.12588279864096935,0.0054977871437821377,-0.010210176124166829,0.096881958927435258,0.66123592683950982,-0.026002475522996039,-6.3533465069637982,0.028668393841843776,0.081946154121538634,0,0,0
5.1963920999999997,582,3998,1,583,3998,1,-0.12544141435400943,0.0086393797973719298,-0.010210176124166829,0.092867576583776743,0.64587956953853443,-0.013872011030406294,-6.1487341558326811,-0.0020752769373196291,0.051500311752451747,0,0,0
5.2013653,566,3995,2,567,3995,2,-0.12508830692444151,0.010995574287564275,-0.009424777960769383,0.082489510359465487,0.56440761650390747,0.06587896660781066,-2.5051959412153,-0.01460125664339613,0.024899180234961352,0,0,0
5.2063693999999998,556,3993,3,557,3993,3,-0.12486761478096153,0.012566370614359173,-0.0094247779607693778,0.064598274043918644,0.44766378050998329,0.035145644138655931,-3.1538257632474758,-0.030370385459633512,-0.00036037848112202564,0,0,0
5.2113544000000003,551,3992,3,552,3992,3,-0.12475726870922156,0.013351768777756621,-0.0086393797973719298,0.044757961221072631,0.31210281500691461,0.092029301893715776,0.18760065411475857,-0.029432382189059719,-0.016651674305042191,0,0,0
5.2163225999999998,550,3992,4,551,3992,4,-0.12473519949487356,0.013351768777756621,-0.010210176124166826,0.025936949555680426,0.16650313500219863,-0.097462501992308714,-6.9939352045648917,-0.064402058211884189,-0.043949965986622451,0,0,0
5.2213108000000004,553,3992,4,554,3992,4,-0.12480140713791754,0.013351768777756621,-0.010210176124166826,0.0076597229190251996,0.088827439653007212,-0.051995084140839629,-4.4363582709047549,-0.086583849566407967,-0.070098552206905751,0,0,0
5.2263368999999997,559,3994,3,560,3994,3,-0.12493382242400553,0.011780972450961723,-0.010210176124166827,-0.0082682906179670414,-0.099170657367041198,-0.027738758184417994,-2.2199231860251292,-0.097683465496533617,-0.093371537854882738,0,0,0
5.2312839999999996,570,3996,2,571,3996,2,-0.12517658378183347,0.010210176124166829,-0.010210176124166829,-0.027061247468291499,-0.19946540327502651,-0.014798297153043035,-0.68211729260750764,-0.10109405195957115,-0.1105915683978166,0,0,0
5.2362700000000002,586,3999,1,587,3999,1,-0.12552969121140142,0.0078539816339744835,-0.010995574287564275,-0.04738261745793497,-0.32625097510796219,-0.081174234591592676,-2.3421196606893737,-0.11280465026301802,-0.12670557835167365,0,0,0
5.2413065000000003,606,4003,4294967295,607,4003,-1,-0.12597107549836134,0.0047123889803846897,-0.010995574287564277,-0.066460267392946346,-0.46716908709502603,-0.043305487458050337,0.57154842742141243,-0.10994690812591096,-0.13449860077659279,0,0,0
5.2462342,630,4008,4294967292,631,4008,-4,-0.12650073664271325,0.00078539816339744833,-0.010210176124166827,-0.084874407490162923,-0.61562674095118397,0.050176557454252174,6.069530387129296,-0.079599256190264478,-0.12429718735970485,0,0,0
5.2512306000000004,655,4013,4294967290,656,4013,-6,-0.12705246700141315,-0.0031415926535897933,-0.010995574287564277,-0.096757242202431898,-0.69482713131476947,-0.046510923438225105,3.0296575942407253,-0.06445096821906085,-0.11070889130116959,0,0,0
5.2562245000000001,680,4017,4294967288,681,4017,-8,-0.12760419736011305,-0.0062831853071795866,-0.010995574287564275,-0.10309659300983137,-0.6638000770914918,-0.024813023759943001,4.4071250206830506,-0.042415343115645598,-0.089217458165792782,0,0,0
5.2612304999999999,702,4022,4294967285,703,4022,-11,-0.12808972007576896,-0.010210176124166829,-0.010210176124166829,-0.10030123038266549,-0.72052703245375238,0.06004206661212666,8.7311423381139139,0.0012403685749239751,-0.054446363615830953,0,0,0
5.2661962000000004,718,4025,4294967284,719,4025,-12,-0.12844282750533689,-0.012566370614359173,-0.010995574287564277,-0.086455276134466769,-0.60423114899934083,-0.041247791789948675,4.0100526386324074,0.021290631768086012,-0.0242381928720483,0,0,0
5.2711731000000004,729,4027,4294967283,730,4027,-13,-0.12868558886316483,-0.014137166941154069,-0.010995574287564275,-0.068773073119656677,-0.46890916084147638,-0.022005205703742838,4.1346056240687021,0.041963659888429525,0.0061990735591309909,0,0,0
5.2761830999999999,734,4028,4294967282,735,4028,-14,-0.12879593493490482,-0.014922565104551517,-0.010210176124166827,-0.046985166810678318,-0.32343697240446734,0.061540004107060169,6.8356973759035338,0.0761421467679472,0.041673752728056956,0,0,0
5.2811579999999996,732,4028,4294967282,733,4028,-14,-0.12875179650620883,-0.014922565104551517,-0.010210176124166827,-0.020947806425984317,-0.17254977299634514,0.032830859316814183,4.5298970077043226,0.098791631806468813,0.073393583488508274,0,0,0
5.2861381999999999,725,4026,4294967283,726,4026,-13,-0.12859731200577287,-0.013351768777756621,-0.010210176124166827,0.0032383665762984199,0.054505789570010621,0.017514872465807761,2.3464273164938749,0.11052376838893818,0.1001189154223546,0,0,0
5.2911957000000003,712,4024,4294967284,713,4024,-12,-0.12831041221924891,-0.011780972450961723,-0.010210176124166827,0.028496063418412571,0.17563722821515251,0.0093439758774879079,0.77521032928681244,0.11439982003537225,0.11946423357371129,0,0,0
5.2961051000000001,693,4020,4294967286,694,4020,-10,-0.12789109714663699,-0.0086393797973719298,-0.010210176124166826,0.054325405468391819,0.3868184467731024,0.0049848998540825027,-1.169664307808274,0.10855149849633088,0.12840329924523111,0,0,0
5.3011046000000004,671,4015,4294967288,672,4015,-8,-0.12740557443098108,-0.0047123889803846897,-0.0094247779607693795,0.074282382640936701,0.572760631227893,0.075938903999451635,0.27286851789875977,0.10991584108582468,0.13467765880040167,0,0,0
5.3061023,646,4010,4294967290,647,4010,-6,-0.12685384407228117,-0.00078539816339744833,-0.0086393797973719315,0.091106523084828667,0.67195857226598921,0.113792020226235,0.72836429168506012,0.11355766254424998,0.13836664903706145,0,0,0
5.3110917000000004,620,4005,4294967293,621,4005,-3,-0.12628004449923327,0.0031415926535897933,-0.0094247779607693795,0.10214111191720998,0.72487949247057093,-0.01257283164012267,-5.6144627006414369,0.085485349041042796,0.12683035064009038,0,0,0
5.3160569000000004,594,4001,4294967295,595,4001,-1,-0.12570624492618537,0.0062831853071795866,-0.0094247779607693795,0.1080279336493723,0.67983265387728076,-0.006707455951298868,-5.8117841272363311,0.056426428404861145,0.10660771059777045,0,0,0
5.3210721000000003,570,3996,1,571,3996,1,-0.12517658378183347,0.010210176124166829,-0.0086393797973719298,0.10705026241241566,0.72908022123847449,0.069701171420481073,-3.1845280688886985,0.040503788060417656,0.08595006808338336,0,0,0
5.3260420999999996,550,3992,3,551,3992,3,-0.12473519949487356,0.013351768777756621,-0.0086393797973719298,0.098292245399612663,0.68207369264886097,0.03718474488792621,-4.5787717263134429,0.017609929428850441,0.061621391279899997,0,0,0
5.3310221999999996,533,3989,5,534,3989,5,-0.12436002285095762,0.015707963267948967,-0.0094247779607693795,0.087442616833549286,0.58371675015075197,-0.053441900724047746,-8.2116654775878679,-0.023448397959088898,0.026243251497950017,0,0,0
5.3360365999999999,522,3987,6,523,3987,6,-0.12411726149312967,0.01727875959474386,-0.009424777960769383,0.069299807624468066,0.45796497335986086,-0.028510617601552806,-6.5564805015152094,-0.05623080046666494,-0.010285139480384961,0,0,0
5.3410295999999997,516,3986,6,517,3986,6,-0.1239848462070417,0.018064157758141311,-0.0086393797973719315,0.049325283658881433,0.31759837871635749,0.058069444331936511,-1.9862100158978295,-0.066161850546154088,-0.03965884041624701,0,0,0
5.3459975000000002,517,3986,6,518,3986,6,-0.1240069154213897,0.018064157758141311,-0.0086393797973719315,0.024255341158983087,0.16943495279501886,0.030979357007365899,-1.9873564667775596,-0.076098632880041886,-0.064030444576901852,0,0,0
5.3509969999999996,522,3987,6,523,3987,6,-0.12411726149312967,0.01727875959474386,-0.009424777960769383,0.0026443843400668424,0.01711201023870848,-0.056752401258927901,-4.6214543242430643,-0.099205904501257214,-0.091799359228473182,0,0,0
5.3559488000000002,532,3989,5,533,3989,5,-0.12433795363660963,0.015707963267948967,-0.0094247779607693795,-0.019180355073512852,-0.13742998490705369,-0.030276730212461449,-2.2791829146279143,-0.11060181907439678,-0.11460596603743263,0,0,0
5.3609533999999996,548,3992,4,549,3992,4,-0.12469106106617757,0.013351768777756621,-0.010210176124166826,-0.043178255218148817,-0.2931558181827944,-0.089431794297543235,-3.4594421526215857,-0.1278990298375047,-0.13627445109598368,0,0,0
5.3659352,569,3996,2,570,3996,2,-0.12515451456748547,0.010210176124166829,-0.010210176124166829,-0.0662764004701068,-0.44951321500265751,-0.047710797222648885,-0.23905276970929079,-0.12909429368605116,-0.14929276361167457,0,0,0
5.3709014000000002,594,4001,4294967295,595,4001,-1,-0.12570624492618537,0.0062831853071795866,-0.0094247779607693795,-0.086835426939203222,-0.60620754345207772,0.047826377157271491,5.4227750386725333,-0.10198041849268849,-0.14480078903187296,0,0,0
5.3759116999999996,622,4007,4294967293,623,4007,-3,-0.12632418292792927,0.0015707963267948967,-0.010995574287564277,-0.10398075351305522,-0.76308162091337817,-0.12104423593059827,-0.26474228098126762,-0.10330412989759483,-0.14177020992528844,0,0,0
5.3808952000000003,651,4012,4294967290,652,4012,-6,-0.12696419014402116,-0.0023561944901923449,-0.010210176124166827,-0.11518669132079384,-0.77349255374786829,0.0087038609278211609,6.0810421172916813,-0.072898919311136415,-0.12286250477172547,0,0,0
5.3858825000000001,678,4018,4294967287,679,4018,-9,-0.12756005893141706,-0.0070685834705770346,-0.010210176124166827,-0.11704670516528842,-0.85232618172423513,0.0046434061515057499,6.8780192928786672,-0.038508822846743077,-0.095132256690118405,0,0,0
5.3908868999999999,702,4022,4294967285,703,4022,-11,-0.12808972007576896,-0.010210176124166829,-0.010210176124166829,-0.11186166961242858,-0.74782394484309922,0.0024772018839273272,6.7580949546854701,-0.0047183480733157257,-0.061054580814855777,0,0,0
5.3958374999999998,721,4026,4294967284,722,4026,-12,-0.12850903514838088,-0.013351768777756621,-0.011780972450961725,-0.098799963579490085,-0.69207324597463149,-0.14523748087973032,0.27297137811082006,-0.0033534911827616254,-0.037389466113368283,0,0,0
5.4008519000000001,733,4028,4294967282,734,4028,-14,-0.12877386572055682,-0.014922565104551517,-0.010210176124166827,-0.07741792712253924,-0.51577187347426368,0.069076572154626245,8.5217210724431212,0.03925511417945398,-0.0020669625588824632,0,0,0
5.4058111999999996,740,4029,4294967282,741,4029,-14,-0.1289283502209928,-0.015707963267948967,-0.010995574287564277,-0.055715313995878937,-0.34843767151028415,-0.036427990674128746,3.0493771908884471,0.054502000133896215,0.026529681365157574,0,0,0
5.4118111000000004,740,4029,4294967281,741,4029,-15,-0.1289283502209928,-0.015707963267948967,-0.0094247779607693795,-0.029723456508202885,-0.1858873482382504,0.12712513937700873,8.9421691961997833,0.099212846114895142,0.064711901002192151,0,0,0
5.4168118999999999,734,4028,4294967282,735,4028,-14,-0.12879593493490482,-0.014922565104551517,-0.010210176124166827,-0.0035024484968660171,-0.025889167277594202,-0.0054597713560861627,2.0594398222672021,0.10951004522623116,0.092358988705428247,0,0,0
5.4217677000000002,722,4025,4294967283,723,4025,-13,-0.12853110436272888,-0.012566370614359173,-0.0094247779607693795,0.022840808589908591,0.20602699544518904,0.070366796293464706,3.6118110918098929,0.12756910068528063,0.11914447127818817,0,0,0
5.4267726999999999,705,4022,4294967285,706,4022,-11,-0.12815592771881296,-0.010210176124166829,-0.010210176124166829,0.047190173839857963,0.32975150638934037,-0.035739671461220153,-2.2460423139204977,0.11633888911567813,0.13141030057514028,0,0,0
5.4317633000000001,683,4017,4294967287,684,4017,-9,-0.12767040500315702,-0.0062831853071795866,-0.0094247779607693795,0.070475821539939892,0.54231609813815018,0.05421283018794764,-0.19864025582059552,0.11534568783657516,0.13915497165897853,0,0,0
5.4367346000000003,658,4013,4294967289,659,4013,-7,-0.12711867464445714,-0.0031415926535897933,-0.0094247779607693795,0.089075768069433653,0.58243725713176531,0.028921899289614326,-2.257290072539301,0.10405923747387866,0.13782095695758445,0,0,0
5.4417346000000002,631,4008,4294967292,632,4008,-4,-0.12652280585706124,0.00078539816339744833,-0.010210176124166827,0.10311683856329398,0.67712093694764874,-0.057850030449271513,-7.1986303236271327,0.068066085855743003,0.11935109374638639,0,0,0
5.4467296000000003,606,4003,4294967294,607,4003,-2,-0.12597107549836134,0.0047123889803846897,-0.0094247779607693795,0.10648936193249761,0.72763355255010564,0.042417216978072936,-3.7100847356748505,0.049515662177368747,0.10002206434393758,0,0,0
5.4516888999999997,583,3998,0,584,3998,0,-0.12546348356835743,0.0086393797973719298,-0.0086393797973719298,0.10417034246145268,0.75458143142387879,0.095908599407046435,-1.9097863502665819,0.039966730426035837,0.081385704883923216,0,0,0
5.4567069999999998,563,3995,2,564,3995,2,-0.12502209928139751,0.010995574287564275,-0.009424777960769383,0.09675584240247953,0.6223987652991686,-0.022113423675130972,-6.6326085581985188,0.0068036876350432429,0.052463885404951907,0,0,0
5.4615017999999997,549,3992,4,550,3992,4,-0.12471313028052557,0.013351768777756621,-0.010210176124166826,0.080445633343299794,0.55188088707296423,-0.085076767475950957,-9.0953696609205998,-0.03867316066955976,0.015051815957303653,0,0,0
5.4664675000000003,539,3990,4,540,3990,4,-0.12449243813704561,0.014922565104551517,-0.0086393797973719298,0.063507889996138128,0.44098091953825447,0.10117159630708725,-0.54418259840097782,-0.041394073661564647,-0.010712684766347874,0,0,0
5.4714593000000002,535,3989,5,536,3989,5,-0.12440416127965362,0.015707963267948967,-0.0094247779607693795,0.042117144054146551,0.30853758826407995,-0.019305677505509475,-4.802574950791862,-0.065406948415523955,-0.040216172919313106,0,0,0
5.4764993000000004,536,3989,5,537,3989,5,-0.12442623049400162,0.015707963267948967,-0.0094247779607693795,0.020409884520934892,0.16460112899285681,-0.010299349039634703,-3.4289303128584532,-0.082551599979816218,-0.067194504300110425,0,0,0
5.4811060999999999,541,3991,5,542,3991,5,-0.12453657656574159,0.014137166941154069,-0.010995574287564277,0.00059287901886089824,-0.058746296486194546,-0.15205361864266989,-8.166429619358107,-0.12338374807660675,-0.10445091928293566,0,0,0
5.4857132999999996,551,3993,4,552,3993,4,-0.12475726870922156,0.012566370614359173,-0.010995574287564274,-0.02027480873118755,-0.17789948815512591,-0.081118794753172241,-4.1527603124273629,-0.14414754963874357,-0.13787785981415168,0,0,0
5.4912834000000004,571,3997,2,572,3997,2,-0.12519865299618146,0.0094247779607693795,-0.010995574287564279,-0.051998574261649826,-0.38802533551003066,-0.04327591096448135,-0.70237132907489275,-0.14765940628411803,-0.15862814086090232,0,0,0
5.4962676999999998,596,4002,4294967295,597,4002,-1,-0.12575038335488137,0.0054977871437821377,-0.010210176124166829,-0.079218376690322986,-0.57340449199631638,0.05019233616134746,5.1327288846009242,-0.12199576186111341,-0.16065901442371372,0,0,0
5.5012561,626,4008,4294967292,627,4008,-4,-0.12641245978532126,0.00078539816339744833,-0.010210176124166827,-0.10403536844147662,-0.74558158361028082,0.026777013606120375,6.0118957037606249,-0.091936283342310285,-0.14751449679834661,0,0,0
5.5062690999999999,657,4014,4294967289,658,4014,-7,-0.12709660543010914,-0.0039269908169872417,-0.010210176124166827,-0.119334048260144,-0.83743601154503278,0.014285217873849659,6.8386008584638045,-0.057743279049991263,-0.1219764859716278,0,0,0
5.5112737000000003,685,4019,4294967287,686,4019,-9,-0.12771454343185301,-0.0078539816339744835,-0.010995574287564277,-0.12131838096465397,-0.81315973567019184,-0.065658525677676605,3.8985546829001154,-0.038250505635490685,-0.09568228053133182,0,0,0
5.5162380000000004,710,4024,4294967284,711,4024,-12,-0.12826627379055291,-0.011780972450961723,-0.010210176124166827,-0.11619966804311294,-0.80020863159492173,0.038251477764377283,8.7134085035358186,0.0053165368821884093,-0.055952205874195596,0,0,0
5.5211990999999996,728,4028,4294967283,729,4028,-13,-0.12866351964881687,-0.014922565104551517,-0.011780972450961723,-0.099055123818713897,-0.72001985251226697,-0.12615233073010257,1.3671951342558772,0.012152512553467797,-0.027781686393268078,0,0,0
5.5262083999999998,739,4030,4294967281,740,4030,-15,-0.12890628100664481,-0.016493361431346415,-0.010210176124166827,-0.075494941808764343,-0.53068105524850129,0.079258272476138036,9.1563499882064754,0.057934262494500177,0.012244080996208257,0,0,0
5.5312007000000003,744,4031,4294967281,745,4031,-15,-0.12901662707838479,-0.01727875959474386,-0.010995574287564272,-0.050571203706195424,-0.35639154243475196,-0.030996174805543279,3.3878199938513234,0.074873362463756796,0.044676878998099148,0,0,0
5.5361747000000001,741,4031,4294967281,742,4031,-15,-0.1289504194353408,-0.01727875959474386,-0.010995574287564272,-0.020801804141235242,-0.19013064365452975,-0.016536090128135433,2.6987115280527743,0.088366920104020669,0.071222782997872908,0,0,0
5.5411856999999998,733,4029,4294967281,734,4029,-15,-0.12877386572055682,-0.015707963267948967,-0.0094247779607693795,0.0053753673192074962,0.045126604442855822,0.13773723142746427,7.7501913009642127,0.12711787660884172,0.10635654181406223,0,0,0
5.5461846000000001,720,4026,4294967282,721,4026,-14,-0.12848696593403289,-0.013351768777756621,-0.0086393797973719315,0.029636127865404819,0.24391306393769366,0.14676069195842845,6.7402218845138897,0.16081898603141118,0.14347517631663093,0,0,0
5.5511673000000004,699,4022,4294967284,700,4022,-12,-0.12802351243272497,-0.010210176124166829,-0.0086393797973719332,0.059051836799380072,0.42324279204037041,0.078295081400111252,2.1996605251788162,0.17181728865730525,0.17060671518281612,0,0,0
5.5557964000000002,674,4017,4294967287,675,4017,-9,-0.12747178207402507,-0.0062831853071795866,-0.0094247779607693795,0.082981208257541086,0.59219258565377131,-0.031510025774048947,-4.1664633108166989,0.15098497210322176,0.18091062757894588,0,0,0
5.5617796000000004,634,4010,4294967291,635,4010,-5,-0.12658901350010524,-0.00078539816339744833,-0.010210176124166827,0.12663389689857416,0.82888432712285431,-0.090089742792445832,-9.3726065449258087,0.10412193937859271,0.15853956920273174,0,0,0
5.5667489000000003,601,4003,4294967294,602,4003,-2,-0.12586072942662135,0.0047123889803846897,-0.0094247779607693795,0.13550831459363044,0.95515655245622433,0.025217714382786589,-5.874349718984579,0.074750190783669818,0.13525056584184614,0,0,0
5.5717471999999999,570,3997,1,571,3997,1,-0.12517658378183347,0.0094247779607693795,-0.0094247779607693795,0.13612449022386963,0.94924176161513263,0.013453350307753478,-7.0075779380145402,0.039712301093597115,0.10280154301901638,0,0,0
5.5767376000000004,544,3993,3,545,3993,3,-0.12460278420878558,0.012566370614359173,-0.0094247779607693778,0.12615766127101768,0.79952725255608148,0.007177202174463472,-6.9663261933347185,0.0048806701269235239,0.065581091047623066,0,0,0
5.5817021000000002,524,3989,5,525,3989,5,-0.12416139992182566,0.015707963267948967,-0.0094247779607693795,0.10848581514240588,0.71965634490952657,0.0038289518874292717,-6.845494119445596,-0.029346800470304454,0.025386272427840376,0,0,0
5.5867079000000004,511,3987,6,512,3987,6,-0.12387450013530171,0.01727875959474386,-0.009424777960769383,0.08464432384615303,0.53048712827141764,0.0020427002333039956,-5.9311356633092096,-0.059002478786850499,-0.014444917946723358,0,0,0
5.5917016000000004,506,3986,6,507,3986,6,-0.12376415406356173,0.018064157758141311,-0.0086393797973719315,0.055452290063985145,0.35628808470193718,0.074369275540154031,-1.6041625405187521,-0.067023291489444262,-0.043702505171825959,0,0,0
5.5966664000000002,508,3986,6,509,3986,6,-0.12380829249225772,0.018064157758141311,-0.0086393797973719315,0.025464915847424066,0.19007545018614178,0.039675122843745053,-1.734891546447231,-0.075697749221680419,-0.06718009977330569,0,0,0
5.6016830000000004,514,3987,6,515,3987,6,-0.1239407077783457,0.01727875959474386,-0.009424777960769383,0.0012305677689132804,0.028123469791069541,-0.052113313742302755,-4.4379064632311174,-0.097887281537836004,-0.093573852248904049,0,0,0
5.6066516999999996,525,3990,5,526,3990,5,-0.12418346913617366,0.014922565104551517,-0.010210176124166829,-0.021993719639931297,-0.20483502166235484,-0.1010813515608297,-4.9690239160762619,-0.12273240111821732,-0.12106504603891788,0,0,0
5.6116232999999998,541,3993,3,542,3993,3,-0.12453657656574159,0.012566370614359173,-0.0094247779607693778,-0.044679151710229445,-0.32911560257130551,0.019353822002921579,1.4334425482303239,-0.1155651883770657,-0.13483079987290272,0,0,0
5.6166355000000001,563,3997,1,564,3997,1,-0.12502209928139751,0.0094247779607693795,-0.0094247779607693795,-0.069136221137315573,-0.46869733173213218,0.010325033555655465,2.5639915512910592,-0.1027452306206104,-0.13719536754035488,0,0,0
5.6215969000000001,588,4003,4294967295,589,4003,-1,-0.12557382964009742,0.0047123889803846897,-0.010995574287564277,-0.088361107207815315,-0.68972156055737099,-0.14105075614197596,-2.1491693532579341,-0.11349107738690008,-0.14245423241394994,0,0,0
5.6266207000000001,616,4008,4294967292,617,4008,-4,-0.12619176764184128,0.00078539816339744833,-0.010210176124166827,-0.10479468576716987,-0.73435583518621383,-0.0019693793491223077,4.8173496133452165,-0.089404329320173989,-0.13100517738056655,0,0,0
5.6315124000000001,642,4013,4294967289,643,4013,-7,-0.12676556721488919,-0.0031415926535897933,-0.0094247779607693795,-0.10944358369715668,-0.75816768915519128,0.072228878862419493,8.7821037209058836,-0.045493810715644567,-0.10499804369934536,0,0,0
5.6364989000000003,668,4018,4294967287,669,4018,-9,-0.12733936678793709,-0.0070685834705770346,-0.010210176124166827,-0.11192371537950271,-0.77087102967444121,-0.034746272586054276,4.8739154610774102,-0.021124233410257515,-0.075649235949857202,0,0,0
5.6414882000000004,688,4022,4294967285,689,4022,-11,-0.127780751074897,-0.010210176124166829,-0.010210176124166829,-0.10089217452004751,-0.70436859126651918,-0.018536722634465392,5.4836563285101514,0.0062940482322932437,-0.043759342465768,0,0,0
5.6464819999999998,703,4025,4294967284,704,4025,-12,-0.12811178929011696,-0.012566370614359173,-0.010995574287564277,-0.084711427531542011,-0.5956108130553559,-0.083168640065363189,2.2237818098216655,0.017412957281401572,-0.017096889395364717,0,0,0
5.6506353000000002,710,4026,4294967283,711,4026,-13,-0.12826627379055291,-0.013351768777756621,-0.010210176124166827,-0.059606309606447416,-0.39103079498213877,0.0289100402649035,5.8121459804233053,0.046473687183518103,0.012256719893789916,0,0,0
5.6562963000000002,713,4027,4294967283,714,4027,-13,-0.12833248143359691,-0.014137166941154069,-0.010995574287564275,-0.037976587117091211,-0.28188979166487477,-0.057856357097726692,1.2956382841122931,0.052951878604079572,0.034080130046122974,0,0,0
5.6608464999999999,711,4027,4294967283,712,4027,-13,-0.12828834300490091,-0.014137166941154069,-0.010995574287564275,-0.016141836441810452,-0.15038484685336284,-0.030865677505551418,1.4263935672243968,0.060083846440201559,0.052014563513217642,0,0,0
5.6668436,704,4025,4294967283,705,4025,-13,-0.12813385850446496,-0.012566370614359173,-0.0094247779607693795,0.0058022943289964754,0.066330513707205538,0.13009256721136375,6.9154745771103032,0.094661219325753082,0.078280456842995949,0,0,0
5.6718310000000001,694,4023,4294967284,695,4023,-12,-0.12791316636098499,-0.010995574287564275,-0.0094247779607693795,0.02368655755273268,0.18194557772278352,0.069402835346731501,3.4039058734249634,0.1116807486928779,0.10188323635664512,0,0,0
5.6761803000000004,682,4021,4294967285,683,4021,-11,-0.12764833578880905,-0.0094247779607693795,-0.0094247779607693795,0.037345819525973462,0.24362483752582975,0.037025586145437939,1.3266589998998386,0.11831404369237709,0.12247998282630063,0,0,0
5.6811933000000003,663,4017,4294967287,664,4017,-9,-0.1272290207161971,-0.0062831853071795866,-0.0094247779607693795,0.059046644960838904,0.42308902668210319,0.019752709274258887,-0.93874691278569389,0.11362030912844863,0.13246385135177235,0,0,0
5.6861943000000004,640,4013,4294967289,641,4013,-7,-0.12672142878619319,-0.0031415926535897933,-0.0094247779607693795,0.078860217948066982,0.51883103437429623,0.010537835164601906,-2.5548338761991549,0.10084613974745285,0.13253425661132623,0,0,0
5.6911773999999999,615,4008,4294967292,616,4008,-4,-0.12616969842749329,0.00078539816339744833,-0.010210176124166827,0.093548743704159054,0.64318777458725107,-0.067657709725820817,-7.2596447342627712,0.064547916076138995,0.11552641825482775,0,0,0
5.6961602999999998,590,4003,4294967294,591,4003,-2,-0.12561796806879341,0.0047123889803846897,-0.0094247779607693795,0.10138489727071653,0.70953061453777266,0.037184936882792875,-3.7460542469458824,0.045817644841409585,0.095741303634683236,0,0,0
5.7011370000000001,568,3999,0,569,3999,0,-0.1251324453531375,0.0078539816339744835,-0.009424777960769376,0.099388061090276342,0.67164421028852195,0.019837720994944654,-4.7184467805215187,0.022225410938801992,0.071020216503795044,0,0,0
5.7061392,550,3996,1,551,3996,1,-0.12473519949487356,0.010210176124166829,-0.0086393797973719298,0.090086331717269902,0.5781527455152663,0.083862707197207773,-1.7032540362777961,0.013709140757413011,0.050539757599124824,0,0,0
5.7111435000000004,535,3993,3,536,3993,3,-0.12440416127965362,0.012566370614359173,-0.0094247779607693778,0.078946639082056361,0.52827616244007092,-0.028539763715646489,-6.3757193646088091,-0.018169456065631036,0.020585409155439736,0,0,0
5.7161119999999999,526,3992,3,527,3992,3,-0.12420553835052166,0.013351768777756621,-0.0086393797973719298,0.060649084146430096,0.35510856076110403,0.058053895227165614,-1.7388649083192189,-0.02686378060722713,-0.0013144828571222851,0,0,0
5.7210872000000004,521,3991,4,522,3991,4,-0.12409519227878167,0.014137166941154069,-0.0094247779607693778,0.042651115441306495,0.26272570750256746,-0.042308457546873499,-5.393323975164499,-0.053830400483049629,-0.028978849367424241,0,0,0
5.7260951000000002,521,3991,4,522,3991,4,-0.12409519227878167,0.014137166941154069,-0.0094247779607693778,0.02275386215968888,0.14016103617610426,-0.022571058253690525,-3.6977018121922489,-0.072318909544010879,-0.054394923767705029,0,0,0
5.7310568000000002,524,3992,4,525,3992,4,-0.12416139992182566,0.013351768777756621,-0.010210176124166826,0.005961583700360225,0.0014947243429239421,-0.085320910073684447,-5.4775915595604676,-0.099706867341813221,-0.084832627830017132,0,0,0
5.7360557999999999,533,3993,3,534,3993,3,-0.12436002285095762,0.012566370614359173,-0.0094247779607693778,-0.015351558456300547,-0.072482101655603093,0.027761829846651397,0.20758249364928882,-0.098668954873566778,-0.10330513503019571,0,0,0
5.7410750999999998,547,3996,2,548,3996,2,-0.12466899185182957,0.010210176124166829,-0.010210176124166829,-0.037017417294214629,-0.25850689592657,-0.058468913681931259,-2.0338132541987024,-0.10883802114456029,-0.12062727540774333,0,0,0
5.7460353,565,4000,0,566,4000,0,-0.12506623771009351,0.0070685834705770346,-0.010210176124166824,-0.05681233601838577,-0.43102842760982063,-0.031192469148343512,0.56926100834125726,-0.105991716102854,-0.12983028775269181,0,0,0
5.7510075000000001,587,4005,4294967293,588,4005,-3,-0.12555176042574942,0.0031415926535897933,-0.0094247779607693795,-0.07560913047272913,-0.59634612951164823,0.056638708469648774,5.9011174797140926,-0.076486128704283535,-0.121372648541687,0,0,0
5.7560114000000002,611,4010,4294967291,612,4010,-5,-0.12608142157010133,-0.00078539816339744833,-0.010210176124166827,-0.089755216990250103,-0.68454115472282218,-0.043063442828678564,2.8229753840622971,-0.06237125178397205,-0.1088920045171821,0,0,0
5.7609693999999996,635,4014,4294967289,636,4014,-7,-0.12661108271445323,-0.0039269908169872417,-0.010210176124166827,-0.097301985682891973,-0.65831263107444615,-0.022973833910482588,4.179812902612813,-0.041472187270907984,-0.088697708968919362,0,0,0
5.7659769000000001,656,4018,4294967287,657,4018,-9,-0.12707453621576115,-0.0070685834705770346,-0.010210176124166827,-0.095150766118473298,-0.64432002606113614,-0.012256266797947413,4.9567695640629434,-0.016688339450593268,-0.063438980682530455,0,0,0
5.7709586000000002,673,4022,4294967285,674,4022,-11,-0.12744971285967707,-0.010210176124166829,-0.010210176124166829,-0.085766675048650709,-0.6368551379231937,-0.0065385723779403963,5.3729415740418567,0.010176368419616017,-0.034387847922028834,0,0,0
5.7759590000000003,685,4024,4294967284,686,4024,-12,-0.12771454343185301,-0.011780972450961723,-0.010210176124166827,-0.070464822903582164,-0.48631367041623974,-0.0034882504963682764,4.8459954259099609,0.034406345549165822,-0.0044655699425802456,0,0,0
5.7809191000000002,692,4026,4294967283,693,4026,-13,-0.12786902793228899,-0.013351768777756621,-0.010210176124166827,-0.052005915698950037,-0.40600159028590188,-0.0018609400985551052,4.4136817647058075,0.056474754372694863,0.025473921268165323,0,0,0
5.7859324000000001,692,4026,4294967283,693,4026,-13,-0.12786902793228899,-0.013351768777756621,-0.010210176124166827,-0.027744536691677694,-0.21659701338157802,-0.00099278938081305275,3.230211826475454,0.072625813505072134,0.051114058243806659,0,0,0
5.7909246999999997,688,4025,4294967283,689,4025,-13,-0.127780751074897,-0.012566370614359173,-0.0094247779607693795,-0.0065649388669671606,-0.042272407912955223,0.072749877980391522,5.2325446384525929,0.098788536697335103,0.080456459212327719,0,0,0
5.7958977000000003,679,4024,4294967283,680,4024,-13,-0.12758212814576506,-0.011780972450961723,-0.0086393797973719298,0.015029675660216162,0.050727693088710231,0.11209071282288692,6.0892889465020268,0.12923498142984524,0.1128852212070864,0,0,0
5.8008819999999996,664,4021,4294967285,665,4021,-11,-0.1272510899305451,-0.0094247779607693795,-0.0094247779607693795,0.038904806918498562,0.24690117802740241,-0.013480458879094166,-0.78865938114176515,0.12529168452413642,0.13120236109109018,0,0,0
5.8058918999999998,644,4017,4294967287,645,4017,-9,-0.12680970564358518,-0.0062831853071795866,-0.0094247779607693795,0.061937456431630386,0.4248369153220517,-0.0071916642744400605,-2.1218745570926782,0.11468231173867302,0.13938790801024453,0,0,0
5.8108700000000004,619,4012,4294967289,620,4012,-7,-0.12625797528488528,-0.0023561944901923449,-0.0086393797973719315,0.084520651966765309,0.59304303144027926,0.069442852046477876,-0.45481047990865564,0.11240825933912975,0.14244325737254088,0,0,0
5.8158523999999998,592,4007,4294967292,593,4007,-4,-0.12566210649748938,0.0015707963267948967,-0.0094247779607693795,0.10068673836898309,0.68277899123804087,-0.036232584713819599,-6.2020642589457085,0.081397938044401208,0.1287435278994534,0,0,0
5.8208403000000004,566,4002,4294967294,567,4002,-2,-0.12508830692444151,0.0054977871437821377,-0.0086393797973719315,0.10725204268139277,0.7306520571327767,0.053949866837744692,-3.1942479887201856,0.065426698100800276,0.11339410689661154,0,0,0
5.8258323000000001,541,3997,0,542,3997,0,-0.12453657656574159,0.0094247779607693795,-0.00785398163397448,0.10869544408373549,0.75619176767163798,0.10206113076590496,-1.7014107080875291,0.05691964456036263,0.097623559135600405,0,0,0
5.8308001999999997,519,3993,2,520,3993,2,-0.12405105385008568,0.012566370614359173,-0.0078539816339744852,0.10328815075438597,0.69653737980201735,0.054448397826901626,-3.7518510124633138,0.038160389498046066,0.07763571048445457,0,0,0
5.8367933000000001,497,3989,4,498,3989,4,-0.12356553113442977,0.015707963267948967,-0.00785398163397448,0.10040342415814163,0.66471247429224523,0.029047571819643212,-5.0507612632223733,0.0129065831819342,0.049985129071302398,0,0,0
5.8417840999999999,482,3987,5,483,3987,5,-0.12323449291920983,0.01727875959474386,-0.007853981633974487,0.084450685033946177,0.50117522761864763,0.015496533640892535,-4.8942458109303058,-0.011564645872717331,0.022527661539021162,0,0,0
5.8467656000000003,472,3985,7,473,3985,7,-0.12301380077572986,0.018849555921538759,-0.0094247779607693795,0.065644537377303566,0.41393005406845584,-0.13829182243342486,-11.032870864212057,-0.066729000193777616,-0.019757670804765932,0,0,0
5.8517524999999999,467,3984,7,468,3984,7,-0.12290345470398989,0.019634954084936207,-0.0086393797973719315,0.04531613024957877,0.29410627368223469,-0.00049752107150065339,-4.4343732347124512,-0.088900866367339876,-0.056328082519584724,0,0,0
5.8567402,470,3984,7,471,3984,7,-0.12296966234703388,0.019634954084936207,-0.0086393797973719315,0.017998285034321295,0.15690219452465298,-0.00026542156671248391,-3.3024869195733317,-0.10541330096520654,-0.087704236828326898,0,0,0
5.86172,478,3986,6,479,3986,6,-0.12314621606181785,0.018064157758141311,-0.0086393797973719315,-0.0068710113758911548,-0.062853586339071912,-0.00014159924495985298,-1.7450727050216488,-0.11413866449031479,-0.11376059524990251,0,0,0
5.8667175,492,3989,5,493,3989,5,-0.12345518506268979,0.015707963267948967,-0.0094247779607693795,-0.032493146420878791,-0.25337019767031232,-0.073355060802910571,-3.3444712910153456,-0.13086102094539151,-0.13871796122533697,0,0,0
5.8716767000000001,513,3993,3,514,3993,3,-0.12391863856399771,0.012566370614359173,-0.0094247779607693778,-0.060576022174751741,-0.4282880602625786,-0.039134051359616416,-0.24654704376181091,-0.13209375616420058,-0.15319472410617666,0,0,0
5.8766867999999999,538,3998,1,539,3998,1,-0.12447036892269761,0.0086393797973719298,-0.010210176124166829,-0.083794343003917096,-0.59488417616667988,-0.094157069648520289,-1.0227302046689064,-0.13720740718754512,-0.16435741087070849,0,0,0
5.8816799,567,4004,4294967294,568,4004,-2,-0.1251103761387895,0.0039269908169872417,-0.010210176124166827,-0.10441748171229237,-0.7570407393155677,-0.050231675349520992,2.4645299073614932,-0.12488475765073766,-0.16395333348995583,0,0,0
5.8866611000000004,599,4010,4294967291,600,4010,-5,-0.12581659099792536,-0.00078539816339744833,-0.010210176124166827,-0.12159701140229023,-0.84354933464776205,-0.026798000594523981,4.783976179885844,-0.10096487675130844,-0.15098476322809387,0,0,0
5.8916396000000004,631,4016,4294967288,632,4016,-8,-0.12652280585706124,-0.0054977871437821377,-0.010210176124166827,-0.1307620859024527,-0.88970064003450711,-0.014296414182230851,6.3286966039121504,-0.069321393731747685,-0.12705023598845333,0,0,0
5.8966402000000002,660,4022,4294967285,661,4022,-11,-0.12716281307315311,-0.010210176124166829,-0.010210176124166829,-0.12947421321408725,-0.91432181184664441,-0.0076269667115262752,7.3077578695540817,-0.032782604383977273,-0.094598336605630717,0,0,0
5.9016060000000001,685,4027,4294967282,686,4027,-14,-0.12771454343185301,-0.014137166941154069,-0.0094247779607693795,-0.12055070742112237,-0.85417739450511032,0.06921062338026962,10.770457713279164,0.021069684182418551,-0.048273649973457108,0,0,0
5.9066086999999996,703,4030,4294967281,704,4030,-15,-0.12811178929011696,-0.016493361431346415,-0.010210176124166827,-0.10137635151075036,-0.6755320255237548,-0.036356475941651673,5.5397224226500619,0.04876829629566886,-0.0062002289492058098,0,0,0
5.9115706000000001,713,4032,4294967279,714,4032,-17,-0.12833248143359691,-0.018064157758141311,-0.0086393797973719315,-0.074674178876455929,-0.50694732935160836,0.12716329163512263,11.613138069249423,0.10683398664191598,0.048452408928906079,0,0,0
5.9165812000000004,713,4032,4294967279,714,4032,-17,-0.12833248143359691,-0.018064157758141311,-0.0086393797973719315,-0.039837785142596061,-0.27045036301952236,0.067840101711282838,7.5627678799283906,0.14464782604155793,0.098799464168468437,0,0,0
5.9215546000000003,705,4031,4294967280,706,4031,-16,-0.12815592771881296,-0.01727875959474386,-0.009424777960769376,-0.0047801018472575854,-0.071002528610163554,-0.037087632930638118,1.4598300792948169,0.15194697643803201,0.13611923938370102,0,0,0
5.9265521000000003,687,4027,4294967281,688,4027,-15,-0.12775868186054901,-0.014137166941154069,-0.0078539816339744835,0.034513857319259197,0.25523907371719029,0.12677322808878003,6.061483415686423,0.18225439351646414,0.17439160658109112,0,0,0
5.9315398999999998,660,4022,4294967284,661,4022,-12,-0.12716281307315311,-0.010210176124166829,-0.0086393797973719332,0.074008708950900254,0.50256460266933023,-0.0056475118374768735,-1.8665752108404505,0.17292151746226189,0.19230907389570698,0,0,0
5.9365261,627,4015,4294967287,628,4015,-9,-0.12643452899966925,-0.0047123889803846897,-0.0078539816339744835,0.10743340353211278,0.78106886557213917,0.070266638982427215,-1.0766857250941162,0.1675380888367913,0.20155187675076722,0,0,0
5.9415088000000003,589,4008,4294967291,590,4008,-5,-0.12559589885444541,0.00078539816339744833,-0.0086393797973719315,0.1355606313531508,0.92964757314889324,-0.035793104193894199,-7.5461251584219138,0.12980746304468174,0.18814410765711401,0,0,0
5.9460977000000002,554,4001,4294967294,555,4001,-2,-0.12482347635226554,0.0062831853071795866,-0.0078539816339744835,0.14438884164292126,1.0089125442307991,0.054184324461391417,-4.9245306215247791,0.10518480993705784,0.17153786368499988,0,0,0
5.951079,517,3994,2,518,3994,2,-0.1240069154213897,0.011780972450961723,-0.008639379797371935,0.15321680722360065,1.0511994623436764,-0.044372827468048645,-10.264852460548571,0.053860547634314984,0.13388427257687677,0,0,0
5.9560740000000001,484,3988,5,485,3988,5,-0.12327863134790581,0.016493361431346415,-0.0086393797973719315,0.14968998067857481,1.0004795102738244,-0.023672375022243824,-9.8267255175729709,0.004726920046450131,0.0865350220184921,0,0,0
5.9610794,459,3983,7,460,3983,7,-0.12272690098920593,0.020420352248333658,-0.00785398163397448,0.13133557861569217,0.90014150057182984,0.060650589129807753,-5.9584136213109478,-0.025065148060104608,0.042248045928165986,0,0,0
5.9660697999999996,441,3979,9,442,3979,9,-0.12232965513094199,0.023561944901923447,-0.007853981633974487,0.10712995185700355,0.77333284802001445,0.032356367018411311,-6.5384303150925724,-0.057757299635567472,-0.0037990864418475552,0,0,0
5.9710184999999996,432,3978,10,433,3978,10,-0.12213103220181003,0.024347343065320895,-0.008639379797371935,0.075684545879360188,0.48584338416026079,-0.056017782816721609,-8.7328069753585815,-0.10142133451236038,-0.053817027349459028,0,0,0
5.9760268999999999,432,3978,10,433,3978,10,-0.12213103220181003,0.024347343065320895,-0.008639379797371935,0.040376803906276897,0.25919165958489909,-0.029884820022048817,-6.0559668064509182,-0.13170116854461497,-0.099373056481850658,0,0,0
5.9809919999999996,441,3979,9,442,3979,9,-0.12232965513094199,0.023561944901923447,-0.007853981633974487,0.0030085516758339044,0.064996144406665887,0.057336323705852989,-0.63500686634725856,-0.13487620287635127,-0.13044716098917347,0,0,0
5.9859697000000001,458,3983,8,459,3983,8,-0.12270483177485793,0.020420352248333658,-0.009424777960769376,-0.033399847975762079,-0.25844340816027384,-0.1159707927000163,-5.701841675339562,-0.16338541125304909,-0.16412140864455929,0,0,0
5.9909809999999997,482,3988,5,483,3988,5,-0.12323449291920983,0.016493361431346415,-0.0086393797973719315,-0.067237067444618048,-0.5042740769345887,0.01141048247216294,1.8762663885119777,-0.15400407931048921,-0.17976916259428966,0,0,0
5.9959404999999997,513,3994,3,514,3994,3,-0.12391863856399771,0.011780972450961723,-0.010210176124166827,-0.09970259290593278,-0.70870133044266426,-0.1404716820715313,-2.5860157338021912,-0.16693415797950018,-0.19440530474153817,0,0,0
6.0009502000000001,548,4001,4294967295,549,4001,-1,-0.12469106106617757,0.0062831853071795866,-0.0094247779607693795,-0.12525900516144223,-0.89104035497570133,-0.0016604502286805961,5.2654152997597068,-0.14060708148070164,-0.18921025737196279,0,0,0
6.0059488999999999,586,4008,4294967292,587,4008,-4,-0.12552969121140142,0.00078539816339744833,-0.010210176124166827,-0.14507037753893351,-0.98831605310524528,-0.074165349714867587,3.6851600404357447,-0.12218128127852292,-0.17614751031731132,0,0,0
6.0110086999999996,624,4015,4294967288,625,4015,-8,-0.12636832135662526,-0.0047123889803846897,-0.0094247779607693795,-0.15563950877049507,-1.0402114796099298,0.033713188447528186,9.4800969584366239,-0.074780796486339798,-0.14388112711631537,0,0,0
6.0159504999999998,658,4022,4294967285,659,4022,-11,-0.12711867464445714,-0.010210176124166829,-0.010210176124166829,-0.15304157336483173,-1.0678970716322729,-0.055293934742550718,6.4478793140848811,-0.042541399915915393,-0.10871061727545098,0,0,0
6.0209019000000001,686,4027,4294967282,687,4027,-14,-0.12773661264620101,-0.014137166941154069,-0.0094247779607693795,-0.13930094418815928,-0.93610796668696539,0.043780863597297742,10.463647507275237,0.0097768376204607904,-0.061515646682376871,0,0,0
6.0259336000000001,707,4031,4294967280,708,4031,-16,-0.12820006614750892,-0.01727875959474386,-0.009424777960769376,-0.11755671031926282,-0.79252052937107109,0.02335656934684267,9.0644498216719516,0.055099086728820551,-0.01065453873629096,0,0,0
6.0308093999999999,719,4033,4294967279,720,4033,-17,-0.12846489671968489,-0.018849555921538759,-0.0094247779607693795,-0.087424428135822463,-0.56935930294871773,0.012460451595283749,7.3667441300055305,0.091932807378848208,0.038978173776655828,0,0,0
6.0367858999999999,720,4034,4294967279,721,4034,-17,-0.12848696593403289,-0.019634954084936207,-0.010210176124166827,-0.048699001543632034,-0.37702592696708959,-0.06663201675631597,2.4692987509073343,0.10427930113338488,0.075534107588672711,0,0,0
6.0417638,712,4032,4294967279,713,4032,-17,-0.12831041221924891,-0.018064157758141311,-0.0086393797973719315,-0.0095074552697888524,-0.054579803485492351,0.11101165115915657,7.8669369884196172,0.14361398607548298,0.116902661712182,0,0,0
6.0467418999999998,697,4029,4294967281,698,4029,-15,-0.12797937400402898,-0.015707963267948967,-0.0094247779607693795,0.025814539777795128,0.19072088270244816,-0.014056125426247096,0.56739361638978547,0.1464509541574319,0.14362718874086963,0,0,0
6.0517323999999997,675,4025,4294967283,676,4025,-13,-0.12749385128837307,-0.012566370614359173,-0.0094247779607693795,0.059072175328305443,0.3948653968122075,-0.0074987755217856833,-1.0923055912375637,0.14098942620124408,0.1587753970453574,0,0,0
6.0567237,647,4019,4294967286,648,4019,-10,-0.12687591328662917,-0.0078539816339744835,-0.0094247779607693795,0.089169389408675373,0.65033310253537779,-0.0040005074386381366,-3.1864694414144381,0.1250570789941719,0.16017975220170186,0,0,0
6.0617105999999996,616,4013,4294967289,617,4013,-7,-0.12619176764184128,-0.0031415926535897933,-0.0094247779607693795,0.11140322548373449,0.78662208119705568,-0.0021342230768348187,-4.7625017578832169,0.10124457020475582,0.1491485732007721,0,0,0
6.0666969999999996,585,4007,4294967292,586,4007,-4,-0.12550762199705343,0.0015707963267948967,-0.0094247779607693795,0.1232647122490477,0.85933062826003037,-0.0011385825952231884,-5.910405998989571,0.071692540209807962,0.12776965373333041,0,0,0
6.0716915,557,4001,4294967294,558,4001,-2,-0.12488968399530953,0.0062831853071795866,-0.0078539816339744835,0.12341534339281733,0.89811977223866435,0.14595161832875883,-0.30487958823731898,0.070168142268621364,0.11309140419450536,0,0,0
6.0766821000000002,532,3997,1,533,3997,1,-0.12433795363660963,0.0094247779607693795,-0.0094247779607693795,0.11731837252600358,0.77225428003084962,-0.068695588330167159,-9.3281050901743203,0.023527616817749765,0.080470060328146409,0,0,0
6.0816642999999999,511,3993,3,512,3993,3,-0.12387450013530171,0.012566370614359173,-0.0094247779607693778,0.10582927012594598,0.70510653885866048,-0.036648278284640991,-7.9584997967856701,-0.016264882166178586,0.042410027824176036,0,0,0
6.0866724999999997,496,3990,4,497,3990,4,-0.12354346192008177,0.014922565104551517,-0.0086393797973719298,0.087345309241865773,0.59600449930761268,0.053728099268168336,-3.5920973156486049,-0.034225368744421614,0.0096801701429291356,0,0,0
6.0916728000000004,487,3988,5,488,3988,5,-0.12334483899094981,0.016493361431346415,-0.0086393797973719315,0.065129674657690637,0.46452034120136126,0.028663301116528265,-3.8548739694039429,-0.053499738591441331,-0.021820343781648516,0,0,0
6.0966627999999998,485,3988,5,486,3988,5,-0.12330070056225381,0.016493361431346415,-0.0086393797973719315,0.038864126331957509,0.24781607010050219,0.015291529797026153,-3.0426538176637727,-0.068713007679760199,-0.048876759702077728,0,0,0
6.1016785999999996,488,3989,5,489,3989,5,-0.1233669082052978,0.015707963267948967,-0.0094247779607693795,0.014556217780597208,0.058927402887598943,-0.065121670250738783,-5.1926873026633498,-0.094676444193076942,-0.078667573468121907,0,0,0
6.1066729000000004,495,3990,4,496,3990,4,-0.12352139270573377,0.014922565104551517,-0.0086393797973719298,-0.0066482030017668559,-0.041842451612555634,0.038537883741286236,0.19345137829474557,-0.093709187301603214,-0.09818313724778692,0,0,0
6.1116320999999996,508,3992,3,509,3992,3,-0.12380829249225772,0.013351768777756621,-0.0086393797973719298,-0.030315170543967346,-0.16888148822138815,0.020559502031829661,0.67971661007982664,-0.090310604251204074,-0.1095101052420729,0,0,0
6.1166488000000001,525,3996,1,526,3996,1,-0.12418346913617366,0.010210176124166829,-0.0086393797973719298,-0.051177656930854028,-0.38321433993992099,0.010968249492744464,1.9442143100155804,-0.080589532701126176,-0.11194627127139276,0,0,0
6.1216024000000004,545,4000,0,546,4000,0,-0.12462485342313358,0.0070685834705770346,-0.010210176124166824,-0.068484875756969321,-0.49755836386135388,-0.14070760809953864,-3.3975600455324475,-0.09757733292878841,-0.11974373936006237,0,0,0
6.1266103000000003,567,4004,4294967293,568,4004,-3,-0.1251103761387895,0.0039269908169872417,-0.0086393797973719315,-0.081836291416052392,-0.5585595389108744,0.071493205337015753,6.6174279983721256,-0.064490192936927787,-0.10670135275352886,0,0,0
6.1315989999999996,590,4009,4294967291,591,4009,-5,-0.12561796806879341,-0,-0.0094247779607693795,-0.091018222932099963,-0.6643824586343744,-0.035138745650788186,3.1933592564029842,-0.04852339665491287,-0.090700978655037096,0,0,0
6.1365702999999998,610,4013,4294967289,611,4013,-7,-0.12605935235575333,-0.0031415926535897933,-0.0094247779607693795,-0.089739343260963125,-0.6475582067793344,-0.018746102340574798,4.2130831937887763,-0.02745798068596899,-0.070323434226183423,0,0,0
6.1415768000000002,628,4016,4294967288,629,4016,-8,-0.12645659821401725,-0.0054977871437821377,-0.010210176124166827,-0.084938855661031598,-0.56530314948113602,-0.083280341645088712,1.3242819048192276,-0.020836571161872854,-0.052688051465060913,0,0,0
6.1465616000000001,642,4019,4294967287,643,4019,-9,-0.12676556721488919,-0.0078539816339744835,-0.010995574287564277,-0.074141411644154567,-0.52142105598053112,-0.11770858978167045,-0.35928575660304851,-0.022632999944888096,-0.04104767741023959,0,0,0
6.1515244999999998,652,4020,4294967286,653,4020,-10,-0.12698625935836916,-0.0086393797973719298,-0.010210176124166826,-0.060144662796047327,-0.35145144310177767,0.010483388424368217,4.272941852109021,-0.0012682906843429903,-0.023824824065840598,0,0,0
6.1565361999999997,659,4022,4294967285,660,4022,-11,-0.12714074385880514,-0.010210176124166829,-0.010210176124166829,-0.04650023318342672,-0.33405419807561521,0.0055927628786824456,3.9005891438986162,0.01823465503515009,-0.005291871347587811,0,0,0
6.1615244999999996,663,4022,4294967284,664,4022,-12,-0.1272290207161971,-0.010210176124166829,-0.0086393797973719332,-0.033043761687197956,-0.17821393645232927,0.14954271097610747,9.3249211303286668,0.06485926068679343,0.027112208841364484,0,0,0
6.1665114000000001,664,4022,4294967284,665,4022,-12,-0.1272510899305451,-0.010210176124166829,-0.0086393797973719332,-0.019687563607693335,-0.095075012763784328,0.079779255415232148,5.8813219771606793,0.094265870572596833,0.060768710195176615,0,0,0
6.1714758999999999,659,4021,4294967284,660,4021,-12,-0.12714074385880514,-0.0094247779607693795,-0.0078539816339744835,-0.00020752941370177393,0.022558132222203583,0.11584080197215893,6.5765483630214412,0.12714861238770403,0.097567355853356991,0,0,0
6.1764773000000002,648,4019,4294967285,649,4019,-11,-0.12689798250097717,-0.0078539816339744835,-0.0078539816339744835,0.022539498419167359,0.15859353348183808,0.061799688314589582,3.1491280650321398,0.14289425271286474,0.12880288976126777,0,0,0
6.1814616999999998,631,4016,4294967287,632,4016,-9,-0.12652280585706124,-0.0054977871437821377,-0.0086393797973719315,0.047029428452042887,0.30444631931266997,-0.040310121543041436,-2.6224176744367842,0.12978216434068082,0.14437776513828932,0,0,0
6.1864407000000003,607,4011,4294967290,608,4011,-6,-0.12599314471270934,-0.0015707963267948967,-0.0094247779607693795,0.074508286315281669,0.52881608218991394,-0.094784489085664531,-7.0032168782909032,0.094766079949226312,0.13859827981360959,0,0,0
6.1914389999999999,581,4005,4294967292,582,4005,-4,-0.12541934513966144,0.0031415926535897933,-0.0078539816339744817,0.093286150267546192,0.72179419797787547,0.095992642436677503,-0.58128831504457779,0.091859638374003419,0.13430994660740531,0,0,0
6.1964212999999999,554,4000,4294967295,555,4000,-1,-0.12482347635226554,0.0070685834705770346,-0.0086393797973719315,0.105363027324929,0.75146620529993591,-0.022068587719683244,-6.5348456796710028,0.059185409975648404,0.11378679094106674,0,0,0
6.2014059000000001,529,3995,1,530,3995,1,-0.12427174599356564,0.010995574287564275,-0.0078539816339744835,0.10768767688717257,0.76729586784502302,0.061506190556366615,-3.586305867390164,0.041253880638697588,0.09220355375212351,0,0,0
6.2064060999999997,507,3991,4,508,3991,4,-0.12378622327790972,0.014137166941154069,-0.0094247779607693778,0.10275051895642738,0.70246128500680105,-0.11374621839383219,-11.232823484801507,-0.014910236785309949,0.051214296993067204,0,0,0
6.2113905000000003,490,3988,5,491,3988,5,-0.1234110466339938,0.016493361431346415,-0.0086393797973719315,0.089821052682935026,0.59459328787973298,0.012597266372259566,-5.5414946549638522,-0.04261771006012921,0.012795789792201015,0,0,0
6.2163437999999998,479,3985,6,480,3985,6,-0.12316828527616584,0.018849555921538759,-0.0078539816339744835,0.07056867482553951,0.53704699600259265,0.080000010881919895,-2.2610301386869955,-0.053922860753564186,-0.019386423924644083,0,0,0
6.2213456000000003,476,3985,6,477,3985,6,-0.12310207763312185,0.018849555921538759,-0.0078539816339744835,0.043824878411668156,0.28650817672363454,0.042679053092662934,-2.3017138731398159,-0.065431430119263265,-0.046143286359324562,0,0,0
6.2263466999999997,478,3985,6,479,3985,6,-0.12314621606181785,0.018849555921538759,-0.0078539816339744835,0.019261830200699024,0.15284870028228426,0.022768766563980598,-2.0701389922277942,-0.075782125080402232,-0.069246930700252465,0,0,0
6.2313197000000002,485,3986,6,486,3986,6,-0.12330070056225381,0.018064157758141311,-0.0086393797973719315,-0.0041378148143521518,0.0082634420473350068,-0.061132653481300051,-4.52908505190958,-0.098427550339950126,-0.094569399736173329,0,0,0
6.2362989000000004,496,3988,5,497,3988,5,-0.12354346192008177,0.016493361431346415,-0.0086393797973719315,-0.024857687816524299,-0.14215059066035929,-0.032613542609072656,-2.1437289109338327,-0.1091461948946193,-0.11552707552670845,0,0,0
6.2413295,513,3992,4,514,3992,4,-0.12391863856399771,0.013351768777756621,-0.010210176124166826,-0.048266154888427767,-0.36895372442693608,-0.16395797517426638,-6.1376253898796342,-0.13983432184401748,-0.14156081938266671,0,0,0
6.2462825000000004,535,3996,2,536,3996,2,-0.12440416127965362,0.010210176124166829,-0.010210176124166829,-0.071049844615589025,-0.48995049531354706,-0.087469627194882202,-1.6245267558933907,-0.14795695562348443,-0.15968674928421353,0,0,0
6.2512686999999998,561,4001,0,562,4001,0,-0.12497796085270152,0.0062831853071795866,-0.010995574287564272,-0.091441112807027297,-0.62778035093405005,-0.11994352373266468,-1.645517544048122,-0.15618454334372503,-0.17497801304430632,0,0,0
6.2562812000000001,592,4007,4294967293,593,4007,-3,-0.12566210649748938,0.0015707963267948967,-0.010995574287564277,-0.11261516286300566,-0.77459045679641148,-0.063988441514880201,2.2956264440583194,-0.14470641112343344,-0.17776525726489323,0,0,0
6.26126,626,4013,4294967289,627,4013,-7,-0.12641245978532126,-0.0031415926535897933,-0.0094247779607693795,-0.13008859719620189,-0.85291189992580552,0.11242196706836605,11.230319018275218,-0.088554816032057351,-0.1532986310541512,0,0,0
6.266222,660,4020,4294967286,661,4020,-10,-0.12716281307315311,-0.0086393797973719298,-0.010210176124166826,-0.13941046632342191,-0.9679749764044232,-0.01330373868400736,7.2818675343052437,-0.052145478360531135,-0.12150546708039638,0,0,0
6.2712384999999999,691,4025,4294967283,692,4025,-13,-0.12784695871794099,-0.012566370614359173,-0.0094247779607693795,-0.13820624170134393,-0.88280071884603672,0.066182133137110882,10.96118802975478,0.0026604617882427656,-0.073823148343402686,0,0,0
6.2762108999999997,714,4030,4294967281,715,4030,-15,-0.1283545506479449,-0.016493361431346415,-0.010210176124166827,-0.12109092010470053,-0.83736126677111111,-0.037972139420362462,6.4955204052006144,0.035138063814245835,-0.028876112208002448,0,0,0
6.2811832000000001,729,4033,4294967280,730,4033,-16,-0.12868558886316483,-0.018849555921538759,-0.010995574287564275,-0.095487217755930817,-0.66656082163939923,-0.093537203466031393,3.1698023472631194,0.050987075550561436,0.0089161026745087323,0,0,0
6.2861906000000003,735,4033,4294967280,736,4033,-16,-0.12881800414925282,-0.018849555921538759,-0.010995574287564275,-0.063295955100536608,-0.35560226033252046,-0.049900984123093219,3.1364145704966395,0.066669148403044637,0.041035026455951688,0,0,0
6.2911795000000001,733,4033,4294967281,734,4033,-15,-0.12877386572055682,-0.018849555921538759,-0.012566370614359171,-0.029649417734931932,-0.1897095710524779,-0.17318061934743045,-3.6590649298913642,0.048373823753587814,0.052751766495140948,0,0,0
6.2961365999999996,727,4031,4294967282,728,4031,-14,-0.12864145043446887,-0.01727875959474386,-0.01256637061435917,-0.0034629496930495603,0.045351241661535854,-0.092389798029635498,-2.0010226346721112,0.038368710580227255,0.057531830150181963,0,0,0
6.3011233000000004,717,4029,4294967284,718,4029,-12,-0.1284207582909889,-0.015707963267948967,-0.014137166941154071,0.018743660205918083,0.17075338592665776,-0.19584789557115731,-7.7937342163296277,-0.00059996050142088059,0.041297501982689597,0,0,0
6.3061275999999999,707,4027,4294967286,708,4027,-10,-0.12820006614750892,-0.014137166941154069,-0.015707963267948967,0.030590622130523132,0.23765393648938929,-0.25104155853650045,-11.173134542781932,-0.056465633215330546,0.00560403880437646,0,0,0
6.3111236000000002,701,4025,4294967288,702,4025,-8,-0.12806765086142097,-0.012566370614359173,-0.017278759594743863,0.028674394182024027,0.2733445835020446,-0.28048672043220707,-13.061925862019311,-0.1217752625254271,-0.046428180751722892,0,0,0
6.3161063000000004,700,4025,4294967289,701,4025,-7,-0.12804558164707297,-0.012566370614359173,-0.018849555921538759,0.017356558078082597,0.14582608006259845,-0.2961953636438161,-13.404851184332045,-0.18879951844708731,-0.11211747698070812,0,0,0
6.3211016000000004,709,4026,4294967290,710,4026,-6,-0.12824420457620492,-0.013351768777756621,-0.021205750411731103,-0.0092724753274961089,0.004516957791877052,-0.37785525701642564,-16.103766081705057,-0.26931834885561257,-0.19203002629382995,0,0,0
6.3260861000000004,730,4030,4294967289,731,4030,-7,-0.12870765807751283,-0.016493361431346415,-0.022776546738526002,-0.048188070679288653,-0.29070833397814061,-0.34814031835846548,-12.927484648862816,-0.33395577209992666,-0.27381723469805613,0,0,0
6.3310608999999998,768,4037,4294967286,769,4037,-10,-0.1295462882227367,-0.021991148575128551,-0.023561944901923447,-0.10395395182344322,-0.66804606920239218,-0.25900823316492344,-6.1167492382011162,-0.36453951829093223,-0.33964255335271132,0,0,0
6.3360601000000001,824,4049,4294967282,825,4049,-14,-0.13078216422622446,-0.031415926535897934,-0.026703537555513246,-0.17076837003202011,-1.2357488537239041,-0.43129588505610306,-9.1153864724766329,-0.41011645065331537,-0.4004437876681462,0,0,0
6.3410764999999998,897,4064,4294967277,898,4064,-19,-0.13239321687362818,-0.043196898986859661,-0.030630528372500486,-0.24141794092572941,-1.7584500864214405,-0.59648881487411332,-11.75020658346099,-0.4688674835706203,-0.45971342734651394,0,0,0
6.3460308999999997,982,4081,4294967269,983,4081,-27,-0.13426910009320783,-0.056548667764616277,-0.031415926535897934,-0.30381796879086653,-2.183864007848249,-0.39149919849640219,1.1978317715432905,-0.46287832471290385,-0.49034966983535039,0,0,0
6.3510165000000001,1078,4101,4294967261,1079,4101,-35,-0.13638774467061546,-0.072256631032565244,-0.034557519189487726,-0.35975785343059852,-2.6306558265898694,-0.50197823723761048,0.92973159244092329,-0.45822966675069926,-0.50603112176342901,0,0,0
6.3560036999999996,1180,4122,4294967251,1181,4122,-45,-0.13863880453411107,-0.088749992463911659,-0.035342917352885174,-0.40195577727923026,-2.942293460377476,-0.34107893084518676,11.648540247849851,-0.39998696551145002,-0.48742023007030982,0,0,0
6.3609932999999996,1281,4143,4294967242,1282,4143,-54,-0.14086779518325865,-0.10524335389525807,-0.037699111843077518,-0.42240875685852119,-3.1085484267389742,-0.40180010560404411,11.923551398242864,-0.34036920852023572,-0.45085681943628181,0,0,0
6.3659729,1379,4164,4294967233,1380,4164,-63,-0.14303057818936227,-0.12173671532660449,-0.040055306333269855,-0.42714284710324268,-3.1972434713775852,-0.43419412921495559,12.711057455252387,-0.2768139212439738,-0.39797592150050215,0,0,0
6.3709486000000002,1469,4183,4294967224,1470,4183,-72,-0.14501680748068191,-0.13665928043115599,-0.040840704496667296,-0.4131955457691861,-3.0980021828470425,-0.30491691644986685,19.191084374571609,-0.18085849937111576,-0.32048345727603889,0,0,0
6.3759392999999998,1548,4201,4294967216,1549,4201,-80,-0.14676027541417361,-0.15079644737231007,-0.042411500823462206,-0.38310461371468207,-2.9717786179794472,-0.30922858228226019,19.431025515459595,-0.083703371793817774,-0.22757356676330259,0,0,0
6.3809199999999997,1611,4216,4294967210,1612,4216,-86,-0.14815063591809735,-0.16257741982327178,-0.044767695313654543,-0.33410569561024045,-2.6846012914314668,-0.38480832394862152,15.243218948115606,-0.0074872770532397465,-0.13448750195840781,0,0,0
6.3859035999999998,1655,4227,4294967205,1656,4227,-91,-0.14912168134940917,-0.17121679962064371,-0.04555309347705197,-0.26884226133348071,-2.2382775305186704,-0.27857017747133206,17.503381739522112,0.080029631644370811,-0.036286465458634745,0,0,0
