time_s,raw_cart,raw_theta1,raw_theta2,cart_counts,theta1_counts,theta2_relative_counts,x_m,theta1_rad,theta2_rad,xdot_m_s,theta1dot_rad_s,theta2dot_rad_s,accel_m_s2,velocity_ref_m_s,voltage,left_limit,right_limit,warning
0.00013459999999999999,8625,4020,4294967269,8626,4020,-27,-0.014984996542289304,-0,0.0015707963267948967,0,0,0,0.71135357907519436,0.0035567678953759719,7.4666646669187199e-05,0,0,0
0.0058396999999999998,8625,4020,4294967269,8626,4020,-27,-0.014984996542289304,-0,0.0015707963267948967,0,0,0,0.71135357907519436,0.0071135357907519438,0.0026355395313398871,0,0,0
0.0118472,8625,4021,4294967269,8626,4021,-27,-0.014984996542289304,-0.00078539816339744833,0.00078539816339744833,0,-0.073279519292017037,-0.073279519292017037,-2.12548254357894,-0.0035138769271427558,-0.00022614152820970299,0,0,0
0.016839900000000001,8625,4021,4294967269,8626,4021,-27,-0.014984996542289304,-0.00078539816339744833,0.00078539816339744833,0,-0.039093750863171843,-0.039093750863171843,-0.84536331023292577,-0.0077406934783073849,-0.0030769557465623299,0,0,0
0.021862099999999999,8625,4021,4294967269,8626,4021,-27,-0.014984996542289304,-0.00078539816339744833,0.00078539816339744833,0,-0.020856050521584717,-0.020856050521584717,-0.16243494406615389,-0.0085528681986381545,-0.0055324216098541707,0,0,0
0.026865,8625,4021,4294967269,8626,4021,-27,-0.014984996542289304,-0.00078539816339744833,0.00078539816339744833,0,-0.011126454580459841,-0.011126454580459841,0.20189920635212316,-0.0075433721668775391,-0.0073874228091941954,0,0,0
0.0317734,8625,4021,4294967269,8626,4021,-27,-0.014984996542289304,-0.00078539816339744833,0.00078539816339744833,0,-0.0059358310147413834,-0.0059358310147413834,0.39626713677806868,-0.0055620364829871956,-0.0085325322365004778,0,0,0
0.036751399999999997,8625,4021,4294967269,8626,4021,-27,-0.014984996542289304,-0.00078539816339744833,0.00078539816339744833,0,-0.0031666951570937471,-0.0031666951570937471,0.49996011295033482,-0.0030622359182355214,-0.0089093718327687664,0,0,0
0.041757299999999997,8625,4021,4294967269,8626,4021,-27,-0.014984996542289304,-0.00078539816339744833,0.00078539816339744833,0,-0.0016893941544253845,-0.0016893941544253845,0.55527908086803235,-0.00028584051389535974,-0.0084867975987392829,0,0,0
0.0467307,8625,4021,4294967269,8626,4021,-27,-0.014984996542289304,-0.00078539816339744833,0.00078539816339744833,0,-0.00090127166254486688,-0.00090127166254486688,0.58479109146357466,0.0026381149434225137,-0.0072481945816979879,0,0,0
0.051714900000000001,8625,4021,4294967269,8626,4021,-27,-0.014984996542289304,-0.00078539816339744833,0.00078539816339744833,0,-0.00048081769880556607,-0.00048081769880556607,0.60053539766045105,0.0056407919317247694,-0.0051846989022378944,0,0,0
0.056712400000000003,8625,4021,4294967269,8626,4021,-27,-0.014984996542289304,-0.00078539816339744833,0.00078539816339744833,0,-0.00025651051629859849,-0.00025651051629859849,0.60893479751897639,0.0086854659193196515,-0.0022915817862545094,0,0,0
0.061697200000000001,8625,4022,4294967269,8626,4022,-27,-0.014984996542289304,-0.0015707963267948967,0,0,-0.073416364597701969,-0.073416364597701969,-2.2234203453383228,-0.0024316358073719624,-0.0049492017650494295,0,0,0
0.066685499999999995,8625,4022,4294967269,8626,4022,-27,-0.014984996542289304,-0.0015707963267948967,0,0,-0.039166756204076482,-0.039166756204076482,-0.94091056263427686,-0.0071361886205433466,-0.0077227921989669818,0,0,0
0.071679900000000005,8625,4022,4294967269,8626,4022,-27,-0.014984996542289304,-0.0015707963267948967,0,0,-0.020894998001543388,-0.020894998001543388,-0.25670686685382949,-0.008419722954812494,-0.010227153576934801,0,0,0
0.076681100000000002,8625,4022,4294967268,8626,4022,-28,-0.014984996542289304,-0.0015707963267948967,0.0015707963267948967,0,-0.0111472325971958,0.13541180598683827,6.480984934566604,0.023985201718020526,0.0020817373280406833,0,0,0
0.081682599999999994,8625,4022,4294967268,8626,4022,-28,-0.014984996542289304,-0.0015707963267948967,0.0015707963267948967,0,-0.0059469158392265091,0.072240585887117181,3.8895449839106044,0.043432926637573546,0.017309218005705083,0,0,0
0.085696499999999995,8625,4023,4294967268,8626,4023,-28,-0.014984996542289304,-0.0023561944901923449,0.00078539816339744844,0,-0.076452128070965422,-0.034740027027795981,-0.32979349119622148,0.041783959181592438,0.028294072842658443,0,0,0
0.091714699999999996,8624,4023,4294967268,8625,4023,-28,-0.014962927327941309,-0.0023561944901923449,0.00078539816339744844,0.0020591102627205995,-0.040786299864431899,-0.018533390703512211,0.16199315309415629,0.042593924947063218,0.039013626797925985,0,0,0
0.096712699999999999,8623,4023,4294967268,8624,4023,-28,-0.014940858113593311,-0.0023561944901923449,0.00078539816339744844,0.0031576210661256746,-0.021759005257345098,-0.0098873432278623295,0.42414178056747276,0.044714633849900584,0.05041801590744302,0,0,0
0.1016725,8622,4023,4294967268,8623,4023,-28,-0.014918788899245316,-0.0023561944901923449,0.00078539816339744844,0.0037436634976770397,-0.011608170178782316,-0.0052747798645948214,0.56378126080711666,0.047533540153936168,0.062643198101680148,0,0,0
0.106666,8620,4022,4294967268,8621,4022,-28,-0.014874650470549323,-0.0015707963267948967,0.0015707963267948967,0.0061154204185045278,0.067086698742277767,0.070465487051128539,3.4241156444853056,0.064654118376362701,0.081103434384589668,0,0,0
0.11162420000000001,8615,4021,4294967269,8616,4021,-27,-0.014764304398809344,-0.00078539816339744833,0.00078539816339744833,0.013558055278890695,0.10906947414163873,-0.035687021117305616,-1.5320882272065104,0.056993677240330151,0.090112498634822957,0,0,0
0.1165866,8604,4019,4294967270,8605,4019,-26,-0.014521543040981388,0.00078539816339744833,0.00078539816339744833,0.029883273919570137,0.20474630414016737,-0.019038600772599265,-1.788560977075992,0.048050872354950189,0.090469505977684883,0,0,0
0.1216216,8586,4016,4294967272,8587,4016,-24,-0.014124297182717458,0.0031415926535897933,0,0.053006355487875786,0.32906827282974749,-0.083436386075236624,-5.9192280102652024,0.018454732303624176,0.071651107826403243,0,0,0
0.12656519999999999,8566,4012,4294967274,8567,4012,-22,-0.013682912895757538,0.0062831853071795866,0,0.069460464659336238,0.4686720818786565,-0.0445123183348183,-5.6350902602369812,-0.0097207189975607317,0.042238867353964898,0,0,0
0.1315451,8548,4009,4294967275,8549,4009,-21,-0.01328566703749361,0.0086393797973719298,0.00078539816339744627,0.074120315426381922,0.46986953218518868,0.049532727553535105,-2.0506942886021151,-0.019974190440571308,0.014148952772077398,0,0,0
0.13653699999999999,8536,4007,4294967276,8537,4007,-20,-0.013020836465317657,0.010210176124166829,0.00078539816339744974,0.064251628740538788,0.39722883837138034,0.026425120269071459,-2.7313031741723504,-0.033630706311433056,-0.012961086945258351,0,0,0
0.14151910000000001,8530,4007,4294967276,8531,4007,-20,-0.012888421179229682,0.010210176124166829,0.00078539816339744974,0.046632140342608069,0.21191685470908411,0.014097486969199755,-2.1934166621358959,-0.044597789622112534,-0.036395735120027688,0,0,0
0.14649200000000001,8530,4008,4294967275,8531,4008,-21,-0.012888421179229682,0.0094247779607693795,0.001570796326794896,0.024877691534870405,0.039775598996762807,0.080800360704396917,1.9328026866016155,-0.034933776189104454,-0.046889508202166669,0,0,0
0.15151500000000001,8530,4010,4294967274,8531,4010,-22,-0.012888421179229682,0.0078539816339744835,0.0015707963267948969,0.013271952167691312,-0.1253392302032458,0.043106030191661392,1.4407158359186449,-0.02773019700951123,-0.054574411141592338,0,0,0
0.1565105,8532,4011,4294967273,8533,4011,-23,-0.012932559607925673,0.0070685834705770346,0.0023561944901923449,0.0029622079015528694,-0.14014650595197506,0.096276073053481903,4.2167593668791881,-0.0066464001751152905,-0.051517897924196546,0,0,0
0.16148999999999999,8535,4013,4294967272,8536,4013,-24,-0.012998767250969661,0.0054977871437821377,0.0023561944901923444,-0.0045970281493475373,-0.22132553051744122,0.051362138431049628,3.0555812258762005,0.0086315059542657127,-0.043835508123770323,0,0,0
0.16646469999999999,8538,4016,4294967271,8539,4016,-25,-0.01306497489401365,0.0031415926535897933,0.0015707963267948967,-0.0086297905602494458,-0.33791309266152647,-0.045878430106079338,-0.29992674810364983,0.0071318722137474633,-0.039123896014122091,0,0,0
0.17146690000000001,8542,4018,4294967269,8543,4018,-27,-0.013153251751405633,0.0015707963267948967,0.0031415926535897933,-0.012840331543386062,-0.32683164934272291,0.1220834424844852,7.2277514138683339,0.043270629283089133,-0.016711062941527695,0,0,0
0.1764558,8544,4020,4294967268,8545,4020,-28,-0.013197390180101626,-0,0.0031415926535897933,-0.010968384489499272,-0.32091983130004015,0.065130062684878517,5.0572082316055429,0.068556670441116851,0.0089752388284840227,0,0,0
0.18141660000000001,8544,4022,4294967267,8545,4022,-29,-0.013197390180101626,-0.0015707963267948967,0.0031415926535897929,-0.0058515025036562319,-0.31776594677757142,0.034746112814399696,3.8982703643574008,0.088048022262903855,0.036915515085925166,0,0,0
0.18643779999999999,8543,4023,4294967266,8544,4023,-30,-0.013175320965753629,-0.0023561944901923449,0.0039269908169872417,-0.0010625966379696132,-0.24280386765214074,0.091816156690207304,6.1662046750983617,0.11887904563839566,0.07398733965230872,0,0,0
0.19142999999999999,8541,4024,4294967265,8542,4024,-31,-0.013131182537057638,-0.0031415926535897933,0.0047123889803846897,0.003551337873450966,-0.20281249115529448,0.12226234545599732,7.4685832707156354,0.15622196199197383,0.12109962489589825,0,0,0
0.19638439999999999,8536,4025,4294967264,8537,4025,-32,-0.013020836465317657,-0.0039269908169872417,0.0054977871437821377,0.012190147776530217,-0.18147756804788637,0.13850502458165803,8.1540676041828242,0.19699230001288795,0.1767798810609251,0,0,0
0.20138610000000001,8521,4023,4294967265,8522,4023,-31,-0.012689798250097717,-0.0023561944901923449,0.0054977871437821386,0.0373899526082292,0.049742917230311406,0.073890781170595166,3.9194705989542435,0.21658965300765917,0.22415535883812421,0,0,0
0.20635819999999999,8492,4019,4294967267,8493,4019,-29,-0.012049791034005832,0.00078539816339744833,0.0054977871437821377,0.079661292061849867,0.31965533112656974,0.039419851795931167,0.14701467403456903,0.21732472637783201,0.25384795820841877,0,0,0
0.2113604,8449,4011,4294967271,8450,4011,-25,-0.011100814817042002,0.0070685834705770346,0.0054977871437821377,0.13104009193291505,0.75676846674594456,0.021030021485705517,-4.1810529759495463,0.19641946149808429,0.25848925633586817,0,0,0
0.2163207,8397,4002,4294967276,8398,4002,-20,-0.0099532156709462097,0.014137166941154069,0.0047123889803846897,0.17698206216316714,1.0632426383503883,-0.062060253274003073,-10.892758956039408,0.14195566671788723,0.23095909186376168,0,0,0
0.22134870000000001,8342,3992,4294967281,8343,3992,-15,-0.0087394088818064271,0.021991148575128551,0.0047123889803846915,0.20766888695043073,1.3000224784203871,-0.03310840605177813,-12.344109635877054,0.080235118538501959,0.17991864725854415,0,0,0
0.2263251,8292,3983,4294967285,8293,3983,-11,-0.0076359481644066264,0.029059732045705586,0.0054977871437821395,0.21374439121423178,1.3530621840161707,0.055616578948384746,-9.8411884610005611,0.031029176233499156,0.12063487883136165,0,0,0
0.2312932,8253,3978,4294967287,8254,3978,-9,-0.0067752488048347806,0.03298672286269283,0.0062831853071795875,0.19433538749641582,1.0882401581384313,0.10295030182820841,-6.9173083028622893,-0.0035573652808122899,0.064471878778140854,0,0,0
0.2362978,8226,3974,4294967289,8227,3974,-7,-0.0061793800174388879,0.036128315516282622,0.0062831853071795875,0.15927159200037022,0.87368124178202011,0.054922759999583827,-7.7502395097833983,-0.042308562829729279,0.0093815046044971317,0,0,0
0.24131530000000001,8213,3974,4294967288,8214,3974,-8,-0.0058924802309149402,0.036128315516282622,0.0078539816339744835,0.1117379309966869,0.46609853790039457,0.17585967697366678,0.080972407218656173,-0.041903700793635999,-0.023472801831730266,0,0,0
0.24625259999999999,8212,3977,4294967287,8213,3977,-9,-0.0058704110165669439,0.033772121026090278,0.0070685834705770355,0.061669965772612592,0.028819461368784743,0.020539524076562551,-3.4582880750993255,-0.059195141169132631,-0.050206606233257497,0,0,0
0.25126280000000001,8217,3980,4294967285,8218,3980,-11,-0.005980757088306924,0.031415926535897934,0.007853981633974487,0.022604641004081528,-0.20446371844414427,0.084237110783542443,1.387589667442473,-0.052257192831920263,-0.062138712209944158,0,0,0
0.25624140000000001,8226,3985,4294967282,8227,3985,-14,-0.0061793800174388879,0.02748893571891069,0.0086393797973719315,-0.0064726855854186655,-0.47547655531024069,0.11821901472295854,5.1196395869226627,-0.026658994897306949,-0.057747421309813571,0,0,0
0.26122129999999999,8236,3990,4294967279,8237,3990,-17,-0.0064000721609188483,0.023561944901923447,0.0094247779607693778,-0.024044203304404384,-0.62005867631111911,0.13634795578723902,7.5071349995386765,0.010876680100386435,-0.038399488101517811,0,0,0
0.26621430000000001,8246,3995,4294967277,8247,3995,-19,-0.0066207643043988086,0.019634954084936207,0.0086393797973719315,-0.033418398749879577,-0.69719151604978025,-0.00053950863490855039,2.7540789595753044,0.024647074898262955,-0.018555783972716015,0,0,0
0.27117649999999999,8252,3999,4294967274,8253,3999,-22,-0.0067531795904867851,0.016493361431346415,0.010210176124166827,-0.03018297933271849,-0.6650614481903776,0.14627121715226946,9.3839192520219026,0.071566671158372466,0.016779773491609258,0,0,0
0.27619929999999998,8253,4003,4294967272,8254,4003,-24,-0.0067752488048347806,0.013351768777756621,0.010210176124166827,-0.018161370290374807,-0.64792043962143742,0.078033952420136471,6.6826272822080632,0.10497980756941278,0.053878366440117301,0,0,0
0.28118169999999998,8251,4006,4294967271,8252,4006,-25,-0.0067311103761387887,0.010995574287564275,0.0094247779607693795,-0.0055706542423694513,-0.56549639638860028,-0.031649334975104408,1.7538641502184726,0.11374912832050514,0.085406856578649104,0,0,0
0.28614709999999999,8246,4008,4294967270,8247,4008,-26,-0.0066207643043988086,0.0094247779607693795,0.0094247779607693795,0.0073236736157130059,-0.44824463161228623,-0.016884543300171341,1.8653474977705351,0.12307586580935781,0.11601778220447184,0,0,0
0.29115419999999997,8235,4008,4294967269,8236,4008,-27,-0.0063780029465708528,0.0094247779607693795,0.010995574287564275,0.026557305546948094,-0.2391331728606734,0.13755133580988049,7.3928838262813112,0.16004028494076436,0.15524972833683309,0,0,0
0.29615819999999998,8215,4007,4294967270,8216,4007,-26,-0.0059366186596109321,0.010210176124166829,0.010210176124166829,0.055350211495177472,-0.054295180613982322,0.00010248027622762612,0.16059215747638744,0.16084324572814629,0.17869465745078211,0,0,0
0.30110819999999999,8185,4004,4294967271,8186,4004,-25,-0.0052745422291710512,0.012566370614359173,0.010995574287564277,0.091301986553670514,0.19087272561485091,0.073334191298956158,1.3203482445578532,0.16744498695093554,0.19397026146761703,0,0,0
0.30609239999999999,8148,3999,4294967273,8149,3999,-23,-0.0044579812982951982,0.016493361431346415,0.011780972450961725,0.12489560224000723,0.46822592248970796,0.11240243701980691,0.82129703263919662,0.17155147211413152,0.20125966283946525,0,0,0
0.31070510000000001,8109,3994,4294967276,8110,3994,-20,-0.0035972819387233529,0.020420352248333658,0.010995574287564279,0.14693561667080046,0.61619055004849055,-0.013314157732332091,-6.0841177444235175,0.14113088339201393,0.19024947628666894,0,0,0
0.31665650000000001,8058,3987,4294967279,8059,3987,-17,-0.0024717520069755554,0.025918139392115794,0.011780972450961725,0.18340302504975248,0.84168695533786519,0.066176574698909141,-5.0559285196197425,0.11585124079391522,0.16089602536172373,0,0,0
0.32163940000000002,8018,3982,4294967281,8019,3982,-15,-0.0015889834330557141,0.029845130209103034,0.012566370614359175,0.18020774024295216,0.81542756355956536,0.10858393380308601,-3.5178572308479099,0.098261954639675672,0.13617974300630004,0,0,0
0.32665699999999998,7984,3978,4294967283,7985,3978,-13,-0.00083863014522384915,0.03298672286269283,0.012566370614359171,0.16614843227455597,0.72813897147453022,0.057928235567770749,-5.3950189454178696,0.07128685991258632,0.10824227685200344,0,0,0
0.33163090000000001,7956,3976,4294967284,7957,3976,-12,-0.00022069214347996029,0.034557519189487719,0.012566370614359168,0.14629329732811047,0.5350125085250198,0.030904023813325448,-5.6003420982006054,0.043285149421583291,0.078963693319220749,0,0,0
0.336613,7935,3975,4294967284,7936,3975,-12,0.00024276135782795631,0.035342917352885174,0.013351768777756623,0.12128704744813046,0.35870232117489309,0.08976644796322264,-1.9246951868976843,0.033661673487094868,0.058073741659929623,0,0,0
0.34164149999999999,7919,3975,4294967283,7920,3975,-13,0.00059586878739589279,0.035342917352885174,0.014922565104551515,0.097650959620709549,0.19136341659354156,0.19444836955196218,3.8647911617253232,0.052985629295721481,0.0537469103266714,0,0,0
0.34660340000000001,7909,3977,4294967282,7910,3977,-14,0.0008165609308758531,0.033772121026090278,0.014922565104551519,0.072686726668473228,-0.044468934760873949,0.10373588948805404,1.7677851655151633,0.061824555123297299,0.056898692589840087,0,0,0
0.35157450000000001,7900,3979,4294967281,7901,3979,-15,0.0010151838600078174,0.032201324699295375,0.014922565104551515,0.057309495422510404,-0.1702826857024681,0.055341861660619274,0.79786636826947244,0.065813886964644658,0.062680859661932167,0,0,0
0.3565835,7890,3980,4294967280,7891,3980,-16,0.0012358760034877777,0.031415926535897934,0.015707963267948967,0.051165035941555879,-0.16412330423329236,0.10280374342676901,3.1647168863266049,0.08163747139627768,0.074862665138972814,0,0,0
0.36114889999999999,7880,3982,4294967279,7881,3982,-17,0.001456568146967738,0.029845130209103034,0.015707963267948967,0.047887039982274816,-0.23411686686301786,0.054844572837766559,1.7318908105062265,0.09029692544880881,0.088462075217063188,0,0,0
0.36611769999999999,7866,3982,4294967278,7867,3982,-18,0.0017655371478396823,0.029845130209103034,0.017278759594743863,0.054374709226236197,-0.12489856039498137,0.17581796505396105,6.5360560958551552,0.12297720592808459,0.11169941934891885,0,0,0
0.37110480000000001,7849,3982,4294967278,7850,3982,-18,0.0021407137917556149,0.029845130209103034,0.017278759594743863,0.064013134294989574,-0.066631894565145483,0.093796790556159984,2.7577589621305316,0.13676600073873724,0.13208975984227256,0,0,0
0.37610710000000003,7827,3981,4294967278,7828,3981,-18,0.0026262365074115274,0.030630528372500482,0.018064157758141311,0.079450670599646667,0.037732197054673872,0.12331899003629482,3.3213655783301794,0.15337282863038815,0.15225921499623166,0,0,0
0.38107489999999999,7800,3979,4294967279,7801,3979,-17,0.0032221052948074205,0.032201324699295375,0.018064157758141304,0.097981963687571061,0.16668871636340499,0.065789212589745058,-0.12912099163402413,0.15272722367221803,0.16358859354378932,0,0,0
0.38608510000000001,7769,3976,4294967280,7770,3976,-16,0.0039062509395952974,0.034557519189487719,0.018849555921538752,0.11610462891338016,0.30876500297519027,0.10837728073090687,0.55785401175493865,0.15551649373099272,0.17146978591447853,0,0,0
0.39107579999999997,7734,3973,4294967281,7735,3973,-15,0.0046786734417751585,0.03691371367968007,0.01963495408493621,0.13400929604106279,0.38456100990902475,0.13109750790679409,0.65772320826282016,0.15880510977230683,0.17553376642636809,0,0,0
0.39604679999999998,7698,3969,4294967283,7699,3969,-13,0.0054731651583030151,0.040055306333269862,0.019634954084936204,0.14562033299135241,0.49827679625250043,0.06993895923999574,-2.9399653247007347,0.14410528314880316,0.17038874752559699,0,0,0
0.40102769999999999,7662,3965,4294967284,7663,3965,-12,0.0062676568748308726,0.043196898986859661,0.02120575041173111,0.15181468292955078,0.5589428140358057,0.18387064044187879,1.3053715298823549,0.15063214079821494,0.17012931253815475,0,0,0
0.406028,7626,3962,4294967286,7627,3962,-10,0.0070621485913587292,0.045553093477052005,0.020420352248333658,0.15511929485363044,0.51802789276510253,0.024813277685019203,-5.6605626618044864,0.12232932748919251,0.15558668480779811,0,0,0
0.41102250000000001,7592,3959,4294967287,7593,3959,-9,0.0078125018791905948,0.047909287967244349,0.021205750411731106,0.15276404543536337,0.49620026951925233,0.086517107437911356,-3.1538752592813268,0.10655995119278587,0.14069703652423707,0,0,0
0.41598279999999999,7560,3956,4294967288,7561,3956,-8,0.0085187167383264668,0.050265482457436693,0.021991148575128554,0.14738932739372723,0.4845554924607679,0.11943536578579222,-1.7791479517641742,0.097664211433965004,0.12663747130600803,0,0,0
0.4209891,7532,3954,4294967288,7533,3954,-8,0.0091366547400703567,0.051836278784231589,0.02356194490192345,0.13628553827465945,0.40506362328463852,0.21027638388586395,2.6295287581237066,0.11081185522458353,0.12412483480623106,0,0,0
0.42599799999999999,7506,3953,4294967288,7507,3953,-8,0.0097104543131182521,0.052621676947629037,0.024347343065320898,0.12624357848820827,0.28937613844858456,0.18545946593282658,2.3268511197179391,0.12244611082317323,0.12700123730597895,0,0,0
0.4308843,7482,3952,4294967288,7483,3952,-8,0.010240115457470158,0.053407075111026485,0.025132741228718346,0.11676809200547977,0.22765824300026721,0.17221993574729616,2.304686945972775,0.13396954555303711,0.13542543558208608,0,0,0
0.43686829999999999,7451,3951,4294967288,7452,3951,-8,0.010924261102258035,0.054192473274423933,0.025918139392115794,0.12612680464869377,0.19473248077138408,0.16515680406167449,1.9755443131910377,0.14384726711899229,0.14030338205516008,0,0,0
0.44185289999999999,7425,3950,4294967288,7426,3950,-8,0.011498060675305932,0.054977871437821381,0.026703537555513242,0.12082401507818902,0.17716697873217768,0.16138870742158709,2.0905450713993146,0.15429999247598886,0.15217788863951628,0,0,0
0.44683519999999999,7397,3948,4294967288,7398,3948,-8,0.01211599867704982,0.056548667764616277,0.028274333882308138,0.12211326051820381,0.24107551187224158,0.23265799203003706,4.9249072783411432,0.17892452886769458,0.17171728346518314,0,0,0
0.4518316,7366,3946,4294967289,7367,3946,-7,0.012800144321837697,0.058119464091411173,0.028274333882308138,0.12897838839510717,0.27516995322156679,0.12412026804519359,-0.007409794788721058,0.17888747989375098,0.18395034633666452,0,0,0
0.45637090000000002,7335,3944,4294967290,7336,3944,-6,0.013484289966625575,0.059690260418206069,0.028274333882308135,0.13264085236125284,0.29335893165383586,0.066216684865146078,-2.7455284104945998,0.16515983784127797,0.18960025333291994,0,0,0
0.46136870000000002,7298,3941,4294967291,7299,3941,-5,0.014300850897501428,0.06204645490839842,0.02905973204570559,0.14694939484756558,0.37634205432858203,0.10860533209910558,-1.7809364457202683,0.15625515561267664,0.18793442829081541,0,0,0
0.46635209999999999,7260,3937,4294967292,7261,3937,-4,0.015139481042725276,0.065188047561988219,0.0306305283725005,0.15664194212760513,0.49389208132912815,0.20449868988790246,1.4549442168962905,0.1635298766971581,0.18935896190939422,0,0,0
0.4713579,7221,3934,4294967293,7222,3934,-3,0.016000180402297122,0.067544242052180556,0.031415926535897934,0.16387191093656445,0.48332410154933891,0.1823771349909443,0.27194301681492039,0.16488959178123269,0.1885770900669754,0,0,0
0.47634680000000001,7182,3931,4294967295,7183,3931,-1,0.016860879761868966,0.069900436542372907,0.030630528372500493,0.16772901319510422,0.47768621018993102,0.024016510312966977,-6.7970484321326294,0.13090434962056954,0.17182280890639454,0,0,0
0.48132560000000002,7145,3928,0,7146,3928,0,0.017677440692744819,0.072256631032565244,0.031415926535897927,0.1656685107907146,0.47467846229082022,0.086092041533550254,-4.3459819208984189,0.10917444001607746,0.15302891650122408,0,0,0
0.48635,7111,3926,0,7112,3926,0,0.018427793980576684,0.07382742735936014,0.032986722862692823,0.15839192650814618,0.3997943453136239,0.19248811747990369,0.58505643496409299,0.11209972219089792,0.14236635729789704,0,0,0
0.49137059999999999,7079,3924,1,7080,3924,1,0.019134008839712557,0.075398223686155036,0.03298672286269283,0.15039173492413405,0.35984456069441662,0.10269011835207451,-2.9760707849378578,0.097219368266208639,0.12677138907893529,0,0,0
0.49634479999999997,7052,3923,1,7053,3923,1,0.019729877627108452,0.076183621849552477,0.033772121026090271,0.13582817667401312,0.26525230706639735,0.12806347450558406,-1.1931282381646131,0.091253727075385579,0.11628391275797949,0,0,0
0.50035949999999996,7031,3923,1,7032,3923,1,0.020193331128416366,0.076183621849552477,0.033772121026090271,0.11570403020733777,0.1415089469543635,0.06832033855247821,-2.7365525013781369,0.077570964568494896,0.10714743414825313,0,0,0
0.5063183,7004,3924,0,7005,3924,0,0.020789199915812261,0.075398223686155036,0.034557519189487719,0.11732269930031762,0.0022138186909792246,0.1097276062890765,-0.33330160169516621,0.075904456560019068,0.095373176730110518,0,0,0
0.51130759999999997,6984,3925,4294967295,6985,3925,-1,0.021230584202772181,0.074612825522757595,0.035342917352885181,0.10377246814579492,-0.072098473384544046,0.13181789051117387,1.4419832116387616,0.083114372618212876,0.093532317435952333,0,0,0
0.51631380000000004,6966,3926,4294967294,6967,3926,-2,0.021627830061036107,0.07382742735936014,0.036128315516282622,0.092425360667883899,-0.11174319622852077,0.14360279407247856,2.6298311900055666,0.096263528568240705,0.098977950186077662,0,0,0
0.52130980000000005,6947,3928,4294967293,6948,3928,-3,0.022047145133648034,0.072256631032565244,0.036128315516282622,0.088430924222808655,-0.20617270303240612,0.076610380485075388,0.51552772687154658,0.098841167202598432,0.10297168930491885,0,0,0
0.52631640000000002,6928,3929,4294967292,6929,3929,-4,0.022466460206259958,0.071471232869167789,0.03691371367968007,0.086299939948740398,-0.1832702010678689,0.11415024493476297,2.3205097960341385,0.11044371618276913,0.1119625448738696,0,0,0
0.53132469999999998,6908,3930,4294967291,6909,3930,-5,0.022907844493219878,0.070685834705770348,0.037699111843077518,0.087222195478943332,-0.17105198901359642,0.13417731555984558,3.3720624529868641,0.12730402844770344,0.12565348998768647,0,0,0
0.53623160000000003,6886,3930,4294967291,6887,3930,-5,0.02339336720887579,0.070685834705770348,0.037699111843077518,0.091832428346690698,-0.091254199096199931,0.07158199994575061,0.43483059713101646,0.12947818143335851,0.13537934894231016,0,0,0
0.5412787,6860,3930,4294967291,6861,3930,-5,0.023967166781923687,0.070685834705770348,0.037699111843077518,0.10252837372967344,-0.048683028479879181,0.038188144507541953,-1.3399850046998212,0.12277825640985941,0.13771556059279363,0,0,0
0.54621470000000005,6833,3930,4294967291,6834,3930,-5,0.024563035569319581,0.070685834705770348,0.037699111843077518,0.11029364347717635,-0.025971815932264559,0.020372920315639757,-2.3431679962205227,0.1110624164287568,0.13441652953857136,0,0,0
0.55119099999999999,6805,3929,4294967291,6806,3929,-5,0.02518097357106347,0.071471232869167789,0.038484510006474959,0.11649543267429961,0.05942386478814303,0.084148229661158175,-0.098071747402357801,0.11057205769174501,0.13161263166513731,0,0,0
0.5561526,6777,3928,4294967291,6778,3928,-5,0.025798911572807358,0.072256631032565244,0.039269908169872414,0.11980401335442234,0.1049814434830999,0.11817159770264468,1.1369756290194966,0.11625693583684249,0.13108265427908619,0,0,0
0.5612028,6750,3928,4294967292,6751,3928,-4,0.026394780360203252,0.072256631032565244,0.037699111843077525,0.11950999148296146,0.056006349883787512,-0.083515898504463656,-7.3255553917806093,0.079629158877939449,0.11377475355999067,0,0,0
0.56614399999999998,6724,3927,4294967292,6725,3927,-4,0.026968579933251149,0.073042029195962685,0.038484510006474966,0.117294024053296,0.10315823998049858,0.028724782023111711,-2.7724460994975848,0.06576692838045152,0.097766110376114615,0,0,0
0.57111869999999998,6701,3927,4294967292,6702,3927,-4,0.027476171863255058,0.073042029195962685,0.038484510006474966,0.10993450103116176,0.055033692527514125,0.015324329128517908,-2.9901578473818722,0.050816139143542161,0.080437724747797812,0,0,0
0.57612830000000004,6681,3928,4294967292,6682,3928,-4,0.027917556150214979,0.072256631032565244,0.037699111843077525,0.099830952354580366,-0.043919699719818128,-0.065104172197991556,-5.7957033345776097,0.02183762247065411,0.055982031439802529,0,0,0
0.58112750000000002,6665,3929,4294967291,6666,3929,-5,0.028270663579782914,0.071471232869167789,0.038484510006474959,0.086204388406982205,-0.096710156056837887,0.038547218744042711,-0.7641873844633198,0.018016685548337512,0.039336364532519139,0,0,0
0.58608470000000001,6654,3932,4294967290,6655,3932,-6,0.02851342493761087,0.069115038378975438,0.037699111843077504,0.068639227504844053,-0.27143227441993678,-0.052715037147387109,-3.3596442112892322,0.0012184644918913495,0.021270807691246462,0,0,0
0.59110569999999996,6647,3935,4294967288,6648,3935,-8,0.028667909438046844,0.066758843888783101,0.038484510006474959,0.051031982294571884,-0.3646444438168589,0.045156674752461504,1.886036539419959,0.010648647188991145,0.01523404423606662,0,0,0
0.59608030000000001,6644,3939,4294967286,6645,3939,-10,0.028734117081090832,0.063617251235193309,0.038484510006474959,0.033402285607088092,-0.48765154542690109,0.024090548213712506,2.2929711599939191,0.02211350298896074,0.017423092376913842,0,0,0
0.6010356,6641,3943,4294967284,6642,3943,-12,0.028800324724134817,0.060475658581603517,0.038484510006474966,0.023997052374766896,-0.55327436925549189,0.012852020579872321,2.7097484354729287,0.035662245166325379,0.024704410004378081,0,0,0
0.60602599999999995,6639,3947,4294967283,6640,3947,-13,0.028844463152830811,0.057334065928013725,0.036913713679680063,0.016920362188669141,-0.5882833642718146,-0.139702638658215,-3.1901165795959541,0.019711662268345607,0.023860760337751964,0,0,0
0.61105759999999998,6635,3950,4294967281,6636,3950,-15,0.028932740010222793,0.054977871437821381,0.037699111843077518,0.017263252775485578,-0.53368072690207358,-0.001250174726143638,2.7834582025598844,0.033628953281145027,0.030722891550956956,0,0,0
0.61600739999999998,6631,3953,4294967279,6632,3953,-17,0.029021016867614779,0.052621676947629037,0.038484510006474966,0.017446180820099716,-0.5045508701231507,0.072612565963836279,6.2130566225140349,0.064694236393715202,0.049038690468065221,0,0,0
0.62099369999999998,6625,3956,4294967278,6626,3956,-18,0.029153432153702755,0.050265482457436693,0.037699111843077518,0.021661991278869135,-0.4890104384364059,-0.034541580086743164,1.8112285751419341,0.073750379269424876,0.063973815060564515,0,0,0
0.62601510000000005,6615,3958,4294967277,6616,3958,-19,0.029374124297182714,0.04869468613064179,0.037699111843077518,0.032147517003802341,-0.40744028390909637,-0.018427521623747077,2.1521867045458176,0.084511312792153959,0.078161613327022719,0,0,0
0.63096830000000004,6602,3959,4294967277,6603,3959,-19,0.029661024083706664,0.047909287967244349,0.036913713679680077,0.043918750895045898,-0.29064405858829734,-0.083110382626609219,-1.256084612831081,0.078230889727998548,0.08417659255994811,0,0,0
0.63596660000000005,6586,3959,4294967277,6587,3959,-19,0.030014131513274599,0.047909287967244349,0.036913713679680077,0.056375894781633962,-0.15505514400324152,-0.044338399377320946,-0.43594937302236203,0.076051142862886736,0.086854269206580403,0,0,0
0.64099399999999995,6567,3958,4294967277,6568,3958,-19,0.030433446585886526,0.04869468613064179,0.037699111843077518,0.069198963482299314,-0.0094405534961291004,0.049625511246174439,2.682647938991721,0.089464382557845334,0.09243216313595061,0,0,0
0.64593800000000001,6549,3958,4294967278,6550,3958,-18,0.030830692444150452,0.04869468613064179,0.036128315516282615,0.073980807662626269,-0.0050364228634933554,-0.12008441931989297,-4.7731084066752345,0.065598840524469154,0.085012502490181621,0,0,0
0.65091169999999998,6530,3957,4294967279,6531,3957,-17,0.031250007516762379,0.049480084294039245,0.035342917352885174,0.078590974849005082,0.07059264767264499,-0.13734312692476966,-6.1552189733516229,0.034822745657711041,0.066825553438967566,0,0,0
0.65591750000000004,6513,3956,4294967279,6514,3956,-17,0.031625184160678312,0.050265482457436693,0.036128315516282622,0.076932223615435641,0.11093985614396318,8.596684438519353e-06,-0.56583363701204747,0.031993577472650803,0.05448144392914734,0,0,0
0.66090990000000005,6499,3956,4294967280,6500,3956,-16,0.031934153161550252,0.050265482457436693,0.034557519189487726,0.069869968798081369,0.059185092080164522,-0.14655445235526318,-6.601458518630948,-0.0010137151205039385,0.030672742471485211,0,0,0
0.66587320000000005,6488,3956,4294967280,6489,3956,-16,0.032176914519378208,0.050265482457436693,0.034557519189487726,0.05992500916861046,0.031574541794898145,-0.078185055027911399,-3.4861137513472915,-0.018444283877240397,0.0081656237061976805,0,0,0
0.67086440000000003,6482,3958,4294967280,6483,3958,-16,0.032309329805466185,0.04869468613064179,0.032986722862692823,0.044323940326302776,-0.12971439655479819,-0.18826983434272798,-7.2462170198290918,-0.054675368976385856,-0.022277592731759048,0,0,0
0.67586919999999995,6481,3960,4294967279,6482,3960,-17,0.032331399019814182,0.047123889803846894,0.032986722862692823,0.025705404577036003,-0.21576012438908765,-0.1004397145335402,-2.7134691630820167,-0.068242714791795944,-0.046734370773249476,0,0,0
0.68081860000000005,6483,3962,4294967279,6484,3962,-17,0.032287260591118194,0.045553093477052005,0.031415926535897934,0.0095953066930865721,-0.26166449547794673,-0.20014243016026709,-6.4156791989980109,-0.100321110786786,-0.079286097152802382,0,0,0
0.68681380000000003,6491,3966,4294967278,6492,3966,-18,0.032110706876334223,0.042411500823462206,0.029845130209103031,-0.011353900250637003,-0.43271296936691506,-0.25333264159656999,-7.4732246644079199,-0.13768723410882561,-0.1163511422426102,0,0,0
0.69183380000000005,6504,3971,4294967276,6505,3971,-20,0.031823807089810273,0.038484510006474966,0.029059732045705586,-0.032825603986519736,-0.59724481247800365,-0.20842946666843742,-4.2323770716103173,-0.15884911946687719,-0.15032172411429709,0,0,0
0.69579630000000003,6520,3975,4294967274,6521,3975,-22,0.031470699660242338,0.035342917352885174,0.029059732045705586,-0.050457833013211169,-0.61174107209102213,-0.11119463830008142,0.64556774105970849,-0.15562128076157863,-0.17496104281459812,0,0,0
0.70178620000000003,6554,3984,4294967271,6555,3984,-25,0.030720346372410473,0.028274333882308138,0.026703537555513242,-0.096928401947313683,-0.98587225042001769,-0.27915957320232715,-3.4457546385084994,-0.17285005395412112,-0.19019636562295533,0,0,0
0.70678609999999997,6588,3992,4294967267,6589,3992,-29,0.029969993084578608,0.021991148575128551,0.026703537555513239,-0.12171989705988556,-1.1121872592724018,-0.14892830781751695,3.7589420321226266,-0.15405534379350799,-0.19108141929186009,0,0,0
0.71076919999999999,6617,3999,4294967264,6618,3999,-32,0.029329985868486723,0.016493361431346415,0.025918139392115794,-0.12465031314918279,-1.1062952929291985,-0.15273099793901204,4.2207131376879952,-0.13295177810506803,-0.1889966981099564,0,0,0
0.71675759999999999,6663,4010,4294967259,6664,4010,-37,0.028314802008478905,0.0078539816339744835,0.025132741228718343,-0.16121852970101563,-1.3962700762200582,-0.15475968783294008,6.9917851927403829,-0.097992852141366105,-0.15905087951605476,0,0,0
0.7217403,6698,4018,4294967255,6699,4018,-41,0.027542379506299043,0.0015707963267948967,0.025132741228718343,-0.15807702485393194,-1.3311296119464044,-0.082562450439850249,10.516665794693106,-0.045409523167900576,-0.11973112571807756,0,0,0
0.72673069999999995,6729,4025,4294967252,6730,4025,-44,0.026858233861511167,-0.0039269908169872417,0.024347343065320895,-0.14816462837902508,-1.2230984307162478,-0.11732560337297653,9.0662965889427767,-7.8040223186692792e-05,-0.073372311351435959,0,0,0
0.73170749999999996,6753,4030,4294967250,6754,4030,-46,0.026328572717159264,-0.0078539816339744835,0.02356194490192345,-0.12846271106644414,-1.0189060434794204,-0.13587133147157784,7.5018596882406303,0.037431258218016461,-0.025375611041479583,0,0,0
0.73670139999999995,6767,4033,4294967249,6768,4033,-47,0.02601960371628732,-0.010210176124166829,0.022776546738525999,-0.097360870181314271,-0.76341279801307593,-0.14576525655279593,5.6225592653656777,0.065544054544844854,0.018070690614089124,0,0,0
0.74168990000000001,6772,4034,4294967249,6773,4034,-47,0.025909257644547337,-0.010995574287564275,0.021991148575128554,-0.062236416093601553,-0.48055115561853068,-0.15104354775777273,3.5237682583818284,0.083162895836754,0.054177494532040474,0,0,0
0.74667700000000004,6768,4033,4294967250,6769,4033,-46,0.025997534501939323,-0.010210176124166829,0.021205750411731103,-0.024965945767244393,-0.18308879939053682,-0.15385945325693939,1.2057966364549948,0.089191879019028975,0.07937663953839949,0,0,0
0.75165720000000003,6759,4031,4294967251,6760,4031,-45,0.026196157431071287,-0.0086393797973719298,0.021205750411731103,0.0052129576148346613,0.048883344497014883,-0.082082186014365427,2.4077871120975769,0.10123081457951685,0.10203626671097726,0,0,0
0.75664980000000004,6745,4027,4294967254,6746,4027,-42,0.026505126431943232,-0.0054977871437821377,0.019634954084936207,0.031608594484966016,0.31919675930992925,-0.19034890731342266,-4.3786528367136395,0.079337550395948656,0.10623108261727666,0,0,0
0.76162580000000002,6726,4023,4294967257,6727,4023,-39,0.026924441504555155,-0.0023561944901923449,0.018064157758141314,0.055985903725549499,0.46340574697478859,-0.24810791378794889,-8.6431322025532467,0.036121889383182421,0.088701064099234589,0,0,0
0.76662540000000001,6706,4018,4294967260,6707,4018,-36,0.027365825791515076,0.0015707963267948967,0.017278759594743863,0.071050018160966649,0.61361904381431198,-0.20564213660334618,-8.5232717691217292,-0.006494469462426225,0.057381567250333873,0,0,0
0.77157830000000005,6689,4014,4294967263,6690,4014,-33,0.027741002435431008,0.0047123889803846897,0.015707963267948967,0.072909213026933317,0.62047652950971344,-0.25626666948844906,-11.491869407441945,-0.06395381649963594,0.0097512117355884262,0,0,0
0.77660300000000004,6679,4011,4294967265,6680,4011,-31,0.02796169457891097,0.0070685834705770346,0.014922565104551519,0.059487299507899896,0.55085539717102083,-0.20999473560768439,-9.5749667062234298,-0.1118286500307531,-0.042705620242022957,0,0,0
0.78158989999999995,6677,4009,4294967266,6678,4009,-30,0.028005833007606961,0.0086393797973719298,0.014922565104551515,0.035853986384075442,0.44043383288803339,-0.1120296906385248,-4.8559674842400051,-0.13610848745195311,-0.08925186255127826,0,0,0
0.78656190000000004,6684,4009,4294967267,6685,4009,-29,0.027851348507170991,0.0086393797973719298,0.013351768777756619,0.0047139029150024565,0.23496620475937494,-0.20632554438830744,-7.6556425776231318,-0.17438670034006878,-0.13889388872557518,0,0,0
0.79156570000000004,6699,4011,4294967267,6700,4011,-29,0.027520310291951049,0.0070685834705770346,0.011780972450961723,-0.028371842873096353,-0.021207366536033695,-0.25663125940308484,-8.2292216367934063,-0.21553280852403581,-0.19087821468258509,0,0,0
0.79657149999999999,6725,4015,4294967265,6726,4015,-31,0.026946510718903152,0.0039269908169872417,0.011780972450961725,-0.068672907125841787,-0.30443195465844602,-0.13690972069325733,-0.98830423829392799,-0.22047432971550546,-0.22549988103076468,0,0,0
0.80151059999999996,6761,4021,4294967263,6762,4021,-33,0.026152019002375296,-0.00078539816339744833,0.010210176124166827,-0.11076414759018516,-0.60208793810996997,-0.21959874412849617,-2.085313272427042,-0.23090089607764067,-0.2522371617839802,0,0,0
0.80651019999999995,6806,4029,4294967260,6807,4029,-36,0.025158904356715472,-0.0070685834705770346,0.0086393797973719315,-0.15175131548165049,-0.9074428991074025,-0.26371235339514904,-1.3930738298966183,-0.23786626522712376,-0.26936427444170119,0,0,0
0.81147709999999995,6857,4038,4294967256,6858,4038,-40,0.024033374424967675,-0.014137166941154069,0.0078539816339744817,-0.18597214301562254,-1.1436256536471381,-0.21396691930193767,3.0402773474549232,-0.22266487848984914,-0.27037531445091795,0,0,0
0.81648189999999998,6913,4048,4294967252,6914,4048,-44,0.022797498421479899,-0.021991148575128551,0.0062831853071795875,-0.21452409828588231,-1.3429058598071972,-0.26070784191906871,3.1907482886865228,-0.20671113704641653,-0.26025478950779757,0,0,0
0.8214996,6969,4058,4294967248,6970,4058,-48,0.021561622417992119,-0.029845130209103034,0.0047123889803846845,-0.22975622639993207,-1.4492194765837687,-0.28564356750191977,3.5970393620204977,-0.18872594023631403,-0.24319749375727331,0,0,0
0.82646560000000002,7023,4067,4294967244,7024,4067,-52,0.020369884843200334,-0.03691371367968007,0.0039269908169872469,-0.23376416482531009,-1.4326570057628758,-0.22566696085106791,6.8750754557132918,-0.15435056295774757,-0.21484682442632144,0,0,0
0.83144229999999997,7072,4075,4294967240,7073,4075,-56,0.019288493340148531,-0.043196898986859661,0.0039269908169872331,-0.2256068009314722,-1.350541605528869,-0.12039063616676825,11.575672394336021,-0.096472200986067458,-0.17103070278705057,0,0,0
0.83642749999999999,7115,4083,4294967237,7116,4083,-59,0.018339517123184702,-0.049480084294039245,0.002356194490192344,-0.20890028286308954,-1.306734017408846,-0.2107860092578861,7.8171213023985082,-0.057386594474074917,-0.12609377100216682,0,0,0
0.84142019999999995,7149,4088,4294967235,7150,4088,-61,0.017589163835352837,-0.053407075111026485,0.001570796326794896,-0.18145556206552316,-1.0635246329713388,-0.18573134499971827,7.7158305656279653,-0.018807441645935091,-0.080174580723374828,0,0,0
0.84640689999999996,7174,4091,4294967234,7175,4091,-62,0.017037433476652934,-0.055763269601218829,0.000785398163397448,-0.14828213799221562,-0.78721628414829681,-0.17236497999169983,6.6700221509853979,0.0145426691089919,-0.036180079203357293,0,0,0
0.85138539999999996,7188,4093,4294967234,7189,4093,-62,0.016728464475780989,-0.057334065928013725,-0.000785398163397448,-0.10793429841846372,-0.56652955129014038,-0.23851370273076217,2.079835582271361,0.024941847020348705,-0.0056942790341090628,0,0,0
0.85637770000000002,7193,4092,4294967235,7194,4092,-61,0.01661811840404101,-0.056548667764616277,-0.001570796326794896,-0.06787721414012686,-0.22895724957245928,-0.20052373926092215,1.2281948346425988,0.031082821193561698,0.014920030687064548,0,0,0
0.86137169999999996,7192,4091,4294967236,7193,4091,-60,0.016640187618389007,-0.055763269601218829,-0.002356194490192344,-0.034152575137477555,-0.04886644672386363,-0.18025654616877648,0.3267584140708415,0.032716613263915909,0.027198359107627676,0,0,0
0.86634710000000004,7188,4088,4294967238,7189,4088,-58,0.016728464475780989,-0.053407075111026485,-0.003141592653589792,-0.0099835510650559765,0.19376889049493193,-0.16944424001427288,-1.1491784368660767,0.026970721079585525,0.031791327660465524,0,0,0
0.8713244,7183,4086,4294967239,7184,4086,-57,0.016838810547520972,-0.051836278784231589,-0.0031415926535897989,0.0049694457135962197,0.24993243408701626,-0.090396484151597831,1.3040069996888137,0.033490756078029593,0.037974148338425072,0,0,0
0.87634389999999995,7176,4084,4294967241,7177,4084,-55,0.016993295047956943,-0.050265482457436693,-0.004712388980384688,0.01706491194657167,0.27989501574686926,-0.19478448635541648,-3.9627233985065677,0.013677139085496753,0.031315814685343356,0,0,0
0.88129990000000002,7169,4082,4294967242,7170,4082,-54,0.017147779548392916,-0.04869468613064179,-0.004712388980384688,0.023517699138058967,0.29587969624074623,-0.10391520379991219,-0.68820067776307692,0.010236135696681369,0.025948910251716924,0,0,0
0.88629610000000003,7163,4080,4294967244,7164,4080,-52,0.017280194834480889,-0.047123889803846894,-0.0062831853071795771,0.024901073996341561,0.3044073329241252,-0.20199656229459151,-5.3648326529511863,-0.016588027568074561,0.0096694959671776368,0,0,0
0.89130799999999999,7158,4078,4294967245,7159,4078,-51,0.017390540906220872,-0.045553093477052005,-0.006283185307179591,0.023579977746030052,0.30895672553985887,-0.10776276042550804,-1.7245017122317856,-0.025210536129233491,-0.0048181969950960553,0,0,0
0.89585709999999996,7156,4077,4294967245,7157,4077,-51,0.017434679334916863,-0.04476769531365455,-0.005497787143782136,0.016697857841141469,0.23810425303003488,0.015789369941905468,3.8045345520483678,-0.0061878633689916515,-0.006334479042108522,0,0,0
0.90061199999999997,7155,4077,4294967245,7156,4077,-51,0.01745674854926486,-0.04476769531365455,-0.005497787143782136,0.010967218567701935,0.12702578342966636,0.0084234408298383932,4.0110286999837745,0.013867280130927223,-0.00091002152083318084,0,0,0
0.9061496,7156,4077,4294967246,7157,4077,-50,0.017434679334916863,-0.04476769531365455,-0.007068583470577032,0.0037917702355414478,0.067766742721244611,-0.14206523321530465,-2.150132003433586,0.0031166201137592924,-0.0017358501570157025,0,0,0
0.91116920000000001,7156,4076,4294967246,7157,4076,-50,0.017434679334916863,-0.043982297150257102,-0.006283185307179584,0.0020228642648150701,0.10943226950583571,-0.0025105907864282767,3.5351461873014176,0.020792351050266382,0.006831945918358175,0,0,0
0.91614830000000003,7155,4076,4294967246,7156,4076,-50,0.01745674854926486,-0.043982297150257102,-0.006283185307179584,0.0031382842578933615,0.058380812562435443,-0.0013393702861625332,3.7238528273227676,0.039411615186880217,0.019776437215021023,0,0,0
0.92113080000000003,7154,4076,4294967246,7155,4076,-50,0.017478817763612854,-0.043982297150257102,-0.006283185307179584,0.0037333475407652266,0.031145468250281187,-0.00071453809722899463,3.8243118818707287,0.058533174596233861,0.037907159822764269,0,0,0
0.9261258,7150,4076,4294967246,7151,4076,-50,0.01756709462100484,-0.043982297150257102,-0.006283185307179584,0.010228137503785227,0.016615736402981075,-0.00038119756550256551,3.7253397561510027,0.077159873376988874,0.058162472095721549,0,0,0
0.93110780000000004,7143,4075,4294967247,7144,4075,-49,0.01772157912144081,-0.043196898986859661,-0.007068583470577039,0.019870361391356062,0.082143816787715679,-0.073482883653566186,-0.016508756260451118,0.077077329595686625,0.071857895330493637,0,0,0
0.93610210000000005,7132,4073,4294967248,7133,4073,-48,0.017964340479268769,-0.041626102660064758,-0.007068583470577039,0.033250814057892313,0.19038178659705041,-0.039202243328210665,0.4760033314056844,0.079457346252715041,0.082353580541384377,0,0,0
0.94110050000000001,7119,4071,4294967249,7120,4071,-47,0.018251240265792716,-0.040055306333269862,-0.007068583470577032,0.044507346734338475,0.2481254544942082,-0.020913929959655398,0.53467218521994431,0.082130707178814766,0.090966916946330634,0,0,0
0.94608650000000005,7103,4068,4294967250,7104,4068,-46,0.018604347695360651,-0.037699111843077518,-0.006283185307179584,0.056689903652362331,0.3522105329452786,0.062122186720627401,3.1475155336846408,0.097868284847237974,0.10272498360401892,0,0,0
0.95107770000000003,7085,4066,4294967252,7086,4066,-44,0.019001593553624581,-0.036128315516282622,-0.0078539816339744835,0.067307373212609115,0.33445916346719085,-0.11341759177604172,-4.8299273877633029,0.073718647908421461,0.09819794860205687,0,0,0
0.95566510000000005,7067,4063,4294967253,7068,4063,-43,0.01939883941188851,-0.033772121026090278,-0.0070685834705770355,0.072971666780523053,0.39826853854208993,0.012772584759266487,-0.16705199063816289,0.072883387955230652,0.097004193685429063,0,0,0
0.96166870000000004,7043,4059,4294967255,7044,4059,-41,0.019928500556240413,-0.030630528372500482,-0.0070685834705770355,0.088348161519772678,0.50558959953653138,0.0068140218615203967,-1.5807185561556418,0.064979795174452445,0.0865043190185876,0,0,0
0.96668339999999997,7024,4057,4294967257,7025,4057,-39,0.02034781562885234,-0.029059732045705586,-0.008639379797371928,0.086255787032284509,0.41628506891629347,-0.14292383906847811,-7.9600969864655884,0.025179310242124504,0.063226210405173233,0,0,0
0.97167490000000001,7008,4055,4294967258,7009,4055,-38,0.020700923058420275,-0.02748893571891069,-0.0086393797973719315,0.07896219937294445,0.36864216534991578,-0.076248166076054752,-5.1293708834401084,-0.00046754417507603729,0.038476591630792818,0,0,0
0.9766437,6995,4054,4294967258,6996,4054,-38,0.020987822844944225,-0.026703537555513242,-0.0078539816339744835,0.068893826427195853,0.26994572438023445,0.032602030722905129,-0.034599755305262381,-0.00064054295160234924,0.021483479248977314,0,0,0
0.98162190000000005,6987,4054,4294967259,6988,4054,-37,0.021164376559728193,-0.026703537555513242,-0.009424777960769383,0.053226918050371635,0.14401282919781638,-0.12916624344797817,-6.2316725679994667,-0.031798905791599684,-0.0042619549917261058,0,0,0
0.98662879999999997,6983,4055,4294967258,6984,4055,-38,0.021252653417120175,-0.02748893571891069,-0.0086393797973719315,0.036632367956237748,0.0035496100493551674,0.0043708666415467334,0.38544899770737262,-0.029871660803062822,-0.018884119641856521,0,0,0
0.99160800000000004,6982,4058,4294967257,6983,4058,-39,0.021274722631468172,-0.029845130209103034,-0.009424777960769376,0.021602042315840939,-0.21794488318670274,-0.070947713991004135,-1.4631099249071211,-0.037187210427598427,-0.033368558199730135,0,0,0
0.99659059999999999,6985,4060,4294967256,6986,4060,-40,0.021208514988424184,-0.031415926535897934,-0.009424777960769383,0.0053471015305852588,-0.26283003827838186,-0.037849760504339004,0.64732771390529953,-0.033950571858071932,-0.040470445730806784,0,0,0
1.0005854000000001,6988,4063,4294967255,6989,4063,-41,0.021142307345380196,-0.033772121026090278,-0.010210176124166831,-0.0033247157997397139,-0.36005525327858656,-0.09347191577173225,-0.96281220291727321,-0.0387646328726583,-0.049344827203661859,0,0,0
1.0065653000000001,6995,4067,4294967252,6996,4067,-44,0.020987822844944225,-0.03691371367968007,-0.0086393797973719315,-0.016187468124467929,-0.48520326692698484,0.096692884668344498,8.3473562090017914,0.0029721481723506554,-0.034343814796968145,0,0,0
1.0115555000000001,7002,4071,4294967250,7003,4071,-46,0.020833338344508252,-0.040055306333269862,-0.008639379797371928,-0.02304959330836516,-0.55196824183211213,0.051584502463807642,7.3301213023398439,0.039622754684049875,-0.0095899891338087299,0,0,0
1.0165458999999999,7007,4075,4294967248,7008,4075,-48,0.020722992272768272,-0.043196898986859661,-0.0086393797973719419,-0.022592234848109155,-0.58758656084599459,0.02751971774929976,6.8876899052426843,0.074061204210263298,0.022623035803824167,0,0,0
1.0215719999999999,7008,4078,4294967246,7009,4078,-50,0.020700923058420275,-0.045553093477052005,-0.007853981633974487,-0.014111798505320416,-0.53330899057256709,0.087960960981457531,9.4867499804101136,0.12149495411231387,0.066248455451252547,0,0,0
1.0264736999999999,7004,4080,4294967245,7005,4080,-51,0.020789199915812261,-0.047123889803846894,-0.00785398163397448,0.00070796460441704869,-0.43107303392631535,0.046926125164537445,7.3273920482700898,0.1581319143536643,0.11268001736723965,0,0,0
1.0314350000000001,6993,4081,4294967244,6994,4081,-52,0.021031961273640216,-0.047909287967244349,-0.007068583470577032,0.023027903575297604,-0.30325184928221804,0.098314048228348258,8.7560551171494652,0.20191218993941162,0.16484163527622644,0,0,0
1.0364074999999999,6972,4080,4294967244,6973,4080,-52,0.021495414774948134,-0.047123889803846894,-0.0062831853071795771,0.055526427837349235,-0.088501730901399817,0.12572889320879782,8.4524941283228365,0.2441746605810258,0.21753416846534035,0,0,0
1.0414079999999999,6941,4078,4294967245,6942,4078,-51,0.022179560419736011,-0.045553093477052005,-0.006283185307179591,0.093455106136395377,0.099344419107187082,0.067074867232957441,4.2856774181268706,0.26560304767166015,0.26104406026234772,0,0,0
1.0463804999999999,6898,4072,4294967247,6899,4072,-49,0.02312853663669984,-0.040840704496667317,-0.0047123889803846949,0.13839892747240989,0.49267618026214982,0.18234268146433363,6.3212027651474081,0.29720906149739718,0.30152199109724437,0,0,0
1.0513767999999999,6844,4065,4294967250,6845,4065,-46,0.024320274211491626,-0.035342917352885174,-0.00392699081698724,0.18502613381322697,0.77579350997823027,0.1705571683508581,3.1897505456569171,0.31315781422568179,0.33059542315835133,0,0,0
1.0563605,6782,4057,4294967254,6783,4057,-42,0.025688565501067379,-0.029059732045705586,-0.00392699081698724,0.22637407521866559,1.0001127530552893,0.09099021816540323,-2.6916815130878562,0.29969940666024253,0.34052811983281905,0,0,0
1.0613615999999999,6713,4047,4294967259,6714,4047,-37,0.027211341291079105,-0.021205750411731103,-0.0039269908169872435,0.26284648138864453,1.2663434364235047,0.048542197797023671,-7.2977448091406059,0.2632106826145395,0.32749345072498792,0,0,0
1.0663464,6643,4037,4294967264,6644,4037,-32,0.028756186295438826,-0.013351768777756621,-0.0039269908169872417,0.28436318599648641,1.4083743354834937,0.02589668444010108,-10.321362358302286,0.21160387082302806,0.29468620267627055,0,0,0
1.0713360999999999,6577,4027,4294967268,6578,4027,-28,0.030212754442406564,-0.0054977871437821377,-0.0023561944901923444,0.2876056506134127,1.4841461286989603,0.16037461133157233,-5.8743801188886042,0.18223197022858503,0.26036472323432058,0,0,0
1.0763383,6516,4019,4294967272,6517,4019,-24,0.03155897651763432,0.00078539816339744833,-0.0023561944901923449,0.27903991555872365,1.3780104394359953,0.085557945258758095,-9.2498735818567734,0.13598260231930115,0.21495619474584945,0,0,0
1.0813424,6464,4012,4294967275,6465,4012,-21,0.032706575663730114,0.0062831853071795866,-0.0015707963267948969,0.2559382055511199,1.2481087938824409,0.11892366418578895,-7.4714438318571332,0.098625383160015484,0.16991574105294849,0,0,0
1.0863369,6421,4008,4294967278,6422,4008,-18,0.033655551880693947,0.0094247779607693795,-0.0031415926535897937,0.2250817260137376,0.95896925509043074,-0.083114679991998147,-14.844423344781205,0.024403266436109461,0.10792674227341464,0,0,0
1.0913782000000001,6389,4006,4294967279,6390,4006,-17,0.034361766739829817,0.010995574287564275,-0.0031415926535897937,0.18596994875762007,0.65815771589728511,-0.044340691970579008,-11.54378453057223,-0.033315656216751692,0.045370342758920407,0,0,0
1.096349,6369,4006,4294967278,6370,4006,-18,0.034803151026789741,0.010995574287564275,-0.0015707963267948977,0.14039495821742631,0.3511193034909233,0.12290380746699119,-2.208842028743585,-0.044359866360469617,0.0017020805942541475,0,0,0
1.1013059999999999,6360,4008,4294967277,6361,4008,-19,0.035001773955921703,0.0094247779607693795,-0.001570796326794896,0.09343103062271553,0.040758928380576431,0.065567717633393779,-2.1613239116024237,-0.055166485918481736,-0.031910933425263355,0,0,0
1.1062919,6360,4013,4294967275,6361,4013,-21,0.035001773955921703,0.0054977871437821377,-0.0023561944901923457,0.049844342175586927,-0.34465319356341245,-0.038299922774577444,-3.7185096478920472,-0.073759034157941966,-0.060784899797935846,0,0,0
1.1113632,6366,4018,4294967272,6367,4018,-24,0.034869358669833726,0.0015707963267948967,-0.0015707963267948967,0.014236701382621718,-0.55026597078268258,0.05284696660207111,2.2851568446164769,-0.062333249934859579,-0.072992770150767244,0,0,0
1.1163212,6377,4025,4294967269,6378,4025,-27,0.03462659731200577,-0.0039269908169872417,-0.0023561944901923449,-0.015055102245878152,-0.80651697738936545,-0.045086291959522816,0.4133555217870164,-0.060266472325924497,-0.079555295449641461,0,0,0
1.1212580999999999,6390,4032,4294967265,6391,4032,-31,0.03433969752548182,-0.0094247779607693795,-0.001570796326794896,-0.034800151173703518,-0.9432238377441382,0.049226519460155105,6.1485545365788283,-0.029523699643030355,-0.069042845646430193,0,0,0
1.1262531,6405,4039,4294967261,6406,4039,-35,0.034008659310261882,-0.014922565104551517,-0.000785398163397448,-0.049452120160150381,-1.016155319713864,0.099541281189874195,9.7565067334881128,0.019258834024410209,-0.039072677538899092,0,0,0
1.1312405999999999,6417,4047,4294967258,6418,4047,-38,0.033743828738085929,-0.021205750411731103,-0.002356194490192344,-0.051091440337294333,-1.1283429161023553,-0.09345495049728525,2.7665918263935194,0.033091793156377808,-0.01355819421996754,0,0,0
1.1362057000000001,6426,4053,4294967254,6427,4053,-42,0.033545205808953968,-0.025918139392115794,-0.000785398163397448,-0.045788667341123704,-1.0416346241597167,0.096701935440223735,11.148005288971246,0.088831819601234041,0.031868042875232455,0,0,0
1.1412176000000001,6427,4058,4294967252,6428,4058,-44,0.033523136594605971,-0.029845130209103034,-0.001570796326794896,-0.02648681899614239,-0.92209726371745115,-0.021690188349196927,5.7937663050947652,0.11780065112670787,0.072565716780890688,0,0,0
1.1462045999999999,6422,4062,4294967250,6423,4062,-46,0.03363348266634595,-0.03298672286269283,-0.001570796326794896,-0.0038348511917244178,-0.78504598618902111,-0.011571457177819558,5.6267140668029381,0.14593422146072257,0.11399005485237879,0,0,0
1.1511746,6409,4064,4294967248,6410,4064,-48,0.0339203824528699,-0.034557519189487719,0,0.024722585973477099,-0.56537172317474693,0.14038580398309658,11.004248667782443,0.20095546479963478,0.16633641724670928,0,0,0
1.1561554000000001,6387,4065,4294967248,6388,4065,-48,0.034405905168525812,-0.035342917352885174,-0.00078539816339745494,0.058489630977680146,-0.37489860064540109,0.0016146352912143475,3.7916672691648934,0.21991380114545925,0.20725537563350152,0,0,0
1.1611596,6354,4063,4294967249,6355,4063,-47,0.035134189242009679,-0.033772121026090278,-0.000785398163397448,0.099154160248686882,-0.053444900227006903,0.00086138869931891727,1.4750477528283894,0.2272890399096012,0.23585972085071272,0,0,0
1.1661241,6313,4060,4294967250,6314,4060,-46,0.036039027030277518,-0.031415926535897934,0,0.13732108444636001,0.19132634007539065,0.073739059904904092,2.5625089900619447,0.24010158485991093,0.25904666769784607,0,0,0
1.1711149000000001,6265,4055,4294967252,6266,4055,-44,0.037098349318981323,-0.02748893571891069,0.000785398163397448,0.17209645581843952,0.46846792040235274,0.1126184295995368,2.0225387399564427,0.25021427855969314,0.275699197856971,0,0,0
1.1761164,6212,4050,4294967255,6213,4050,-41,0.038268017679425115,-0.023561944901923447,0,0.20094425362231821,0.61631965305295544,-0.013198928263282304,-5.0594085977737278,0.22491723557082449,0.27242583164037315,0,0,0
1.1810902999999999,6156,4044,4294967257,6157,4044,-39,0.039503893682912891,-0.018849555921538759,0.0015707963267948995,0.22251154099305323,0.76847631096125435,0.13951756754040745,-0.13549147212422774,0.22423977821020336,0.26888840163735955,0,0,0
1.1860930000000001,6100,4038,4294967260,6101,4038,-36,0.040739769686400668,-0.014137166941154069,0.0015707963267948977,0.23401743196247993,0.84965007593555497,0.074430960780805883,-4.0070106466535762,0.20420472497693548,0.25516160079477751,0,0,0
1.1910886000000001,6045,4033,4294967262,6046,4033,-34,0.041953576475540454,-0.010210176124166829,0.002356194490192344,0.2380965775093416,0.81967579356635523,0.11298755047704576,-2.7982468518191661,0.19021349071783966,0.23898049899599969,0,0,0
1.1960531000000001,5994,4028,4294967264,5995,4028,-32,0.043079106407288251,-0.0062831853071795866,0.0031415926535897929,0.23203631202953656,0.80368487088338525,0.13355703191307591,-2.1190275254897895,0.1796183530903907,0.22401137309585439,0,0,0
1.2010293000000001,5946,4024,4294967266,5947,4024,-30,0.044138428695992056,-0.0031415926535897933,0.0031415926535897933,0.22262590177904779,0.7218743847744451,0.071251086007100478,-4.6090792751288436,0.15657295671474647,0.20372278042596506,0,0,0
1.2060360000000001,5902,4021,4294967267,5903,4021,-29,0.045109474127303886,-0.00078539816339744833,0.0039269908169872417,0.20936911892724863,0.60494994541693448,0.1112911251541131,-2.4090956049341603,0.14452747869007568,0.18643357243081149,0,0,0
1.2110274000000001,5862,4019,4294967268,5863,4019,-28,0.045992242701223728,0.00078539816339744833,0.0039269908169872417,0.19406034209874998,0.46929263017018158,0.059372489913848865,-3.9353960186607142,0.12485049859677211,0.16696063809761258,0,0,0
1.2159842999999999,5826,4017,4294967268,5827,4017,-28,0.04678673441775158,0.0023561944901923449,0.0054977871437821377,0.17765685092069147,0.39692106801664728,0.178233554891499,1.7174449462715407,0.13343772332812981,0.15951980251131587,0,0,0
1.2209977000000001,5794,4016,4294967268,5795,4016,-28,0.047492949276887457,0.0031415926535897933,0.0062831853071795866,0.16066934267399752,0.28503218218206017,0.16836499825946427,2.1783726926205214,0.14432958679123242,0.16012635533073266,0,0,0
1.2259678000000001,5763,4016,4294967267,5764,4016,-29,0.04817709492167533,0.0031415926535897933,0.0078539816339744835,0.149547599064353,0.15206127477183887,0.23637976011203263,6.0473578613257803,0.17456637609786133,0.1743259610547091,0,0,0
1.2309535,5731,4015,4294967267,5732,4015,-29,0.048883309780811207,0.0039269908169872417,0.0086393797973719315,0.14567339155916048,0.15440239849892512,0.19938530628675821,4.7049247508087699,0.19809099985190518,0.19341050492041273,0,0,0
1.2359547,5697,4014,4294967267,5698,4014,-29,0.049633663068643072,0.0047123889803846897,0.0094247779607693795,0.14772476851816535,0.15565136012709641,0.17964920573455459,3.9236450788991837,0.2177092252464011,0.21546834095542478,0,0,0
1.2409458,5659,4013,4294967267,5660,4013,-29,0.050472293213866919,0.0054977871437821377,0.010210176124166827,0.15705559474701555,0.15631766628195554,0.16912023112537741,3.3397386063015877,0.23440791827790905,0.23767968433324441,0,0,0
1.2459141,5617,4010,4294967268,5618,4010,-28,0.051399200216482754,0.0078539816339744835,0.010995574287564277,0.17026992047103068,0.30323217126462776,0.16350314855998094,2.1612685900516935,0.24521426122816753,0.25748121943839514,0,0,0
1.2508870000000001,5569,4006,4294967269,5570,4006,-27,0.05245852250518656,0.010995574287564275,0.012566370614359171,0.18967426745291482,0.45488882937344477,0.23378602119668315,3.9988625136719751,0.2652085737965274,0.27798167595673617,0,0,0
1.2559,5517,4002,4294967271,5518,4002,-25,0.053606121651282354,0.014137166941154069,0.012566370614359173,0.20826269653403268,0.53579585040917388,0.12472205817200287,-1.6204382152639241,0.2571063827202078,0.28636515959866471,0,0,0
1.2608834,5461,3996,4294967273,5462,3996,-23,0.05484199765477013,0.018849555921538759,0.014137166941154069,0.22641584313178301,0.72551782120142672,0.21309677131516935,0.64083233315174049,0.26031054438596651,0.29282591164953575,0,0,0
1.2658569,5403,3991,4294967275,5404,3991,-21,0.056122012086953901,0.022776546738526002,0.014922565104551519,0.24021855118295532,0.7534527139454108,0.18696410903862423,-1.2169040221628027,0.25422602427515251,0.29302822831527148,0,0,0
1.2708607999999999,5343,3984,4294967277,5344,3984,-19,0.057446164947833667,0.028274333882308138,0.017278759594743863,0.25170035207850455,0.91491468513426732,0.31958168350961558,3.1947008775013614,0.27019952866265934,0.29883151262154567,0,0,0
1.2758426,5283,3978,4294967280,5284,3978,-16,0.058770317808713425,0.03298672286269283,0.017278759594743863,0.25782575612055858,0.92777320463560042,0.17049302228322594,-3.7445230521235686,0.25147691340204148,0.29264468161306506,0,0,0
1.2808112,5223,3972,4294967282,5224,3972,-14,0.06009447066959319,0.037699111843077518,0.018849555921538759,0.26109358623011636,0.93463307165862408,0.23751503558626513,-1.3871458990317755,0.24454118390688259,0.28633889225694292,0,0,0
1.2868233,5153,3965,4294967285,5154,3965,-11,0.061639315673952907,0.043196898986859661,0.019634954084936214,0.28342803730448007,1.0115722483138934,0.1999909622323697,-4.2997427051956691,0.22304247038090425,0.26214481955951585,0,0,0
1.2908161,5108,3960,4294967287,5109,3960,-9,0.062632430319612728,0.047123889803846894,0.020420352248333652,0.24386544440569416,0.90605934421379886,0.17997231596883589,-4.1571172815014714,0.20225688397339689,0.25429036941122574,0,0,0
1.2957942,5054,3955,4294967289,5055,3955,-7,0.063824167894404524,0.051050880620834134,0.0212057504117311,0.24129126460599329,0.84976946641996143,0.16929260658747614,-4.7047257990151348,0.17873325497832121,0.2336288059565868,0,0,0
1.3017855,4993,3949,4294967291,4994,3949,-5,0.065170389969632272,0.055763269601218829,0.022776546738525999,0.25433174217756838,0.89301900625999342,0.2368746281082241,-2.6840849008617873,0.16531283047401227,0.20483073742296751,0,0,0
1.3067709000000001,4947,3946,4294967292,4948,3946,-4,0.06618557382964009,0.058119464091411173,0.023561944901923454,0.23040202772333543,0.69625356283376894,0.19964931246938913,-3.1089289115044263,0.14976818591649013,0.18456891271652723,0,0,0
1.3117485,4906,3942,4294967293,4907,3942,-3,0.067090411617907936,0.061261056745000965,0.025132741228718343,0.20734025872518902,0.66456106131963488,0.253069569180979,-0.31151472192559737,0.14821061230686214,0.17247466335351228,0,0,0
1.3167390000000001,4868,3940,4294967293,4869,3940,-3,0.067929041763131776,0.062831853071795868,0.026703537555513246,0.18885974881702033,0.50109445060092428,0.28156863995964304,2.0099037120987955,0.15826013086735613,0.16934817163146224,0,0,0
1.3216971,4834,3938,4294967294,4835,3938,-2,0.06867939505096364,0.06440264939859075,0.026703537555513232,0.17076417581283942,0.41388696049146501,0.1502135162431868,-2.8427113245976408,0.14404657424436793,0.16283318215658962,0,0,0
1.3267027,4801,3937,4294967294,4802,3937,-2,0.069407679124447508,0.065188047561988219,0.027488935718910701,0.15905129285091851,0.29408328377210952,0.1534166413286791,-1.9523257215665923,0.13428494563653495,0.15649749419244188,0,0,0
1.3317049999999999,4769,3935,4294967294,4770,3935,-2,0.070113893983583392,0.066758843888783101,0.029059732045705583,0.15074349901567036,0.30344896826541867,0.22840498970807821,1.4465513761578634,0.14151770251732426,0.15680382826677519,0,0,0
1.3366575000000001,4738,3934,4294967294,4739,3934,-2,0.070798039628371265,0.067544242052180556,0.029845130209103038,0.14425227967860332,0.23516593011550063,0.19513086124706339,0.55351885970489612,0.14428529681584873,0.15847932934823791,0,0,0
1.3416657000000001,4707,3932,4294967295,4708,3932,-1,0.071482185273159138,0.069115038378975438,0.029845130209103024,0.14078929146561775,0.27201726173101493,0.1040999906796575,-3.4220703154826131,0.12717494523843567,0.15234693046130182,0,0,0
1.3466617000000001,4677,3930,4294967295,4678,3930,-1,0.072144261703599014,0.070685834705770348,0.031415926535897934,0.13688271823168033,0.29167700828874343,0.20209514389432742,0.77367533473623151,0.13104332191211682,0.15216978443839102,0,0,0
1.3512012,4649,3928,4294967295,4650,3928,-1,0.072762199705342909,0.072256631032565244,0.03298672286269283,0.13068038740895924,0.30216524895115965,0.25437439111900056,3.1938102532011703,0.14701237317812266,0.16057026937203597,0,0,0
1.3561816,4618,3926,0,4619,3926,0,0.073446345350130782,0.07382742735936014,0.032986722862692823,0.13354884856619123,0.30776060044105613,0.13570570834053666,-1.9594921453360774,0.13721491245144227,0.15928024068194954,0,0,0
1.3611791,4587,3924,0,4588,3924,0,0.074130490994918669,0.075398223686155036,0.034557519189487719,0.13507913843333322,0.31074565382638475,0.2189564178767929,1.5571734773883659,0.14500077983838411,0.16308508781487724,0,0,0
1.366168,4554,3921,1,4555,3921,1,0.074858775068402536,0.077754418176347387,0.035342917352885181,0.14001375037881106,0.38561766355074645,0.19009016069725448,-0.12416374997954538,0.14437996108848639,0.16326398718132196,0,0,0
1.3711389,4522,3919,2,4523,3919,2,0.075564989927538406,0.079325214503142283,0.035342917352885181,0.14058719682315862,0.352281469802733,0.10141083696557936,-3.8711041878631276,0.12502444014917075,0.15547482875028587,0,0,0
1.3761300999999999,4489,3915,3,4490,3915,3,0.076293274001022274,0.082466807156732075,0.03691371367968007,0.14295223393481735,0.48105604601989616,0.2006605124127514,-0.35416397862916504,0.12325362025602492,0.14941174879614708,0,0,0
1.3811323,4457,3912,4,4458,3912,4,0.076999488860158144,0.084823001646924412,0.037699111843077518,0.14215484280615504,0.47647622957503866,0.18032951301645839,-1.2845867084028981,0.11683068671401042,0.14156162901686464,0,0,0
1.3860941,4427,3909,5,4428,3909,5,0.077661565290598034,0.087179196137116763,0.038484510006474973,0.13761122360963177,0.47403295204232532,0.16948316695855631,-1.7430893430082053,0.1081152399989694,0.13284678448865259,0,0,0
1.3911112000000001,4398,3907,6,4399,3907,6,0.078301572506689912,0.088749992463911659,0.038484510006474966,0.1331281466151116,0.39944997328337462,0.0904172512127943,-4.8370210164389169,0.083930134916774812,0.11601695627432028,0,0,0
1.3960885999999999,4371,3904,7,4372,3904,7,0.07889744129408581,0.09110618695410401,0.039269908169872421,0.12661825790165038,0.43294036160939142,0.12151604604323601,-3.6555513144554732,0.065652378344497442,0.097437952579302073,0,0,0
1.4010521,4348,3902,8,4349,3902,8,0.079405033224089719,0.092676983280898892,0.039269908169872407,0.11490886874780738,0.37752756565531892,0.064827363440543309,-5.7215840604074462,0.037044458042460211,0.073372826082183373,0,0,0
1.4060509999999999,4328,3900,9,4329,3900,9,0.079846417511049636,0.094247779607693788,0.039269908169872407,0.10248471829211853,0.34796549891976125,0.034584626372364626,-6.7765124526266733,0.003161895779326844,0.042693149878389611,0,0,0
1.4110602000000001,4313,3900,9,4314,3900,9,0.080177455726269581,0.094247779607693788,0.039269908169872407,0.085561030668481919,0.1856354497842668,0.018450486304491833,-6.4908145126732766,-0.029292176784039538,0.0088873145770574542,0,0,0
1.4160153,4305,3900,8,4306,3900,8,0.080354009441053545,0.094247779607693788,0.040840704496667303,0.062118673024880555,0.09903430174424685,0.15640215330231988,0.38656219140023573,-0.027359365827038358,-0.010704225564852192,0,0,0
1.4210282000000001,4302,3901,8,4303,3901,8,0.080420217084097537,0.093462381444296347,0.040055306333269862,0.039316903081318223,-0.020445898701937783,0.010159166915776369,-4.7149829341618137,-0.050934280497847428,-0.03521121118213133,0,0,0
1.4260256,4304,3903,7,4305,3903,7,0.080376078655401542,0.091891585117501451,0.040055306333269862,0.016856879047024854,-0.15746668205317285,0.005419794564973426,-3.690774782377515,-0.069388154409735003,-0.057776263193423445,0,0,0
1.4309159,4309,3905,5,4310,3905,5,0.080265732583661556,0.090320788790706555,0.041626102660064765,-0.0013026070890529012,-0.23056563820303089,0.14945043444060827,3.4812466595104157,-0.051981921112182923,-0.065057848481615194,0,0,0
1.4368985000000001,4320,3909,3,4321,3909,3,0.0800229712258336,0.087179196137116763,0.041626102660064758,-0.023345138259307653,-0.41612209936420486,0.079730026982455529,2.2264559606457501,-0.040849641308954174,-0.063812598329792719,0,0,0
1.4418867,4331,3912,2,4332,3912,2,0.079780209868005644,0.084823001646924412,0.04084070449666731,-0.035104566136143003,-0.44183474232668374,-0.030744499394504639,-1.7761269190616857,-0.0497302759042626,-0.067243357176510157,0,0,0
1.4468783999999999,4343,3915,1,4344,3915,1,0.079515379295829691,0.082466807156732075,0.040055306333269869,-0.043437191129200158,-0.45555213113764237,-0.089681343585542223,-3.8014593889283983,-0.068737572848904596,-0.075995901192115634,0,0,0
1.4518701000000001,4355,3918,4294967295,4356,3918,-1,0.079250548723653738,0.080110612666539724,0.04084070449666731,-0.047882547330524237,-0.46287019470915647,0.025435590496080074,1.5501546082974471,-0.060986799807417363,-0.07733874609717073,0,0,0
1.4564022999999999,4368,3921,4294967294,4369,3921,-2,0.078963648937129788,0.077754418176347387,0.040055306333269869,-0.052313202187309379,-0.46677429447440555,-0.059709934672487586,-1.6705298235464501,-0.069339448925149622,-0.082641791683358085,0,0,0
1.4613932000000001,4383,3924,4294967293,4384,3924,-3,0.078632610721909857,0.075398223686155036,0.039269908169872414,-0.058795124314579443,-0.46885708520559877,-0.10513405835961753,-3.2275173536922503,-0.08547703569361087,-0.091583927391110972,0,0,0
1.4663915000000001,4399,3927,4294967292,4400,3927,-4,0.078279503292341915,0.073042029195962685,0.038484510006474966,-0.064312262839579998,-0.46996822925692533,-0.12936728739495001,-3.947299066487,-0.10521353102604587,-0.10518675402679498,0,0,0
1.4713889,4416,3931,4294967291,4417,3931,-5,0.077904326648425989,0.069900436542372907,0.036913713679680077,-0.069314700802287188,-0.5438405306678098,-0.21557494578599939,-7.0570638779737243,-0.14049885041591448,-0.12985739307936339,0,0,0
1.4763945000000001,4437,3934,4294967290,4438,3934,-6,0.077440873147118061,0.067544242052180556,0.036128315516282622,-0.080219882932697856,-0.5099710044399941,-0.18828618560645854,-5.6589167317451059,-0.16879343407464001,-0.15690234416278442,0,0,0
1.4813805,4463,3939,4294967288,4464,3939,-8,0.076867073574070174,0.063617251235193309,0.035342917352885167,-0.096333219044052676,-0.63846105413059062,-0.17372795703003238,-3.8987459184447979,-0.18828716366686399,-0.18233838003749994,0,0,0
1.4863955,4494,3944,4294967286,4495,3944,-10,0.076182927929282288,0.059690260418206069,0.034557519189487726,-0.11522504328081382,-0.70700896546422731,-0.16596131545712556,-2.5432145828400552,-0.20100323658106425,-0.2043868569905066,0,0,0
1.4913879000000001,4530,3950,4294967284,4531,3950,-12,0.075388436212754442,0.054977871437821381,0.03298672286269283,-0.13559915784371335,-0.81685797912190838,-0.23509742396222433,-4.2393212593592633,-0.22219984287786057,-0.22791709046182779,0,0,0
1.4963614000000001,4571,3958,4294967281,4572,3958,-15,0.074483598424486597,0.04869468613064179,0.031415926535897934,-0.15676405664315118,-1.0220201583104198,-0.27198071451407685,-4.0698294669093098,-0.24254899021240711,-0.25093218726184646,0,0,0
1.5013472000000001,4617,3965,4294967278,4618,3965,-18,0.073468414564478779,0.043196898986859661,0.030630528372500486,-0.17835082941540215,-1.0581922183577714,-0.21837799149172621,-0.66600177862404664,-0.24587899910552735,-0.26587857557993672,0,0,0
1.506365,4668,3974,4294967274,4669,3974,-22,0.072342884632730989,0.036128315516282622,0.029845130209103034,-0.20016266692809026,-1.2240486202073011,-0.18978157710924753,2.3698415571178169,-0.23402979131993826,-0.2689637110120458,0,0,0
1.5113597000000001,4722,3983,4294967270,4723,3983,-26,0.071151147057939193,0.029059732045705586,0.029059732045705586,-0.21797635327408713,-1.3125310354252453,-0.17452573058828849,4.5100267340650113,-0.21147965764961321,-0.25994411559049985,0,0,0
1.5162850000000001,4775,3992,4294967267,4776,3992,-29,0.069981478697495408,0.021991148575128551,0.026703537555513239,-0.22542063253538658,-1.3597353502149967,-0.31294595673387759,-0.40278344886148787,-0.21349357489392065,-0.25574634486424552,0,0,0
1.5212209999999999,4828,4001,4294967263,4829,4001,-33,0.068811810337051624,0.014922565104551517,0.025918139392115791,-0.22939206686804631,-1.3849182900034447,-0.24023246036465234,3.5308832606990954,-0.19583915859042517,-0.2427944065147799,0,0,0
1.526213,4879,4010,4294967259,4880,4010,-37,0.06768628040530382,0.0078539816339744835,0.025132741228718343,-0.22739255926363042,-1.3983530884792459,-0.20144067599007448,5.8965536561248353,-0.16635639030980098,-0.22136765397552843,0,0,0
1.5311828000000001,4926,4017,4294967256,4927,4017,-40,0.066649027330948005,0.0023561944901923449,0.024347343065320895,-0.21808940471774538,-1.2589613548882608,-0.18074572099406327,6.6247161810921886,-0.13323280940434004,-0.19416869649618534,0,0,0
1.5361745,4970,4024,4294967253,4971,4024,-43,0.065677981899636181,-0.0031415926535897933,0.02356194490192345,-0.20694895176977335,-1.1845975250209264,-0.16970520895802466,7.1280602896035905,-0.097592507956322086,-0.16023248393654524,0,0,0
1.541167,5008,4030,4294967251,5009,4030,-45,0.064839351754412328,-0.0078539816339744835,0.021991148575128551,-0.18865099121634624,-1.0716457880867618,-0.23709474655926771,3.8226320789010266,-0.078479347561816959,-0.13033940417842826,0,0,0
1.5461473999999999,5040,4034,4294967250,5041,4034,-46,0.064133136895276457,-0.010995574287564275,0.020420352248333658,-0.16653458559351353,-0.86482834298029543,-0.27304626233366636,1.1773627850050037,-0.072592533636791939,-0.10789637665571881,0,0,0
1.5511394000000001,5065,4038,4294967249,5066,4038,-47,0.063581406536576554,-0.014137166941154069,0.018849555921538759,-0.14032197473694794,-0.75449369898610796,-0.29222596785598259,-0.56894253450550103,-0.075437246309319445,-0.095607818215495868,0,0,0
1.5561237999999999,5086,4040,4294967248,5087,4040,-48,0.06311795303526864,-0.015707963267948967,0.018849555921538752,-0.11810141795768178,-0.54907244179639836,-0.1558990737587389,3.9888672760041546,-0.055492909929298673,-0.079113240719696595,0,0,0
1.5611229,5104,4041,4294967248,5105,4041,-48,0.062720707177004717,-0.016493361431346415,0.018064157758141304,-0.10006968475036732,-0.36620312813670847,-0.15644981855443774,2.8368605214055149,-0.041308607322271096,-0.063940287322162281,0,0,0
1.5661160000000001,5118,4042,4294967249,5119,4042,-47,0.062411738176132769,-0.01727875959474386,0.01570796326794897,-0.082213528771651306,-0.26864452707325998,-0.30330267292820651,-4.3929870037936496,-0.063273542341239344,-0.065994287365534213,0,0,0
1.5711264,5130,4042,4294967249,5131,4042,-47,0.062146907603956816,-0.01727875959474386,0.01570796326794897,-0.068569261678899596,-0.14331865593038567,-0.16180836400329815,0.63085482277523397,-0.060119268227363173,-0.065600987869816968,0,0,0
1.5761096000000001,5142,4043,4294967250,5143,4043,-46,0.061882077031780863,-0.018064157758141311,0.013351768777756623,-0.06129020767325033,-0.1497383154620614,-0.30616139311074531,-5.8959345043610503,-0.089598940749168424,-0.079860916575256666,0,0,0
1.5810875,5154,4043,4294967251,5155,4043,-45,0.061617246459604917,-0.018064157758141311,0.011780972450961723,-0.057406919046826807,-0.079883608079052579,-0.30989249576047873,-6.768556064615785,-0.12344172107224735,-0.10448100553303065,0,0,0
1.5861257,5170,4044,4294967251,5171,4044,-45,0.061264139030036975,-0.018849555921538759,0.010995574287564275,-0.063571671861244017,-0.11589647287558059,-0.2386034752987326,-3.6793066297133601,-0.14183825422081414,-0.12781470323026151,0,0,0
1.5911204999999999,5190,4046,4294967251,5191,4046,-45,0.060822754743077058,-0.020420352248333658,0.009424777960769376,-0.075096935123137712,-0.20838842666261964,-0.27385115114885838,-4.7048083276534358,-0.16536229585908133,-0.15434613073671352,0,0,0
1.5960721,5215,4049,4294967250,5216,4049,-46,0.060271024384377155,-0.022776546738526002,0.0086393797973719315,-0.091541077133651616,-0.33101130182177035,-0.21937584716152236,-1.5444632658528752,-0.1730846121883457,-0.17479295657885599,0,0,0
1.6010948,5245,4053,4294967249,5246,4053,-47,0.059608947953937279,-0.025918139392115794,0.0070685834705770355,-0.11060938237807419,-0.46970866470654526,-0.26359344051772821,-2.3791672431832502,-0.18498044840426195,-0.19358209998079556,0,0,0
1.6060555999999999,5280,4058,4294967247,5281,4058,-49,0.058836525451757417,-0.029845130209103034,0.0062831853071795875,-0.13107764745686748,-0.61698157536333098,-0.21390348069795612,0.98526482319733688,-0.18005412428827527,-0.20223472267021531,0,0,0
1.6110629000000001,5319,4063,4294967245,5320,4063,-51,0.057975826092185573,-0.033772121026090278,0.005497787143782136,-0.15023366417258199,-0.69554991933905042,-0.18739447888731259,3.1477895997217669,-0.16431517628966644,-0.19975563729324988,0,0,0
1.6160493,5359,4070,4294967242,5360,4070,-54,0.057093057518265732,-0.039269908169872414,0.004712388980384688,-0.16251228122587857,-0.88402423377087991,-0.17325224211462145,5.2166188011480985,-0.13823208228392594,-0.18629487558829599,0,0,0
1.6210127999999999,5399,4076,4294967240,5400,4076,-56,0.05621028894434589,-0.043982297150257102,0.003141592653589792,-0.16906277719888041,-0.91129351670480396,-0.23898704650701705,3.0502077705434463,-0.12298104343120872,-0.16992853120239521,0,0,0
1.6260212000000001,5437,4081,4294967238,5438,4081,-58,0.055371658799122037,-0.047909287967244349,0.002356194490192344,-0.16843916826577626,-0.85256183511063,-0.20077626252854625,4.7519953066580136,-0.099221066897918653,-0.14707509766504018,0,0,0
1.6310043000000001,5471,4086,4294967236,5472,4086,-60,0.054621305511290172,-0.051836278784231589,0.001570796326794896,-0.15987003927558413,-0.82122918241038301,-0.18039126432477734,5.621887713473992,-0.071111628330548696,-0.11959307098598862,0,0,0
1.6359764999999999,5500,4090,4294967234,5501,4090,-62,0.053981298295198286,-0.054977871437821381,0.001570796326794896,-0.14500295969468993,-0.73123406604049068,-0.096236591254136111,8.8331712878569277,-0.026945771891264056,-0.082443850444553352,0,0,0
1.6409849999999999,5523,4094,4294967233,5524,4094,-63,0.053473706365194378,-0.058119464091411173,0,-0.12471688821265524,-0.68322274320079512,-0.19790011394531784,4.0754918665396715,-0.0065683125585656969,-0.050527285204829714,0,0,0
1.6459712,5539,4095,4294967233,5540,4095,-63,0.053120598935626442,-0.058904862254808621,-0.000785398163397448,-0.099480738822922216,-0.43777071635223624,-0.17885687330741645,3.3381487751517938,0.010122431317193273,-0.022472602259513856,0,0,0
1.6509365,5549,4096,4294967233,5550,4096,-63,0.052899906792146484,-0.059690260418206069,-0.001570796326794896,-0.073662892082179701,-0.30682498309435635,-0.16869753121131392,2.6002011764648758,0.023123437199517653,0.0013526752920291624,0,0,0
1.6559238999999999,5553,4095,4294967234,5554,4095,-62,0.052811629934754502,-0.058904862254808621,-0.002356194490192344,-0.047534716732054394,-0.090407955238051216,-0.16327764318972268,1.1616439041206501,0.028931656720120904,0.018341004074802526,0,0,0
1.6609231,5552,4094,4294967235,5553,4094,-61,0.052833699149102492,-0.058119464091411173,-0.003141592653589792,-0.023300095027219914,0.025047951832619139,-0.16038619747515642,-0.0023351353479270642,0.028919981043381268,0.028076091085181505,0,0,0
1.6658963,5550,4093,4294967236,5551,4093,-60,0.052877837577798487,-0.057334065928013725,-0.00392699081698724,-0.0083121026928713385,0.086642303300942886,-0.15884364562039893,-0.81776221810403804,0.024831169952861078,0.033590950083052878,0,0,0
1.6708816,5546,4091,4294967236,5547,4091,-60,0.052966114435190469,-0.055763269601218829,-0.002356194490192344,0.0038020332523092479,0.19278167557979042,0.061817845300055671,7.7112746789377109,0.063387543347549632,0.054438640549679215,0,0,0
1.6758875,5540,4090,4294967238,5541,4090,-58,0.053098529721278445,-0.054977871437821381,-0.004712388980384688,0.014383001038363281,0.17612624739442376,-0.18685947359155919,-3.3366020420463558,0.046704533137317858,0.058257938177065503,0,0,0
1.6808506000000001,5531,4088,4294967239,5532,4088,-57,0.053297152650410413,-0.053407075111026485,-0.0047123889803846949,0.026205152132603989,0.24052029409752451,-0.09968730386864999,-0.50485296994351758,0.044180268287600272,0.060528864669002001,0,0,0
1.6858455000000001,5521,4086,4294967240,5522,4086,-56,0.053517844793890372,-0.051836278784231589,-0.0047123889803846949,0.034571239215181175,0.2748737511507931,-0.053181989446904838,0.85298238665078152,0.04844518022085418,0.063536617213655514,0,0,0
1.6908561,5509,4083,4294967241,5510,4083,-55,0.053782675366066325,-0.049480084294039245,-0.00392699081698724,0.043152667568208736,0.36648043066853858,0.044907561261561188,4.2103407126496073,0.069496883784102209,0.072894205129786449,0,0,0
1.6958154000000001,5497,4081,4294967242,5498,4081,-54,0.054047505938242278,-0.047909287967244349,-0.0039269908169872469,0.04773075739910048,0.34207198396363803,0.023957649132986408,3.105187801882479,0.085022822793514599,0.084933675638411976,0,0,0
1.7018111,5480,4078,4294967244,5481,4078,-52,0.054422682582158211,-0.045553093477052005,-0.004712388980384688,0.060468665117429668,0.40232988761655875,-0.060498398789029011,-1.3768855846707133,0.078138394870161026,0.086172482256146543,0,0,0
1.7068824,5464,4076,4294967245,5465,4076,-51,0.054775790011726146,-0.043982297150257102,-0.004712388980384688,0.065205076927854988,0.36119724231749073,-0.032275175284027402,-0.42864807179986086,0.075995154511161719,0.087847465813142914,0,0,0
1.7107916000000001,5451,4074,4294967246,5452,4074,-50,0.055062689798250096,-0.042411500823462206,-0.004712388980384688,0.061554565435058502,0.33925346589536276,-0.017218421651906537,0.12599665668569171,0.076625137794590181,0.09268700940993696,0,0,0
1.7167558999999999,5430,4071,4294967247,5431,4071,-49,0.05552614329955801,-0.040055306333269862,-0.00392699081698724,0.076079943129025163,0.40082624179260884,0.064093696393339658,2.7495169871725986,0.090372722730453173,0.096406057205863871,0,0,0
1.7217403,5412,4068,4294967248,5413,4068,-48,0.05592338915782194,-0.037699111843077518,-0.0031415926535897989,0.077651728359195094,0.43367458446921092,0.10747274303187186,4.2401352964946497,0.11157339921292642,0.10909810876178593,0,0,0
1.7267451,5393,4066,4294967249,5394,4066,-47,0.05634270423043386,-0.036128315516282622,-0.003141592653589792,0.080549367323963755,0.37791926480724075,0.057335428524398636,2.0870326258711724,0.12200856234228227,0.12164884576635762,0,0,0
1.7317019,5371,4063,4294967250,5372,4063,-46,0.056828226946089778,-0.033772121026090278,-0.002356194490192344,0.088272553992112326,0.42145398504461906,0.10386728760738881,3.5186400621543834,0.13960176265305418,0.13728433456048414,0,0,0
1.7367098000000001,5347,4060,4294967252,5348,4060,-44,0.057357888090441678,-0.031415926535897934,-0.0031415926535897955,0.096511002630283393,0.44467923984024327,-0.017867558299540863,-2.25342417223687,0.12833464179186985,0.14236571462422848,0,0,0
1.7417180000000001,5320,4057,4294967253,5321,4057,-43,0.057953756877837576,-0.029059732045705586,-0.002356194490192344,0.1070834476559763,0.45706963668626566,0.063747389722336276,0.63882268159049316,0.13152875519982232,0.14763784796987364,0,0,0
1.7466756000000001,5292,4053,4294967255,5293,4053,-41,0.058571694879581464,-0.025918139392115794,-0.0023561944901923475,0.11478283143361896,0.53695928513952795,0.034008473255009469,-1.4674561004581737,0.12419147469753146,0.14747158208074199,0,0,0
1.751665,5263,4049,4294967256,5264,4049,-40,0.059211702095673349,-0.022776546738526002,-0.00078539816339745147,0.12094947125045212,0.57957946119079817,0.16470215406177183,3.5244555719644333,0.14181375255735362,0.15516695288134341,0,0,0
1.7566678,5233,4046,4294967257,5234,4046,-39,0.059873778526113225,-0.020420352248333658,0,0.12629841041750092,0.52903729826234014,0.16114615706102478,3.2801992187206803,0.15821474865095703,0.16577373445115642,0,0,0
1.7616358000000001,5201,4042,4294967259,5202,4042,-37,0.060579993385249102,-0.01727875959474386,0,0.13327022628853441,0.57535317553403909,0.085969555717153229,-0.55079179192595173,0.15546078969132726,0.1700145471003911,0,0,0
1.7666194,5168,4038,4294967260,5169,4038,-36,0.06130827745873297,-0.014137166941154069,0.0015707963267948977,0.13904871729173085,0.60006214448692685,0.19242277275552849,3.5201516835274447,0.17306154810896449,0.18132601955564351,0,0,0
1.7716372,5134,4034,4294967262,5135,4034,-34,0.062058630746564834,-0.010995574287564275,0.0015707963267948977,0.14419058368913398,0.6132440851664327,0.10265525771980405,-0.75212615271298322,0.16930091734539957,0.18650336015386099,0,0,0
1.7766025000000001,5098,4029,4294967263,5099,4029,-33,0.062853122463092687,-0.0070685834705770346,0.0039269908169872409,0.15105192870357093,0.69355601282843526,0.27460391535745443,5.8690207498416482,0.1986460210946078,0.20340084167169975,0,0,0
1.7815915,5059,4025,4294967265,5060,4025,-31,0.063713821822664538,-0.0039269908169872417,0.0039269908169872417,0.1608897053458033,0.66312195051666678,0.14649791861019135,0.061499382587245854,0.19895351800754402,0.21196262073909647,0,0,0
1.7865827000000001,5019,4019,4294967267,5020,4019,-29,0.064596590396584372,0.00078539816339744833,0.0054977871437821377,0.16819715228996795,0.79344477929384782,0.22471393353220478,2.3774865842848065,0.21084095092896804,0.22430084384753318,0,0,0
1.7915653,4976,4014,4294967268,4977,4014,-28,0.065545566613548212,0.0047123889803846897,0.0078539816339744835,0.17827291899912345,0.78969093715176175,0.33972076531772022,6.8742531914168783,0.24521221688605244,0.24674764414163117,0,0,0
1.7965314999999999,4929,4008,4294967271,4930,4008,-25,0.066582819687904027,0.0094247779607693795,0.0078539816339744835,0.19188466159795187,0.86096782636514002,0.18123698259335924,-0.81788467933626574,0.2411227934893711,0.25685572987312261,0,0,0
1.8015285999999999,4879,4001,4294967273,4880,4001,-23,0.06768628040530382,0.014922565104551517,0.010210176124166827,0.20532369496158526,0.97227271722251418,0.31652632975489375,3.8250838088235426,0.26024821253348884,0.27270889904002371,0,0,0
1.8065329999999999,4826,3994,4294967276,4827,3994,-20,0.068855948765747618,0.020420352248333658,0.010995574287564279,0.21867059000502326,1.0316525509751187,0.24214254673302871,-0.3040895171903113,0.2587277649475373,0.2808482146012124,0,0,0
1.8115336,4770,3986,4294967279,4771,3986,-17,0.070091824769235395,0.026703537555513242,0.012566370614359173,0.23196833035190134,1.1366105044251191,0.27573920361257565,-0.090982695457759277,0.25827285147024848,0.28547495761481612,0,0,0
1.8164883999999999,4713,3978,4294967283,4714,3978,-13,0.071349769987071168,0.03298672286269283,0.012566370614359171,0.24112162672810322,1.1926043226559893,0.14710358137425386,-6.6266089013276588,0.22513980696361019,0.27354832491949171,0,0,0
1.8214881999999999,4655,3969,4294967286,4656,3969,-10,0.072629784419254939,0.040055306333269862,0.014922565104551515,0.24806391160175506,1.2957558771488951,0.29831656669606649,-1.3673858093387814,0.21830287791691627,0.26303258731892304,0,0,0
1.826487,4599,3961,4294967290,4600,3961,-6,0.073865660422742715,0.046338491640449446,0.014922565104551512,0.24764931738136869,1.2775064837563781,0.15914833570753598,-7.8525818368013631,0.17903996873290945,0.23751536649038735,0,0,0
1.8314477,4546,3954,4294967293,4547,3954,-3,0.0750353287831865,0.051836278784231589,0.015707963267948967,0.24125080551399503,1.1944911304198174,0.15818326110895709,-8.0367772074287878,0.13885608269576549,0.20378742397890673,0,0,0
1.8364377999999999,4499,3947,0,4500,3947,0,0.076072581857542315,0.057334065928013725,0.016493361431346408,0.22548261405572284,1.1502034280370415,0.15766840530359943,-8.0988513164846268,0.098361826113342349,0.16501411951211684,0,0,0
1.8414516999999999,4458,3942,2,4459,3942,2,0.076977419645810147,0.061261056745000965,0.017278759594743863,0.20471581011836559,0.98001742765000954,0.1573937358628133,-7.3954880106105723,0.061384386060289488,0.12339672051561107,0,0,0
1.8463963999999999,4425,3938,3,4426,3938,3,0.077705703719294014,0.06440264939859075,0.018849555921538745,0.17716408542599688,0.81594570388108434,0.23052672227918231,-3.2439248101340663,0.045164762009619157,0.089796681308694795,0,0,0
1.851434,4400,3936,4,4401,3936,4,0.078257434077993918,0.06597344572538566,0.018849555921538766,0.14599268631183268,0.58185635458154161,0.12298326101421182,-6.3171315175844986,0.013579104421696665,0.053970447673081574,0,0,0
1.8563803000000001,4382,3936,4,4383,3936,4,0.078654679936257854,0.06597344572538566,0.018849555921538766,0.11494934426273426,0.31041343589493475,0.065610105154630768,-7.0076613801473151,-0.021459202479039909,0.01642104637950768,0,0,0
1.8613823,4373,3936,4,4374,3936,4,0.078853302865389815,0.06597344572538566,0.018849555921538766,0.079856098607385725,0.16560187136461929,0.035002209755230523,-6.9228408363556531,-0.056073406660818177,-0.020193692577664728,0,0,0
1.8664080999999999,4370,3938,2,4371,3938,2,0.078919510508433807,0.06440264939859075,0.020420352248333648,0.048779608396199409,-0.058212412348610104,0.16523230065032105,0.49687329719169693,-0.053589040174859694,-0.041792273486364613,0,0,0
1.8713610000000001,4373,3942,1,4374,3942,1,0.078853302865389815,0.061261056745000965,0.018849555921538759,0.019846009379297692,-0.32417370590973554,-0.058409573923502336,-7.0001631031692684,-0.088589855690706043,-0.072162056025075666,0,0,0
1.8763447,4380,3945,4294967294,4381,3945,-2,0.078698818364953835,0.058904862254808621,0.021205750411731103,-0.0038261621795076719,-0.39278136942376451,0.18867774578215707,4.7997897851091338,-0.064590906765160369,-0.079987735376018693,0,0,0
1.8813310000000001,4391,3950,4294967292,4392,3950,-4,0.078456057007125879,0.054977871437821381,0.020420352248333662,-0.024691424847277606,-0.5759417794501186,0.027377811136679087,-0.31641220537803205,-0.066172967792050535,-0.087716775675749037,0,0,0
1.8863136,4406,3955,4294967289,4407,3955,-7,0.078125018791905948,0.051050880620834134,0.0212057504117311,-0.044059235048902398,-0.67365567695854267,0.087885255493575717,3.6893440000287341,-0.047726247791906866,-0.081900253680041918,0,0,0
1.8913287000000001,4422,3961,4294967286,4423,3961,-10,0.077771911362338006,0.046338491640449446,0.0212057504117311,-0.056450841404704064,-0.79906439690539988,0.046885737188321605,3.3873044776687982,-0.030789725403562875,-0.069692689185787582,0,0,0
1.896301,4437,3966,4294967283,4438,3966,-13,0.077440873147118061,0.042411500823462206,0.021991148575128548,-0.061002505562292315,-0.79268893622401049,0.098292501724013839,6.3161264738851761,0.00079090696586300857,-0.046504654428323092,0,0,0
1.9012887000000001,4449,3971,4294967281,4450,3971,-15,0.077176042574942122,0.038484510006474966,0.021205750411731106,-0.057253433396848283,-0.7892877038752697,-0.020841640178703234,1.700578028379796,0.009293797107761988,-0.027681214956316421,0,0,0
1.9062428,4458,3975,4294967278,4459,3975,-18,0.076977419645810147,0.035342917352885174,0.022776546738525999,-0.049076017255783061,-0.71419366763016567,0.13544027174988965,8.4549884142475342,0.051568739178999658,0.0056304239485059516,0,0,0
1.9112861999999999,4463,3978,4294967277,4464,3978,-19,0.076867073574070174,0.03298672286269283,0.021991148575128554,-0.036477022077744267,-0.60085237428942195,-0.0010237472593077751,2.3357370705495066,0.063247424531747198,0.032390368764516217,0,0,0
1.9162315999999999,4462,3980,4294967276,4463,3980,-20,0.076889142788418172,0.031415926535897934,0.021991148575128554,-0.017400946614223058,-0.46710662477125486,-0.0005461569711278537,1.6612528245134721,0.071553688654314565,0.054469554245649691,0,0,0
1.9212051000000001,4457,3981,4294967275,4458,3981,-21,0.076999488860158144,0.030630528372500482,0.022776546738525999,0.0010123535212024568,-0.32247534087724233,0.072988151052053599,4.0350715378937325,0.091729046343783233,0.079280231667474249,0,0,0
1.9262075999999999,4448,3981,4294967275,4449,3981,-21,0.077198111789290105,0.030630528372500482,0.022776546738525999,0.019072070912021215,-0.17203675402855284,0.038938309377029176,1.704890139361374,0.1002534970405901,0.099482868717265707,0,0,0
1.9312052,4435,3981,4294967275,4436,3981,-21,0.077485011575814056,0.030630528372500482,0.022776546738525999,0.036943156119376958,-0.091779559504202329,0.020773124339866101,0.25670670517629879,0.10153703056647159,0.11393745551531591,0,0,0
1.9361694,4417,3979,4294967276,4418,3979,-20,0.077882257434077992,0.032201324699295375,0.022776546738525996,0.056772718565979437,0.097595736582954451,0.011082214450072977,-1.4715851617653959,0.094179104757644613,0.11914343190108821,0,0,0
1.9411803999999999,4396,3977,4294967278,4397,3977,-18,0.078345710935385907,0.033772121026090278,0.021205750411731103,0.073528884770950209,0.19862520179230519,-0.14064680915200201,-9.0226459306329385,0.04906587510447992,0.10140192803667684,0,0,0
1.9461523999999999,4374,3974,4294967279,4375,3974,-17,0.078831233651041818,0.036128315516282622,0.021991148575128551,0.084527210156366078,0.32580273762281309,-0.0017538784405392721,-4.1837258528088395,0.028147245840435722,0.080434285834472832,0,0,0
1.951125,4355,3972,4294967280,4356,3972,-16,0.079250548723653738,0.037699111843077518,0.021991148575128551,0.084217354983268128,0.32037091915068416,-0.00093567326124913738,-4.3482679745434982,0.0064059059677182319,0.055567527354342838,0,0,0
1.9561149,4339,3971,4294967281,4340,3971,-15,0.07960365615322168,0.038484510006474966,0.021205750411731106,0.077874720150296423,0.2441935893908177,-0.07377868983404548,-7.2247551236225931,-0.029717869650394736,0.021156922766830795,0,0,0
1.9611466,4328,3970,4294967282,4329,3970,-14,0.079846417511049636,0.039269908169872414,0.020420352248333655,0.064195448687162593,0.20355389115280903,-0.11263957169478483,-8.652285959251488,-0.072979299446652171,-0.021205047729261434,0,0,0
1.9660222999999999,4324,3971,4294967282,4325,3971,-14,0.079934694368441625,0.038484510006474966,0.019634954084936207,0.042483948427734286,0.035314057533261306,-0.13337138937678722,-8.5051742753109973,-0.11550517082320716,-0.067608696728098439,0,0,0
1.9711179999999999,4327,3973,4294967281,4328,3973,-15,0.079868486725397633,0.03691371367968007,0.01963495408493621,0.016487349760562559,-0.12771940944193302,-0.071152047924790143,-4.5795158158126972,-0.13840274990227064,-0.10887120011120391,0,0,0
1.9757328999999999,4336,3976,4294967279,4337,3976,-17,0.079669863796265672,0.034557519189487719,0.020420352248333648,-0.0097361876135716816,-0.28797534181451157,0.035320749067397045,1.456124524442362,-0.13112212728005884,-0.13561465502181314,0,0,0
1.9817073000000001,4358,3982,4294967276,4359,3982,-20,0.07918434108060976,0.029845130209103034,0.020420352248333655,-0.050494565924323366,-0.59330853113803339,0.018843198995874166,3.4439736938773868,-0.11390225881067191,-0.1422986476807023,0,0,0
1.9866945,4382,3989,4294967273,4383,3989,-23,0.078654679936257854,0.024347343065320895,0.019634954084936207,-0.076356895890736826,-0.8294796707490153,-0.063226897029658294,2.074386079811871,-0.10353032841161255,-0.14311330759555363,0,0,0
1.9917026,4409,3996,4294967270,4410,3996,-26,0.078058811148861956,0.018849555921538759,0.018849555921538759,-0.09633147172384926,-0.95547416119088813,-0.10701031589398315,1.7583948756598717,-0.094738354033313196,-0.13750518678105478,0,0,0
1.9966623999999999,4436,4003,4294967266,4437,4003,-30,0.077462942361466058,0.013351768777756621,0.019634954084936207,-0.10698767005541091,-1.0226907213847192,0.016190790138679974,8.2254510143437933,-0.053611098961594231,-0.11377249097313377,0,0,0
2.0006566000000001,4457,4008,4294967264,4458,4008,-32,0.076999488860158144,0.0094247779607693795,0.018849555921538759,-0.10031796338527936,-0.91199091718820235,-0.064641925567675951,4.7488772445078915,-0.029866712739054772,-0.0916772109792197,0,0,0
2.0066773000000002,4483,4015,4294967260,4484,4015,-36,0.076425689287110243,0.0039269908169872417,0.019634954084936207,-0.10705530561929708,-0.99949292854727767,0.038793821816464368,10.381281566231092,0.022039695092100686,-0.046265685775411139,0,0,0
2.0116306000000002,4499,4020,4294967258,4500,4020,-38,0.076072581857542315,-0,0.018849555921538759,-0.090058494839543049,-0.89961517096982879,-0.052583477345023028,6.2560811087590631,0.053320100635896005,-0.004982417939515163,0,0,0
2.0160925000000001,4508,4023,4294967256,4509,4023,-40,0.075873958928410354,-0.0023561944901923449,0.019634954084936207,-0.066577126862971361,-0.69977253815334162,0.045226860340288388,9.5339637215324124,0.10098991924355807,0.044614605622844056,0,0,0
2.0210870999999999,4509,4025,4294967255,4510,4025,-41,0.075851889714062357,-0.0039269908169872417,0.019634954084936207,-0.037577214583177573,-0.5198793541614366,0.024127991388984377,7.5861069097253537,0.13892045379218484,0.093876488092581853,0,0,0
2.0261016000000001,4501,4025,4294967254,4502,4025,-42,0.076028443428846321,-0.0039269908169872417,0.021205750411731103,-0.0035741143747353779,-0.27734944424926045,0.15943103465200584,11.863939787041829,0.19824015272739398,0.15292332798097483,0,0,0
2.0310961999999999,4483,4024,4294967255,4484,4024,-41,0.076425689287110243,-0.0031415926535897933,0.020420352248333655,0.035157237273852275,-0.074683106285699283,0.01177503904516114,3.9148032333523615,0.21781416889415578,0.19879237913172812,0,0,0
2.0360480999999999,4456,4020,4294967257,4457,4020,-39,0.077021558074506141,-0,0.020420352248333658,0.074351944494722405,0.25327552935895647,0.0062818431027265474,1.2075013853446321,0.22385167582087895,0.23318901053684396,0,0,0
2.0411472000000002,4417,4014,4294967260,4418,4014,-36,0.077882257434077992,0.0047123889803846897,0.020420352248333655,0.11997117718350694,0.57479659442990061,0.0033512884854070757,-1.7513187394371934,0.21509508212369299,0.24908481612121952,0,0,0
2.0460579000000001,4372,4006,4294967263,4373,4006,-33,0.078875372079737813,0.010995574287564275,0.021991148575128551,0.15666315612401072,0.89288329226421093,0.14834691108080941,1.7303346229175398,0.22374675523828069,0.26215013283340749,0,0,0
2.0510619000000001,4322,3998,4294967267,4323,3998,-29,0.079978832797137606,0.01727875959474386,0.021991148575128551,0.18653344124093757,1.0625787574933097,0.079141310411762658,-3.2623465240743674,0.20743502261790886,0.25948079661247597,0,0,0
2.0560676999999998,4270,3989,4294967271,4271,3989,-25,0.081126431943233407,0.024347343065320895,0.022776546738525999,0.20658710315375667,1.2263887865972154,0.11550046591003671,-3.6019461096312302,0.1894252920697527,0.24799569697681931,0,0,0
2.0607072999999998,4222,3981,4294967275,4223,3981,-21,0.082185754231937219,0.030630528372500482,0.022776546738525999,0.20904905191612985,1.2404999670334194,0.061618123078478533,-6.7852788316263908,0.15549889791162075,0.22698725366991096,0,0,0
2.0666462999999999,4163,3972,4294967280,4164,3972,-16,0.083487837878468973,0.037699111843077518,0.021991148575128551,0.23301268515165824,1.3213076330393889,-0.040406984434262827,-12.98891890947773,0.090554303364232092,0.17252000958638081,0,0,0
2.0716559000000001,4120,3964,4294967283,4121,3964,-13,0.084436814095432813,0.043982297150257102,0.023561944901923444,0.21285123389855928,1.2911380412304236,0.12500239359145088,-6.1341390906835525,0.059883607910814332,0.12932708661363229,0,0,0
2.0766423999999999,4084,3959,4294967286,4085,3959,-10,0.085231305811960673,0.047909287967244349,0.022776546738526002,0.18768156791687185,1.0552043654112107,-0.0065922309530944689,-10.855292574915202,0.0056071450362383188,0.074927768995141308,0,0,0
2.0816178000000001,4058,3955,4294967287,4059,3955,-9,0.085805105385008559,0.051050880620834134,0.024347343065320892,0.15366274823169312,0.85605703978229319,0.14304216187683533,-3.3090896444281528,-0.010938303185902446,0.033630691975737328,0,0,0
2.0866159999999998,4042,3953,4294967288,4043,3953,-8,0.086158212814576501,0.052621676947629037,0.024347343065320898,0.11492301042946966,0.60325527460259087,0.076311289885218125,-4.4682325518471968,-0.033279465945138434,-0.0034322331376690982,0,0,0
2.0915976000000001,4035,3953,4294967288,4036,3953,-8,0.086312697315012468,0.052621676947629037,0.024347343065320898,0.075723829295504766,0.32182950488837553,0.040711164369564838,-4.0341408597519424,-0.053450170243898143,-0.034884087182970945,0,0,0
2.0965763000000002,4035,3955,4294967287,4036,3955,-9,0.086312697315012468,0.051050880620834134,0.024347343065320892,0.040397761140967402,0.025133169635659702,0.021718921365614634,-2.7495605765207287,-0.067197973126501789,-0.060050847686239556,0,0,0
2.1015807999999998,4041,3957,4294967286,4042,3957,-10,0.086180282028924499,0.049480084294039245,0.024347343065320898,0.0091970628991257762,-0.13315079189203641,0.011586785899900177,-1.6593862179713337,-0.07549490421635846,-0.078795000720063013,0,0,0
2.1062064999999999,4051,3960,4294967284,4052,3960,-12,0.08595958988544454,0.047123889803846894,0.025132741228718343,-0.015684579097506899,-0.29087291966980289,0.079460931583635749,2.7626300975557387,-0.061681753728579765,-0.084249175223258643,0,0,0
2.1112728999999999,4064,3964,4294967282,4065,3964,-14,0.08567269009892059,0.043982297150257102,0.025132741228718343,-0.035135969577664974,-0.44829531583280696,0.042391460706874592,2.6829982432134027,-0.048266762512512752,-0.081878540610347023,0,0,0
2.1162385000000001,4079,3968,4294967280,4080,3968,-16,0.085341651883700645,0.040840704496667317,0.02513274122871835,-0.049631275279433694,-0.53227828945679478,0.022615339451074686,2.9451852448458062,-0.033540836288283721,-0.072274300336056932,0,0,0
2.1211894,4095,3972,4294967279,4096,3972,-17,0.084988544454132703,0.037699111843077518,0.023561944901923447,-0.059423458510773033,-0.57708220573961189,-0.13449402431090351,-3.0333054092801843,-0.048707363334684645,-0.070348336525224153,0,0,0
2.1261822000000001,4109,3976,4294967277,4110,3976,-19,0.084679575453260769,0.034557519189487719,0.023561944901923444,-0.060529251125031755,-0.60098456151073754,-0.071750960292784674,0.065333839168579377,-0.048380694138841746,-0.066810383013134564,0,0,0
2.1311811000000001,4122,3980,4294967275,4123,3980,-21,0.084392675666736819,0.031415926535897934,0.02356194490192345,-0.059060068053235812,-0.61373618366365457,-0.038278282840550598,1.8709521706622394,-0.039025933285530549,-0.059981762625181387,0,0,0
2.1361435000000002,4135,3983,4294967273,4136,3983,-23,0.084105775880212869,0.029059732045705586,0.024347343065320895,-0.058276276380800025,-0.54725950293231318,0.052858511249166018,5.8741657215861203,-0.0096551046775999461,-0.041708379616928297,0,0,0
2.1411709000000001,4146,3986,4294967272,4147,3986,-24,0.083863014522384913,0.026703537555513242,0.02356194490192345,-0.053739912332217636,-0.51179498542687685,-0.045080133027781501,1.7819872558813425,-0.00074516839819323277,-0.02661255575319333,0,0,0
2.1461429999999999,4154,3988,4294967270,4155,3988,-26,0.083686460807600949,0.025132741228718346,0.025132741228718346,-0.045142485347282824,-0.41959556838941758,0.12250932446890984,8.7152338158990812,0.042831000681302175,0.0034364590515455259,0,0,0
2.1510946999999998,4158,3990,4294967269,4159,3990,-27,0.08359818395020896,0.023561944901923447,0.025132741228718343,-0.03231941938591306,-0.37040827739439119,0.06535726565177899,6.1268551192451302,0.07346527627752783,0.035204344614948625,0,0,0
2.1560907,4157,3991,4294967269,4158,3991,-27,0.083620253164556957,0.022776546738526002,0.024347343065320898,-0.015182915090642794,-0.27088792412349433,-0.038412196400514985,1.0572410627239148,0.078751481591147407,0.058433577902334853,0,0,0
2.1610592,4152,3991,4294967268,4153,3991,-28,0.083730599236296929,0.022776546738526002,0.025918139392115794,0.0021956469246971842,-0.14451548154027463,0.12606658925170672,7.315527253061874,0.11532911785645678,0.092435448418904442,0,0,0
2.1655722000000002,4143,3990,4294967269,4144,3990,-27,0.083929222165428904,0.023561944901923447,0.025132741228718343,0.019703343851053604,-0.0038177690880159959,-0.0060244952417581182,0.72828431737113242,0.11897053944331244,0.11674166166770419,0,0,0
2.1712039000000001,4125,3987,4294967269,4126,3987,-27,0.084326468023692827,0.025918139392115794,0.02748893571891069,0.047575484028181333,0.21780182353305907,0.21662456140973838,8.657978144446,0.16226043016554245,0.15048179222291011,0,0,0
2.1757200000000001,4104,3984,4294967271,4105,3984,-25,0.084789921525000742,0.028274333882308138,0.026703537555513242,0.068622269674063138,0.33603323694886406,0.042287104457911812,0.11671804060358881,0.16284402036856038,0.17223828973070887,0,0,0
2.1815462999999999,4071,3978,4294967273,4072,3978,-23,0.085518205598484609,0.03298672286269283,0.028274333882308142,0.10455980232453609,0.61894684587511628,0.16911870521905578,3.213047605090988,0.17890925839401534,0.18873562983696501,0,0,0
2.1860458,4040,3973,4294967275,4041,3973,-21,0.086202351243272496,0.03691371367968007,0.029059732045705586,0.11961382749132088,0.6965983677528601,0.16350233450712975,2.008856366780492,0.1889535402279178,0.20655559847592739,0,0,0
2.1910398,4003,3966,4294967277,4004,3966,-19,0.087018912174148338,0.042411500823462206,0.031415926535897934,0.13999963221710832,0.88458356851377073,0.30706510620119903,6.5717532574481927,0.22181230651515876,0.23089015361746265,0,0,0
2.1955572000000001,3965,3960,4294967280,3966,3960,-16,0.087857542319372192,0.047123889803846894,0.031415926535897927,0.15293432652834668,0.91159191512906979,0.16381557734796393,-0.33262736071086163,0.22014916971160445,0.24641055167627954,0,0,0
2.2015419999999999,3909,3949,4294967285,3910,3949,-11,0.089093418322859969,0.055763269601218829,0.032201324699295382,0.19689881663426734,1.2923981428684781,0.1606731789423699,-3.7999246087591079,0.2011495466678089,0.23622470841838683,0,0,0
2.2065366000000002,3860,3940,4294967289,3861,3940,-7,0.090174809825911778,0.062831853071795868,0.03298672286269283,0.20593957669762458,1.348994691796745,0.15899674681552117,-5.0646700358379073,0.17582619648861936,0.221908555918297,0,0,0
2.2115225999999999,3811,3931,4294967292,3812,3931,-4,0.091256201328963588,0.069900436542372907,0.035342917352885188,0.21076271452583772,1.3791882766468304,0.30466142882436015,0.26546123306072822,0.17715350265392299,0.21220481901355631,0,0,0
2.2165168999999998,3765,3922,0,3766,3922,0,0.092271385188971405,0.076969020012949932,0.036128315516282615,0.20715847033071816,1.3952961945916984,0.23581276338461099,-3.2923627401695352,0.16069168895307531,0.1973444255305617,0,0,0
2.2214974999999999,3722,3914,4,3723,3914,4,0.093220361405935231,0.083252205320129516,0.036128315516282622,0.19905831818707537,1.3306100576955417,0.12580330099297476,-8.2420817518844878,0.11948128019365287,0.16989877908149725,0,0,0
2.2265044999999999,3682,3906,7,3683,3906,7,0.094103129979855066,0.0895353906273091,0.037699111843077511,0.18855965269425357,1.2961007740027535,0.21367360148373499,-4.767504319840123,0.095643758594452247,0.14241049357540272,0,0,0
2.2315024999999999,3647,3899,10,3648,3899,10,0.094875552482034928,0.095033177771091243,0.038484510006474966,0.17266318836788153,1.20441096282855,0.18727184106413658,-5.7192103019659024,0.067047707084622737,0.11160838793590051,0,0,0
2.2365203999999999,3619,3893,13,3620,3893,13,0.095493490483778823,0.099745566751475931,0.038484510006474966,0.14976884212026342,1.082216021200703,0.099907297004422718,-8.9729478255410271,0.022182967956917599,0.073205531193381468,0,0,0
2.2415219999999998,3597,3888,16,3598,3888,16,0.095979013199434735,0.10367255756846318,0.037699111843077518,0.12520031946751833,0.94374695575865775,-0.019980166127055617,-13.547378577114429,-0.045553924928654552,0.01933157856450593,0,0,0
2.2459304000000002,3584,3885,17,3585,3885,17,0.096265912985958685,0.10602875205865551,0.038484510006474959,0.093561312852091266,0.72331631977677657,0.062620338605210338,-8.8075293182471608,-0.089591571519890362,-0.032351455411574685,0,0,0
2.2502523000000001,3580,3883,18,3581,3883,18,0.09635418984335066,0.10759954838545042,0.038484510006474987,0.058150287244321433,0.53243968127678987,0.03340720490597477,-8.7182970378503626,-0.13318305670914218,-0.085483941003676622,0,0,0
2.2558538000000001,3586,3883,19,3587,3883,19,0.09622177455726269,0.10759954838545042,0.036913713679680077,0.018667824162049099,0.28405022918551009,-0.12873669261005746,-13.93754099220725,-0.20287076167017842,-0.15073630271655555,0,0,0
2.2618635999999999,3608,3886,18,3609,3886,18,0.095736251841606779,0.10524335389525807,0.036128315516282636,-0.035341363902818217,-0.068301143333883485,-0.14195901168593805,-11.860031374774611,-0.2621709185440515,-0.21293265685530957,0,0,0
2.2668482000000001,3639,3891,17,3640,3891,17,0.095052106196818906,0.10131636307827083,0.033772121026090271,-0.082686614909410233,-0.402835443036619,-0.29557200003356365,-15.906756168313827,-0.34170469938562065,-0.28866147503418227,0,0,0
2.2718354999999999,3683,3898,15,3684,3898,15,0.094081060765507069,0.095818575934488698,0.031415926535897948,-0.13471317590651605,-0.72786454657356314,-0.37752269995393445,-16.729547604319627,-0.42535243740721879,-0.37282588750378065,0,0,0
2.2768231999999999,3743,3907,10,3744,3907,10,0.092756907904627317,0.088749992463911659,0.032201324699295382,-0.19541449082242515,-1.0478227411525753,-0.12812434524996813,-2.8317625229110148,-0.43951125002177388,-0.43035436207336109,0,0,0
2.2818122999999999,3820,3921,4,3821,3921,4,0.091057578399831612,0.077754418176347387,0.030630528372500493,-0.26280279390988637,-1.5849142240675729,-0.21491185095373633,-1.8087052351168165,-0.44855477619735795,-0.47000533744684048,0,0,0
2.2868046,3911,3937,4294967293,3912,3937,-3,0.089049279894163974,0.065188047561988219,0.029059732045705597,-0.32758119476397285,-2.0180051726132184,-0.26121195170219846,0.67789304499158121,-0.44516531097240003,-0.48948283292888778,0,0,0
2.2917958999999999,4010,3955,4294967285,4011,3955,-11,0.086864427673712372,0.051050880620834134,0.027488935718910687,-0.3786125822813185,-2.3956130746057065,-0.28591250406782265,3.7437221819035607,-0.42644670006288221,-0.48984304501307457,0,0,0
2.2967827999999999,4112,3973,4294967277,4113,3973,-19,0.084613367810216777,0.03691371367968007,0.025918139392115794,-0.41201455058183989,-2.5970623934205932,-0.29908995459825372,6.2675101213975921,-0.39510914945589426,-0.47362547330571758,0,0,0
2.3017745999999999,4210,3990,4294967269,4211,3990,-27,0.082450584804113172,0.023561944901923447,0.025132741228718343,-0.42159766183828756,-2.631253686674734,-0.23284044823516448,10.98411439486533,-0.34018857748156761,-0.4400343575478638,0,0,0
2.3067769999999999,4303,4006,4294967262,4304,4006,-34,0.080398147869749539,0.010995574287564275,0.023561944901923447,-0.41641458625560102,-2.5762148151528041,-0.27077664484180874,10.489542581542494,-0.28774086457385512,-0.39678481797528775,0,0,0
2.3117611999999998,4387,4020,4294967255,4388,4020,-41,0.078544333864517868,-0,0.023561944901923447,-0.39511748479252706,-2.4002931940647274,-0.1444561153687102,16.076718752110274,-0.20735727081330374,-0.33545399158735151,0,0,0
2.3167963999999999,4463,4033,4294967250,4464,4033,-46,0.076867073574070174,-0.010210176124166829,0.021205750411731103,-0.36728285268545213,-2.2331615849567799,-0.2969041751105404,9.4617024023523495,-0.16004875880154198,-0.2759954878558521,0,0,0
2.3217667,4527,4043,4294967245,4528,4043,-51,0.07545464385579842,-0.018064157758141311,0.021205750411731103,-0.32772408478377901,-1.9241603039767456,-0.15839484161670087,14.220923363542266,-0.08894414198383066,-0.20584665049497922,0,0,0
2.3267685999999999,4579,4052,4294967242,4580,4052,-54,0.074307044709702633,-0.025132741228718346,0.018849555921538756,-0.28191063005735029,-1.6860322811499844,-0.30434031956882274,6.756469191502724,-0.055161796026317038,-0.14679006488500496,0,0,0
2.3317323000000001,4619,4057,4294967239,4620,4057,-57,0.073424276135782784,-0.029059732045705586,0.019634954084936204,-0.23276037439641256,-1.2658757396487685,-0.089082416836810605,13.693909164929265,0.013307749798329292,-0.076874199122957093,0,0,0
2.3367369999999998,4645,4060,4294967238,4646,4060,-58,0.072850476562734898,-0.031415926535897934,0.018849555921538759,-0.17771175464912858,-0.89516818977981127,-0.12080392780006874,9.9646233755141402,0.063130866675899996,-0.01278728188174777,0,0,0
2.3417321000000002,4658,4061,4294967238,4659,4061,-58,0.072563576776210947,-0.032201324699295375,0.018064157758141318,-0.12157553816758271,-0.55084108806312637,-0.13772697613038248,6.6783153016805752,0.096522443184302864,0.042005137888095581,0,0,0
2.3467213999999998,4658,4059,4294967240,4659,4059,-56,0.072563576776210947,-0.030630528372500482,0.016493361431346411,-0.064859101780397263,-0.14730812198130994,-0.2200347401715827,-0.010450356125714322,0.096470191403674299,0.075345683177588385,0,0,0
2.3512857999999999,4650,4056,4294967241,4651,4056,-55,0.072740130490994911,-0.028274333882308138,0.017278759594743866,-0.018128676296942921,0.1412514290780266,-0.044106394215846903,4.9374930605172,0.1211576567062603,0.10898526025589696,0,0,0
2.3560279999999998,4635,4052,4294967244,4636,4052,-52,0.073071168706214856,-0.025132741228718346,0.01570796326794897,0.021215221029145519,0.36847403243079474,-0.17008927463915782,-2.7454175312618805,0.10743056904995089,0.12271062692468279,0,0,0
2.3608204000000002,4616,4046,4294967247,4617,4046,-49,0.073490483778826776,-0.020420352248333658,0.015707963267948963,0.050441162760606555,0.63625362393024809,-0.090740602442315368,-1.7639107063259432,0.098611015518321174,0.12886829802190941,0,0,0
2.3657176999999998,4592,4040,4294967251,4593,4040,-45,0.074020144923178682,-0.015707963267948967,0.014137166941154067,0.076328405938867319,0.77911084703244715,-0.19496806936544153,-8.1714315040590364,0.057753857998025994,0.11183917795214218,0,0,0
2.3714347,4563,4033,4294967255,4564,4033,-41,0.074660152139270561,-0.010210176124166829,0.013351768777756618,0.10043449319925135,0.92860299357583198,-0.17729266244150438,-9.4992245854854289,0.01025773507059885,0.07460305542359999,0,0,0
2.3759893999999999,4544,4027,4294967258,4545,4027,-38,0.075079467211882495,-0.0054977871437821377,0.013351768777756621,0.09270370104826417,0.93507575417635702,-0.094583524050377191,-6.61404752156486,-0.02281250253722545,0.038852580273287113,0,0,0
2.3809760999999998,4528,4023,4294967260,4529,4023,-36,0.075432574641450423,-0.0023561944901923449,0.013351768777756623,0.08240208471284835,0.79196985628918659,-0.050459183694305028,-4.5280282221277268,-0.045452643647864083,0.0021108691563546424,0,0,0
2.3858039999999998,4520,4020,4294967262,4521,4020,-34,0.075609128356234401,-0,0.012566370614359173,0.060433412977150949,0.64234504470946474,-0.10019889287910727,-6.0494681290143548,-0.075699984292935854,-0.036135308510256182,0,0,0
2.3917872,4520,4019,4294967263,4521,4019,-33,0.075609128356234401,0.00078539816339744833,0.011780972450961723,0.032240506127300568,0.41596295101589875,-0.12673443538353404,-6.001192482973746,-0.10570594670780459,-0.073707200777437878,0,0,0
2.3966286000000001,4526,4019,4294967263,4527,4019,-33,0.075476713070146417,0.00078539816339744833,0.011780972450961723,0.0048452644933400287,0.22191128070209393,-0.067611312008270349,-2.2783529450242739,-0.11709771143292595,-0.10375117843393865,0,0,0
2.4016120000000001,4538,4021,4294967262,4539,4021,-34,0.075211882497970464,-0.00078539816339744833,0.011780972450961725,-0.022124432247264368,-0.028172013050692002,-0.036069829779456976,0.71272907842730526,-0.11353406604078943,-0.12293577797429704,0,0,0
2.4066065999999999,4556,4023,4294967260,4557,4023,-36,0.074814636639706542,-0.0023561944901923449,0.013351768777756623,-0.048867105855038638,-0.16158847204864138,0.12731621394901066,9.0885433580105328,-0.06809134925073676,-0.11513295341952669,0,0,0
2.4115967,4577,4027,4294967258,4578,4027,-38,0.074351183138398627,-0.0054977871437821377,0.013351768777756621,-0.069311334536884844,-0.37932360266362586,0.06792168394460403,8.3263876358193443,-0.026459411071640036,-0.092389224048940857,0,0,0
2.4165854000000002,4598,4031,4294967256,4599,4031,-40,0.073887729637090713,-0.0086393797973719298,0.013351768777756621,-0.080218087070192956,-0.49548270185888588,0.03623540951130004,8.1245977107415612,0.014163577482067771,-0.057630821224167593,0,0,0
2.4215699000000002,4616,4034,4294967255,4617,4034,-41,0.073490483778826776,-0.010995574287564275,0.012566370614359171,-0.079859378871029563,-0.48417267865941049,-0.053948359841929291,4.5335629655415826,0.036831392309775682,-0.022108673812212171,0,0,0
2.4265794000000001,4627,4036,4294967254,4628,4036,-42,0.07324772242099882,-0.012566370614359173,0.012566370614359173,-0.065254240479553832,-0.40485939668050924,-0.02878080750956663,5.1598460963586978,0.062630622791569168,0.014435175847248237,0,0,0
2.4315620999999998,4631,4036,4294967254,4632,4036,-42,0.073159445563606831,-0.012566370614359173,0.012566370614359173,-0.043048801239920019,-0.21598766669538064,-0.015354218058339192,4.5419797023919735,0.085340521303529038,0.049191095602998176,0,0,0
2.4365540999999999,4628,4035,4294967254,4629,4035,-42,0.073225653206650823,-0.011780972450961723,0.013351768777756623,-0.016788692009082968,-0.041947328712522922,0.065088226809877234,6.6945578876156118,0.1188133107416071,0.087101918782987869,0,0,0
2.4411670000000001,4620,4033,4294967255,4621,4033,-41,0.073402206921434787,-0.010210176124166829,0.013351768777756618,0.0075163148499226631,0.12418063826281897,0.034723793873305694,4.0958288484598704,0.13929245498390647,0.12199282134815637,0,0,0
2.4461604000000001,4605,4030,4294967256,4606,4030,-40,0.073733245136654732,-0.0078539816339744835,0.014137166941154067,0.034896518402135084,0.2860874495333573,0.091804249800927967,5.0889143283340132,0.16473702662557654,0.15670134482458795,0,0,0
2.4511362000000001,4583,4026,4294967258,4584,4026,-38,0.074218767852310644,-0.0047123889803846897,0.014137166941154069,0.063917302767934767,0.44574232450474133,0.048976473980348018,1.6673155688799945,0.17307360446997652,0.18245038911028727,0,0,0
2.4559595000000001,4555,4020,4294967260,4556,4020,-36,0.074836705854054539,-0,0.015707963267948967,0.091754207197536353,0.67747533757064782,0.17268740419618314,5.005876567945883,0.19810298730970594,0.21065920585439604,0,0,0
2.4611622,4518,4013,4294967263,4519,4013,-33,0.075653266784930395,0.0054977871437821377,0.016493361431346415,0.12513685656805554,0.8743816596459848,0.1654061929121165,2.6743518065208587,0.21147474634231023,0.23036847583262016,0,0,0
2.4661135000000001,4477,4005,4294967267,4478,4005,-29,0.076558104573198227,0.011780972450961723,0.016493361431346415,0.15118254350717919,1.0527083568257434,0.088242234111331808,-2.5735595467171035,0.19860694860872471,0.23616863796894977,0,0,0
2.4711596999999998,4431,3996,4294967271,4432,3996,-25,0.077573288433206045,0.018849555921538759,0.017278759594743863,0.17537315862709255,1.2211230453867712,0.12035570032168563,-3.1997503366237376,0.18260819692560604,0.23088801228500266,0,0,0
2.4761772,4384,3986,4294967275,4385,3986,-21,0.07861054150756186,0.026703537555513242,0.018849555921538759,0.19033767397245546,1.3842497953909136,0.21076737140058294,-1.1149419047466509,0.17703348740187277,0.22359882143450804,0,0,0
2.4811328000000001,4337,3977,4294967279,4338,3977,-17,0.079647794581917675,0.033772121026090278,0.019634954084936207,0.19832106469815663,1.3979964545645021,0.18572140192480358,-3.1636509594004441,0.16121523260487056,0.2092959505752342,0,0,0
2.4861306000000001,4291,3968,4294967283,4292,3968,-13,0.080662978441925492,0.040840704496667317,0.020420352248333658,0.20052099831412462,1.4053301335259003,0.17235967547964434,-4.5732207981595314,0.13834912861407289,0.18799765898700241,0,0,0
2.4910323000000001,4249,3959,4294967287,4250,3959,-9,0.081589885444541321,0.047909287967244349,0.021205750411731106,0.19345819564855149,1.4092425639156909,0.1652313535447345,-5.4892516417261765,0.110902870405442,0.16203869917361244,0,0,0
2.4954219000000002,4215,3953,4294967290,4216,3953,-6,0.082340238732373186,0.052621676947629037,0.021205750411731103,0.17321739243497691,1.1914912410598162,0.08814895939097929,-8.0758254440701922,0.07052374318509104,0.1306865155549235,0,0,0
2.5017608,4174,3944,4294967293,4175,3944,-3,0.083245076520641018,0.059690260418206069,0.023561944901923447,0.17683293680546039,1.295162061372924,0.26686497795321173,-1.6084625741387288,0.062481430314397395,0.097713194498924627,0,0,0
2.5067859000000001,4148,3939,0,4149,3939,0,0.083818876093688918,0.063617251235193309,0.022776546738525992,0.14787513272911595,1.0573511322355447,0.06908976837531064,-8.9231361418746058,0.017865749605024364,0.05979224326147474,0,0,0
2.5117362000000001,4129,3935,1,4130,3935,1,0.084238191166300838,0.066758843888783101,0.024347343065320895,0.11801271727119148,0.85720231431742544,0.18341760722850561,-2.9107605281601234,0.0033119469642237474,0.03157858558567575,0,0,0
2.5166952,4117,3932,2,4118,3932,2,0.084503021738476791,0.069115038378975438,0.025132741228718336,0.087667702414129856,0.67714578422012961,0.17113062844484955,-2.2022022302708084,-0.0076990641871302942,0.0093096792703628722,0,0,0
2.5217253999999998,4111,3930,3,4112,3930,3,0.084635437024564775,0.070685834705770348,0.025132741228718343,0.059124336787581611,0.50780825039802036,0.091296152296264296,-4.415754123015903,-0.029777834802209809,-0.013530279956816438,0,0,0
2.5267116000000001,4109,3930,3,4110,3930,3,0.084679575453260769,0.070685834705770348,0.025132741228718343,0.035660350095275933,0.27090965414515289,0.048705410012496689,-4.7959604021824909,-0.053757636813122261,-0.037765983179433166,0,0,0
2.5316988,4112,3930,3,4113,3930,3,0.084613367810216777,0.070685834705770348,0.025132741228718343,0.012847041311806917,0.14452707424804861,0.025983756213376369,-4.745303064918958,-0.077484152137717061,-0.062319782588207286,0,0,0
2.536683,4118,3930,2,4119,3930,2,0.084480952524128794,0.070685834705770348,0.026703537555513246,-0.0055009180307201535,0.077103472951573604,0.16042106308568541,1.8073925152684298,-0.06844718956137491,-0.074385989956087611,0,0,0
2.5410477,4127,3931,1,4128,3931,1,0.084282329594996833,0.069900436542372907,0.027488935718910701,-0.021466666623943087,-0.03214573469058684,0.15886224600840543,2.8067347269042218,-0.054413515926853798,-0.077881743266879563,0,0,0
2.5455568999999998,4138,3932,0,4139,3932,0,0.084039568237168877,0.069115038378975438,0.028274333882308121,-0.034102423889223576,-0.090428885928821187,0.15803063566148387,3.5868235956790961,-0.036479397948458316,-0.073020948719011269,0,0,0
2.5515455999999999,4155,3934,4294967294,4156,3934,-2,0.083664391593252951,0.067544242052180556,0.029845130209103038,-0.053198111488491878,-0.19480177231769466,0.23086650073699461,7.9893481459862237,0.0034673427814728014,-0.047093638966864915,0,0,0
2.5565289999999998,4167,3935,4294967293,4168,3935,-3,0.083399561021076998,0.066758843888783101,0.030630528372500479,-0.053089882100295069,-0.1772039449469483,0.19644404806707838,6.8388346853461393,0.037661516208203495,-0.016455291496634199,0,0,0
2.5615253,4176,3936,4294967292,4177,3936,-4,0.083200938091945037,0.06597344572538566,0.031415926535897941,-0.046854812222423714,-0.16781571361557676,0.17808007950153287,6.2187219866536685,0.068755126141471834,0.019233929071589054,0,0,0
2.5660546000000002,4178,3935,4294967292,4179,3935,-4,0.083156799663249042,0.066758843888783101,0.032201324699295382,-0.029114704856414445,-0.016248165419848956,0.16828312096664105,4.9787894811264692,0.093649073547104181,0.053667840447671242,0,0,0
2.5710427,4175,3933,4294967293,4176,3933,-3,0.08322300730629302,0.068329640215577997,0.032201324699295375,-0.0093550175283684256,0.1378908358304663,0.0897770409673459,0.57126484262218558,0.096505397760215106,0.079207547214900476,0,0,0
2.5760350000000001,4167,3930,4294967294,4168,3930,-2,0.083399561021076998,0.070685834705770348,0.03298672286269283,0.011482091658433011,0.29340167666220385,0.12117450150149478,0.70201596032553226,0.10001547756184277,0.099992696119489841,0,0,0
2.5810295999999999,4153,3925,0,4154,3925,0,0.083708530021948946,0.074612825522757595,0.033772121026090278,0.034953102838679875,0.52292389686553387,0.13792467278696546,-0.29051190682168304,0.098562918027734356,0.1126811034919506,0,0,0
2.5860131000000002,4135,3920,2,4136,3920,2,0.084105775880212869,0.078539816339744828,0.034557519189487726,0.055711048840089469,0.64537126798479905,0.14686068969150023,-1.183166536967815,0.092647085342895286,0.1178525531841834,0,0,0
2.5905740000000002,4115,3914,4,4116,3914,4,0.084547160167172786,0.083252205320129516,0.036128315516282622,0.070903386352795195,0.7839750015543574,0.22490746758387531,0.91500947187932091,0.097222132702291894,0.12304750247095188,0,0,0
2.5968125999999998,4086,3906,7,4087,3906,7,0.085187167383264678,0.0895353906273091,0.037699111843077511,0.097540309856147187,1.0044774813785149,0.26654449413748921,0.76029973736453904,0.10102363138911459,0.1198776228178778,0,0,0
2.6014035999999998,4064,3899,10,4065,3899,10,0.08567269009892059,0.095033177771091243,0.038484510006474966,0.097337019489444856,1.048833409128743,0.21547783266027054,-2.023669034291121,0.09090528621765899,0.11635634496964002,0,0,0
2.6063575999999999,4041,3892,13,4042,3892,13,0.086180282028924499,0.10053096491487339,0.039269908169872421,0.099287676762496377,1.0724967683527868,0.18823437691039357,-3.8215552201368839,0.071797510116974578,0.10514348196807666,0,0,0
2.6113697999999999,4017,3885,16,4018,3885,16,0.086709943173276405,0.10602875205865551,0.040055306333269855,0.10238743945019037,1.0851208886940238,0.17370031770766481,-5.0935917802340773,0.046329551215804191,0.084865662258796798,0,0,0
2.6163433,3997,3878,19,3998,3878,19,0.087151327460236322,0.11152653920243766,0.04084070449666731,0.095804684878400617,1.0918557065565762,0.16594657020779791,-5.8313872773193163,0.017172614829207608,0.059571650618849448,0,0,0
2.6213370999999999,3980,3871,22,3981,3871,22,0.087526504104152247,0.1170243263462198,0.041626102660064765,0.086115532919612992,1.0954486516819153,0.1618100382552915,-6.3341008151795926,-0.014497889246690356,0.028449383252867683,0,0,0
2.6263668999999998,3968,3865,25,3969,3865,25,0.0877913346763282,0.12173671532660449,0.041626102660064765,0.070650934423225245,1.0240859258262101,0.086323728428193858,-9.4460278819440298,-0.061728028656410507,-0.013010734143033803,0,0,0
2.6312962999999998,3962,3861,27,3963,3861,27,0.087923749962416184,0.12487830798019428,0.041626102660064765,0.050046093715573725,0.83945572285035808,0.046052681095023945,-10.405544238617821,-0.11375574984949961,-0.06289335039298237,0,0,0
2.6362838000000002,3964,3857,29,3965,3857,29,0.087879611533720189,0.12801990063378407,0.041626102660064751,0.022580774477446365,0.7409577083070078,0.02456855692701037,-10.712768120246277,-0.167319590450731,-0.11886418276894897,0,0,0
2.6413234999999999,3975,3855,30,3976,3855,30,0.087636850175892234,0.12959069696057895,0.041626102660064751,-0.010603638618595515,0.54185115196797684,0.013107032535853864,-9.9205031289741292,-0.21692210609560164,-0.1775254274465298,0,0,0
2.6462732,3997,3855,31,3998,3855,31,0.087151327460236322,0.12959069696057895,0.040055306333269855,-0.050957340705108593,0.28907113671891127,-0.13956659281661232,-14.710698097115852,-0.29047559658118088,-0.24817131844490123,0,0,0
2.6512726999999998,4032,3857,31,4033,3857,31,0.08637890495805646,0.12801990063378407,0.038484510006474973,-0.099253993615070119,0.0076569703336746009,-0.22101615376585651,-16.089070204767705,-0.37092094760501942,-0.32730816168268539,0,0,0
2.6562453000000001,4084,3863,29,4085,3863,29,0.085231305811960673,0.12330751165339937,0.036913713679680049,-0.16002455724834544,-0.43559221326525005,-0.26446852455688113,-14.642194457769294,-0.44413191989386591,-0.40625642315497873,0,0,0
2.6608542000000002,4146,3870,26,4147,3870,26,0.083863014522384913,0.11780972450961724,0.036128315516282608,-0.21303603186279954,-0.74533989339314544,-0.21437032761154745,-9.7017835588143022,-0.49264083768793743,-0.48093926050009705,0,0,0
2.6658238999999999,4231,3882,22,4232,3882,22,0.081987131302805244,0.10838494654884787,0.03298672286269283,-0.28867655830336403,-1.2769841884445596,-0.40748209403212565,-13.43916783125947,-0.55983667684423477,-0.55263244879496409,0,0,0
2.6717995000000001,4354,3900,16,4355,3900,16,0.079272617938001735,0.094247779607693788,0.028274333882308128,-0.40727606834665075,-2.0002872043031172,-0.65706396025110747,-17.533269741322879,-0.59999999999999998,-0.59054939670161444,0,0,0
2.6768171000000001,4469,3917,8,4470,3917,8,0.076734658287982191,0.080896010829937165,0.02748893571891068,-0.45407461246221903,-2.3128812302219197,-0.42381531717114085,-4.1740430040231757,-0.59999999999999998,-0.62152551339601303,0,0,0
2.6811063000000002,4574,3932,2,4575,3932,2,0.074417390781442605,0.069115038378975438,0.025132741228718336,-0.45844997580107005,-2.3330873818117901,-0.44593898240885343,-3.844007312440306,-0.59999999999999998,-0.65895645452873097,0,0,0
2.6860610999999999,4700,3951,4294967290,4701,3951,-6,0.071636669773595105,0.054192473274423933,0.022776546738525999,-0.50402549555367704,-2.6369852002198346,-0.45774169434445866,-0.7099496957539202,-0.59999999999999998,-0.67666597717376886,0,0,0
2.6909307,4830,3971,4294967281,4831,3971,-15,0.068767671908355629,0.038484510006474966,0.021205750411731106,-0.53657593363786193,-2.872390586541111,-0.39075878131266617,5.3993335735392378,-0.57300333213230381,-0.67578289569592964,0,0,0
2.6956927999999998,4960,3991,4294967273,4961,3991,-23,0.06589867404311614,0.022776546738526002,0.018064157758141311,-0.55394120471557429,-2.9979765567222123,-0.50158323348764855,3.1285248219552066,-0.5573607080225278,-0.67076474045505918,0,0,0
2.7015839000000001,5121,4015,4294967262,5122,4015,-34,0.062345530533088785,0.0039269908169872417,0.016493361431346415,-0.62703778817844158,-3.3580932533900207,-0.41414772034066272,11.917947897665584,-0.49777096853419989,-0.61197916101989869,0,0,0
2.7061744999999999,5244,4034,4294967254,5245,4034,-42,0.059631017168285269,-0.010995574287564275,0.014137166941154071,-0.58778775497194446,-3.1838136260052785,-0.44078143463032327,10.792942026819354,-0.44380625840010313,-0.57045551509853365,0,0,0
2.7111660999999998,5367,4052,4294967246,5368,4052,-50,0.056916503803481761,-0.025132741228718346,0.012566370614359171,-0.56684832968134724,-3.0175580009837066,-0.38171068473336345,13.727283349473625,-0.37516984165273498,-0.51011686486858954,0,0,0
2.7161471000000001,5477,4068,4294967239,5478,4068,-57,0.054488890225202195,-0.037699111843077518,0.010995574287564272,-0.52890896223915385,-2.7823035663737556,-0.35019714313151434,14.674502878255735,-0.30179732726145631,-0.44241875697377586,0,0,0
2.7211357999999999,5575,4082,4294967234,5576,4082,-62,0.052326107219098583,-0.04869468613064179,0.007853981633974487,-0.48395943837256622,-2.5102390885489418,-0.47994408256285681,8.136783600067929,-0.26111340926111665,-0.38301813816960911,0,0,0
2.7261212000000001,5660,4093,4294967230,5661,4093,-66,0.050450223999518921,-0.057334065928013725,0.0054977871437821429,-0.43321096927415781,-2.1452573717444334,-0.47588301031298041,6.4751828944554006,-0.22873749478883965,-0.33111735989127689,0,0,0
2.731109,5734,4102,4294967226,5735,4102,-70,0.048817102137767215,-0.06440264939859075,0.004712388980384688,-0.38348705247912496,-1.8039849337792075,-0.32715743804657738,10.992701466308088,-0.17377398745729922,-0.27355170603881257,0,0,0
2.7361026000000002,5797,4109,4294967223,5798,4109,-73,0.047426741633843465,-0.069900436542372907,0.0039269908169872331,-0.33430972213664301,-1.4753611137231009,-0.24781411640174211,12.518275914523324,-0.11118260788468259,-0.21089285632935906,0,0,0
2.7410907,5848,4114,4294967222,5849,4114,-74,0.046301211702095668,-0.07382742735936014,0.001570796326794896,-0.28336487889462786,-1.1534851806902657,-0.3520444377806442,5.9217100941695691,-0.08157405741383475,-0.16024986722835502,0,0,0
2.7460718000000002,5888,4117,4294967221,5889,4117,-75,0.045418443128175827,-0.076183621849552477,0.00078539816339745494,-0.23353619883258261,-0.83520916502437659,-0.26109103438285292,7.498732706422448,-0.04408039388172251,-0.11131710286701071,0,0,0
2.7510674000000002,5916,4118,4294967222,5917,4118,-74,0.044800505126431939,-0.076969020012949932,-0.001570796326794896,-0.18224386827204492,-0.5188536624026665,-0.35912751540996146,0.72437541139652417,-0.040458516824739887,-0.081615739606878276,0,0,0
2.7560606000000001,5936,4117,4294967223,5937,4117,-73,0.044359120839472022,-0.076183621849552477,-0.0023561944901923371,-0.13840713865192436,-0.20352273061880866,-0.26486977194636746,2.1536620760697431,-0.029690206444391173,-0.058214483374003249,0,0,0
2.7610545000000002,5948,4115,4294967224,5949,4115,-72,0.044094290267296068,-0.074612825522757595,-0.0023561944901923509,-0.098547883345444634,0.037982085532555651,-0.14130486902340475,5.2075466522238152,-0.0036524731832720952,-0.035080596598381572,0,0,0
2.7660431000000001,5956,4113,4294967227,5957,4113,-69,0.043917736552512097,-0.073042029195962685,-0.0054977871437821291,-0.069047004268795426,0.16682202889045741,-0.36850254200524135,-6.2093305423158274,-0.034699125894851232,-0.03670522515929775,0,0,0
2.7710683999999999,5961,4110,4294967229,5962,4110,-67,0.043807390480772118,-0.070685834705770348,-0.0062831853071795979,-0.047131305816522091,0.3088361236207654,-0.26987123698861426,-3.7149075480664306,-0.053273663635183391,-0.04565190428500529,0,0,0
2.7760720999999999,5965,4107,4294967231,5966,4107,-65,0.043719113623380136,-0.068329640215577997,-0.007068583470577032,-0.033380431421569781,0.38459895192646976,-0.21725261035346627,-2.677500356425794,-0.06666116541731236,-0.059522610175730413,0,0,0
2.7810391000000001,5972,4105,4294967233,5973,4105,-63,0.043564629122944162,-0.066758843888783101,-0.008639379797371928,-0.032221834477935432,0.35173799928292537,-0.26246071896606399,-5.0513073648092641,-0.091917702241358673,-0.080395218550037201,0,0,0
2.7860545999999999,5982,4104,4294967234,5983,4104,-62,0.043343936979464204,-0.06597344572538566,-0.009424777960769383,-0.037781067594293588,0.26092755309366805,-0.21329918723962166,-2.9149367768807339,-0.10649238612576234,-0.10057005569178197,0,0,0
2.7910420999999999,5997,4103,4294967235,5998,4103,-61,0.043012898764244259,-0.065188047561988219,-0.010210176124166838,-0.051042403571073758,0.21248126150502983,-0.18707209552376722,-1.66261175153757,-0.11480544488345019,-0.116895386946687,0,0,0
2.7960185000000002,6016,4104,4294967234,6017,4104,-62,0.042593583691632339,-0.06597344572538566,-0.009424777960769383,-0.066353609437525732,0.040076703300931535,-0.026521215845369456,6.1400522095077701,-0.08410518383591134,-0.11340624798973276,0,0,0
2.8010107999999998,6038,4106,4294967234,6039,4106,-62,0.042108060975976427,-0.067544242052180556,-0.010995574287564279,-0.080699286215684382,-0.12517859464279552,-0.16070779139879526,1.3930397652078748,-0.077139985009871972,-0.10860927905540776,0,0,0
2.8059699,6059,4108,4294967233,6060,4108,-63,0.041644607474668506,-0.069115038378975438,-0.010995574287564265,-0.086293423672754083,-0.2133403280854847,-0.085735692856809223,5.1005623781384246,-0.051637173119179848,-0.0936546405233456,0,0,0
2.8107886999999998,6079,4110,4294967232,6080,4110,-64,0.041203223187708589,-0.070685834705770348,-0.010995574287564279,-0.087218719123306032,-0.26037356296711023,-0.045738971120553591,7.1323467810442605,-0.015975439213958546,-0.067833289663782589,0,0,0
2.8154674000000002,6096,4111,4294967232,6097,4111,-64,0.040828046543792657,-0.071471232869167789,-0.01178097245096172,-0.081535022438754642,-0.21218571436992917,-0.097680715683591601,4.6325218630822418,0.0071871701014526619,-0.040732093404371852,0,0,0
2.8215173999999998,6112,4112,4294967231,6113,4112,-65,0.040474939114224721,-0.072256631032565244,-0.010995574287564279,-0.076443727681451731,-0.18647807100803326,0.02116802074556428,9.5811224081912254,0.055092782142408786,0.0024893413591280597,0,0,0
2.8265047000000001,6118,4112,4294967232,6119,4112,-64,0.040342523828136745,-0.072256631032565244,-0.012566370614359175,-0.053136479932989734,-0.09948383013242687,-0.13526615160430602,1.951662390381018,0.064851094094313874,0.031907177903119796,0,0,0
2.8314954999999999,6118,4111,4294967232,6119,4111,-64,0.040342523828136745,-0.071471232869167789,-0.01178097245096172,-0.028347679246751408,0.020206080660237657,0.0011166382833966426,6.600768595213041,0.097854937070379081,0.067460591920913859,0,0,0
2.8359882999999999,6112,4109,4294967233,6113,4109,-63,0.040474939114224721,-0.069900436542372907,-0.011780972450961734,-0.0027684877118883729,0.15733874198389575,0.00059571322624722646,5.2837645473166273,0.12427375980696222,0.10191313236731316,0,0,0
2.8409792999999999,6101,4106,4294967235,6102,4106,-61,0.040717700472052677,-0.067544242052180556,-0.012566370614359175,0.021173257665302578,0.30377690299171584,-0.072961713380107998,0.68995324570038585,0.12772352603546414,0.12699314858049274,0,0,0
2.8459721,6083,4102,4294967236,6084,4102,-60,0.0411149463303166,-0.06440264939859075,-0.010995574287564265,0.048359665543013464,0.45517943726268706,0.10763483339014526,6.8472619156160706,0.16195983561354449,0.15893417680560265,0,0,0
2.8509627000000002,6058,4096,4294967239,6059,4096,-57,0.041666676689016503,-0.059690260418206069,-0.010995574287564279,0.077277062224362897,0.68250992484129491,0.057421901800216245,2.6875311022540025,0.17539749112481451,0.18264033919811026,0,0,0
2.8559507000000002,6027,4090,4294967241,6028,4090,-55,0.042350822333804383,-0.054977871437821381,-0.009424777960769376,0.10505881055554414,0.80378803270641686,0.1771929393622528,6.230509614905519,0.20655003919934212,0.21064971488573808,0,0,0
2.8609420000000001,5991,4083,4294967244,5992,4083,-52,0.043145314050332235,-0.049480084294039245,-0.008639379797371928,0.13017559375352197,0.94176797825453873,0.16780984226720685,4.2105342832158819,0.22760271061542153,0.23622349631770923,0,0,0
2.8659344999999998,5949,4075,4294967248,5950,4075,-48,0.044072221052948071,-0.043196898986859661,-0.0086393797973719419,0.15592976005248482,1.0886581553058776,0.089524552417430028,-0.9725235650922528,0.22274009278996026,0.24875126501443123,0,0,0
2.8709316,5902,4066,4294967251,5903,4066,-45,0.045109474127303886,-0.036128315516282622,-0.0062831853071795875,0.17996485238256452,1.2403018347530481,0.26759884045101212,4.8083478047745922,0.24678183181383323,0.26679304586575653,0,0,0
2.8759396000000002,5850,4057,4294967256,5851,4057,-40,0.046257073273399681,-0.029059732045705586,-0.0070685834705770355,0.20308283922254033,1.32120193182735,0.06948127527838617,-5.2875339739599116,0.22034416194403367,0.26253358479280015,0,0,0
2.8809439000000001,5796,4047,4294967260,5797,4047,-36,0.047448810848191462,-0.021205750411731103,-0.005497787143782136,0.21953423041710912,1.4376406894766212,0.18362647149887604,-2.1208408145754429,0.20973995787115646,0.25501912405725269,0,0,0
2.8859135999999999,5742,4037,4294967265,5743,4037,-31,0.048640548422983251,-0.013351768777756621,-0.0054977871437821377,0.22831085170129325,1.4997593800239506,0.097962535753730096,-7.1297142406504204,0.17409138666790436,0.2323833338504992,0,0,0
2.8909424000000001,5688,4027,4294967269,5689,4027,-27,0.049832285997775033,-0.0054977871437821377,-0.0039269908169872409,0.23299307463642155,1.5328989616651243,0.19882088478173554,-3.9415595119932973,0.15438358910793787,0.20676856906869154,0,0,0
2.8959204999999999,5640,4018,4294967273,5641,4018,-23,0.050891608286478845,0.0015707963267948967,-0.0031415926535897929,0.22313632323582283,1.4772990145224147,0.17934809358326928,-5.0984380025581117,0.1288913990951473,0.17850806060051461,0,0,0
2.9008815000000001,5598,4011,4294967275,5599,4011,-21,0.051818515289094674,0.0070685834705770346,-0.00078539816339744887,0.20552320217043332,1.3010780662724502,0.31551862996261792,1.2931620042393543,0.13535720911634408,0.16389745007149603,0,0,0
2.9058606,5562,4005,4294967278,5563,4005,-18,0.052613007005622534,0.011780972450961723,-0.00078539816339744974,0.18377215025877891,1.1337867696882955,0.16832543160243715,-4.2812073955726433,0.11395117213848086,0.14510788866709795,0,0,0
2.910876,5531,4001,4294967279,5532,4001,-17,0.053297152650410413,0.014922565104551517,0.000785398163397448,0.16187267178160375,0.89797981663342541,0.23635865177170445,-0.23764275691958403,0.11276295835388293,0.13557629368627722,0,0,0
2.9156257999999999,5505,3997,4294967281,5506,3997,-15,0.053870952223458307,0.018064157758141311,0.00078539816339745147,0.13989400949932107,0.77217961538217328,0.12609452594655376,-4.2193952066142373,0.091665982320811745,0.12271342987293779,0,0,0
2.9215428000000001,5475,3993,4294967282,5476,3993,-14,0.05453302865389819,0.021205750411731103,0.002356194490192344,0.13640509596449307,0.70506670615776601,0.21382896652829825,-0.37995116415933339,0.089766226500015076,0.11040698350605437,0,0,0
2.9267294000000001,5452,3989,4294967283,5453,3989,-13,0.055040620583902099,0.024347343065320895,0.0039269908169872365,0.12013003030377109,0.66926276832806642,0.26063424575719896,2.0038595436155422,0.09978552421809278,0.10964695227110516,0,0,0
2.9316951000000002,5430,3987,4294967284,5431,3987,-12,0.05552614329955801,0.025918139392115794,0.0039269908169872435,0.10938836632932938,0.5036027552977218,0.13904526624197819,-2.3657734973722153,0.087956656731231708,0.10366469404738329,0,0,0
2.9366672,5409,3984,4294967285,5410,3984,-11,0.055989596800865925,0.028274333882308138,0.0047123889803846915,0.10159870625774164,0.48850463046805259,0.14745851295470416,-1.9141634965930621,0.078385839248266392,0.097076611620777006,0,0,0
2.9416894,5390,3981,4294967285,5391,3981,-11,0.056408911873477852,0.030630528372500482,0.0070685834705770355,0.093324794850460843,0.48044996067361723,0.29850591846738889,4.7396597466365273,0.10208413798144902,0.10519663209142724,0,0,0
2.9465984000000001,5370,3979,4294967286,5371,3979,-10,0.056850296160437769,0.032201324699295375,0.0070685834705770285,0.09096987191065381,0.40287337096859738,0.15924935262256318,-0.84506655865374647,0.097858805188180298,0.10671997030273629,0,0,0
2.9515737,5350,3976,4294967286,5351,3976,-10,0.057291680447397693,0.034557519189487719,0.0094247779607693725,0.08971354856683017,0.43476670350552593,0.30479619101415623,5.2806262670058857,0.12426193652320973,0.12102673689315233,0,0,0
2.9565527,5328,3974,4294967287,5329,3974,-9,0.057777203163053605,0.036128315516282622,0.0094247779607693795,0.093161535549781377,0.37850189730716938,0.16260513811598212,-0.63684906533082675,0.12107769119655559,0.12737029710205239,0,0,0
2.9610854999999998,5307,3971,4294967288,5308,3971,-8,0.058240656664361519,0.038484510006474966,0.010210176124166827,0.092941885280702227,0.42176481254481363,0.1600274240271175,-1.0109944938735067,0.11602271872718806,0.13273176413655166,0,0,0
2.9660641999999999,5282,3967,4294967289,5283,3967,-7,0.058792387023061422,0.041626102660064758,0.011780972450961723,0.10106114552882658,0.51812458190199762,0.23193176355048745,1.3617526177720034,0.12283148181604807,0.1383738654454339,0,0,0
2.9710494000000001,5256,3963,4294967290,5257,3963,-6,0.059366186596109316,0.04476769531365455,0.013351768777756616,0.10745178444239045,0.56953137131434062,0.27029187238397634,2.5578940478529262,0.13562095205531269,0.14713133033954903,0,0,0
2.9760458000000001,5228,3959,4294967291,5229,3959,-5,0.059984124597853211,0.047909287967244349,0.014922565104551519,0.11497933472268232,0.59695628126705458,0.2907565336196023,3.0753326201790827,0.1509976151562081,0.15826910636430963,0,0,0
2.9810297000000001,5198,3954,4294967293,5199,3954,-3,0.060646201028293087,0.051836278784231589,0.015707963267948967,0.12311341367774775,0.68486666341808977,0.2283946673850048,-0.30557723590985475,0.14946972897665883,0.16364615777078498,0,0,0
2.9860166000000001,5167,3949,4294967294,5168,3949,-2,0.061330346673080967,0.055763269601218829,0.018064157758141311,0.12951195819499134,0.73176580537893487,0.34168439299466469,4.0492051582461492,0.16971575476788958,0.17699372947478517,0,0,0
2.9910150999999998,5134,3944,0,5135,3944,0,0.062058630746564834,0.059690260418206069,0.018849555921538752,0.13704372602069792,0.75678593909743674,0.25556407386636237,-0.078706060473376027,0.1693222244655227,0.18428237039183465,0,0,0
2.9959988000000002,5099,3938,2,5100,3938,2,0.062831053248744689,0.06440264939859075,0.020420352248333648,0.14518005498601641,0.84341340176578095,0.28289942850246541,0.2902937275470876,0.17077369310325813,0.18998937782452499,0,0,0
3.0010097999999998,5062,3932,4,5063,3932,4,0.063647614179620546,0.069115038378975438,0.021991148575128544,0.15363891011965561,0.8896281214607823,0.29748251466657832,0.26437708197420662,0.17209557851312915,0.19368802374048455,0,0,0
3.0056633000000001,5027,3926,6,5028,3926,6,0.064420036681800408,0.07382742735936014,0.023561944901923447,0.15403338807227543,0.91428312405118028,0.30526241746648863,0.23048603334342488,0.17324800867984627,0.19901240270306622,0,0,0
3.0110682,4983,3918,9,4984,3918,9,0.065391082113112231,0.080110612666539724,0.025132741228718343,0.17277582972668165,1.0739953129030106,0.3094129029600865,-1.0648614449422258,0.16792370145513513,0.19337031327150753,0,0,0
3.0157655999999999,4945,3911,12,4946,3911,12,0.066229712258336085,0.085608399810321853,0.025918139392115784,0.17042003757095392,1.0859203443655376,0.2383476182511497,-4.5113362764642559,0.14536702007281385,0.18296983848622289,0,0,0
3.0218778999999998,4896,3902,15,4897,3902,15,0.067311103761387894,0.092676983280898892,0.028274333882308142,0.19181346340071442,1.2388412452207178,0.34699417375296915,-1.5002488411950257,0.13786577586683874,0.16320292224564403,0,0,0
3.0268750999999998,4859,3895,18,4860,3895,18,0.068127664692263737,0.098174770424681035,0.029059732045705597,0.17851727815588334,1.1738636861218459,0.25839677866722377,-5.1391936168017089,0.11216980778283019,0.14305714433386776,0,0,0
3.0318434000000001,4825,3888,21,4826,3888,21,0.068878017980095602,0.10367255756846318,0.029845130209103038,0.16524659088266372,1.1391989321544291,0.21113112348728391,-7.1932684856560982,0.076203465354549693,0.11493028251336598,0,0,0
3.0368336999999999,4795,3882,23,4796,3882,23,0.069540094410535491,0.10838494654884787,0.031415926535897934,0.14993039621092505,1.0474261794401918,0.25919497862318508,-4.8145678581860327,0.052130626063619526,0.086948148542139031,0,0,0
3.0418208999999998,4771,3877,24,4772,3877,24,0.070069755554887397,0.11231193736583511,0.033772121026090285,0.12940472717639487,0.92518698948848099,0.35811599224213397,0.17484895393001842,0.053004870833269616,0.070172171814247661,0,0,0
3.0468031999999998,4753,3873,26,4754,3873,26,0.07046700141315132,0.1154535300194249,0.033772121026090271,0.10609986560847104,0.78669431809260237,0.1910506170904511,-6.0435602640391695,0.022787069513073768,0.046433387713081441,0,0,0
3.0517967000000001,4739,3870,27,4740,3870,27,0.070775970414023268,0.11780972450961724,0.034557519189487726,0.085430558446575183,0.63953060790749006,0.17520274830537971,-5.8262001841315287,-0.0063439314075838769,0.020131170575881371,0,0,0
3.0567883,4731,3867,28,4732,3867,28,0.070952524128807232,0.12016591899980959,0.035342917352885181,0.062049067648275127,0.56102052108295131,0.16674809903936971,-5.4653917351074091,-0.033670890083120922,-0.0064234022294982242,0,0,0
3.0617711000000001,4727,3866,28,4728,3866,28,0.071040800986199221,0.12095131716320703,0.036128315516282622,0.041338879704544078,0.37257728614749613,0.16223764434159993,-4.4293362094943864,-0.055817571130592852,-0.032914212713658554,0,0,0
3.0667729000000001,4729,3865,28,4730,3865,28,0.070996662557503226,0.12173671532660449,0.036913713679680077,0.017935579495980451,0.27204506446274912,0.15983137047493512,-3.529464797128421,-0.073464895116234954,-0.056556265138830837,0,0,0
3.0717639999999999,4734,3864,28,4735,3864,28,0.07088631648576324,0.12252211349000193,0.037699111843077518,-0.00072713324568046515,0.21841232142300454,0.15854765202316443,-2.8533159880462309,-0.087731475056466113,-0.079256133523485595,0,0,0
3.0767688,4743,3864,28,4744,3864,28,0.070687693556631279,0.12252211349000193,0.037699111843077518,-0.018919909291692509,0.11652037242673517,0.084583284224814495,-5.0819315262214708,-0.11314113268757348,-0.1059949025256906,0,0,0
3.0817798000000001,4758,3864,27,4759,3864,27,0.070356655341411348,0.12252211349000193,0.039269908169872414,-0.040980200232450699,0.062162231059163374,0.19168321342334652,0.40843340660189575,-0.11109896565456399,-0.12058852675438302,0,0,0
3.0867686000000001,4777,3866,25,4778,3866,25,0.069937340268799414,0.12095131716320703,0.04084070449666731,-0.060985543786234483,-0.11339622859831683,0.24881975020746366,4.4295832878908152,-0.08895104921510992,-0.12055162642139658,0,0,0
3.0917713,4799,3868,24,4800,3868,24,0.069451817553143502,0.11938052083641214,0.04084070449666731,-0.077835487118525296,-0.20705457611588041,0.13274237356394494,0.6454746265916711,-0.085723676082151562,-0.11906752047783081,0,0,0
3.0967414,4823,3869,23,4824,3869,23,0.068922156408791596,0.11859512267301468,0.041626102660064751,-0.090942951747303907,-0.18374066985575624,0.1440959947715475,1.6699649194678603,-0.077373851484812267,-0.11154155134625685,0,0,0
3.1017367,4846,3871,22,4847,3871,22,0.068414564478787687,0.1170243263462198,0.041626102660064765,-0.095876517768434394,-0.24458249780118074,0.076873497184547765,-0.52251291770695207,-0.079986416073347028,-0.10683344363071604,0,0,0
3.1067469999999999,4868,3871,21,4869,3871,21,0.067929041763131776,0.1170243263462198,0.043196898986859661,-0.09644940622459848,-0.13048184986624589,0.1875701338525157,4.0357911341703634,-0.059807460402495211,-0.093204786315885288,0,0,0
3.1117172000000002,4889,3872,20,4890,3872,20,0.067465588261823861,0.11623892818282235,0.043982297150257102,-0.09469592513076483,-0.14289003229919711,0.17334595194669769,3.7714320738250202,-0.040950300033370107,-0.075614805270036251,0,0,0
3.1166949000000002,4906,3871,20,4907,3871,20,0.067090411617907936,0.1170243263462198,0.044767695313654557,-0.085524022798368127,-0.0029506112752271108,0.16575752029443153,2.8762063294275451,-0.026569268386232379,-0.058759378302106216,0,0,0
3.1216759999999999,4921,3870,21,4922,3870,21,0.066759373402687991,0.11780972450961724,0.043982297150257102,-0.076512701605943534,0.071705403315243554,0.015150143793853446,-4.0286999762007465,-0.04671276826723611,-0.055961264093872302,0,0,0
3.1266870999999998,4933,3867,22,4934,3867,22,0.066494542830512038,0.12016591899980959,0.044767695313654557,-0.065527938276625855,0.25809253661161863,0.081361940584356252,-2.33132018838629,-0.058369369209167563,-0.05810389601448341,0,0,0
3.1317043,4944,3865,23,4945,3865,23,0.066251781472684082,0.12173671532660449,0.044767695313654557,-0.057608587594259852,0.2842483332658271,0.043405626369815979,-4.3677073541401992,-0.080207905979868557,-0.069562131720149814,0,0,0
3.1366608,4955,3862,24,4956,3862,24,0.066009020114856126,0.12409290981679684,0.045553093477052012,-0.053383708316043388,0.37148165858586552,0.096435904046664425,-2.7150707232156619,-0.093783259595946869,-0.08367405248669682,0,0,0
3.1416594,4968,3859,25,4969,3859,25,0.065722120328332176,0.12644910430698916,0.046338491640449439,-0.055248006060258842,0.41801959879037942,0.12472692565451488,-1.7863532539372793,-0.10271502586563326,-0.097762292168732681,0,0,0
3.1466151999999998,4984,3857,25,4985,3857,25,0.065369012898764234,0.12801990063378407,0.047909287967244349,-0.062419917493208084,0.36956751638138369,0.21309936805912438,2.3432145482205593,-0.090998953124530463,-0.10207879463786036,0,0,0
3.1515677000000002,5003,3855,26,5004,3855,26,0.064949697826152314,0.12959069696057895,0.047909287967244321,-0.072423377621207624,0.34371890742761713,0.1136859750785801,-1.5840190886639158,-0.09891904856785004,-0.10885762015021143,0,0,0
3.1565561999999998,5023,3853,28,5024,3853,28,0.064508313539192397,0.13116149328737386,0.046338491640449453,-0.079819214731920829,0.3299289823795144,-0.08590892475552897,-10.097146359641453,-0.14940478036605731,-0.1354019039151772,0,0,0
3.1611536,5045,3851,29,5046,3851,29,0.064022790823536485,0.13273228961416877,0.046338491640449453,-0.087883026279577475,0.32257222158931265,-0.045831388275516374,-8.4471999666915032,-0.19164078019951483,-0.16956749136500449,0,0,0
3.1661226999999998,5072,3850,30,5073,3850,30,0.063426922036140587,0.1335176877775662,0.045553093477051998,-0.10248052502265903,0.24536795802671385,-0.097730019135178051,-10.245349690388027,-0.24286752865145497,-0.21406524729237389,0,0,0
3.1711109,5108,3850,31,5109,3850,31,0.062632430319612728,0.1335176877775662,0.043982297150257102,-0.12880010912629594,0.13090088354259352,-0.19869683993475712,-13.722111585214964,-0.31147808657752979,-0.27100067649224591,0,0,0
3.1761127999999998,5154,3852,31,5155,3852,31,0.061617246459604917,0.13194689145077132,0.04241150082346222,-0.16343239643526261,-0.076724976100755682,-0.25256143642666079,-14.549143265572749,-0.38422380290539354,-0.3374747734625827,0,0,0
3.1810857000000001,5212,3856,31,5213,3856,31,0.060337232027421146,0.1288052987971815,0.0392699081698724,-0.20661763243449038,-0.33404993820707324,-0.4278565957705569,-20.131385920687336,-0.48488073250883024,-0.42295071533141204,0,0,0
3.1860864000000002,5286,3863,29,5287,3863,29,0.05870411016566944,0.12330751165339937,0.036913713679680049,-0.26260220575456744,-0.69116829890731091,-0.44809495641442387,-18.222855291596606,-0.57599500896681333,-0.51389011876354151,0,0,0
3.1911206000000001,5379,3873,26,5380,3873,26,0.056651673231305807,0.1154535300194249,0.033772121026090271,-0.3315924038973378,-1.1015252493269152,-0.53217140009314889,-18.291370231112936,-0.59999999999999998,-0.57826283243153531,0,0,0
3.1960495,5487,3887,21,5488,3887,21,0.054268198081722237,0.10445795573186062,0.030630528372500479,-0.39928450694933082,-1.613563872640307,-0.57702518153704174,-16.02098716745391,-0.59999999999999998,-0.62027143700585718,0,0,0
3.2010352000000002,5610,3903,15,5611,3903,15,0.051553684716918728,0.091891585117501451,0.027488935718910701,-0.46628409172929031,-2.0332894189407176,-0.60095413977776047,-12.998305972768126,-0.59999999999999998,-0.64431480697855603,0,0,0
3.2060339,5738,3920,9,5739,3920,9,0.048728825280375233,0.078539816339744828,0.023561944901923447,-0.51232312363105126,-2.3304875187107119,-0.68699947332341982,-13.514597174689715,-0.59999999999999998,-0.65970053785585525,0,0,0
3.2110401999999998,5869,3937,2,5870,3937,2,0.045837758200787754,0.065188047561988219,0.021205750411731117,-0.54306172966416577,-2.4890391656329078,-0.58634459547995432,-6.853172849068315,-0.59999999999999998,-0.66954092176056978,0,0,0
3.2160020999999999,6002,3954,4294967292,6003,3954,-4,0.04290255269250428,0.051836278784231589,0.01727875959474387,-0.56357863044501499,-2.573624581088783,-0.67920545542427169,-8.9712613105371304,-0.59999999999999998,-0.67568164939986286,0,0,0
3.2210065999999999,6137,3972,4294967285,6138,3972,-11,0.039923208755524818,0.037699111843077518,0.014137166941154071,-0.57864237320313672,-2.6920294122065016,-0.65546609904102682,-6.0509284649312178,-0.59999999999999998,-0.67873673493855413,0,0,0
3.225641,6262,3988,4294967278,6263,3988,-18,0.037164556962025315,0.025132741228718346,0.012566370614359173,-0.56608759794464814,-2.6086379409514238,-0.49624239653636365,1.2296524280363492,-0.59385173785981826,-0.68738622507694525,0,0,0
3.2315946000000002,6424,4010,4294967270,6425,4010,-26,0.033589344237649955,0.0078539816339744835,0.0078539816339744835,-0.63557685457858359,-3.003826699890376,-0.70441652459876125,-3.0143274165753233,-0.59999999999999998,-0.66637909533185202,0,0,0
3.2365892000000001,6561,4028,4294967263,6562,4028,-33,0.030565861871974499,-0.0062831853071795866,0.0047123889803846889,-0.62117078888354516,-2.9215371193493116,-0.66891590420929059,-0.9972535487123011,-0.59999999999999998,-0.66325607415840171,0,0,0
3.2416008999999999,6696,4045,4294967256,6697,4045,-40,0.027586517934995038,-0.019634954084936207,0.002356194490192344,-0.60936710387032456,-2.8043570888177545,-0.57669722671314483,3.3713130799641888,-0.58314343460017903,-0.65526616498587442,0,0,0
3.2465660000000001,6828,4063,4294967249,6829,4063,-47,0.024673381641059561,-0.033772121026090278,-0.000785398163397448,-0.59689264769661921,-2.8151224573074938,-0.60077917978479678,3.3127880196652306,-0.56657949450185285,-0.64634550651685563,0,0,0
3.2515388000000001,6960,4080,4294967243,6961,4080,-53,0.021760245347124084,-0.047123889803846894,-0.004712388980384688,-0.59023767388510939,-2.7475861339009597,-0.68690613425075497,0.30186970361191001,-0.56507014598379335,-0.6404764865363215,0,0,0
3.2565438000000002,7089,4097,4294967236,7090,4097,-60,0.018913316696232599,-0.060475658581603517,-0.007068583470577032,-0.58050999382198354,-2.7115563096474973,-0.58629480019625546,5.3285906458838319,-0.53842719275437423,-0.62606938107813415,0,0,0
3.2615270000000001,7216,4114,4294967229,7217,4114,-67,0.016110526474037101,-0.07382742735936014,-0.0094247779607693899,-0.57120217182892064,-2.6923348274841699,-0.53261985164939241,8.5075211010795257,-0.49588958724897658,-0.59975362220932893,0,0,0
3.2665106000000002,7339,4130,4294967222,7340,4130,-74,0.013396013109233589,-0.086393797973719322,-0.010995574287564286,-0.55800011859074305,-2.6088008763648984,-0.43070538651769497,13.435517981782969,-0.42871199734006171,-0.55513023287091223,0,0,0
3.2715038000000001,7457,4146,4294967216,7458,4146,-80,0.010791845816170058,-0.09896016858807849,-0.014137166941154078,-0.54066142909662118,-2.5642365082409793,-0.52289427164404889,10.078767361452218,-0.3783181605328006,-0.50534762384231557,0,0,0
3.2764935999999998,7568,4160,4294967210,7569,4160,-86,0.0083421630235424992,-0.10995574287564276,-0.015707963267948974,-0.51699767289733622,-2.393902909975834,-0.42551690540589049,14.059156595787538,-0.30802237755386291,-0.4405305292792403,0,0,0
3.2814561000000002,7668,4172,4294967206,7669,4172,-90,0.0061352415887428961,-0.11938052083641214,-0.018849555921538752,-0.48172312788460736,-2.1564729252046493,-0.52012627876004891,9.0904331858057112,-0.26257021162483435,-0.37952727012416765,0,0,0
3.2864673999999998,7755,4183,4294967202,7756,4183,-94,0.0042152199404672415,-0.12801990063378407,-0.021205750411731103,-0.43613614478629098,-1.9565273365692635,-0.49731973345806924,8.8651437179165313,-0.21824449303525167,-0.32092355176295911,0,0,0
3.2914436,7828,4191,4294967199,7829,4191,-97,0.0026041672930635315,-0.13430308594096366,-0.022776546738525999,-0.38298848851647871,-1.6300201882900329,-0.41187319384851562,10.461151311884532,-0.16593873647582902,-0.26247166065985383,0,0,0
3.2964416000000001,7888,4196,4294967198,7889,4196,-98,0.0012800144321837698,-0.13823007675795088,-0.025132741228718322,-0.32786641341176204,-1.2359939551508936,-0.43956800183388961,6.6470511151828724,-0.13270348089991466,-0.21371729639683948,0,0,0
3.3014263000000001,7935,4200,4294967197,7936,4200,-99,0.00024276135782795631,-0.1413716694115407,-0.026703537555513246,-0.27169100937179791,-0.95250613290166353,-0.38106333278712895,6.7720049981561186,-0.09884345590913407,-0.17106522519077325,0,0,0
3.3064163,7972,4202,4294967197,7973,4202,-99,-0.00057379957304789673,-0.14294246573833558,-0.028274333882308128,-0.22113099767703948,-0.65470971717830995,-0.34985178857745197,5.6554289354860252,-0.07056631123170394,-0.13442367591365176,0,0,0
3.3113842,7999,4203,4294967198,8000,4203,-98,-0.0011696683604437896,-0.14372786390173303,-0.030630528372500479,-0.17356673092525249,-0.42255935652827031,-0.40648032072904478,0.93737661660043159,-0.065879428148701777,-0.11306603322436432,0,0,0
3.3164069999999999,8021,4202,4294967199,8022,4202,-97,-0.0016551910760997021,-0.14294246573833558,-0.03141592653589792,-0.13789620973809036,-0.1521508651949342,-0.29013192966385387,3.6158159514327135,-0.047800348391538211,-0.091906610118194981,0,0,0
3.3213526,8038,4201,4294967201,8039,4201,-95,-0.0020303677200156347,-0.14215706757493815,-0.033772121026090285,-0.10857086016812326,-0.0078911553386901701,-0.37462048719700058,-1.7206252738473253,-0.056403474760774841,-0.084648541727267573,0,0,0
3.3263573000000002,8053,4200,4294967202,8054,4200,-94,-0.0023614059352355752,-0.1413716694115407,-0.034557519189487726,-0.088807914880020905,0.069069681893876467,-0.27313508789036328,1.3769694278161264,-0.049518627621694206,-0.076358491834343276,0,0,0
3.3313386999999999,8066,4199,4294967204,8067,4199,-92,-0.0026483057217595233,-0.14058627124814324,-0.036913713679680063,-0.074146398398491936,0.11012737203785154,-0.36555287452468099,-3.5850010908851679,-0.067443633076120044,-0.080414319145774737,0,0,0
3.3363225999999999,8079,4199,4294967204,8080,4199,-92,-0.0029352055082834719,-0.14058627124814324,-0.036913713679680063,-0.066324653958260343,0.058751641485353168,-0.19501810522303767,3.3489237621676757,-0.050699014265281665,-0.074589279041961262,0,0,0
3.3413485000000001,8092,4199,4294967205,8093,4199,-91,-0.0032221052948074205,-0.14058627124814324,-0.038484510006474973,-0.062151846447838749,0.031343301064489931,-0.2505988752676776,0.67819079592317699,-0.047308060285665782,-0.070722190413719591,0,0,0
3.3463004000000001,8105,4199,4294967205,8106,4199,-91,-0.0035090050813313687,-0.14058627124814324,-0.038484510006474973,-0.059925703334613264,0.016721277853388478,-0.13369151559613082,5.4420828300756172,-0.020097646135287695,-0.055471446183214222,0,0,0
3.3508559,8115,4199,4294967205,8116,4199,-91,-0.003729697224811329,-0.14058627124814324,-0.038484510006474973,-0.052560751706481078,0.008920602602608161,-0.0713228314504563,7.8339883311619261,0.019072295520521934,-0.030405625226941464,0,0,0
3.3558398999999999,8124,4200,4294967205,8125,4200,-91,-0.0039283201539432929,-0.1413716694115407,-0.039269908169872428,-0.046572527458689839,-0.06852048403816989,-0.11132940049373408,6.2245581663684471,0.050195086352364165,0.00024585248717229682,0,0,0
3.3608180999999999,8129,4200,4294967206,8130,4200,-90,-0.0040386662256832731,-0.1413716694115407,-0.04084070449666731,-0.035141440084827676,-0.036554862230161668,-0.20595194793575183,1.5855936063789375,0.058123054384258854,0.024796704512271509,0,0,0
3.3668005999999999,8129,4199,4294967206,8130,4199,-90,-0.0040386662256832731,-0.14058627124814324,-0.040055306333269855,-0.018747539789047096,0.053777935620750429,-0.036593392268720895,7.8806638819237183,0.097526373793877449,0.060332356620151982,0,0,0
3.3718023000000001,8125,4198,4294967207,8126,4198,-89,-0.0039503893682912893,-0.13980087308474581,-0.040840704496667324,-0.0017651481638306793,0.10196940750914946,-0.092801658280006805,4.7064940376956228,0.12105884398235556,0.094673848641009362,0,0,0
3.3767782999999998,8115,4196,4294967207,8116,4196,-89,-0.003729697224811329,-0.13823007675795088,-0.039269908169872386,0.019649417102791486,0.20095850314578487,0.097050459058148186,11.773606187851669,0.17992687492161391,0.14469038607316592,0,0,0
3.3817681999999998,8098,4194,4294967208,8099,4194,-88,-0.0033545205808953966,-0.13665928043115599,-0.039269908169872414,0.045487604487472105,0.25376800681580297,0.051775264142444162,8.9001210405646614,0.22442748012443722,0.19636338770241218,0,0,0
3.3857552000000002,8077,4191,4294967210,8078,4191,-86,-0.00289106707958748,-0.13430308594096366,-0.040055306333269869,0.067508410803462204,0.35522076741220721,-0.045658032458927467,3.5243790597860647,0.24204937542336755,0.24269764416671585,0,0,0
3.3917624000000002,8031,4184,4294967213,8032,4184,-83,-0.0018758832195796625,-0.1288052987971815,-0.0392699081698724,0.13073400529728288,0.70246268416677626,0.04892150271253011,4.1134410643572652,0.26261658074515387,0.27062742948667484,0,0,0
3.3967228999999999,7983,4176,4294967216,7984,4176,-80,-0.0008165609308758531,-0.12252211349000193,-0.037699111843077518,0.16858232753733271,0.96099163077500083,0.17265807767944863,6.8959501283315721,0.29709633138681174,0.30471986763832359,0,0,0
3.4016923000000001,7927,4167,4294967220,7928,4167,-76,0.00041931507261192458,-0.1154535300194249,-0.036913713679680077,0.20524683882194306,1.1721932642848341,0.16539054756468485,4.2141267306637689,0.31816696504013059,0.33240140374360178,0,0,0
3.4067194000000001,7864,4158,4294967224,7865,4158,-72,0.0018096755765356744,-0.10838494654884787,-0.036128315516282622,0.23922069079700259,1.284866820581319,0.1615134067968137,2.0586023291549722,0.32845997668590543,0.35223345967433428,0,0,0
3.4116941000000001,7796,4147,4294967228,7797,4147,-68,0.0033103821521994043,-0.099745566751475931,-0.033772121026090271,0.26764088754779203,1.4915358596304107,0.30600403695370465,5.9575966816990373,0.35824796009440063,0.37694357086030567,0,0,0
3.4166783000000001,7723,4136,4294967233,7724,4136,-63,0.0049214347996031143,-0.09110618695410401,-0.032986722862692837,0.29309827537440747,1.601791330760342,0.23652902883261903,1.1257839135925618,0.36387687966236343,0.39248466973149626,0,0,0
3.4216316,7645,4124,4294967238,7646,4124,-58,0.006642833518746805,-0.081681408993334634,-0.031415926535897941,0.31697503992379772,1.7338908308778169,0.27274445866358044,0.65787547874957042,0.36716625705611128,0.4023305686692053,0,0,0
3.4267303,7562,4111,4294967243,7563,4111,-53,0.0084745783096304757,-0.071471232869167789,-0.029059732045705583,0.34000856077828689,1.8776438603215966,0.36534447848416218,2.5602881847923271,0.3799676979800729,0.41127776132619259,0,0,0
3.4315731,7478,4099,4294967249,7479,4099,-47,0.010328392314862142,-0.06204645490839842,-0.02905973204570559,0.35435578011277602,1.8810548702961021,0.19490692841718971,-6.0737441906947387,0.3495989770265992,0.40194455524109157,0,0,0
3.4365389999999998,7395,4087,4294967254,7396,4087,-42,0.012160137105745813,-0.052621676947629037,-0.02748893571891069,0.35995074050527742,1.882874603496095,0.25053956376575115,-4.8753570468371024,0.32522219179241368,0.38717293287581478,0,0,0
3.4406978000000001,7327,4077,4294967258,7328,4077,-38,0.013660843681409542,-0.04476769531365455,-0.025918139392115791,0.33204893130399349,1.7372863709032202,0.28021891220022266,-3.2072140741736437,0.30918612142154545,0.38313580719702861,0,0,0
3.4462929999999998,7240,4065,4294967263,7241,4065,-33,0.015580865329685197,-0.035342917352885174,-0.024347343065320898,0.35628674336690475,1.8061758211959535,0.29605249114135596,-4.3097625162610242,0.2876373088402403,0.35635886743887024,0,0,0
3.4512779,7166,4056,4294967266,7167,4056,-30,0.017213987191436905,-0.028274333882308138,-0.021991148575128551,0.34244889404120393,1.6230889646528883,0.37777903623781911,-0.43572298056642111,0.28545869393740819,0.34307017560696179,0,0,0
3.456261,7096,4047,4294967270,7097,4047,-26,0.018758832195796625,-0.021205750411731103,-0.021205750411731103,0.3268301251687466,1.525414307051858,0.27482013618876783,-4.7249127702117519,0.26183413008634943,0.32408021383856628,0,0,0
3.4607730000000001,7036,4040,4294967272,7037,4040,-24,0.020082985056676387,-0.015707963267948967,-0.018849555921538759,0.29790659535057984,1.3267470018362728,0.36645182772479379,0.19407145991135089,0.26280448738590617,0.3199835443692946,0,0,0
3.4667541000000002,6960,4031,4294967275,6961,4031,-21,0.021760245347124084,-0.0086393797973719298,-0.016493361431346415,0.31542200084379968,1.3673193989986312,0.4153362439257971,1.2234919588473652,0.26892194718014301,0.30537689965429038,0,0,0
3.4717465999999999,6898,4024,4294967278,6899,4024,-18,0.02312853663669984,-0.0031415926535897933,-0.015707963267948967,0.29593871740697547,1.2424052511277335,0.29485645922493936,-3.3768500781265285,0.25203769678951038,0.29399145003588933,0,0,0
3.4767389,6836,4018,4294967280,6837,4018,-16,0.024496827926275593,0.0015707963267948967,-0.014137166941154071,0.28554461771807688,1.1024855215377996,0.30386144816182858,-2.5656721912223226,0.23920933583339876,0.28104275689892788,0,0,0
3.481722,6777,4012,4294967282,6778,4012,-14,0.025798911572807358,0.0062831853071795866,-0.012566370614359171,0.2738221585282738,1.0278400120928823,0.30866550252006653,-2.1075414928737377,0.22867162836903007,0.2690653690665103,0,0,0
3.4867176,6722,4007,4294967283,6723,4007,-13,0.02701271836194714,0.010210176124166829,-0.010210176124166829,0.25933192510132996,0.91473800245857362,0.38450792760115726,1.7495090099305433,0.23741917341868279,0.26733172623798296,0,0,0
3.4917180999999999,6668,4002,4294967284,6669,4002,-12,0.028204455936738926,0.014137166941154069,-0.0078539816339744817,0.24954244786820445,0.85439942724019846,0.42496895818138891,3.875964602091722,0.25679899642914139,0.27454146839328103,0,0,0
3.4967044,6615,3997,4294967285,6616,3997,-11,0.029374124297182714,0.018064157758141311,-0.005497787143782136,0.24226076808360375,0.82220951592779068,0.44655443614921531,5.0793821095351532,0.28219590697681718,0.29120610215425841,0,0,0
3.5017423999999999,6560,3993,4294967285,6561,3993,-11,0.030587931086322497,0.021205750411731103,-0.002356194490192344,0.24249429916082196,0.73175706229732507,0.53134955087757685,9.1740724926082073,0.32806626943985823,0.32252516377904628,0,0,0
3.5067465000000002,6501,3987,4294967287,6502,3987,-9,0.031890014732854265,0.025918139392115794,-0.000785398163397448,0.25085532626030027,0.83006079405953592,0.43002769618382752,4.2451639680937863,0.34929208928032718,0.35141875248783189,0,0,0
3.5117842000000001,6437,3981,4294967288,6438,3981,-8,0.033302444451126005,0.030630528372500482,0.002356194490192344,0.2656113859607645,0.88250466426448926,0.52253273192148308,7.6080728888639406,0.38733245372464686,0.38847461563797409,0,0,0
3.5157327999999999,6381,3975,4294967290,6382,3975,-6,0.034538320454613788,0.035342917352885174,0.00392699081698724,0.25701068598062732,0.91048284446955974,0.42532402826944526,3.4950962766485461,0.40480793510788959,0.43307358554774322,0,0,0
3.5217817,6284,3963,4294967294,6285,3963,-2,0.036679034246369403,0.04476769531365455,0.007068583470577032,0.33684583573772275,1.3650859861714675,0.5200233811047128,3.3686953978119512,0.42165141209694934,0.44463259006648803,0,0,0
3.5257170000000002,6215,3954,1,6216,3954,1,0.03820181003638113,0.051836278784231589,0.009424777960769383,0.32178185002742982,1.387772790565986,0.49726483878434619,2.3372035611103357,0.43333742990250101,0.47956759726560932,0,0,0
3.5316787000000001,6102,3939,7,6103,3939,7,0.04069563125770468,0.063617251235193309,0.01178097245096172,0.40434624460633029,1.8395530462874765,0.48512342748583648,-2.7299324724744096,0.41968776754012899,0.46639127820830584,0,0,0
3.5366474999999999,6005,3925,11,6006,3925,11,0.042836345049460295,0.074612825522757595,0.016493361431346422,0.41544760165879036,2.0072929132129693,0.69848468702509559,4.7926520455827593,0.44365102776804277,0.47632134582938562,0,0,0
3.5417168000000001,5905,3912,16,5906,3912,16,0.045043266484259895,0.084823001646924412,0.018849555921538752,0.42754737422938965,2.0235006153269071,0.5924718202134347,-0.71758777194748902,0.44006308890830531,0.47687680073523231,0,0,0
3.5466361000000002,5809,3898,21,5810,3898,21,0.047161911061667512,0.095818575934488698,0.021991148575128558,0.42576601774983275,2.1054267506806639,0.60919473755900588,-1.0095449688495286,0.43501536406405766,0.47878617793442868,0,0,0
3.5516263000000001,5710,3884,27,5711,3884,27,0.049346763282119122,0.10681415022205297,0.023561944901923454,0.43099301607016344,2.1491333682410096,0.47155717622713367,-8.0384589050628286,0.39482306953874352,0.4608448196587292,0,0,0
3.5566013000000001,5613,3870,32,5614,3870,32,0.051487477073874736,0.11780972450961724,0.026703537555513232,0.42966333690077158,2.1724503282113274,0.54468821495379127,-5.8495842971539211,0.36557514805297392,0.43851572505287584,0,0,0
3.5615858,5519,3857,37,5520,3857,37,0.053561983222586367,0.12801990063378407,0.029059732045705583,0.42277663811076749,2.1116101293839238,0.5104232339115703,-7.7146722562265921,0.32700178677184094,0.40695291594296246,0,0,0
3.5665808000000001,5431,3844,42,5432,3844,42,0.055504074085210013,0.13823007675795088,0.031415926535897906,0.40674800474304418,2.0791526078498861,0.49214327458408041,-8.7959702291643254,0.28302193562601929,0.36851565808130804,0,0,0
3.5715311999999999,5352,3833,46,5353,3833,46,0.057247542018701698,0.14686945655532285,0.033772121026090299,0.37966492736041274,1.9152778680611167,0.48239113397724132,-8.6064862580199168,0.2399895043359197,0.32793241016135061,0,0,0
3.5765446000000001,5280,3823,49,5281,3823,49,0.058836525451757417,0.15472343818929729,0.036913713679680049,0.35080265626763607,1.7545731266611293,0.5504680023928552,-4.9017022246997222,0.21548099321242109,0.29217923793091266,0,0,0
3.5815437999999999,5217,3815,52,5218,3815,52,0.060226885955681167,0.1610066234964769,0.038484510006474973,0.31687298599331049,1.522280022358333,0.44022716238733384,-8.2845365533753537,0.17405831044554432,0.25227053328435656,0,0,0
3.5865195000000001,5161,3808,54,5162,3808,54,0.061462761959168943,0.16650441064025903,0.040840704496667296,0.2843581391282653,1.3250748982781875,0.45469450638452091,-6.4252595555839243,0.1419320126676247,0.21388541797566624,0,0,0
3.5915102000000001,5113,3802,56,5114,3802,56,0.062522084247872756,0.17121679962064371,0.042411500823462206,0.25053897344034798,1.1465887937872687,0.38913314282472483,-7.9463156001897968,0.10220043466667572,0.17276977829042903,0,0,0
3.5965102,5073,3797,58,5074,3797,58,0.06340485282179259,0.17514379043763098,0.043196898986859661,0.21602396919344113,0.97808906332410883,0.28087741683786172,-11.312328143425605,0.045638793949547694,0.12279738640993799,0,0,0
3.6014553,5043,3793,58,5044,3793,58,0.06406692925223248,0.17828538309122074,0.046338491640449425,0.17701952283655248,0.81491694447792939,0.44296283410749637,-2.8572694319353396,0.031352446789870994,0.087916533732832147,0,0,0
3.6064609000000001,5020,3791,58,5021,3791,58,0.064574521182236388,0.17985617941801565,0.047909287967244335,0.14179734336650529,0.58130752369136052,0.38287443537634858,-3.4979965207877157,0.013862464185932417,0.056565911789977025,0,0,0
3.6114617,5005,3790,58,5006,3790,58,0.064905559397456319,0.18064157758141311,0.04869468613064179,0.10653384797519545,0.38340016044301789,0.27753847094852985,-6.1886982111651818,-0.017081026869893493,0.023967496362190109,0,0,0
3.6164420000000002,4997,3790,57,4998,3790,57,0.065082113112240297,0.18064157758141311,0.050265482457436672,0.073307421294642919,0.20453941971876835,0.29462250765470754,-3.6927327853603487,-0.035544690796695241,-0.0027652766067960514,0,0,0
3.6214035,4994,3790,56,4995,3790,56,0.065148320755284275,0.18064157758141311,0.05183627878423161,0.045285967037451337,0.10911934457864769,0.30373663778522181,-1.9221952495555499,-0.045155667044472991,-0.023870631767221127,0,0,0
3.6264129000000001,4995,3791,55,4996,3791,55,0.065126251540936278,0.17985617941801565,0.052621676947629037,0.022100413845303778,-0.015065648451642558,0.23531939837848292,-3.4252165717162093,-0.062281749903054039,-0.045563111319235773,0,0,0
3.6314047999999999,4999,3791,53,5000,3791,53,0.065037974683544303,0.17985617941801565,0.055763269601218815,0.0035538665437727518,-0.0080373440335164241,0.41865817380571047,5.2784790759035776,-0.03588935452353615,-0.048123771324820368,0,0,0
3.6363842000000002,5006,3792,52,5007,3792,52,0.064883490183108322,0.1790707812546182,0.05654866776461627,-0.012517826360615467,-0.077567346617900795,0.2966286692553135,1.2390085380683971,-0.029694311833194164,-0.048753409995365177,0,0,0
3.6414016,5014,3793,51,5015,3793,51,0.064706936468324358,0.17828538309122074,0.057334065928013711,-0.023150993391499435,-0.11466077497020349,0.2315273818159278,-0.72026061758066362,-0.033295614921097484,-0.050226722298620137,0,0,0
3.6463359999999998,5023,3793,50,5024,3793,50,0.064508313539192397,0.17828538309122074,0.058904862254808607,-0.030882771635779342,-0.061170157961880418,0.27007613954433435,1.2672827045053143,-0.026959201398570914,-0.046635083816548697,0,0,0
3.6508178999999998,5031,3793,50,5032,3793,50,0.064331759824408433,0.17828538309122074,0.058904862254808607,-0.032948472989339186,-0.032633550802824839,0.14408240413476137,-3.9071657233875516,-0.04649503001550867,-0.053437277121022482,0,0,0
3.6568206000000001,5043,3792,50,5044,3792,50,0.06406692925223248,0.1790707812546182,0.059690260418206062,-0.04228694111209718,0.055869908568694088,0.15014576603368837,-3.6259904976065238,-0.064624982503541289,-0.061051015482461821,0,0,0
3.6608030999999999,5051,3791,50,5052,3791,50,0.063890375537448502,0.17985617941801565,0.060475658581603517,-0.039032461593740714,0.10308545016376473,0.15338049739874149,-3.6332601667551225,-0.082791283337316904,-0.076721637816611163,0,0,0
3.6667993000000001,5065,3791,49,5066,3791,49,0.063581406536576554,0.17985617941801565,0.062046454908398413,-0.049650897104320899,0.054994860027133906,0.22838570735189251,0.24841512161603774,-0.081549207729236711,-0.083199289683979563,0,0,0
3.6717702000000001,5079,3790,49,5080,3790,49,0.06327243753570462,0.18064157758141311,0.062831853071795868,-0.055315705995233014,0.10261862218771574,0.19512057433967012,-1.0268478354716226,-0.086683446906594824,-0.091573077181607523,0,0,0
3.6767655000000001,5096,3789,49,5097,3789,49,0.062897260891788681,0.18142697574481056,0.063617251235193323,-0.064515144865005203,0.12802533215334125,0.17737402202908797,-1.5085430216567817,-0.094226162014878739,-0.099296841535005495,0,0,0
3.6817337999999999,5113,3788,48,5114,3788,48,0.062522084247872756,0.18221237390820802,0.065973445725385674,-0.069422935946747977,0.14157950935380811,0.3144654862975011,4.6540869527389006,-0.070955727251184236,-0.094638614535024576,0,0,0
3.6867344000000002,5132,3787,49,5133,3787,49,0.062102769175260829,0.18299777207160545,0.065188047561988205,-0.076159404567863034,0.14881050147479316,0.094484072706870398,-4.4683194739632519,-0.093297324621000488,-0.10207477612413791,0,0,0
3.691732,5151,3786,49,5152,3786,49,0.061683454102648902,0.1837831702350029,0.06597344572538566,-0.079753230353236823,0.15266814965811487,0.12368564687891895,-3.1017376533988603,-0.1088060128879948,-0.11206370265521426,0,0,0
3.6967127999999998,5172,3785,50,5173,3785,50,0.061220000601340988,0.18456856839840036,0.065188047561988219,-0.08578871413663075,0.1547261590235362,-0.0072946996432136091,-8.5964329850869543,-0.15178817781342957,-0.13653396045351729,0,0,0
3.7016954000000002,5195,3783,50,5196,3783,50,0.060712408671337079,0.18613936472519524,0.066758843888783101,-0.0931267933844864,0.22910360180335754,0.14266740319629173,-2.3556788972996392,-0.16356657229992777,-0.15635195750364209,0,0,0
3.7066935000000001,5222,3783,50,5223,3783,50,0.060116539883941188,0.18613936472519524,0.066758843888783101,-0.10527801232558255,0.12222404318816946,0.076111360592114444,-4.405334877783476,-0.18559324668884514,-0.1798146527623308,0,0,0
3.7116742999999999,5254,3782,50,5255,3782,50,0.059410325024805311,0.18692476288859269,0.067544242052180556,-0.12205609423650179,0.13848459077791075,0.1138840237646514,-2.4022759244098175,-0.19760462631089423,-0.19935475001042013,0,0,0
3.7166548000000001,5291,3783,50,5292,3783,50,0.058593764093929461,0.18613936472519524,0.066758843888783101,-0.14130255244093082,0.00060036068762256423,-0.012523748848039931,-6.7032831306372742,-0.23112104196408062,-0.22617433452244692,0,0,0
3.7216225999999999,5334,3784,49,5335,3784,49,0.057644787876965628,0.18535396656179778,0.067544242052180542,-0.16392497026500091,-0.072959234014811747,0.066598248425771125,-2.355829737120172,-0.24290019064968149,-0.24554585558138622,0,0,0
3.7266263999999998,5381,3786,49,5382,3786,49,0.056607534802609813,0.1837831702350029,0.06597344572538566,-0.18423020181671182,-0.18548192106606373,-0.11102966616135701,-8.8902432485736718,-0.28735140689254984,-0.27773485819627081,0,0,0
3.7316091999999998,5434,3788,48,5435,3788,48,0.055437866442166028,0.18221237390820802,0.065973445725385674,-0.20741746261272015,-0.24551143458547775,-0.059233004654903519,-5.7754472168250306,-0.31622864297667497,-0.30813807244639968,0,0,0
3.7366111000000002,5492,3791,47,5493,3791,47,0.054157852009982257,0.17985617941801565,0.065188047561988205,-0.23008314142601805,-0.35081598445409778,-0.10487962187495387,-6.5851691205827789,-0.34915448857958886,-0.34213416619999465,0,0,0
3.7416030999999998,5557,3795,45,5558,3795,45,0.052723353077362513,0.17671458676442586,0.065188047561988205,-0.25658878298845311,-0.48027422703873079,-0.055952029268425858,-3.0565593805608411,-0.36443728548239307,-0.36923314983462491,0,0,0
3.7465736000000001,5627,3800,43,5628,3800,43,0.051178508073002789,0.17278759594743864,0.064402649398590778,-0.28102477842234475,-0.62261817704323064,-0.10312926057910111,-3.5427905249704055,-0.38215123810724511,-0.39532732624392092,0,0,0
3.7515505,5702,3805,41,5703,3805,41,0.049523316996903093,0.16886060513045137,0.063617251235193295,-0.30435664229388504,-0.69855697920950388,-0.12829775165400187,-3.3762854946248222,-0.39903266558036921,-0.41972877397955666,0,0,0
3.7565520999999999,5784,3811,38,5785,3811,38,0.047713641420367416,0.16414821615006669,0.063617251235193309,-0.3312176856513559,-0.81234894510894651,-0.068445322621172602,0.77692421606395978,-0.39514804450004942,-0.43145575126990166,0,0,0
3.7615465000000001,5869,3817,36,5870,3817,36,0.045837758200787754,0.15943582716968199,0.062046454908398413,-0.35172506318500996,-0.87305560377814673,-0.18307380309331808,-2.9097050065991956,-0.4096965695330454,-0.44603546453375276,0,0,0
3.7665093999999999,5956,3824,33,5957,3824,33,0.043917736552512097,0.15393804002589986,0.061261056745000972,-0.36678372540416515,-0.97872140252011253,-0.17094721303305915,-1.1071784692119717,-0.41523246187910523,-0.4574025248048294,0,0,0
3.7711152000000001,6039,3830,30,6040,3830,30,0.04208599176162843,0.14922565104551519,0.061261056745000986,-0.36658090131496501,-0.96181332849256296,-0.091198302358349609,2.7639257444898444,-0.40141283315665599,-0.46435612156810113,0,0,0
3.7761007000000002,6131,3836,28,6132,3836,28,0.040055624041612795,0.14451326206513049,0.059690260418206076,-0.38500468944327648,-0.95279307235558097,-0.19521224681994048,-0.76828542193382887,-0.40525426026632516,-0.46719868070696863,0,0,0
3.7810877999999999,6224,3843,25,6225,3843,25,0.038003187107249162,0.13901547492134836,0.058904862254808635,-0.39689267126523708,-1.0212603924199248,-0.17742292820559169,1.0673330956827245,-0.39991759478791156,-0.46491497354402339,0,0,0
3.7860749,6317,3849,23,6318,3849,23,0.035950750172885529,0.13430308594096366,0.057334065928013725,-0.40323476799436053,-0.98450737301116009,-0.24121205786823027,-1.21216745494735,-0.40597843206264833,-0.46560513614067145,0,0,0
3.7910751999999999,6410,3854,21,6411,3854,21,0.033898313238521903,0.13037609512397644,0.056548667764616298,-0.40661820107189517,-0.89162055555292363,-0.20196327959229399,0.54218186774230936,-0.40326752272393679,-0.46360347135179841,0,0,0
3.7960370000000001,6502,3860,19,6503,3860,19,0.031867945518506267,0.12566370614359174,0.054977871437821388,-0.40636411206304346,-0.91534606391162154,-0.25430404308422699,-1.2326156328326974,-0.40943060088810029,-0.46558651342570651,0,0,0
3.8010427999999998,6595,3865,17,6596,3865,17,0.029815508584142635,0.12173671532660449,0.054192473274423933,-0.40828766886546469,-0.85472382078405174,-0.20894769779377159,0.84155711410205392,-0.40522281531759002,-0.46365536134065272,0,0,0
3.8059967000000001,6687,3870,15,6688,3870,15,0.027785140864127002,0.11780972450961724,0.053407075111026492,-0.4072547532493726,-0.82238257602026366,-0.18475062772589629,2.0742177242680704,-0.39485172669624968,-0.45862567303036483,0,0,0
3.8110164000000002,6780,3874,13,6781,3874,13,0.02573270392976337,0.11466813185602745,0.053407075111026485,-0.40876281533180658,-0.73184938779570263,-0.098562259713372125,5.79613215923351,-0.36587106590008212,-0.44155693056565093,0,0,0
3.8159969,6871,3878,12,6872,3878,12,0.023724405424095731,0.11152653920243766,0.051836278784231589,-0.40544912796796961,-0.68355101002939,-0.19914083037214644,1.5276806126955762,-0.35823266283660421,-0.42803003615424695,0,0,0
3.8209626000000001,6960,3881,12,6961,3881,12,0.021760245347124084,0.10917034471224531,0.049480084294039238,-0.39956309469632234,-0.58450488138002654,-0.32607781932958529,-4.3538862766913855,-0.38000209422006115,-0.42772654966357521,0,0,0
3.8259563000000001,7048,3884,12,7049,3884,12,0.019818154484500434,0.10681415022205297,0.047123889803846901,-0.39436385577941169,-0.53166495127691249,-0.39379719125734047,-7.6532935571574789,-0.41826856200584855,-0.44200464755119878,0,0,0
3.8309453000000002,7137,3887,12,7138,3887,12,0.017853994407528787,0.10445795573186062,0.04476769531365455,-0.39364923399722324,-0.5034754778328161,-0.42992466971696836,-9.4737950313477981,-0.46563753716258754,-0.47009653685485414,0,0,0
3.8359298000000002,7228,3890,12,7229,3890,12,0.015845695901861148,0.10210176124166827,0.042411500823462199,-0.39738621231223259,-0.48843672945626182,-0.44919824923633017,-10.454320131314509,-0.51790913781916004,-0.5113739587632059,0,0,0
3.8409314000000001,7325,3894,12,7326,3894,12,0.013704982110105535,0.09896016858807849,0.039269908169872421,-0.41173450731627953,-0.55369325558446958,-0.53275999367462212,-13.620000387795836,-0.58600913975813917,-0.56810341677079568,0,0,0
3.8459015000000001,7430,3899,11,7431,3899,11,0.011387714603565951,0.095033177771091243,0.03691371367968007,-0.43586203393016598,-0.66178635443186273,-0.50405966991123408,-11.5192059812053,-0.59999999999999998,-0.61059606766268637,0,0,0
3.8509023,7545,3907,10,7546,3907,10,0.0088497549535464081,0.088749992463911659,0.032201324699295382,-0.46932488467336442,-0.93929129327213068,-0.70858694684905799,-18.408421573652717,-0.59999999999999998,-0.63985503566710233,0,0,0
3.8558707999999999,7669,3916,8,7670,3916,8,0.0061131723743949005,0.081681408993334634,0.028274333882308149,-0.50570890940330571,-1.1606163926543951,-0.74442029410666144,-18.225893862696907,-0.59999999999999998,-0.65876450567682032,0,0,0
3.8608696999999998,7801,3926,5,7802,3926,5,0.0032000360804594241,0.07382742735936014,0.02513274122871835,-0.54159223540445889,-1.3519702167264072,-0.69025743884050916,-14.176075760529702,-0.59999999999999998,-0.66807560343740868,0,0,0
3.8658741000000001,7938,3937,2,7939,3937,2,0.00017655371478396824,0.065188047561988219,0.021205750411731117,-0.57103111380841698,-1.5273347223455827,-0.73464171986854154,-14.442963798955166,-0.59999999999999998,-0.67059820459642372,0,0,0
3.8708347000000001,8072,3947,0,8073,3947,0,-0.0027807210078474999,0.057334065928013725,0.016493361431346408,-0.58055907406384577,-1.5476100784014766,-0.83159972452065722,-18.160270722021934,-0.59999999999999998,-0.67413222175320819,0,0,0
3.8768343000000001,8235,3960,4294967293,8236,3960,-3,-0.0063780029465708528,0.047123889803846894,0.010995574287564272,-0.64535632501140516,-1.7782652972759783,-0.9566051846305319,-20.839336884550583,-0.59999999999999998,-0.65022250882956811,0,0,0
3.8808308,8341,3968,4294967291,8342,3968,-5,-0.0087173396674584316,0.040840704496667317,0.007853981633974487,-0.5625556017522928,-1.5349195132334503,-0.8034555510444622,-17.319547465147139,-0.59999999999999998,-0.67523662654308914,0,0,0
3.8857886000000001,8472,3977,4294967288,8473,3977,-8,-0.011608406747045911,0.033772121026090278,0.0054977871437821395,-0.56986015852784244,-1.4783769547215524,-0.64847252607931205,-10.58655899622849,-0.59999999999999998,-0.68205956352097274,0,0,0
3.8917942999999999,8630,3988,4294967286,8631,3988,-10,-0.015095342614029283,0.025132741228718346,0,-0.62935302967175444,-1.5947712116996668,-0.85890900510719725,-17.471187028669696,-0.59999999999999998,-0.66342552870369498,0,0,0
3.896782,8763,3998,4294967283,8764,3998,-13,-0.018030548122312758,0.01727875959474386,-0.0031415926535897989,-0.60961401136383309,-1.5835866423768716,-0.75133580272366607,-13.27314541817297,-0.59999999999999998,-0.66438276893088588,0,0,0
3.9017556999999998,8895,4007,4294967281,8896,4007,-15,-0.020943684416248231,0.010210176124166829,-0.0070685834705770303,-0.59702436990400676,-1.50434028854716,-0.76722629962353461,-14.464453610704567,-0.59999999999999998,-0.66745232451957281,0,0,0
3.9067544999999999,9027,4017,4294967279,9028,4017,-17,-0.023856820710183708,0.0023561944901923449,-0.011780972450961723,-0.59030794611408299,-1.5353428218086342,-0.84898320977315289,-17.924800740029831,-0.59999999999999998,-0.6712781353509566,0,0,0
3.9117625999999999,9160,4026,4294967277,9161,4026,-19,-0.026792026218467178,-0.0047123889803846897,-0.015707963267948967,-0.58878392427015802,-1.4786027848052694,-0.81932002841036233,-16.914495428426612,-0.59999999999999998,-0.67458079972992047,0,0,0
3.9167149000000001,9293,4036,4294967274,9294,4036,-22,-0.029727231726750653,-0.012566370614359173,-0.018849555921538759,-0.58797087676586168,-1.521612170067923,-0.73021555511742076,-12.827417003656244,-0.59999999999999998,-0.67797501155391116,0,0,0
3.9216912000000002,9428,4046,4294967272,9429,4046,-24,-0.032706575663730114,-0.020420352248333658,-0.02356194490192345,-0.59165534613026916,-1.5445571649106979,-0.82923841833672551,-16.762406712626507,-0.59999999999999998,-0.67956486361314516,0,0,0
3.9267089999999998,9564,4057,4294967269,9565,4057,-27,-0.035707988815057573,-0.029059732045705586,-0.02748893571891069,-0.59568007692089131,-1.6300775657014817,-0.80878641731795042,-15.305671460416107,-0.59999999999999998,-0.68000679130219255,0,0,0
3.9316876999999999,9701,4067,4294967266,9702,4067,-30,-0.038731471180733029,-0.03691371367968007,-0.030630528372500482,-0.59988633313025663,-1.6024221617766863,-0.72459599904343386,-11.527846104706725,-0.59999999999999998,-0.6792803552393375,0,0,0
3.936642,9836,4077,4294967263,9837,4077,-33,-0.041710815117712498,-0.04476769531365455,-0.033772121026090271,-0.59801210020059015,-1.5876683331284935,-0.67968141351000011,-9.4574227953270658,-0.59999999999999998,-0.68015445011251818,0,0,0
3.9416566999999998,9973,4088,4294967259,9974,4088,-37,-0.044734297483387954,-0.053407075111026485,-0.036128315516282622,-0.60113043977812319,-1.6530768605387016,-0.58244049771960449,-4.5593281779417971,-0.59999999999999998,-0.67928793024846901,0,0,0
3.9466446999999998,10110,4099,4294967256,10111,4099,-40,-0.04775777984906341,-0.06204645490839842,-0.040055306333269869,-0.60279403680671506,-1.6879715309678536,-0.67712266576266966,-8.0189033520603203,-0.59999999999999998,-0.6782340928455094,0,0,0
3.9516203000000001,10247,4110,4294967253,10248,4110,-43,-0.050781262214738866,-0.070685834705770348,-0.043982297150257102,-0.60368154600984347,-1.7065874220843544,-0.72763447485233024,-9.7512775410619525,-0.59999999999999998,-0.67708032376628857,0,0,0
3.956601,10384,4122,4294967249,10385,4122,-47,-0.053804744580414322,-0.080110612666539724,-0.047123889803846894,-0.60415502160044621,-1.7897982975920734,-0.68130240416911503,-7.0263694183960759,-0.59999999999999998,-0.6758732423278595,0,0,0
3.9612086999999998,10510,4132,4294967246,10511,4132,-50,-0.056585465588261823,-0.087964594300514204,-0.050265482457436686,-0.58175740229952799,-1.6876312701406717,-0.65658479622402854,-6.5735645926378226,-0.59999999999999998,-0.68483031518115234,0,0,0
3.9661753000000002,10647,4144,4294967242,10648,4144,-54,-0.059608947953937279,-0.09738937226128358,-0.053407075111026478,-0.59245875202362297,-1.7796854162772051,-0.64339824674506607,-4.9201530773165629,-0.59999999999999998,-0.68494020918443699,0,0,0
3.9711693000000001,10784,4156,4294967239,10785,4156,-57,-0.062632430319612728,-0.10681415022205297,-0.05811946409141118,-0.59816779466002812,-1.8287952069766071,-0.78292241821949127,-10.154026647245903,-0.59999999999999998,-0.68440727695167647,0,0,0
3.9761734999999998,10920,4168,4294967235,10921,4168,-61,-0.065633843470940187,-0.11623892818282235,-0.061261056745000965,-0.59915439065536147,-1.8549946954707135,-0.71079786353641428,-6.5543732722253623,-0.59999999999999998,-0.6844580041955689,0,0,0
3.9811283,11055,4181,4294967231,11056,4181,-65,-0.068613187407919662,-0.12644910430698916,-0.065188047561988205,-0.59762161760687049,-1.9422513298670139,-0.74559979182976122,-7.2651065711651022,-0.59999999999999998,-0.68537606659044215,0,0,0
3.9861412999999999,11191,4194,4294967226,11192,4194,-70,-0.071614600559247121,-0.13665928043115599,-0.067544242052180556,-0.59886301170187461,-1.9888017051861318,-0.61760716753723499,-1.0078106240402818,-0.59999999999999998,-0.68545960249383531,0,0,0
3.9911403000000001,11327,4207,4294967222,11328,4207,-74,-0.07461601371057458,-0.14686945655532285,-0.071471232869167817,-0.59952528066791011,-2.0136357760547048,-0.69588366531370971,-3.6423199792659275,-0.59999999999999998,-0.68546856829961333,0,0,0
3.9961098000000002,11463,4221,4294967217,11464,4221,-79,-0.077617426861902039,-0.15786503084288711,-0.074612825522757595,-0.5998785932743893,-2.1001639764084135,-0.6643637253977579,-1.2987421282532416,-0.59999999999999998,-0.68543775184636191,0,0,0
4.0011112999999998,11599,4234,4294967212,11600,4234,-84,-0.080618840013229498,-0.16807520696705394,-0.076969020012949932,-0.60006708134237829,-2.0730462215486472,-0.57426869352867416,3.1450413193576701,-0.58427479340321165,-0.678309369063127,0,0,0
4.0061121999999996,11734,4249,4294967207,11735,4249,-89,-0.08359818395020896,-0.17985617941801565,-0.080896010829937165,-0.59810852721924257,-2.2051382608578667,-0.67276310554407859,0.19126562701261207,-0.58331846526814857,-0.67449645301418482,0,0,0
4.0110216999999997,11867,4263,4294967202,11868,4263,-94,-0.086533389458492427,-0.19085175370557994,-0.084037603483526971,-0.5929454413933507,-2.2023282714652579,-0.65202918210130223,1.6638936566011289,-0.5749989969851429,-0.66908276418168822,0,0,0
4.0159849999999997,11999,4278,4294967196,12000,4278,-100,-0.089446525752427911,-0.20263272615654165,-0.086393797973719308,-0.58813188632923663,-2.274108694880224,-0.56768836157096747,6.2906156591207747,-0.54354591868953905,-0.65224943873730168,0,0,0
4.0209695999999999,12128,4293,4294967190,12129,4293,-106,-0.092293454403319389,-0.21441369860750339,-0.088749992463911659,-0.5793865812385568,-2.3124026959455879,-0.52269353822518316,9.105846680537649,-0.49801668528685084,-0.62365845973417955,0,0,0
4.0259815999999997,12254,4307,4294967185,12255,4307,-111,-0.095074175411166889,-0.22540927289506765,-0.091891585117501451,-0.5685437343315598,-2.2595525701821693,-0.57196885510147555,7.4181866093907409,-0.46092575223989712,-0.58987694906423838,0,0,0
4.0309726000000001,12374,4322,4294967179,12375,4322,-117,-0.09772248113292642,-0.23719024534602937,-0.094247779607693788,-0.55040454305682962,-2.304637176766736,-0.52497713054770045,10.103516470874819,-0.41040816988552303,-0.54624981791364968,0,0,0
4.0359360999999998,12486,4335,4294967174,12487,4335,-122,-0.10019423313990197,-0.24740042147019622,-0.096603974097886153,-0.52425461842797139,-2.1821302388870998,-0.49990760511843058,10.927548344436083,-0.35577042816334259,-0.49563127946540203,0,0,0
4.0404080000000002,12580,4346,4294967169,12581,4346,-127,-0.1022687392886136,-0.25603980126756815,-0.09738937226128358,-0.47323996032657439,-1.9702152078682387,-0.33997427326857166,16.521565392542165,-0.27316260120063174,-0.43592362210636093,0,0,0
