time_s,raw_cart,raw_theta1,raw_theta2,cart_counts,theta1_counts,theta2_relative_counts,x_m,theta1_rad,theta2_rad,xdot_m_s,theta1dot_rad_s,theta2dot_rad_s,accel_m_s2,velocity_ref_m_s,voltage,left_limit,right_limit,warning
5.24e-05,4294963152,4082,4294967274,-4145,4082,-22,-0.0090483778826783729,-0,-0,0,0,0,0.18780474787545931,0.00093902373937729657,-0.0011033182235302165,0,0,0
0.0060730999999999997,4294963152,4082,4294967274,-4145,4082,-22,-0.0090483778826783729,-0,-0,0,0,0,0.18780474787545931,0.0018780474787545931,-0.00042722113117856289,0,0,0
0.011068700000000001,4294963152,4082,4294967274,-4145,4082,-22,-0.0090483778826783729,-0,-0,0,0,0,0.18780474787545931,0.0028170712181318897,0.00050241237080496056,0,0,0
0.01609,4294963152,4082,4294967274,-4145,4082,-22,-0.0090483778826783729,-0,-0,0,0,0,0.18780474787545931,0.0037560949575091863,0.0016855822824203544,0,0,0
0.021026599999999999,4294963152,4082,4294967274,-4145,4082,-22,-0.0090483778826783729,-0,-0,0,0,0,0.18780474787545931,0.0046951186968864824,0.0031222886036676185,0,0,0
0.026008099999999999,4294963152,4082,4294967275,-4145,4082,-21,-0.0090483778826783729,-0,-0.0015707963267948967,0,0,-0.14655903858403407,-6.1848725299655847,-0.02622924395294144,-0.0095259925405955966,0,0,0
0.031014099999999999,4294963152,4082,4294967275,-4145,4082,-21,-0.0090483778826783729,-0,-0.0015707963267948967,0,0,-0.078187501726343686,-3.3987016779046892,-0.043222752342464886,-0.024254967183175335,0,0,0
0.035976599999999997,4294963152,4082,4294967275,-4145,4082,-21,-0.0090483778826783729,-0,-0.0015707963267948967,0,0,-0.041712101043169435,-1.9123127085850491,-0.052784315885390135,-0.040227813909957222,0,0,0
0.040971199999999999,4294963152,4082,4294967275,-4145,4082,-21,-0.0090483778826783729,-0,-0.0015707963267948967,0,0,-0.022252909160919682,-1.119341894723842,-0.058381025359009346,-0.056998098462141204,0,0,0
0.045951400000000003,4294963152,4082,4294967275,-4145,4082,-21,-0.0090483778826783729,-0,-0.0015707963267948967,0,0,-0.011871662029482767,-0.69630140894606796,-0.061862532403739685,-0.07432765347920238,0,0,0
0.051949000000000002,4294963152,4082,4294967275,-4145,4082,-21,-0.0090483778826783729,-0,-0.0015707963267948967,0,0,-0.0063333903141874941,-0.47061434773423022,-0.064215604142410843,-0.092089419510614112,0,0,0
0.055948100000000001,4294963152,4082,4294967275,-4145,4082,-21,-0.0090483778826783729,-0,-0.0015707963267948967,0,0,-0.0033787883088507689,-0.35021298826436598,-0.065966669083732679,-0.11021561185265986,0,0,0
0.060931800000000001,4294963154,4082,4294967275,-4143,4082,-21,-0.0090925163113743639,-0,-0.0015707963267948967,-0.0041182205254411989,0,-0.0018025433250897338,-0.18441220060263405,-0.066888730086745854,-0.12658834072017508,0,0,0
0.066970600000000005,4294963160,4083,4294967274,-4137,4083,-22,-0.0092249315974623405,-0.00078539816339744833,-0.00078539816339744833,-0.014551683183133745,-0.073279519292017037,0.07231788389440591,3.6434452739886085,-0.048671503716802809,-0.1306435682392913,0,0,0
0.070947899999999994,4294963171,4086,4294967273,-4126,4086,-23,-0.0094676929552902963,-0.0031415926535897933,-0.0015707963267948967,-0.030413362573459612,-0.25893230873922296,-0.034698789461442385,0.41055217822180445,-0.046618742825693789,-0.13179442165673624,0,0,0
0.075945200000000004,4294963191,4090,4294967271,-4106,4090,-25,-0.0099090772422502169,-0.0062831853071795866,-0.0015707963267948969,-0.057407371997389531,-0.43125538027916843,-0.018511390952957011,2.7379535820423193,-0.03292897491548219,-0.1178621745244758,0,0,0
0.080943200000000007,4294963216,4095,4294967269,-4081,4095,-27,-0.010460807600950119,-0.010210176124166829,-0.0023561944901923457,-0.082103905869460481,-0.59646720605798664,-0.08315512591495125,1.6012760177534995,-0.024922594826714693,-0.096536696029983507,0,0,0
0.0858955,4294963239,4099,4294967267,-4058,4099,-29,-0.010968399530954027,-0.013351768777756621,-0.0023561944901923457,-0.091160992055997037,-0.61132622832638706,-0.044362269388807676,3.8925073374418049,-0.0054600581395056677,-0.068263911755256632,0,0,0
0.090915200000000002,4294963260,4103,4294967265,-4037,4103,-31,-0.011431853032261944,-0.016493361431346415,-0.0023561944901923457,-0.091874619151058656,-0.61925333975183638,-0.023666742412704292,5.2185223216917409,0.020632553468953038,-0.033061852181219813,0,0,0
0.095879500000000006,4294963274,4106,4294967264,-4023,4106,-32,-0.011740822033133888,-0.018849555921538759,-0.003141592653589792,-0.077841558868709443,-0.55020284000204867,-0.085905444524115304,2.2394171086618466,0.031829639012262267,-0.0039611042063846455,0,0,0
0.10192379999999999,4294963283,4107,4294967263,-4014,4107,-33,-0.011939444962265853,-0.019634954084936207,-0.0023561944901923475,-0.060059537012909427,-0.36680618211761362,0.027449987678513747,6.1297068139131454,0.062478173081827994,0.031440049717672287,0,0,0
0.1059084,4294963283,4106,4294967264,-4014,4106,-32,-0.011939444962265853,-0.018849555921538759,-0.003141592653589792,-0.032041047752832515,-0.12240721060632427,-0.058635277764932082,0.82177490284429355,0.066587047596049456,0.053765904807616442,0,0,0
0.1108555,4294963281,4105,4294967264,-4016,4105,-32,-0.01189530653356986,-0.018064157758141311,-0.002356194490192344,-0.01297529687677614,0.0079767301698624032,0.041998296886606765,4.1177052333842612,0.087175573762970762,0.081080739432703788,0,0,0
0.11684079999999999,4294963274,4103,4294967266,-4023,4103,-30,-0.011740822033133888,-0.016493361431346415,-0.0039269908169872417,0.0074916054769128644,0.1508145291355027,-0.12415344734892092,-4.24352263954954,0.065957960565223059,0.089363442507288948,0,0,0
0.1218471,4294963263,4100,4294967268,-4034,4100,-28,-0.011498060675305932,-0.014137166941154069,-0.0047123889803846897,0.026646895195012982,0.30029631313335409,-0.13951390492057261,-6.3588548171441159,0.034163686479502478,0.082222054669413389,0,0,0
0.12678349999999999,4294963249,4097,4294967269,-4048,4097,-27,-0.011189091674433988,-0.011780972450961723,-0.00392699081698724,0.043043344929181215,0.38004306473126048,-0.0011494875247248099,-1.5130069807323638,0.026598651575840661,0.073468920229202025,0,0,0
0.1318019,4294963236,4093,4294967272,-4061,4093,-24,-0.010902191887910039,-0.0086393797973719298,-0.005497787143782136,0.049731545335813254,0.495866526303961,-0.14717227648933245,-8.8453941074637505,-0.017628318961478096,0.046117026099022226,0,0,0
0.1367864,4294963224,4090,4294967273,-4073,4090,-23,-0.010637361315734086,-0.0062831853071795866,-0.0047123889803846897,0.051240510340861516,0.48437744442992747,-0.0052351375538091938,-3.1876933787472344,-0.033566785855214269,0.020078518384300567,0,0,0
0.1417564,4294963216,4088,4294967275,-4081,4088,-21,-0.010460807600950119,-0.0047123889803846897,-0.0062831853071795866,0.043809084150045266,0.40496863678054307,-0.14935192212421511,-9.2351820976067955,-0.079742696343248251,-0.020254469522387873,0,0,0
0.146731,4294963214,4087,4294967275,-4083,4087,-21,-0.010416669172254126,-0.0039269908169872417,-0.0054977871437821386,0.027489845201098519,0.2893254642798353,-0.0063979525428176365,-2.5368528896840905,-0.092426960791668705,-0.051977711730340284,0,0,0
0.15175469999999999,4294963215,4087,4294967276,-4082,4087,-20,-0.010438738386602121,-0.0039269908169872417,-0.0070685834705770355,0.012606394778003375,0.15435168964269652,-0.14997227007299335,-7.9776640629261557,-0.13231528110629948,-0.095607440799578475,0,0,0
0.1567394,4294963219,4087,4294967276,-4078,4087,-20,-0.010527015243994107,-0.0039269908169872417,-0.0070685834705770355,-0.0015110795652248489,0.082344788264168592,-0.08000842007784062,-4.5417879066069151,-0.15502422063933405,-0.13860245262375312,0,0,0
0.16169449999999999,4294963231,4089,4294967275,-4066,4089,-21,-0.010791845816170058,-0.0054977871437821377,-0.0070685834705770346,-0.025515466105386256,-0.1026290746816816,-0.042683539298542211,-1.6026567148274133,-0.16303750421347113,-0.17285500437905166,0,0,0
0.1666347,4294963253,4093,4294967273,-4044,4093,-23,-0.011277368531825972,-0.0086393797973719298,-0.0070685834705770329,-0.058912623085716584,-0.34786946631044458,-0.022771159901391211,1.2749063618950021,-0.15666297240399613,-0.19208869471282217,0,0,0
0.1716114,4294963284,4099,4294967270,-4013,4099,-26,-0.011961514176613848,-0.013351768777756621,-0.0070685834705770346,-0.095261600975508648,-0.62526133328294231,-0.012148142627723634,4.1711382271542696,-0.13580728126822478,-0.19273918796725414,0,0,0
0.17659240000000001,4294963322,4107,4294967266,-3975,4107,-30,-0.012800144321837697,-0.019634954084936207,-0.0070685834705770337,-0.12906711964209105,-0.91980562946233113,-0.0064808894207666603,7.0778465747538837,-0.10041804839445537,-0.17254888345312916,0,0,0
0.1815881,4294963361,4114,4294967263,-3936,4114,-33,-0.013660843681409542,-0.025132741228718346,-0.007853981633974487,-0.14916107152659153,-1.003661984480829,-0.07673699661767483,5.5522511454864292,-0.072656792667023212,-0.14327879079089784,0,0,0
0.18657650000000001,4294963397,4121,4294967259,-3900,4121,-37,-0.0144553353979374,-0.030630528372500482,-0.0070685834705770355,-0.15370362477176819,-1.0483983512455051,0.032341245450389536,11.224209978146762,-0.0165357427762894,-0.095324014087654688,0,0,0
0.19155749999999999,4294963426,4126,4294967257,-3871,4126,-39,-0.015095342614029283,-0.034557519189487719,-0.0078539816339744765,-0.14171325099217252,-0.92570563156910923,-0.056025849993179215,7.2746004316912636,0.019837259382166919,-0.047316503178388133,0,0,0
0.19655139999999999,4294963445,4129,4294967256,-3852,4129,-40,-0.015514657686641209,-0.03691371367968007,-0.0086393797973719315,-0.11472542674582088,-0.71369148817413985,-0.10316864305663533,4.1239072601768765,0.0404567956830513,-0.0065635949527767488,0,0,0
0.20154430000000001,4294963455,4131,4294967255,-3842,4131,-41,-0.015735349830121169,-0.038484510006474966,-0.0086393797973719315,-0.081795751541446665,-0.52730494823802454,-0.055039242444743786,4.8837529709474676,0.064875560537788646,0.031505695445682151,0,0,0
0.2065311,4294963455,4130,4294967256,-3842,4130,-40,-0.015735349830121169,-0.037699111843077518,-0.0094247779607693795,-0.04363705934920855,-0.20803139096637974,-0.10264229967896379,0.6487336326510853,0.068119228701044074,0.055395188894033484,0,0,0
0.2115301,4294963450,4128,4294967257,-3847,4128,-39,-0.01562500375838119,-0.036128315516282622,-0.0094247779607693795,-0.012984300179435292,0.035576768930353081,-0.054758444520931357,0.82885674401011844,0.072263512421094661,0.073640572715226477,0,0,0
0.2165337,4294963441,4125,4294967258,-3856,4125,-38,-0.015426380829249225,-0.033772121026090278,-0.0086393797973719315,0.011605022847605079,0.23881834041989436,0.044066541253427238,3.457419969276617,0.08955061226747775,0.093371481686073801,0,0,0
0.22151280000000001,4294963428,4122,4294967260,-3869,4122,-36,-0.015139481042725276,-0.031415926535897934,-0.009424777960769383,0.032959574901405921,0.34724529842420571,-0.049770544317739078,-1.7748727243906219,0.08067624864552464,0.10081377877535015,0,0,0
0.22651640000000001,4294963411,4118,4294967263,-3886,4118,-33,-0.014764304398809344,-0.028274333882308138,-0.010995574287564279,0.052588415163576284,0.47836930856475834,-0.17311103126466976,-8.5516160660759528,0.037918168315144878,0.085623166419614649,0,0,0
0.23154640000000001,4294963393,4113,4294967265,-3904,4113,-31,-0.014367058540545416,-0.024347343065320895,-0.010210176124166826,0.065119277948094342,0.62160192572286932,-0.019073154324183481,-3.39891388636772,0.020923598883306277,0.068375755273177657,0,0,0
0.23644709999999999,4294963376,4109,4294967268,-3921,4109,-28,-0.013991881896629482,-0.021205750411731103,-0.011780972450961723,0.069745233752010999,0.6247353019405153,-0.15673433927552885,-9.9696093918660367,-0.028924448076023908,0.031929620682223811,0,0,0
0.241428,4294963364,4106,4294967269,-3933,4106,-27,-0.013727051324453531,-0.018849555921538759,-0.010995574287564275,0.061917574769710812,0.55312740154552054,-0.010336384176510227,-3.7032738241240262,-0.047440817196644038,0.0004788870264104024,0,0,0
0.2464095,4294963358,4104,4294967270,-3939,4104,-26,-0.013594636038365554,-0.01727875959474386,-0.010995574287564272,0.045386950345207601,0.44164592016473625,-0.0055143378631104028,-2.9518177304659066,-0.062199905848973572,-0.02825068770702726,0,0,0
0.25139919999999999,4294963358,4103,4294967271,-3939,4103,-25,-0.013594636038365554,-0.016493361431346415,-0.011780972450961725,0.024213397500111495,0.30889235817887561,-0.076221352872239662,-5.1845006178499151,-0.088122408938223151,-0.059436166489325232,0,0,0
0.25638729999999998,4294963362,4103,4294967271,-3935,4103,-25,-0.013682912895757538,-0.016493361431346415,-0.011780972450961725,0.0046811181602820131,0.16479039451747771,-0.040663184044192523,-2.7800933899884921,-0.10202287588816561,-0.087232518652226435,0,0,0
0.26094149999999999,4294963368,4104,4294967270,-3929,4104,-26,-0.013815328181845514,-0.01727875959474386,-0.010995574287564272,-0.0098573407848231709,0.014634193709262305,0.051586194858595016,2.1408932460822721,-0.091318409657754243,-0.10468328071632485,0,0,0
0.26693889999999998,4294963384,4107,4294967269,-3913,4107,-27,-0.014168435611413451,-0.019634954084936207,-0.011780972450961723,-0.038204538122060192,-0.21203138980943959,-0.045758898670251791,-0.25490821942737396,-0.092592950754891115,-0.11449507400397119,0,0,0
0.27133950000000001,4294963400,4110,4294967268,-3897,4110,-28,-0.014521543040981388,-0.021991148575128551,-0.012566370614359171,-0.053327430317285582,-0.33295477927688255,-0.097691346794040845,-1.4727575348834852,-0.099956738429308536,-0.12568834838047194,0,0,0
0.27632620000000002,4294963422,4114,4294967265,-3875,4114,-31,-0.0150070657566373,-0.025132741228718346,-0.010995574287564277,-0.073749974782616676,-0.47074548678415207,0.09444186846676203,8.1510393153172007,-0.059201541852722535,-0.11074827810185545,0,0,0
0.28133740000000002,4294963445,4119,4294967263,-3852,4119,-33,-0.015514657686641209,-0.029059732045705586,-0.011780972450961727,-0.086704269307370102,-0.6175347075943145,-0.022895907164607224,4.5182747301673389,-0.03661016820188584,-0.090824650531768469,0,0,0
0.28631790000000001,4294963467,4123,4294967261,-3830,4123,-35,-0.016000180402297122,-0.032201324699295375,-0.011780972450961717,-0.091556120902092142,-0.62256548950506119,-0.012214693807044451,5.5282300167894416,-0.0089690181179386298,-0.062677392477886548,0,0,0
0.29134159999999998,4294963485,4127,4294967259,-3812,4127,-37,-0.016397426260561052,-0.035342917352885174,-0.011780972450961727,-0.085908084896735168,-0.62524935174332197,-0.0065163936823834367,6.0689177091513953,0.021375570427818347,-0.029265426082985106,0,0,0
0.2963423,4294963497,4129,4294967258,-3800,4129,-38,-0.016662256832737001,-0.03691371367968007,-0.011780972450961723,-0.070540263373499196,-0.48012212170152857,-0.0034764184264125413,5.5578288372215381,0.049164714613926033,0.0052907560529366175,0,0,0
0.30132219999999998,4294963502,4130,4294967257,-3795,4130,-39,-0.016772602904476984,-0.037699111843077518,-0.010995574287564275,-0.047927941765795241,-0.32941895348917583,0.071424891461876236,7.8692428704490203,0.088510928966171132,0.045141351844584947,0,0,0
0.30626900000000001,4294963501,4130,4294967257,-3796,4130,-39,-0.016750533690128987,-0.037699111843077518,-0.010995574287564275,-0.023509875899838904,-0.17574108866616936,0.038104329002385598,5.4063381281259382,0.11554261960680082,0.083155978090818872,0,0,0
0.31129620000000002,4294963494,4129,4294967258,-3803,4129,-38,-0.016596049189693013,-0.03691371367968007,-0.011780972450961723,0.0018715330234508921,-0.020476258626770022,-0.052951313550226933,0.25164864410446253,0.11680086282732313,0.10984472731136621,0,0,0
0.31627929999999999,4294963481,4127,4294967259,-3816,4127,-37,-0.016309149403169066,-0.035342917352885174,-0.011780972450961727,0.02776687399546306,0.13563519845655073,-0.028248895186677361,-0.11114119742232997,0.11624515684021149,0.128972675226806,0,0,0
0.32123940000000001,4294963462,4123,4294967261,-3835,4123,-35,-0.015889834330557143,-0.032201324699295375,-0.011780972450961717,0.053936391595098991,0.36547784027741687,-0.015070449168572189,-1.4113343433457803,0.10918848512348259,0.13791002640252392,0,0,0
0.32625199999999999,4294963438,4118,4294967263,-3859,4118,-33,-0.015360173186205237,-0.028274333882308138,-0.010995574287564279,0.078193068897707274,0.56137567180578296,0.065239614133188961,0.27356028421472844,0.11055628654455622,0.1425280975084969,0,0,0
0.33126309999999998,4294963411,4113,4294967265,-3886,4113,-31,-0.014764304398809344,-0.024347343065320895,-0.010210176124166826,0.097311048156250454,0.6658848319967382,0.10808407649945265,0.85792581179880179,0.11484591560355023,0.144593408683349,0,0,0
0.33621529999999999,4294963383,4108,4294967267,-3914,4108,-29,-0.014146366397065456,-0.020420352248333658,-0.009424777960769383,0.10956937267913057,0.72163922436854455,0.1309410869410543,0.9560991950397586,0.11962641157874902,0.14596280004766335,0,0,0
0.34121859999999998,4294963354,4103,4294967270,-3943,4103,-26,-0.01350635918097357,-0.016493361431346415,-0.010210176124166827,0.11816815309153791,0.75138352872492464,-0.0034240087744394354,-5.5779961091626111,0.091736431032935967,0.13225825811936115,0,0,0
0.34616619999999998,4294963325,4099,4294967272,-3972,4099,-24,-0.012866351964881685,-0.013351768777756621,-0.010210176124166827,0.12275550003946467,0.6939722415848254,-0.0018266679049548824,-5.8779979741861519,0.062346441162005203,0.10983189159505274,0,0,0
0.35118519999999998,4294963299,4095,4294967274,-3998,4095,-22,-0.012292552391833788,-0.010210176124166829,-0.010210176124166829,0.11902546421772475,0.66334400360137047,-0.00097450557367192699,-6.0922138533054335,0.031885371895478035,0.081492480647984422,0,0,0
0.35618060000000001,4294963278,4092,4294967275,-4019,4092,-21,-0.011829098890525871,-0.0078539816339744835,-0.0094247779607693795,0.10673998321387995,0.57372468409407629,0.072759632173761288,-2.6226136073022142,0.018772303858966964,0.057592241556277984,0,0,0
0.36115740000000002,4294963262,4090,4294967276,-4035,4090,-20,-0.011475991460957935,-0.0062831853071795866,-0.0094247779607693795,0.08989027409139963,0.4526343251132291,0.03881639727687073,-3.4158897653615661,0.001692855032159133,0.033737585263504108,0,0,0
0.3661585,4294963251,4090,4294967275,-4046,4090,-21,-0.011233230103129979,-0.0062831853071795866,-0.0078539816339744835,0.07060560362260393,0.24147502206696642,0.16726712427030566,3.3829285658175761,0.018607497861247015,0.026213973101556785,0,0,0
0.3712375,4294963245,4091,4294967275,-4052,4091,-21,-0.011100814817042002,-0.0070685834705770346,-0.0086393797973719315,0.050021910273281976,0.055544529276670959,0.015955499537246717,-1.7611675879788784,0.0098016599213526234,0.01747451948023282,0,0,0
0.37612669999999998,4294963240,4092,4294967274,-4057,4092,-22,-0.010990468745302023,-0.0078539816339744835,-0.0078539816339744835,0.036981644738026807,-0.043647174397652005,0.081791588282547734,1.8733989553263064,0.019168654697984157,0.016698319025560907,0,0,0
0.38111279999999997,4294963237,4093,4294967273,-4060,4093,-23,-0.010924261102258035,-0.0086393797973719298,-0.0070685834705770329,0.025906597844861226,-0.096564767042940688,0.11691435759218308,4.056356953814908,0.039450439467058701,0.02599938596275745,0,0,0
0.38609919999999998,4294963234,4095,4294967272,-4063,4095,-24,-0.010858053459214046,-0.010210176124166829,-0.0070685834705770355,0.019998192219081865,-0.19807519182042982,0.062372417452996147,2.5269222430567413,0.052085050682342406,0.038000580779229146,0,0,0
0.39108549999999997,4294963229,4097,4294967270,-4068,4097,-26,-0.010747707387474067,-0.011780972450961723,-0.0054977871437821369,0.0209643487058341,-0.25222979456081907,0.17983398050777061,8.081616935228741,0.092493135358486106,0.064412900249535637,0,0,0
0.39603349999999998,4294963221,4098,4294967269,-4076,4098,-27,-0.010571153672690098,-0.012566370614359173,-0.0047123889803846897,0.027657112473808955,-0.20784111090856966,0.16921880626642216,7.6426394269262055,0.13070633249311714,0.097909867660746969,0,0,0
0.40114739999999999,4294963207,4099,4294967269,-4090,4099,-27,-0.010262184671818154,-0.013351768777756621,-0.0054977871437821377,0.043582283816833323,-0.18416027680088409,0.016996698639771796,0.87281945073275646,0.13507042974678093,0.12053067372574792,0,0,0
0.40603,4294963188,4098,4294967269,-4109,4098,-27,-0.0098428695992062287,-0.012566370614359173,-0.0047123889803846897,0.062373724390525458,-0.024967795233295856,0.082347055604199609,2.6346628492470878,0.14824374399301637,0.14270431627947827,0,0,0
0.410997,4294963162,4096,4294967269,-4135,4096,-27,-0.0092690700261583332,-0.010995574287564275,-0.003141592653589792,0.086812505990080738,0.13323901716626962,0.19049021208529157,6.0951715864025466,0.17871960192502911,0.1686059059217567,0,0,0
0.41602539999999999,4294963131,4093,4294967271,-4166,4093,-25,-0.008584924381370455,-0.0086393797973719298,-0.00392699081698724,0.11014585624782336,0.29091998680293912,0.028344740324904624,-2.1400856397741306,0.16801917372615846,0.17810562151871676,0,0,0
0.42097309999999999,4294963095,4090,4294967272,-4202,4090,-24,-0.0077904326648425984,-0.0062831853071795866,-0.0031415926535897933,0.13288947204918963,0.37504090629579989,0.088401100700423271,-0.66498684364950966,0.1646942395079109,0.182000569729041,0,0,0
0.42595119999999997,4294963057,4086,4294967273,-4240,4086,-23,-0.0069518025196187491,-0.0031415926535897933,-0.0015707963267948967,0.14914114075301135,0.49319793434889181,0.19371997304705529,2.7926727764096198,0.17865760338995901,0.18955811977309764,0,0,0
0.43100280000000002,4294963017,4082,4294967275,-4280,4082,-21,-0.0060690339456989078,-0,-0.0015707963267948967,0.1619294329922995,0.5562333016939337,0.10334729862709351,-1.8586371943250342,0.16936441741833383,0.1875908994901625,0,0,0
0.4359441,4294962977,4078,4294967276,-4320,4078,-20,-0.0051862653717790665,0.0031415926535897933,0,0.16875183460735249,0.58986191949006661,0.20169359164802439,1.8237504082358162,0.17848316945951292,0.19063170297694851,0,0,0
0.44091930000000001,4294962937,4075,4294967277,-4360,4075,-19,-0.0043034967978592261,0.0054977871437821377,0.000785398163397448,0.17239150462162392,0.53452286731214071,0.18088064848563001,0.92931201009454867,0.18312972950998566,0.19371226390332244,0,0,0
0.44592219999999999,4294962897,4071,4294967278,-4400,4071,-18,-0.0034207282239393844,0.0086393797973719298,0.0023561944901923431,0.17433322522973921,0.578279661294965,0.24305671045995356,3.2235650893957617,0.19924755495696447,0.20299083180066868,0,0,0
0.45091619999999999,4294962856,4068,4294967279,-4441,4068,-17,-0.0025158904356715472,0.010995574287564275,0.003141592653589792,0.1774282203131155,0.52834387049711184,0.20294737978218072,1.5377894061463682,0.20693650198769631,0.21178497920332948,0,0,0
0.45587299999999997,4294962814,4065,4294967280,-4483,4065,-16,-0.0015889834330557141,0.013351768777756621,0.0039269908169872417,0.1811384735948029,0.50170372078724046,0.18154952952395392,0.52203960642196279,0.20954670001980613,0.21925719039315644,0,0,0
0.46187440000000002,4294962762,4060,4294967281,-4535,4060,-15,-0.00044138428695992058,0.01727875959474386,0.006283185307179584,0.20370895216272131,0.63405055675617361,0.3166930698202729,5.0801427579257084,0.23494741380943468,0.22820101737767687,0,0,0
0.4668815,4294962718,4057,4294967282,-4579,4057,-14,0.00052966114435190473,0.019634954084936207,0.0070685834705770337,0.19927715158716758,0.55809697905515365,0.24223150057221604,2.2630587527442421,0.24626270757315588,0.24372159447496317,0,0,0
0.4708541,4294962680,4054,4294967283,-4617,4054,-13,0.0013682912895757538,0.021991148575128551,0.0078539816339744817,0.18455817718169509,0.51757664987589636,0.202507140134422,0.99861670089388799,0.2512557910776253,0.26527812065065387,0,0,0
0.47682469999999999,4294962620,4048,4294967284,-4677,4048,-12,0.0026924441504555157,0.026703537555513242,0.010995574287564275,0.22200620540315502,0.71579809468772271,0.40115322479069954,7.6523278052486816,0.28951743010386871,0.28365260126470759,0,0,0
0.4818346,4294962565,4043,4294967286,-4732,4043,-10,0.0039062509395952974,0.030630528372500482,0.011780972450961723,0.2316887311805442,0.748267355601687,0.28728998742064754,2.3066214635611146,0.30105053742167426,0.3027133936270876,0,0,0
0.48679879999999998,4294962507,4037,4294967288,-4790,4037,-8,0.0051862653717790665,0.035342917352885174,0.013351768777756623,0.24303157416262583,0.83886883891783415,0.29982482556266266,1.9704568144810253,0.31090282149407938,0.32077032980283832,0,0,0
0.49178230000000001,4294962443,4030,4294967290,-4854,4030,-6,0.0065986950900508131,0.040840704496667317,0.01570796326794897,0.26143750738900667,0.96048317059420518,0.37979153172719926,4.1971283855366242,0.33188846342176248,0.34025643549791679,0,0,0
0.49679469999999998,4294962376,4023,4294967293,-4921,4023,-3,0.0080773324513665461,0.046338491640449446,0.016493361431346411,0.27743418435886069,1.0253629682495515,0.27589377856572606,-1.2241022388780163,0.32576795222737243,0.349325458952851,0,0,0
0.50078679999999998,4294962320,4017,4294967295,-4977,4017,-1,0.0093132084548543242,0.051050880620834134,0.018064157758141304,0.26331800812938211,0.98669604835906277,0.29374508385497444,-0.29330256126869969,0.3243014394210289,0.36806792481775996,0,0,0
0.50676860000000001,4294962232,4007,3,-5065,4007,3,0.011255299317477974,0.058904862254808621,0.019634954084936207,0.32167872462627267,1.2591857842463821,0.30326854263722103,-2.9455246676141549,0.30957381608295814,0.35164369834077203,0,0,0
0.51178179999999995,4294962158,3998,6,-5139,3998,6,0.012888421179229682,0.06597344572538566,0.021991148575128558,0.32398592818681898,1.3312762939948097,0.38162871377556357,-0.44649046521319136,0.30734136375689219,0.3463325278851016,0,0,0
0.51666579999999995,4294962087,3990,9,-5210,3990,9,0.0144553353979374,0.072256631032565244,0.023561944901923454,0.31903946302193131,1.2964562031342655,0.3501534126017124,-1.9841721182872263,0.29742050316545604,0.33960001754707458,0,0,0
0.52167810000000003,4294962017,3983,11,-5280,3983,11,0.016000180402297122,0.077754418176347387,0.025918139392115798,0.31434147250074618,1.2046005800374386,0.40664123355397408,0.55305804457655228,0.30018579338833878,0.33712137472065679,0,0,0
0.52664169999999999,4294961949,3976,13,-5348,3976,13,0.017500886977960851,0.083252205320129516,0.028274333882308135,0.30771692998019362,1.1555966990155273,0.4367768133236915,1.9228221052225951,0.30979990391445178,0.3406067352313063,0,0,0
0.5316381,4294961882,3969,16,-5415,3969,16,0.018979524339276584,0.088749992463911659,0.02905973204570559,0.30212370517383147,1.1294537120730936,0.30629474766492903,-3.7532770411482286,0.29103351870871064,0.33524121601383544,0,0,0
0.53660819999999998,4294961816,3962,18,-5481,3962,18,0.020436092486244322,0.094247779607693788,0.03141592653589792,0.29708067608612143,1.1155067398737537,0.38324315811904386,-0.62945104330940538,0.28788626349216362,0.33309996391027619,0,0,0
0.54159690000000005,4294961751,3956,20,-5546,3956,20,0.021870591418864067,0.09896016858807849,0.03298672286269283,0.29233116986208169,1.0347866770066121,0.35101469943268987,-1.8335104987382298,0.27871871099847245,0.32862935168856444,0,0,0
0.54657880000000003,4294961686,3949,23,-5611,3949,23,0.023305090351483808,0.10445795573186062,0.033772121026090271,0.28979736485299307,1.0650030040468819,0.26054168123727944,-6.139319294623224,0.24802211452535633,0.31228073163657755,0,0,0
0.55157480000000003,4294961622,3943,25,-5675,3943,25,0.024717520069755552,0.10917034471224531,0.035342917352885167,0.28638649979277653,1.0078435353873636,0.28555492275697691,-5.1208684548906689,0.22241777225090298,0.29101434930170911,0,0,0
0.55656240000000001,4294961561,3936,27,-5736,3936,27,0.026063742144983311,0.11466813185602745,0.037699111843077518,0.27838951311467064,1.0506291588564332,0.37217870851933876,-1.7157513631752437,0.21383901543502676,0.27348099630340661,0,0,0
0.56155449999999996,4294961504,3931,29,-5793,3931,29,0.027321687362819085,0.11859512267301468,0.038484510006474959,0.26588677490640422,0.92689574086305448,0.27183242804475055,-5.4531608951288479,0.18657321095938251,0.24940898210958268,0,0,0
0.56654300000000002,4294961451,3926,30,-5846,3926,30,0.028491355723262873,0.12252211349000193,0.040840704496667296,0.25098027191538164,0.86088543589359057,0.36485792101030401,-1.0404162384988371,0.18137112976688832,0.2323613096532246,0,0,0
0.57155330000000004,4294961402,3922,31,-5895,3922,31,0.029572747226314679,0.12566370614359174,0.04241150082346222,0.23479138903897481,0.75239020501107334,0.34120639438329226,-1.3015610300601264,0.17486332461658768,0.2179233262498792,0,0,0
0.57652709999999996,4294961358,3919,32,-5939,3919,32,0.030543792657626505,0.12801990063378407,0.043196898986859661,0.2158592615027399,0.62122977210305175,0.25530906729963709,-4.0478299722334956,0.1546241747554202,0.20115458880961504,0,0,0
0.58155270000000003,4294961317,3917,32,-5980,3917,32,0.031448630445894341,0.12959069696057895,0.044767695313654543,0.19958186613497836,0.4779777238322509,0.28276338553596614,-1.8910040204623328,0.14516915465310853,0.18769118425729117,0,0,0
0.58652459999999995,4294961280,3915,32,-6017,3915,32,0.032265191376770197,0.13116149328737386,0.046338491640449453,0.18266162850141401,0.40155446205537337,0.29740993736407556,-0.45939098032252978,0.1428721997514959,0.17958022938656459,0,0,0
0.59154399999999996,4294961244,3913,32,-6053,3913,32,0.033059683093298049,0.13273228961416877,0.047909287967244363,0.1715757729627545,0.36078356201507134,0.30522369833992058,0.43383222605930882,0.14504136088179245,0.1748018411251169,0,0,0
0.59650179999999997,4294961211,3912,32,-6086,3912,32,0.033787967166781924,0.1335176877775662,0.04869468613064179,0.15948427026516232,0.26575325308848419,0.23611272747514606,-1.695223468040906,0.13656524354158792,0.16926447327408162,0,0,0
0.60151480000000002,4294961178,3911,32,-6119,3911,32,0.034516251240265791,0.13430308594096366,0.049480084294039245,0.15303359757260029,0.21505571498344392,0.1992428475550472,-2.7948025148552187,0.12259123096731182,0.15969083311194518,0,0,0
0.60650970000000004,4294961147,3909,32,-6150,3909,32,0.035200396885053664,0.13587388226775854,0.051050880620834127,0.14547401998615034,0.26128870144878258,0.25285272498973055,-0.40676381139876661,0.12055741191031799,0.15395798546677256,0,0,0
0.61147819999999997,4294961116,3908,32,-6181,3908,32,0.035884542529841544,0.13665928043115599,0.051836278784231582,0.14144107537010073,0.21267392985160186,0.20817343687397272,-1.8896369307148557,0.11110922725674371,0.14479364326941174,0,0,0
0.61647479999999999,4294961087,3907,32,-6210,3907,32,0.03652454974593343,0.13744467859455345,0.052621676947629037,0.13517132691996675,0.18673852815339193,0.18433756874578766,-2.5424897917514686,0.098396778297986376,0.13370482904992484,0,0,0
0.62144849999999996,4294961059,3906,32,-6238,3906,32,0.037142487747677318,0.13823007675795088,0.053407075111026464,0.12976738052496262,0.17290230020973035,0.17162141695858035,-2.8028933965219034,0.084382311315376851,0.11990096665756771,0,0,0
0.62642299999999995,4294961033,3905,31,-6264,3905,31,0.037716287320725211,0.13901547492134836,0.055763269601218843,0.12276621895289168,0.16552083737617015,0.31139653999963762,3.5697450198545138,0.10223103641464942,0.11882944697308413,0,0,0
0.63144359999999999,4294961009,3904,31,-6288,3904,31,0.038245948465077118,0.13980087308474581,0.056548667764616298,0.11491296210494628,0.16158291485963161,0.23940586498879871,0.92286417744882421,0.10684535730189354,0.11889535766859401,0,0,0
0.63641950000000003,4294960985,3904,31,-6312,3904,31,0.038775609609429024,0.13980087308474581,0.056548667764616298,0.11072334310028777,0.086202560801401137,0.12772017790888862,-3.2878813263889413,0.090405950669948831,0.11120469993949098,0,0,0
0.64138010000000001,4294960962,3903,30,-6335,3903,30,0.039283201539432933,0.14058627124814324,0.058904862254808607,0.10642912099237273,0.11926755890111933,0.28797575178247686,3.7209049665918847,0.10901047550290825,0.11602344010669298,0,0,0
0.64635980000000004,4294960940,3903,30,-6357,3903,30,0.039768724255088844,0.14058627124814324,0.058904862254808607,0.10207909437457915,0.063627822327253877,0.15363163409895897,-1.4735776584032836,0.10164258721089184,0.1153623680711373,0,0,0
0.65138929999999995,4294960917,3902,30,-6380,3902,30,0.040276316185092753,0.1413716694115407,0.059690260418206062,0.10181751724077773,0.1072242047656682,0.15524016649867811,-1.4634213971719534,0.094325480225032066,0.11206952270351547,0,0,0
0.65634300000000001,4294960895,3901,30,-6402,3901,30,0.040761838900748665,0.14215706757493815,0.060475658581603517,0.099618858692272175,0.13048235561121554,0.15609829937806247,-1.368835387248061,0.087481303288791765,0.10795618943478351,0,0,0
0.66132500000000005,4294960872,3900,30,-6425,3900,30,0.041269430830752574,0.14294246573833558,0.061261056745000944,0.10050501080298957,0.14289030210811296,0.15655610304978518,-1.3305615174831065,0.080828495701376235,0.10128651761168397,0,0,0
0.66634550000000004,4294960851,3898,30,-6446,3898,30,0.041732884332060495,0.14451326206513049,0.062831853071795854,0.096859541875511657,0.22278931309112354,0.23007985514872725,1.666645072514366,0.089161721063948068,0.10136427096477076,0,0,0
0.67129879999999997,4294960830,3897,30,-6467,3897,30,0.042196337833368409,0.14529866022852791,0.063617251235193281,0.094914727616258895,0.19213496464849672,0.1960243820138271,0.51089267227540525,0.091716184425325101,0.101310534274932,0,0,0
0.67628069999999996,4294960810,3896,31,-6487,3896,31,0.042637722120328327,0.14608405839192537,0.062831853071795854,0.091818082106842613,0.17578123481420077,0.031297154075854761,-6.3887696006094563,0.059772336422277819,0.08746568649124592,0,0,0
0.68131129999999995,4294960790,3894,31,-6507,3894,31,0.043079106407288251,0.14765485471872028,0.064402649398590764,0.090166058605238936,0.24033623399470025,0.16325569756854719,-1.0078780557040288,0.054732946143757677,0.077289020106801012,0,0,0
0.68626200000000004,4294960773,3893,31,-6524,3893,31,0.043454283051204183,0.14844025288211773,0.065188047561988219,0.083107392952768477,0.20149603798587501,0.16037448974760837,-0.73939708462313813,0.051035960720641989,0.069234835845410722,0,0,0
0.69124920000000001,4294960757,3892,32,-6540,3892,32,0.043807390480772118,0.14922565104551519,0.064402649398590778,0.077282568625460901,0.18077525595952254,0.012278361103144952,-6.8783930525214725,0.016643995458034626,0.047720335721851664,0,0,0
0.69628710000000005,4294960744,3892,32,-6553,3892,32,0.044094290267296068,0.14922565104551519,0.064402649398590778,0.067997763425982932,0.096441446218351268,0.0065503594266440538,-6.6121604311166262,-0.016416806697548504,0.02064872233639925,0,0,0
0.70125420000000005,4294960734,3891,32,-6563,3891,32,0.044314982410776027,0.15001104920891262,0.065188047561988205,0.05686709963579839,0.12472988233710858,0.076774058038496018,-3.4837182091053149,-0.033835397743075077,-0.0049727788618581566,0,0,0
0.70620830000000001,4294960730,3892,31,-6567,3892,31,0.044403259268168009,0.14922565104551519,0.065973445725385674,0.038574361481472058,-0.0067376124619730887,0.11423756496029377,-0.76986052340006683,-0.037684700360075409,-0.022962907162357292,0,0,0
0.7112444,4294960729,3893,31,-6568,3893,31,0.044425328482516006,0.14844025288211773,0.065188047561988219,0.022638072734529474,-0.076873955302867295,-0.01233513883045461,-5.399769274914334,-0.064683546734647074,-0.048531004792008191,0,0,0
0.71623530000000002,4294960733,3895,30,-6564,3895,30,0.044337051625124024,0.14686945655532285,0.065188047561988219,0.0038407011582432832,-0.18757037825318218,-0.0065806496680029742,-4.123521353023623,-0.085301153499765192,-0.07292694788366022,0,0,0
0.72117909999999996,4294960739,3897,29,-6558,3897,29,0.044204636339036048,0.14529866022852791,0.065188047561988191,-0.010305693246961321,-0.24662560162356426,-0.0035106982295247989,-3.2400736400339283,-0.10150152169993483,-0.097919536849056785,0,0,0
0.72617600000000004,4294960751,3900,27,-6546,3900,27,0.043939805766860095,0.14294246573833558,0.065973445725385646,-0.030207287770339708,-0.35141037930040053,0.071406603595151552,1.1732245682093576,-0.09563539885888804,-0.1109469377173683,0,0,0
0.73119990000000001,4294960768,3904,25,-6529,3904,25,0.043564629122944162,0.13980087308474581,0.065973445725385674,-0.051120102755889157,-0.48059132961063666,0.038094572643279104,1.1909371849142056,-0.089680712934317008,-0.11652215230172212,0,0,0
0.73611800000000005,4294960787,3908,23,-6510,3908,23,0.043145314050332235,0.13665928043115599,0.065973445725385646,-0.066395061027312879,-0.54950782819698429,0.020323000840391747,1.5059110650366367,-0.082151157609133829,-0.11667148593142454,0,0,0
0.7411179,4294960809,3913,21,-6488,3913,21,0.042659791334676324,0.13273228961416877,0.065188047561988219,-0.080721400145192621,-0.65955347876451009,-0.062437440368431588,-0.80615440417553996,-0.086181929630011533,-0.11629262681486528,0,0,0
0.7461255,4294960831,3917,19,-6466,3917,19,0.042174268619020412,0.12959069696057895,0.065188047561988205,-0.088364331453514078,-0.64498200352664559,-0.033309630874770457,0.95894849021714035,-0.081387187178925832,-0.11217001658403318,0,0,0
0.7511198,4294960853,3921,17,-6444,3921,17,0.041688745903364501,0.12644910430698916,0.065188047561988205,-0.092441744287530936,-0.63720829501761345,-0.017770291390330567,2.1056346308075158,-0.070859014024888256,-0.10371367393526987,0,0,0
0.7560656,4294960874,3925,15,-6423,3925,15,0.041225292402056586,0.12330751165339937,0.065188047561988205,-0.092557885214220176,-0.63306111410443111,-0.0094802388319601225,2.8716187497964105,-0.056500920275906204,-0.091372931160304247,0,0,0
0.76072779999999995,4294960893,3928,13,-6404,3928,13,0.040805977329444659,0.12095131716320703,0.06597344572538566,-0.088501624490056302,-0.55756912318363039,0.068221924774467493,6.2203412579308299,-0.025399213986252053,-0.069467100122488856,0,0,0
0.76671259999999997,4294960913,3931,12,-6384,3931,12,0.040364593042484735,0.11859512267301468,0.065188047561988205,-0.08839676796207506,-0.51729504505462687,-0.03688393487352614,1.932633903201602,-0.015736044470244043,-0.04812820844184966,0,0,0
0.77167640000000004,4294960926,3933,12,-6371,3933,12,0.040077693255960792,0.1170243263462198,0.063617251235193323,-0.073927056414078568,-0.42252978470111191,-0.16623617859163875,-4.1849994031689768,-0.036661041486088924,-0.0444374319527839,0,0,0
0.77668020000000004,4294960936,3934,12,-6361,3934,12,0.039857001112480826,0.11623892818282235,0.062831853071795868,-0.060030306833538043,-0.29869412756134872,-0.16196454087915074,-4.8480191644938397,-0.060901137308558125,-0.051537188353581072,0,0,0
0.78167830000000005,4294960945,3934,12,-6352,3934,12,0.039658378183348865,0.11623892818282235,0.062831853071795868,-0.050557446164722977,-0.15934975993282643,-0.086406153738065095,-2.4568419321438224,-0.07318534696927724,-0.061562994230126879,0,0,0
0.78663130000000003,4294960955,3934,12,-6342,3934,12,0.039437686039868906,0.11623892818282235,0.062831853071795868,-0.047562898072065596,-0.085011199242389146,-0.046096654016244749,-1.1284700913609382,-0.078827697426081936,-0.071559131794614469,0,0,0
0.79163969999999995,4294960966,3935,12,-6331,3935,12,0.039194924682040951,0.1154535300194249,0.06204645490839842,-0.048024452589154075,-0.11863198169720399,-0.097871535248830438,-3.2037147021674182,-0.094846270936919025,-0.087001286167385741,0,0,0
0.79660109999999995,4294960980,3936,12,-6317,3936,12,0.038885955681169003,0.11466813185602745,0.061261056745000965,-0.054448017215572367,-0.13656826875001371,-0.12549281780407184,-4.1994288485329134,-0.11584341517958359,-0.10620128794859311,0,0,0
0.80161000000000004,4294960997,3937,12,-6300,3937,12,0.038510779037253071,0.11388273369262999,0.06047565858160351,-0.064052243234282227,-0.14613706429107925,-0.14022844310795557,-4.6185852763093216,-0.13893634156113019,-0.12884796056215267,0,0,0
0.8066025,4294961018,3939,11,-6279,3939,11,0.038047325535945156,0.11231193736583511,0.060475658581603524,-0.07741242449029366,-0.22452142205033843,-0.074810204430339311,-1.1428887522483666,-0.14465078532237202,-0.14562608523775528,0,0,0
0.81156410000000001,4294961043,3941,10,-6254,3941,10,0.037495595177245253,0.1107411410390402,0.06047565858160351,-0.092776363136077386,-0.26633854344273028,-0.039910353155678216,1.0191394336247968,-0.13955508815424802,-0.15457360654615795,0,0,0
0.81656859999999998,4294961071,3945,9,-6226,3945,9,0.036877657175501365,0.10759954838545042,0.058904862254808635,-0.10715017222401901,-0.4352065182933138,-0.16785073670382664,-3.243260325540402,-0.15577138978195004,-0.16803298394395622,0,0,0
0.82155180000000005,4294961102,3948,8,-6195,3948,8,0.036193511530713492,0.10524335389525807,0.05811946409141118,-0.12099575898421458,-0.45201605255075694,-0.16282588840437751,-2.508463648644689,-0.16831370802517348,-0.18057424185196017,0,0,0
0.82651739999999996,4294961136,3952,6,-6161,3952,6,0.03544315824288162,0.10210176124166827,0.058119464091411166,-0.13455954542311049,-0.53426325818590847,-0.086865672385065651,1.6352225216001441,-0.16013759541717276,-0.18356713352191559,0,0,0
0.83153339999999998,4294961172,3957,4,-6125,3957,4,0.034648666526353768,0.098174770424681035,0.057334065928013718,-0.14591388448380471,-0.65142068220979799,-0.11962132103407083,1.3181507744643683,-0.15354684154485093,-0.18239791520045515,0,0,0
0.8365011,4294961208,3961,3,-6089,3961,3,0.033854174809825908,0.095033177771091243,0.055763269601218829,-0.15197128915489627,-0.64064325341743733,-0.21037558879629586,-2.2221265478690215,-0.16465747428419603,-0.18673276623765173,0,0,0
0.84150400000000003,4294961245,3965,1,-6052,3965,1,0.033037613878950059,0.091891585117501451,0.055763269601218829,-0.15726195267256335,-0.63489362350413048,-0.11223287127910278,2.3338964332457639,-0.15298799211796721,-0.18252597066480952,0,0,0
0.84646999999999994,4294961282,3970,4294967295,-6015,3970,-1,0.032221052948074203,0.087964594300514204,0.054977871437821374,-0.16008445865320953,-0.70510578370921784,-0.1331544195483797,2.1358744398339367,-0.14230861991879754,-0.17529615613415145,0,0,0
0.85147519999999999,4294961319,3974,4294967294,-5978,3974,-2,0.031404492017198353,0.084823001646924412,0.053407075111026478,-0.16159023198091704,-0.66928361573639494,-0.21759533568924297,-1.3406775660271819,-0.14901200774893344,-0.17283560620195298,0,0,0
0.85620300000000005,4294961353,3977,4294967293,-5944,3977,-3,0.030654138729366485,0.082466807156732075,0.052621676947629037,-0.1562162133309703,-0.57689339643381121,-0.18936403955919839,-0.48942154451376929,-0.15145911547150229,-0.17295899252694941,0,0,0
0.86099919999999996,4294961386,3981,4294967291,-5911,3981,-5,0.029925854655882617,0.079325214503142283,0.052621676947629037,-0.15129012811720116,-0.60088383399460499,-0.10102345998573692,3.5138991785538423,-0.13388961957873308,-0.16598504129934302,0,0,0
0.86557519999999999,4294961418,3984,4294967290,-5879,3984,-6,0.029219639796746744,0.076969020012949932,0.051836278784231582,-0.14660301005723492,-0.54040292744133689,-0.12717433211522688,2.2703732694521985,-0.12253775323147209,-0.15828776726467403,0,0,0
0.87163670000000004,4294961457,3988,4294967289,-5840,3988,-7,0.028358940437174896,0.07382742735936014,0.050265482457436693,-0.15851626022974957,-0.58141660334879086,-0.21440503025997176,-0.8106794950300813,-0.1265911507066225,-0.14825321420790413,0,0,0
0.87661750000000005,4294961489,3991,4294967288,-5808,3991,-8,0.027652725578039026,0.071471232869167789,0.049480084294039238,-0.15045806548393015,-0.53001739172527129,-0.18766204960574023,0.048861850554145825,-0.12634684145385178,-0.14314968310853174,0,0,0
0.88161140000000005,4294961518,3993,4294967287,-5779,3993,-9,0.02701271836194714,0.069900436542372907,0.049480084294039245,-0.13998178376318096,-0.4293170051406332,-0.10011546861440963,3.2556021853517922,-0.11006883052709282,-0.13402887447770617,0,0,0
0.88660499999999998,4294961546,3995,4294967287,-5751,3995,-9,0.026394780360203252,0.068329640215577997,0.047909287967244335,-0.13233370196352509,-0.37559454812946108,-0.19996944882382794,-1.3507425462907259,-0.11682254325854645,-0.13243318464296164,0,0,0
0.89158689999999996,4294961573,3997,4294967286,-5724,3997,-10,0.025798911572807358,0.066758843888783101,0.047909287967244342,-0.12619443114099763,-0.34693425708984571,-0.10668131952956339,2.4331067598230902,-0.104657009459431,-0.12553335345315281,0,0,0
0.89657589999999998,4294961598,3999,4294967286,-5699,3999,-10,0.025247181214107458,0.065188047561988219,0.04633849164044946,-0.11880098274375464,-0.33164433313300457,-0.20347225209493952,-1.9165686377035192,-0.1142398526479486,-0.12735758081272208,0,0,0
0.90157449999999995,4294961623,4000,4294967286,-5674,4000,-10,0.024695450855407558,0.06440264939859075,0.045553093477051991,-0.1148566660717289,-0.25020782149632748,-0.18182954265215598,-1.4814874774007611,-0.12164729003495241,-0.13123436501341779,0,0,0
0.906559,4294961648,4002,4294967285,-5649,4002,-11,0.024143720496707655,0.062831853071795868,0.045553093477052012,-0.11275242009971138,-0.28004193165017199,-0.097003895613465091,2.2485079593021631,-0.1104047502384416,-0.12895560126246614,0,0,0
0.91155010000000003,4294961674,4004,4294967285,-5623,4004,-11,0.023569920923659761,0.061261056745000965,0.043982297150257102,-0.11368894019563375,-0.29595807412555014,-0.19830946168326344,-1.977973073090924,-0.12029461560389622,-0.13235073577121279,0,0,0
0.91658260000000003,4294961699,4005,4294967284,-5598,4005,-12,0.023018190564959858,0.060475658581603517,0.04476769531365455,-0.1121294522511557,-0.23116962730025598,-0.032516216866691511,4.8449377342378854,-0.096069926932706787,-0.12393492780442354,0,0,0
0.92155200000000004,4294961724,4007,4294967284,-5573,4007,-12,0.022466460206259958,0.058904862254808621,0.043196898986859654,-0.1112974840045762,-0.26988528177068938,-0.16390605304974959,-0.57583135044927314,-0.098949083684953157,-0.12126886221791397,0,0,0
0.92654360000000002,4294961749,4009,4294967284,-5548,4009,-12,0.021914729847560058,0.057334065928013725,0.041626102660064758,-0.11085363885286009,-0.29053962236946362,-0.23400096594382203,-3.5490020393435406,-0.11669409388167086,-0.12611977903841096,0,0,0
0.93156570000000005,4294961773,4010,4294967283,-5524,4010,-13,0.021385068703208152,0.056548667764616277,0.042411500823462206,-0.10855774248741057,-0.22827894781623215,-0.051557209342826885,3.9423212200698816,-0.096982487781321458,-0.11985963251548493,0,0,0
0.93651879999999998,4294961797,4012,4294967283,-5500,4012,-13,0.020855407558856249,0.054977871437821381,0.04084070449666731,-0.10733290911806358,-0.26834313869080129,-0.17406419577832311,-1.1220714721063905,-0.10259284514185341,-0.1198101495732864,0,0,0
0.94151410000000002,4294961821,4013,4294967283,-5476,4013,-13,0.020325746414504343,0.054192473274423933,0.040055306333269862,-0.10667947510194629,-0.21643738810956775,-0.16614069482510269,-1.0684971676091992,-0.10793533097989941,-0.12122849623408313,0,0,0
0.94651909999999995,4294961844,4014,4294967283,-5453,4014,-13,0.019818154484500434,0.053407075111026485,0.039269908169872414,-0.10427176557331314,-0.18874628831533455,-0.16191360142681055,-1.1288699890651728,-0.11357968092522527,-0.12519100408441203,0,0,0
0.95152570000000003,4294961868,4016,4294967283,-5429,4016,-13,0.019288493340148531,0.051836278784231589,0.037699111843077518,-0.1050463914757012,-0.24725293563791284,-0.23293801673090889,-3.9855139622652196,-0.13350725073655137,-0.13632296598845042,0,0,0
0.95647150000000003,4294961893,4018,4294967282,-5404,4018,-14,0.018736762981448628,0.050265482457436693,0.037699111843077518,-0.10751875543239703,-0.2784655352341755,-0.12426965788832006,0.83249319523102727,-0.12934478476039624,-0.14102172451909706,0,0,0
0.96146969999999998,4294961919,4020,4294967282,-5378,4020,-14,0.018162963408400731,0.04869468613064179,0.036128315516282615,-0.11089684242285758,-0.2951170854107773,-0.21285542115141898,-2.8135465411511724,-0.14341251746615211,-0.15172509300953971,0,0,0
0.96655009999999997,4294961947,4022,4294967281,-5350,4022,-15,0.017545025406656842,0.047123889803846894,0.036128315516282622,-0.11681723212837926,-0.30400048912819966,-0.11355583230846271,1.6345388068728619,-0.13523982343178781,-0.15416243758828055,0,0,0
0.97142620000000002,4294961976,4025,4294967280,-5321,4025,-16,0.016905018190564957,0.04476769531365455,0.035342917352885167,-0.1220347997936142,-0.38201919851181598,-0.13386020350252084,1.3276324175290108,-0.12860166134414275,-0.15380145885140487,0,0,0
0.97643250000000004,4294962007,4028,4294967279,-5290,4028,-17,0.016220872545777081,0.042411500823462206,0.034557519189487726,-0.12893653053292026,-0.42364125085027299,-0.1446923437316428,1.3285298229518983,-0.12195901222938325,-0.14947954053571808,0,0,0
0.98143290000000005,4294962038,4031,4294967278,-5259,4031,-18,0.015536726900989204,0.040055306333269862,0.033772121026090278,-0.13261852169025742,-0.44584612009961044,-0.15047116154490886,1.3924961722685358,-0.11499653136804057,-0.14280559818535712,0,0,0
0.98638579999999998,4294962067,4034,4294967277,-5230,4034,-19,0.01489671968489732,0.037699111843077518,0.03298672286269283,-0.1304645995987582,-0.457692153408367,-0.15355409202887144,1.3885409558368247,-0.10805382658885644,-0.13589270858890035,0,0,0
0.99136880000000005,4294962096,4037,4294967276,-5201,4037,-20,0.014256712468805435,0.035342917352885174,0.032201324699295382,-0.12931550781380549,-0.4640118711052571,-0.15519879872772721,1.4494911079569892,-0.1008063710490715,-0.12709753618655237,0,0,0
0.99638700000000002,4294962123,4040,4294967275,-5174,4040,-21,0.013660843681409542,0.03298672286269283,0.031415926535897934,-0.12458426050552122,-0.4673833652356057,-0.15607623016490452,1.4434994050140721,-0.093588874024001137,-0.11828125688752043,0,0,0
1.00038,4294962144,4042,4294967275,-5153,4042,-21,0.013197390180101626,0.031415926535897934,0.029845130209103038,-0.10970553483422081,-0.39590249791131321,-0.22982384867940459,-2.3376097092807262,-0.10527692257040477,-0.12186755093547685,0,0,0
1.0063599999999999,4294962173,4044,4294967274,-5124,4044,-22,0.012557382964009741,0.029845130209103034,0.029845130209103034,-0.11824079397973586,-0.35776830645294033,-0.12260828631918645,2.3420535697896785,-0.09356665472145638,-0.11156133847673796,0,0,0
1.0113639999999999,4294962197,4047,4294967273,-5100,4047,-23,0.012027721819657836,0.02748893571891069,0.029059732045705586,-0.11249870177464122,-0.41070368873852703,-0.13868957991239123,1.8542006507317463,-0.084295651467797647,-0.10331131090514865,0,0,0
1.0163721999999999,4294962219,4049,4294967273,-5078,4049,-23,0.011542199104001923,0.025918139392115794,0.02748893571891069,-0.10531714343983498,-0.36566456549322546,-0.22054827782572262,-1.9814805632920738,-0.094203054284258014,-0.10338651984037087,0,0,0
1.0212642000000001,4294962240,4050,4294967272,-5057,4050,-24,0.011078745602694007,0.025132741228718346,0.028274333882308138,-0.09942675733001903,-0.26835721031665555,-0.044380360438658062,5.0490625306842301,-0.068957741630836872,-0.091675998823742735,0,0,0
1.0262526000000001,4294962260,4052,4294967272,-5037,4052,-24,0.010637361315734086,0.023561944901923447,0.026703537555513239,-0.094225196225783181,-0.28972441444640062,-0.17023543235638913,-0.31257601232018395,-0.070520621692437793,-0.086493363109590105,0,0,0
1.0314326,4294962278,4053,4294967272,-5019,4053,-24,0.010240115457470158,0.022776546738526002,0.025918139392115794,-0.087332004796149304,-0.22784404409751463,-0.16409809513589535,-0.5200016880524263,-0.073120630132699926,-0.084365067927040058,0,0,0
1.036206,4294962295,4054,4294967271,-5002,4054,-25,0.0098649388135542259,0.021991148575128551,0.026703537555513239,-0.081595458996107761,-0.19483160344407757,-0.014264860233718382,5.6517802434256899,-0.044861728915571476,-0.070392936830219605,0,0,0
1.0411846,4294962311,4056,4294967271,-4986,4056,-25,0.0095118313839862891,0.020420352248333658,0.02513274122871835,-0.076475969865066329,-0.25049937878963346,-0.15416917163980118,-0.16885191531601862,-0.045705988492151572,-0.063158516626904498,0,0,0
1.0461642,4294962325,4056,4294967271,-4972,4056,-25,0.009202862383114345,0.020420352248333658,0.02513274122871835,-0.06962656285574402,-0.13363843540998877,-0.082247417083214189,2.2148361412701187,-0.03463180778580098,-0.052949473492554786,0,0,0
1.0511584,4294962337,4057,4294967271,-4960,4057,-25,0.0089380318109383919,0.019634954084936207,0.024347343065320895,-0.061854265259793428,-0.14457403309529393,-0.11715753682891539,0.55109278203291279,-0.031876343875636419,-0.045758464782273876,0,0,0
1.056149,4294962347,4057,4294967271,-4950,4057,-25,0.0087173396674584316,0.019634954084936207,0.024347343065320895,-0.053589616526496422,-0.077128524937350354,-0.0625021506797937,2.3580392255326843,-0.020086147747972995,-0.036077929681086598,0,0,0
1.0611317,4294962356,4057,4294967272,-4941,4057,-24,0.0085187167383264668,0.019634954084936207,0.022776546738525999,-0.0471214145875107,-0.041147149537499594,-0.17990319163928564,-3.0993007854459709,-0.035582651675202852,-0.036916110750682282,0,0,0
1.0661240000000001,4294962363,4057,4294967272,-4934,4057,-24,0.0083642322378904947,0.019634954084936207,0.022776546738525999,-0.03955248535684807,-0.021951514260600831,-0.095976210288839431,0.075546717103773364,-0.035204918089683984,-0.03703668280467385,0,0,0
1.0711143000000001,4294962370,4057,4294967273,-4927,4057,-23,0.0082097477374545227,0.019634954084936207,0.021205750411731103,-0.035514551749978217,-0.011710871439447068,-0.19776120380118525,-4.6018913928038794,-0.058214375053703381,-0.048034165399439714,0,0,0
1.0761094,4294962378,4057,4294967273,-4919,4057,-23,0.0080331940226705551,0.019634954084936207,0.021205750411731103,-0.035419472520817202,-0.0062476104492439379,-0.10550324710777297,-0.85905075068987458,-0.062509628807152759,-0.056138767533620182,0,0,0
1.0811017999999999,4294962386,4057,4294967273,-4911,4057,-23,0.0078566403078865858,0.019634954084936207,0.021205750411731103,-0.035368748884349835,-0.0033330257724479787,-0.056284725903438762,1.1394196836357495,-0.056812530388974013,-0.060912241079160656,0,0,0
1.0860913000000001,4294962397,4058,4294967273,-4900,4058,-23,0.00761387895005863,0.018849555921538759,0.020420352248333655,-0.041519019216519466,-0.075057648848917718,-0.10330675027182851,-0.477194592651907,-0.059198503352233547,-0.06500812826939964,0,0,0
1.0910934999999999,4294962409,4059,4294967273,-4888,4059,-23,0.0073490483778826778,0.018064157758141311,0.019634954084936207,-0.046859225458443565,-0.11332188109821245,-0.1283924402913601,-1.3298030135718433,-0.06584751842009276,-0.070370552957713245,0,0,0
1.095574,4294962420,4061,4294967272,-4877,4061,-24,0.0071062870200547211,0.016493361431346415,0.019634954084936207,-0.047649051629759853,-0.20701491260997235,-0.068495837881566157,1.659663340437548,-0.057549201717905021,-0.071407727764281725,0,0,0
1.1008967000000001,4294962434,4062,4294967272,-4863,4062,-24,0.006797318019182777,0.015707963267948967,0.018849555921538759,-0.054247745274351056,-0.18371950984770269,-0.10982123309113941,-0.026468588377035474,-0.057681544659790196,-0.071170910471863205,0,0,0
1.1058865,4294962448,4064,4294967271,-4849,4064,-25,0.0064883490183108329,0.014137166941154069,0.018849555921538759,-0.057768069750499008,-0.24457120918887826,-0.058588320003063063,2.5695343298692785,-0.044833873010443802,-0.064732438049459315,0,0,0
1.1108639,4294962462,4066,4294967270,-4835,4066,-26,0.0061793800174388879,0.012566370614359173,0.018849555921538759,-0.059646120935300542,-0.27703486611005157,-0.031256170998668814,4.0576244264718975,-0.024545750878084315,-0.051265426936921953,0,0,0
1.1168792000000001,4294962477,4068,4294967269,-4820,4068,-27,0.0058483418022189475,0.010995574287564275,0.018849555921538759,-0.062707149139572302,-0.29435384047076496,-0.016674795000896928,5.005440274877154,0.00048145049630145612,-0.029148623711077681,0,0,0
1.1206924,4294962484,4070,4294967268,-4813,4070,-28,0.0056938573017829754,0.0094247779607693795,0.018849555921538759,-0.047867289131280071,-0.30359330704211751,-0.0088958045543639733,5.2081835035089474,0.026522368013846193,-0.0070472259302281366,0,0,0
1.126433,4294962491,4071,4294967268,-4806,4071,-28,0.0055393728013470034,0.0086393797973719298,0.018064157758141311,-0.03995040054339704,-0.23524293313395161,-0.078025325082444169,1.8821610673341542,0.035933173350516961,0.013710244035910441,0,0,0
1.1310279999999999,4294962493,4071,4294967268,-4804,4071,-28,0.0054952343726510115,0.0086393797973719298,0.018064157758141311,-0.025431283449663142,-0.1254993033403039,-0.04162558173499592,2.6488808218014475,0.049177577459524197,0.033625188144140221,0,0,0
1.1360178000000001,4294962491,4070,4294967268,-4806,4070,-28,0.0055393728013470034,0.0094247779607693795,0.018849555921538759,-0.0094490663361162762,0.0063271355197351137,0.051072767151657331,5.6920439914279157,0.077637797416663767,0.059384681869237524,0,0,0
1.1409807000000001,4294962485,4069,4294967269,-4812,4069,-27,0.0056717880874349799,0.010210176124166829,0.018064157758141311,0.0073136972140760426,0.076654970742515358,-0.046032806237538922,0.78259305163145831,0.081550762674821059,0.077115725851072375,0,0,0
1.1459672999999999,4294962476,4067,4294967270,-4821,4067,-26,0.0058704110165669439,0.011780972450961723,0.018064157758141311,0.022433762730041548,0.18745355259810276,-0.024557953927231271,0.70320088788856716,0.085066767114263891,0.091937906041038325,0,0,0
1.1509739999999999,4294962463,4065,4294967271,-4834,4065,-25,0.0061573108030908924,0.013351768777756621,0.018064157758141311,0.038736578670209049,0.24656327652784177,-0.013101375961741874,0.35562491932481577,0.086844891710887967,0.10231270612018381,0,0,0
1.1559372000000001,4294962446,4062,4294967272,-4851,4062,-24,0.0065324874470068248,0.015707963267948967,0.018849555921538759,0.055670377876421179,0.35137712960405731,0.066290091239520454,2.7009574448667615,0.10034967893522177,0.11375889524932188,0,0,0
1.1609358999999999,4294962427,4058,4294967274,-4870,4058,-22,0.0069518025196187491,0.018849555921538759,0.018849555921538759,0.068822578615304608,0.48057359129360772,0.035364974233626834,0.25425923984658283,0.10162097513445469,0.12047589949235532,0,0,0
1.1655211000000001,4294962408,4055,4294967276,-4889,4055,-20,0.0073711175922306742,0.021205750411731103,0.018064157758141311,0.075839121081138605,0.47621884572407391,-0.054412726696633364,-4.0922449327214405,0.081159750470847475,0.1169664713442773,0,0,0
1.1714761,4294962381,4050,4294967278,-4916,4050,-18,0.0079669863796265668,0.025132741228718346,0.018849555921538759,0.096055245029061168,0.62045467940703014,0.044250977595568147,-1.391335582826259,0.074203072556716182,0.10617528044157447,0,0,0
1.1764561,4294962359,4046,4294967279,-4938,4046,-17,0.0084525090952824785,0.028274333882308138,0.020420352248333655,0.096544755089696205,0.62412325969346694,0.17016640815040882,3.6765341677772159,0.092585743395602257,0.10832711622425428,0,0,0
1.1814865999999999,4294962337,4043,4294967281,-4960,4043,-15,0.0089380318109383919,0.030630528372500482,0.019634954084936207,0.096805902877514435,0.55280088429547558,0.017502232959974162,-2.8475968507664886,0.078347759141769807,0.10073357364810612,0,0,0
1.1864326000000001,4294962316,4040,4294967282,-4981,4040,-14,0.009401485312246308,0.03298672286269283,0.020420352248333655,0.094886111849609489,0.51475124639231851,0.082616752143665401,-0.15300509629637471,0.077582733660287936,0.096269519335345458,0,0,0
1.1914340000000001,4294962296,4037,4294967284,-5001,4037,-12,0.0098428695992062287,0.035342917352885174,0.019634954084936207,0.091802815936118054,0.49445221770065517,-0.029204465898746125,-5.0987164027367831,0.052089151646604021,0.081512978479142018,0,0,0
1.1964296000000001,4294962277,4034,4294967285,-5020,4034,-11,0.010262184671818154,0.037699111843077518,0.020420352248333658,0.088098804022239907,0.48362292763293624,0.05769928452836004,-1.5616291478895921,0.044281005907156057,0.068943428899466808,0,0,0
1.2014194,4294962261,4032,4294967286,-5036,4032,-10,0.010615292101386091,0.039269908169872414,0.020420352248333655,0.07994542698876439,0.40456611105481999,0.030781881160356905,-2.4200425054342238,0.032180793379984939,0.055336547436231134,0,0,0
1.2058713000000001,4294962249,4030,4294967286,-5048,4030,-10,0.010880122673562042,0.040840704496667317,0.021991148575128558,0.067359256388346764,0.36239024089082184,0.16298080560446665,3.5942368248830716,0.0501519775044003,0.056190905988035528,0,0,0
1.2105862000000001,4294962237,4029,4294967287,-5060,4029,-9,0.011144953245737995,0.041626102660064758,0.0212057504117311,0.060644684260583157,0.26661039713490597,0.013668799574399121,-2.32269726076139,0.038538491200593349,0.04934042931015048,0,0,0
1.2165267,4294962224,4028,4294967287,-5073,4028,-9,0.011431853032261944,0.042411500823462206,0.021991148575128548,0.059121650256369632,0.21551299112455896,0.080571661084470073,0.69655742295161938,0.042021278315351449,0.045624376687490462,0,0,0
1.2214811999999999,4294962214,4028,4294967287,-5083,4028,-9,0.011652545175741904,0.042411500823462206,0.021991148575128548,0.052131798964632957,0.11497361424037485,0.042984021667993269,-0.33666951409771673,0.040337930744862867,0.04339520293797719,0,0,0
1.226494,4294962205,4027,4294967287,-5092,4027,-9,0.011851168104873867,0.043196898986859661,0.022776546738526002,0.046343686279272912,0.13461657327896012,0.096210982959093999,1.9975994842302522,0.050325928166014125,0.047310108066569358,0,0,0
1.2315202000000001,4294962196,4027,4294967287,-5101,4027,-9,0.012049791034005832,0.043196898986859661,0.022776546738526002,0.043255797091740142,0.071816338707818062,0.051327413640845726,0.44744345956302745,0.052563145463829265,0.05078161129439604,0,0,0
1.2363999000000001,4294962187,4027,4294967287,-5110,4027,-9,0.012248413963137797,0.043196898986859661,0.022776546738526002,0.041608444983582432,0.038313161446385968,0.027382563923898241,-0.38146953444933707,0.05065579779158258,0.053177597351020067,0,0,0
1.2412114999999999,4294962177,4026,4294967287,-5120,4026,-9,0.012469106106617757,0.043982297150257102,0.023561944901923444,0.042788712514767069,0.093719134655714062,0.087887791048956942,1.9604441137125421,0.060458018360145291,0.059500261476000238,0,0,0
1.2461985,4294962166,4026,4294967287,-5131,4026,-9,0.012711867464445713,0.043982297150257102,0.023561944901923444,0.045477481449676171,0.049998042246186959,0.046887089876921792,0.36336867996237898,0.062274861759957188,0.063878607563458617,0,0,0
1.2511876,4294962155,4025,4294967287,-5142,4025,-9,0.012954628822273669,0.04476769531365455,0.024347343065320892,0.046911907656145883,0.099952879408227613,0.098293223367273003,2.3458334813908639,0.074004029166911511,0.073046533787452572,0,0,0
1.2561709999999999,4294962142,4024,4294967288,-5155,4024,-8,0.013241528608797617,0.045553093477052005,0.023561944901923454,0.051795377480287827,0.12660319012657223,-0.020841255190618135,-3.0298425253648364,0.058854816540087326,0.071346699492424531,0,0,0
1.2607341000000001,4294962129,4023,4294967288,-5168,4023,-8,0.013528428395321566,0.046338491640449446,0.024347343065320895,0.054400650474670319,0.14082081351868539,0.062160957844430938,0.32873725514551344,0.06049850281581489,0.072820034015175686,0,0,0
1.2667234999999999,4294962111,4021,4294967288,-5186,4021,-8,0.013925674253585495,0.047909287967244349,0.025918139392115798,0.06608608390481796,0.22168526557401436,0.17972116932485466,4.7439360766206784,0.084218183198918287,0.079881865276114822,0,0,0
1.2717069999999999,4294962096,4020,4294967288,-5201,4020,-8,0.014256712468805435,0.04869468613064179,0.026703537555513239,0.066142792690877458,0.19154596844612154,0.16915862284379402,4.4976588613246591,0.10670647750554157,0.094871745569775595,0,0,0
1.2767033999999999,4294962079,4019,4294967289,-5218,4019,-7,0.014631889112721367,0.049480084294039245,0.025918139392115798,0.070291266678341791,0.17546701235453571,0.01696459150051921,-2.0678792319209305,0.096367081345936925,0.099304398903553873,0,0,0
1.2817049,4294962061,4017,4294967289,-5236,4017,-7,0.015029134970985297,0.051050880620834134,0.027488935718910687,0.074563538409575997,0.24016860005451368,0.15560944611978572,3.4411206074906935,0.1135726843833904,0.11216486795160323,0,0,0
1.2866945999999999,4294962040,4015,4294967290,-5257,4015,-6,0.015492588472293213,0.052621676947629037,0.02748893571891069,0.083020075288256417,0.27468612656713981,0.083015786366188699,-0.062172234599868759,0.11326182321039105,0.11875200824127723,0,0,0
1.2917304999999999,4294962017,4012,4294967291,-5280,4012,-5,0.016000180402297122,0.054977871437821381,0.028274333882308138,0.091649757530346515,0.36638033518756363,0.11756745269094185,0.6994814913876235,0.11675923066732917,0.12460775652693518,0,0,0
1.2960837000000001,4294961996,4009,4294967292,-5301,4009,-4,0.016463633903605036,0.057334065928013725,0.029059732045705586,0.092135369710960424,0.41529810350858293,0.13600035520255116,1.1456047106658511,0.12248725422065843,0.1337463993916424,0,0,0
1.3010766,4294961971,4006,4294967294,-5326,4006,-2,0.01701536426230494,0.059690260418206069,0.028274333882308135,0.10063087907708979,0.4413951503506004,-0.0007249494072963103,-5.2535580230759686,0.096219464105278582,0.12629792344258173,0,0,0
1.3056695,4294961947,4003,4294967295,-5350,4003,-1,0.017545025406656842,0.06204645490839842,0.02905973204570559,0.10310402188895162,0.45531761405346399,0.072892767416581516,-2.492938248739673,0.083754772861580215,0.11838481607519062,0,0,0
1.3116414999999999,4294961916,3999,0,-5381,3999,0,0.018229171051444719,0.065188047561988219,0.0306305283725005,0.11883718596569218,0.53602460192960688,0.18544646192745515,1.3991755508187635,0.090750650615674028,0.10922873999260931,0,0,0
1.3166355000000001,4294961892,3996,2,-5405,3996,2,0.018758832195796625,0.067544242052180556,0.029845130209103038,0.11281686979677125,0.50580129953734487,0.025653959681258706,-5.3986421443395045,0.063757439893976503,0.092207572899354953,0,0,0
1.3216251999999999,4294961870,3994,2,-5427,3994,2,0.019244354911452537,0.069115038378975438,0.03141592653589792,0.10548688229060721,0.41639800834561014,0.16024512056331555,0.73613884954354081,0.067438134141694209,0.083916333614847155,0,0,0
1.3266020000000001,4294961850,3991,3,-5447,3991,3,0.019685739198412457,0.071471232869167789,0.032201324699295375,0.097458200722780913,0.44198193648248851,0.15876838276800456,0.65659440177733597,0.070721106150580887,0.078733415724161482,0,0,0
1.3316067,4294961833,3990,4,-5464,3990,4,0.02006091584232839,0.072256631032565244,0.031415926535897927,0.086997663931020972,0.30907161888280971,0.01142152215650738,-4.9682987122414657,0.045879612589373557,0.06504296964341616,0,0,0
1.3365784999999999,4294961818,3988,4,-5479,3988,4,0.020391954057548331,0.07382742735936014,0.032986722862692823,0.077298871600755506,0.31144506655226112,0.15265228463666386,1.1948761658824143,0.051853993418785632,0.06099402370302625,0,0,0
1.3415414000000001,4294961804,3988,4,-5493,3988,4,0.020700923058420275,0.07382742735936014,0.032986722862692823,0.070065571131872395,0.16615223403470741,0.081438175931509552,-1.056639786726838,0.046570794485151445,0.055001452284756391,0,0,0
1.3465326,4294961792,3987,4,-5505,3987,4,0.020965753630596228,0.074612825522757595,0.033772121026090278,0.062088470946998361,0.16191975745771595,0.11672581631166011,0.67761581595648934,0.049958873564933892,0.053772193259237155,0,0,0
1.350895,4294961782,3986,4,-5515,3986,4,0.021186445774076187,0.075398223686155036,0.034557519189487719,0.053714562471485899,0.15966178160806765,0.13555135221717468,1.7451229372654566,0.058684488251261172,0.058191987388907622,0,0,0
1.3558437000000001,4294961771,3986,4,-5526,3986,4,0.021429207131904146,0.075398223686155036,0.034557519189487719,0.051306292286634234,0.085177659090292637,0.072315032139158311,-0.53183320176952043,0.056025322242413571,0.05942096422864878,0,0,0
1.3618345000000001,4294961757,3985,4,-5540,3985,4,0.02173817613277609,0.076183621849552477,0.03534291735288516,0.056198839611047741,0.11872078604370534,0.1118587277451277,0.93557119567680314,0.060703178220797585,0.060598491210995926,0,0,0
1.3668629000000001,4294961746,3984,4,-5551,3984,4,0.021980937490604046,0.076969020012949932,0.036128315516282615,0.052631624555560023,0.13661564481130931,0.13295481842864526,1.9110730437888024,0.070258543439741597,0.067719823759122652,0,0,0
1.3708494,4294961736,3984,4,-5561,3984,4,0.022201629634084005,0.076969020012949932,0.036128315516282615,0.048669447542375677,0.072882819563565585,0.070929812284862198,-0.3136124071942481,0.068690481403770362,0.073556443597597596,0,0,0
1.3768129,4294961720,3983,5,-5577,3983,5,0.022554737063651943,0.077754418176347387,0.035342917352885181,0.058910334867371156,0.11216163557432157,-0.035439309134714284,-5.3431379517368827,0.041974791645085947,0.062331663052518201,0,0,0
1.3818113000000001,4294961706,3981,5,-5591,3981,5,0.022863706064523887,0.079325214503142283,0.036913713679680077,0.060255505772020546,0.2063959354402348,0.12765258920416778,1.1378721251375952,0.047664152270773925,0.059713951756968559,0,0,0
1.3867688,4294961693,3980,6,-5604,3980,6,0.023150605851047834,0.080110612666539724,0.036128315516282622,0.05891402816741248,0.18338929289898981,-0.0051783831546493991,-4.4797099985823179,0.025265602277862335,0.046838603736895378,0,0,0
1.3917605,4294961681,3979,6,-5616,3979,6,0.023415436423223787,0.080896010829937165,0.036913713679680063,0.056139255578168221,0.17111552308724565,0.070516913547904125,-1.1994002025177202,0.019268601265273733,0.036303525956211884,0,0,0
1.3964333,4294961672,3979,6,-5625,3979,6,0.023614059352355752,0.080896010829937165,0.036913713679680063,0.048481616658158422,0.091288093767870296,0.037619933598307731,-2.0931436553957554,0.008802882988294956,0.025084813581094337,0,0,0
1.4010374999999999,4294961664,3979,6,-5633,3979,6,0.02379061306713972,0.080896010829937165,0.036913713679680063,0.042337247225736688,0.048701110883566767,0.02006978656233525,-2.521084311399409,-0.00380253856870209,0.011464082034172304,0,0,0
1.4055715,4294961659,3979,6,-5638,3979,6,0.023900959138879699,0.080896010829937165,0.036913713679680063,0.032881968518113536,0.02598146267929019,0.010706992121746108,-2.5987429356270186,-0.016796253246837183,-0.0025859563170565394,0,0,0
1.4115538000000001,4294961656,3980,5,-5641,3980,5,0.023967166781923687,0.080110612666539724,0.037699111843077518,0.023719469404208104,-0.05941871836348709,0.078991572080375466,0.99616791153108419,-0.011815413689181762,-0.0096345737913908509,0,0,0
1.4158609,4294961655,3981,4,-5642,3981,4,0.023989235996271684,0.079325214503142283,0.038484510006474966,0.014713164716865571,-0.10497869792683297,0.11542058229346179,3.1583974496077589,0.0039765735588570324,-0.0080697608556845168,0,0,0
1.4218420000000001,4294961656,3982,3,-5641,3982,3,0.023967166781923687,0.078539816339744828,0.039269908169872414,0.0057901878959888253,-0.12928440445423334,0.13485502541237954,4.5567359521872248,0.026760253319793155,0.0032993549934689668,0,0,0
1.4265562000000001,4294961656,3984,3,-5641,3984,3,0.023967166781923687,0.076969020012949932,0.037699111843077518,0.0030889962876898902,-0.21553072872417306,-0.074615488502741412,-3.8138904791810799,0.0076908009238877556,0.0015955553034732275,0,0,0
1.4315441,4294961656,3985,2,-5641,3985,2,0.023967166781923687,0.076183621849552477,0.038484510006474959,0.0016479427329071841,-0.18826259633055115,0.033473044764858677,0.84339620221650102,0.01190778193497026,0.0053841581098859961,0,0,0
1.4365288000000001,4294961655,3986,1,-5642,3986,1,0.023989235996271684,0.075398223686155036,0.039269908169872414,0.0029382680855268711,-0.17371537243225704,0.091136990046629146,3.4206795236126744,0.029011179553033631,0.015270197213892684,0,0,0
1.4415207999999999,4294961654,3986,1,-5643,3986,1,0.024011305210619682,0.075398223686155036,0.039269908169872414,0.0036266412947824028,-0.092675082432064876,0.048620498847765065,1.4030350253350727,0.036026354679708994,0.02515694417295844,0,0,0
1.4465105,4294961651,3987,0,-5646,3987,0,0.02407751285366367,0.074612825522757595,0.040055306333269876,0.0081121007295875923,-0.12272057211040929,0.099217976410209671,3.7607050817888164,0.054829880088653075,0.04034799647525112,0,0,0
1.4515072,4294961646,3987,0,-5651,3987,0,0.024187858925403649,0.074612825522757595,0.040055306333269876,0.014623260446569589,-0.065469963752790336,0.052931608837004873,1.5239040445588821,0.062449400311447488,0.053460559129814386,0,0,0
1.456491,4294961638,3987,0,-5659,3987,0,0.024364412640187617,0.074612825522757595,0.040055306333269876,0.024274217402933566,-0.034927445986279844,0.028238382956834705,0.1771767316401478,0.063335283969648229,0.062429333909157968,0,0,0
1.4614928,4294961628,3985,1,-5669,3985,1,0.024585104783667575,0.076183621849552477,0.040055306333269855,0.033541108532227783,0.12792566209812467,0.015064841019139349,-1.3435689054213702,0.056617439442541377,0.065782690836790447,0,0,0
1.4664813999999999,4294961616,3984,2,-5681,3984,2,0.024849935355843528,0.076969020012949932,0.039269908169872414,0.042603105116585563,0.14152633656631169,-0.065242606014124752,-5.1955715040873134,0.030639581922104808,0.056245365835417664,0,0,0
1.4714860999999999,4294961604,3982,2,-5693,3982,2,0.025114765928019481,0.078539816339744828,0.04084070449666731,0.047437572375848683,0.22206165371791264,0.11175288524374964,1.8129197076185397,0.039704180460197511,0.054918773648381165,0,0,0
1.476494,4294961592,3981,3,-5705,3981,3,0.025379596500195434,0.079325214503142283,0.040055306333269869,0.050016703085435404,0.19174676703852045,-0.013660685869405234,-3.5736141792837515,0.021836109563778752,0.043629517108452885,0,0,0
1.4814879999999999,4294961581,3979,4,-5716,3979,4,0.02562235785802339,0.080896010829937165,0.040055306333269848,0.049333528341646511,0.24885365530430348,-0.007287813227466149,-3.7056703649831051,0.0033077577388632255,0.027990427171098599,0,0,0
1.4864607999999999,4294961572,3978,5,-5725,3978,5,0.025820980787155355,0.081681408993334634,0.039269908169872428,0.044850842226259721,0.20603998082135522,-0.077167480858963827,-6.6139011772698986,-0.029761748147486267,0.0026994002114138962,0,0,0
1.4910578999999999,4294961567,3978,5,-5730,3978,5,0.025931326858895334,0.081681408993334634,0.039269908169872428,0.034222941516718709,0.10991987605683233,-0.041167932057757865,-4.5718139378248095,-0.052620817836610316,-0.022950025230309888,0,0,0
1.4957022,4294961566,3978,5,-5731,3978,5,0.025953396073243332,0.081681408993334634,0.039269908169872428,0.020316642003997493,0.058640944850530147,-0.021962601487661479,-3.2803169752112491,-0.069022402712666561,-0.047520718669209483,0,0,0
1.5007672999999999,4294961568,3979,4,-5729,3979,4,0.025909257644547337,0.080896010829937165,0.040055306333269848,0.0067204660346524255,-0.041995273563930964,0.061562732948967268,1.0966608829470506,-0.063539098297931307,-0.06305649456987264,0,0,0
1.5067728,4294961576,3981,3,-5721,3981,3,0.02573270392976337,0.079325214503142283,0.040055306333269869,-0.012887593505695804,-0.16896301691250293,0.032842984883297857,1.043482380706644,-0.058321686394398088,-0.070855114789923596,0,0,0
1.511765,4294961586,3984,2,-5711,3984,2,0.025512011786283411,0.076969020012949932,0.039269908169872414,-0.027466480285318073,-0.30997831523369668,-0.055758177980893109,-1.618284431760586,-0.066413108553201011,-0.080202960790504513,0,0,0
1.5167435,4294961598,3987,1,-5699,3987,1,0.025247181214107458,0.074612825522757595,0.038484510006474973,-0.039362363289053598,-0.38520829754971148,-0.10302584322576101,-2.8777371399075737,-0.080801794252738882,-0.091840311635943944,0,0,0
1.5217164999999999,4294961612,3990,4294967295,-5685,3990,-1,0.024938212213235514,0.072256631032565244,0.039269908169872414,-0.049826895730000771,-0.42534259720830092,0.018316458856453839,2.9840326856368193,-0.065881630824554782,-0.0916058448550299,0,0,0
1.5266921,4294961628,3993,4294967293,-5669,3993,-3,0.024585104783667575,0.069900436542372907,0.040055306333269869,-0.059527819691524118,-0.44675376812043888,0.083051131962895944,6.4593990199858258,-0.033584635724625653,-0.077041559752905872,0,0,0
1.5316873,4294961644,3997,4294967292,-5653,3997,-4,0.02423199735409964,0.066758843888783101,0.038484510006474959,-0.064703147097576838,-0.53145589211039967,-0.10225224873019462,-0.64900660425833046,-0.036829668745917303,-0.069168267608700804,0,0,0
1.5366749,4294961658,4000,4294967290,-5639,4000,-6,0.023923028353227696,0.06440264939859075,0.0392699081698724,-0.063345902110762173,-0.50336394725714806,0.018729162307172142,4.683672586341018,-0.013411305814212213,-0.051714925378552032,0,0,0
1.5416654999999999,4294961671,4003,4294967288,-5626,4003,-8,0.023636128566703749,0.06204645490839842,0.040055306333269869,-0.060562717810882682,-0.48837722922234844,0.08327130433900766,7.7244232234889827,0.0252108103032327,-0.022105065060579097,0,0,0
1.5459262,4294961679,4005,4294967287,-5618,4005,-9,0.023459574851919778,0.060475658581603517,0.040055306333269855,-0.048782370817982409,-0.40710247433422753,0.044424249194482207,5.803266233471831,0.054227141470591857,0.0088099804087385537,0,0,0
1.5516403999999999,4294961683,4006,4294967287,-5614,4006,-9,0.023371297994527796,0.059690260418206069,0.039269908169872414,-0.034261254937466179,-0.29046384120304891,-0.049579711391096556,1.1412458221285893,0.059933370581234803,0.032655849680210625,0,0,0
1.5566106,4294961682,4006,4294967287,-5615,4006,-9,0.02339336720887579,0.059690260418206069,0.039269908169872414,-0.01621886123225403,-0.15495900017440392,-0.026450185586883931,1.1945854952819122,0.065906298057644364,0.052657138767298724,0,0,0
1.5616061999999999,4294961677,4005,4294967287,-5620,4005,-9,0.023503713280615773,0.060475658581603517,0.040055306333269855,0.001642981995136782,-0.0093892619084116891,0.059168660274264234,3.8565278152659808,0.085188937133974268,0.075470289907593885,0,0,0
1.5661016999999999,4294961670,4004,4294967288,-5627,4004,-8,0.023658197781051743,0.061261056745000965,0.039269908169872414,0.015290283167326934,0.068270459879744033,-0.041713743669881134,-1.1553728834966388,0.079412072716491075,0.089286823279727007,0,0,0
1.5711120999999999,4294961658,4001,4294967289,-5639,4001,-7,0.023923028353227696,0.063617251235193309,0.040055306333269862,0.032866507131827517,0.2562600351952074,0.051025733809308513,1.4456335622243313,0.086640240527612739,0.10194308118898081,0,0,0
1.5760795999999999,4294961642,3998,4294967290,-5655,3998,-6,0.024276135782795631,0.06597344572538566,0.04084070449666731,0.050479654354121037,0.35655023487528181,0.10050114061846777,2.5706758608420275,0.09949361983182288,0.1143200936427053,0,0,0
1.5810930000000001,4294961623,3995,4294967292,-5674,3995,-4,0.024695450855407558,0.068329640215577997,0.040055306333269855,0.06605338943201125,0.41005386205774896,-0.019663357630992737,-3.4144391280747,0.082421424191449377,0.11286319549846612,0,0,0
1.5860672,4294961602,3990,4294967294,-5695,3990,-2,0.025158904356715472,0.072256631032565244,0.04084070449666731,0.078480012155314333,0.58515644857380877,0.062789352165017659,-1.2830048459344154,0.076006399961777299,0.10880382375467558,0,0,0
1.5910264000000001,4294961581,3986,0,-5716,3986,0,0.02562235785802339,0.075398223686155036,0.040840704496667317,0.085109467390678956,0.60529207390735862,0.033497371627362951,-3.1442586368964678,0.060285106777294956,0.098078111673489454,0,0,0
1.5960159,4294961560,3982,2,-5737,3982,2,0.026085811359331308,0.078539816339744828,0.04084070449666731,0.088646202809167546,0.61603419022947969,0.017870448846050498,-4.3420264451410979,0.038574974551589467,0.080014443867988422,0,0,0
1.6010260999999999,4294961541,3978,4,-5756,3978,4,0.026505126431943232,0.081681408993334634,0.040840704496667317,0.086414788510829788,0.621764981360448,0.0095336716418213362,-5.0842642867666124,0.013153653117756403,0.056059754027469461,0,0,0
1.6059899,4294961525,3975,6,-5772,3975,6,0.026858233861511167,0.084037603483526971,0.040055306333269869,0.079047024768214236,0.55154277088933124,-0.068193419006732342,-8.3691070093767088,-0.028691881929127139,0.02076425038441905,0,0,0
1.6110028000000001,4294961514,3972,7,-5783,3972,7,0.027100995219339123,0.086393797973719322,0.040840704496667317,0.064820859239952858,0.51408005787289879,0.0368991423611396,-3.7419751892689508,-0.047401757875471892,-0.01034292411200064,0,0,0
1.6159809000000001,4294961509,3971,7,-5788,3971,7,0.027211341291079105,0.087179196137116763,0.041626102660064758,0.04487670777241104,0.34753510803463306,0.092964772313159583,-0.3289599280454869,-0.049046557515699328,-0.032408322410873852,0,0,0
1.6209511999999999,4294961509,3971,8,-5788,3971,8,0.027211341291079105,0.087179196137116763,0.040055306333269869,0.023941189163956843,0.18540584137253674,-0.096963439663966824,-7.4215199429534229,-0.086154157230466447,-0.065045040536504464,0,0,0
1.6259242,4294961514,3971,7,-5783,3971,7,0.027100995219339123,0.087179196137116763,0.041626102660064758,0.0024767879919268595,0.09891180839097452,0.09483019825207635,1.6071995603246672,-0.078118159428843106,-0.08149560452485477,0,0,0
1.6309492000000001,4294961524,3973,7,-5773,3973,7,0.026880303075859164,0.085608399810321853,0.040055306333269848,-0.019269765729355889,-0.093790766739165324,-0.095968257140744195,-5.1806879466890337,-0.10402159916228827,-0.10512683903393574,0,0,0
1.6359093,4294961538,3975,6,-5759,3975,6,0.02657133407498722,0.084037603483526971,0.040055306333269869,-0.039107734212815881,-0.19659529569368095,-0.051197922307353823,-2.3105919218966151,-0.11557455877177135,-0.12428158006753788,0,0,0
1.6406187000000001,4294961555,3978,4,-5742,3978,4,0.026196157431071287,0.081681408993334634,0.040840704496667317,-0.055868384938344381,-0.32471980689316321,0.045966037452436187,3.0119168824354183,-0.10051497435959425,-0.13060851688648831,0,0,0
1.6465954,4294961582,3983,2,-5715,3983,2,0.025600288643675393,0.077754418176347387,0.040055306333269869,-0.085401095126557941,-0.53963174637899103,-0.04875718571649465,0.93283509544298071,-0.095850798882379351,-0.12727449748078298,0,0,0
1.6515846000000001,4294961606,3987,0,-5691,3987,0,0.02507062749932349,0.074612825522757595,0.040055306333269876,-0.094979113521452468,-0.58100518743595431,-0.026011377934866488,2.6709483184347649,-0.082496057290205524,-0.119776175500674,0,0,0
1.6565443,4294961630,3991,4294967294,-5667,3991,-2,0.024540966354971584,0.071471232869167789,0.040055306333269855,-0.10008887227138055,-0.60307742552730526,-0.013876760361123111,3.8036631719766696,-0.063477741430322171,-0.10554811674382215,0,0,0
1.6615593,4294961653,3995,4294967293,-5644,3995,-3,0.024033374424967675,0.068329640215577997,0.038484510006474959,-0.10075575745009499,-0.61485270169276707,-0.15396212497961825,-1.8100561209064727,-0.072528022034854533,-0.099435639358354463,0,0,0
1.6665372000000001,4294961674,3998,4294967291,-5623,3998,-5,0.023569920923659761,0.06597344572538566,0.039269908169872414,-0.096993312225622796,-0.54785515200433221,-0.0088574408636887675,4.3215162616833842,-0.050920440726437616,-0.083783839558464412,0,0,0
1.6715099,4294961692,4002,4294967290,-5605,4002,-6,0.023172675065395831,0.062831853071795868,0.037699111843077518,-0.088808761716822643,-0.58539227640528546,-0.15128437780235565,-1.5211187596238585,-0.058526034524556909,-0.07844972919179817,0,0,0
1.6765213000000001,4294961709,4004,4294967288,-5588,4004,-8,0.022797498421479899,0.061261056745000965,0.039269908169872414,-0.08238329122672336,-0.45885884666296595,0.065850624658349996,7.3748815256928379,-0.021651626896092721,-0.056571371137622208,0,0,0
1.6815099,4294961723,4006,4294967287,-5574,4006,-9,0.022488529420607955,0.059690260418206069,0.039269908169872414,-0.072778048452436128,-0.391354768770525,0.035130524046139873,5.8863158308665335,0.0077799522582399465,-0.031251970397331491,0,0,0
1.6864756000000001,4294961734,4007,4294967287,-5563,4007,-9,0.022245768062779999,0.058904862254808621,0.038484510006474959,-0.061476435032153054,-0.2820626278228045,-0.054537803079612382,1.5071439156133946,0.015315671836306919,-0.011195962434446203,0,0,0
1.6914781000000001,4294961740,4008,4294967287,-5557,4008,-9,0.022113352776692023,0.058119464091411173,0.037699111843077518,-0.045151607548713481,-0.22375657217734529,-0.10237478774926126,-1.1239603953474746,0.0096958698595695468,-0.00033717683704163545,0,0,0
1.6964703000000001,4294961743,4008,4294967287,-5554,4008,-9,0.022047145133648034,0.058119464091411173,0.037699111843077518,-0.030265175709019765,-0.11937146655998061,-0.054615730092210255,0.11484430882490626,0.010270091403694078,0.008031147430188651,0,0,0
1.7014537999999999,4294961743,4007,4294967287,-5554,4007,-9,0.022047145133648034,0.058904862254808621,0.038484510006474959,-0.016146110815541782,0.0095962634661874713,0.044142677701576177,3.4608569158322973,0.027574375982855566,0.020409018409178966,0,0,0
1.7065725,4294961742,4006,4294967288,-5555,4006,-8,0.022069214347996028,0.059690260418206069,0.037699111843077518,-0.0065546475748083635,0.078399011570200641,-0.049729926429352672,-1.1342479301511577,0.021903136332099778,0.025345333543576105,0,0,0
1.7115503999999999,4294961739,4005,4294967288,-5558,4005,-8,0.022135421991040016,0.060475658581603517,0.038484510006474966,0.0026805043657025167,0.11510445831803265,0.046749195771120633,2.5417534600060216,0.03461190363212989,0.034592062110224961,0,0,0
1.7165014999999999,4294961736,4003,4294967289,-5561,4003,-7,0.022201629634084005,0.06204645490839842,0.038484510006474973,0.0076073479453819641,0.20796589632819737,0.024940139211980072,1.0096727989576562,0.039660267626918169,0.043268224098959321,0,0,0
1.7213765000000001,4294961731,4002,4294967290,-5566,4002,-6,0.022311975705823987,0.062831853071795868,0.037699111843077518,0.014353980847251134,0.18422684833619729,-0.059974252032272024,-2.8468810657248853,0.025425862298293744,0.042481045209251979,0,0,0
1.7263816000000001,4294961724,4000,4294967291,-5573,4000,-5,0.022466460206259958,0.06440264939859075,0.037699111843077504,0.022071449680802623,0.2448418682306408,-0.03199554923131482,-2.3135674400199209,0.01385802509819414,0.0367920654858905,0,0,0
1.7313898999999999,4294961717,3998,4294967292,-5580,3998,-4,0.022620944706695931,0.06597344572538566,0.037699111843077518,0.026188627396869415,0.27717925948557931,-0.017069244482824267,-2.1307085928773049,0.0032044821338076158,0.027927616542382211,0,0,0
1.7363428000000001,4294961710,3996,4294967293,-5587,3996,-3,0.022775429207131902,0.067544242052180556,0.037699111843077518,0.028385092677296393,0.29443087261704126,-0.0091062386555092658,-2.1348131965637998,-0.0074695838490113839,0.01593015825289484,0,0,0
1.7413276,4294961705,3994,4294967294,-5592,3994,-2,0.022885775278871881,0.069115038378975438,0.037699111843077504,0.025438660221458066,0.30363440277478582,-0.0048580698773489483,-2.1370924785035568,-0.018155046241529166,0.0027668321192859859,0,0,0
1.7463089999999999,4294961702,3992,4294967295,-5595,3992,-1,0.022951982921915869,0.070685834705770348,0.037699111843077518,0.019748553069622806,0.30854437650994299,-0.0025917224252527855,-2.1379705918023619,-0.028844899200540976,-0.011253354238950016,0,0,0
1.7513014,4294961701,3991,0,-5596,3991,0,0.022974052136263867,0.071471232869167789,0.03691371367968007,0.012594728141645179,0.23788426973320048,-0.07466217234130311,-4.9745099397453831,-0.053717448899267897,-0.032347012498731419,0,0,0
1.7558471,4294961703,3991,1,-5594,3991,1,0.022929913707567876,0.071471232869167789,0.035342917352885167,0.0026009169486564867,0.12690842496056626,-0.18639041838311143,-9.3159279588916526,-0.10029708869372617,-0.066714923170439255,0,0,0
1.7609454,4294961708,3991,1,-5589,3991,1,0.022819567635827893,0.071471232869167789,0.035342917352885167,-0.0089079930955782375,0.067704133375591016,-0.099437068500878203,-5.2933249568219409,-0.12676371347783588,-0.10122835632682631,0,0,0
1.7665337999999999,4294961719,3992,0,-5578,3992,0,0.022576806277999937,0.070685834705770348,0.036128315516282629,-0.027402521121939846,-0.037160170418494849,0.02023102743378951,0.6942997369229359,-0.12329221479322121,-0.12316468881009655,0,0,0
1.771525,4294961736,3995,4294967295,-5561,3995,-1,0.022201629634084005,0.068329640215577997,0.035342917352885167,-0.04962379315067833,-0.23966306625723457,-0.062486507085554192,-1.3345307667135997,-0.12996486862678922,-0.14205802791351579,0,0,0
1.7765062,4294961758,3998,4294967294,-5539,3998,-2,0.021716106918428093,0.06597344572538566,0.034557519189487726,-0.071774128460509318,-0.34769594959866301,-0.10661532667603936,-2.102471513037389,-0.14047722619197617,-0.15851302830697592,0,0,0
1.7815107999999999,4294961785,4003,4294967292,-5512,4003,-4,0.021120238131032198,0.06204645490839842,0.033772121026090285,-0.093886619875582389,-0.5518892448915842,-0.13015752640147099,-1.4976691040571035,-0.14796557171226168,-0.17048199904181757,0,0,0
1.7865152,4294961816,4008,4294967289,-5481,4008,-7,0.020436092486244322,0.058119464091411173,0.034557519189487726,-0.11391981176076052,-0.66082393621100732,0.0038420289909557176,5.5635938673574268,-0.12014760237547455,-0.16355029348783662,0,0,0
1.7915030999999999,4294961848,4014,4294967287,-5449,4014,-9,0.019729877627108452,0.053407075111026485,0.03298672286269283,-0.12666639132076643,-0.79221881602862143,-0.14450936187173236,0.52237258888186933,-0.1175357394310652,-0.15832049782682253,0,0,0
1.7963016999999999,4294961879,4019,4294967284,-5418,4019,-12,0.019045731982320572,0.049480084294039245,0.033772121026090278,-0.13140742945545475,-0.78903690034964824,-0.0038145043177269661,7.1122348946623584,-0.081974564957753404,-0.13771922614300314,0,0,0
1.8012921,4294961911,4024,4294967282,-5386,4024,-14,0.018339517123184702,0.045553093477052005,0.03298672286269283,-0.13599582710243985,-0.78733938622805999,-0.075314511918939925,4.656363097592723,-0.058692749469789793,-0.11183075681789686,0,0,0
1.8062552999999999,4294961938,4029,4294967280,-5359,4029,-16,0.017743648335788807,0.041626102660064758,0.032201324699295375,-0.128148131290694,-0.78643378265973429,-0.11345891448711105,3.2561275715449423,-0.042412111612065082,-0.087164101936390861,0,0,0
1.811239,4294961961,4033,4294967278,-5336,4033,-18,0.017236056405784898,0.038484510006474966,0.032201324699295382,-0.11572503798173935,-0.7126711346487653,-0.060528979706996958,5.3056131423157691,-0.015884045900486237,-0.057668139041980183,0,0,0
1.8162829,4294961978,4035,4294967277,-5319,4035,-19,0.016860879761868966,0.03691371367968007,0.032201324699295382,-0.096742804070574548,-0.52676060178353445,-0.032291489839577935,5.6005184234467595,0.012118546216747562,-0.026651909987310794,0,0,0
1.8212164,4294961989,4037,4294967276,-5308,4037,-20,0.01661811840404101,0.035342917352885174,0.032201324699295382,-0.07426134676033852,-0.42757954649153262,-0.017227125273004188,5.5569371173500857,0.039903231803497988,0.0051271073146976556,0,0,0
1.8262145000000001,4294961994,4037,4294967276,-5303,4037,-20,0.016507772332301031,0.035342917352885174,0.032201324699295382,-0.049913095438630643,-0.22810859604736738,-0.0091904661768823052,4.632490071761092,0.063065682162303446,0.035417933093627424,0,0,0
1.8312473,4294961993,4037,4294967276,-5304,4037,-20,0.016529841546649025,0.035342917352885174,0.032201324699295382,-0.024568931743282677,-0.12169321946678162,-0.0049030042569422911,3.8356727464611291,0.082244045894609097,0.063147593062510582,0,0,0
1.8361775,4294961988,4035,4294967277,-5309,4035,-19,0.016640187618389007,0.03691371367968007,0.032201324699295382,-0.0028116811822680044,0.081637155231969974,-0.0026156943816476961,2.5082252770257312,0.094785172279737748,0.087839841145592651,0,0,0
1.8411628,4294961977,4033,4294967278,-5320,4033,-18,0.016882948976216963,0.038484510006474966,0.032201324699295382,0.02115021446324215,0.19011148869084574,-0.0013954418025429532,1.3941133320715977,0.10175573894009574,0.10654489353701573,0,0,0
1.846252,4294961962,4029,4294967280,-5335,4029,-16,0.017213987191436905,0.041626102660064758,0.032201324699295375,0.042170041480972302,0.39454029236423516,-0.0007444515834680158,-0.20490573114405167,0.10073121028437548,0.11838842509271351,0,0,0
1.8511610000000001,4294961943,4025,4294967282,-5354,4025,-14,0.017633302264048828,0.04476769531365455,0.032201324699295375,0.061620309922608765,0.50360062459998955,-0.00039715605417410088,-1.4646284838526211,0.093408067865112382,0.12215190578222757,0,0,0
1.8561211,4294961921,4020,4294967284,-5376,4020,-12,0.01811882497970474,0.04869468613064179,0.032986722862692823,0.078174127292908888,0.63506253235022081,0.073067641266810382,0.34342471276326814,0.095125191428928724,0.12405808821378585,0,0,0
1.8611298999999999,4294961898,4015,4294967287,-5399,4015,-9,0.018626416909708648,0.052621676947629037,0.032201324699295375,0.089064501984781802,0.70519589456708709,-0.034298802832056802,-5.277187930127015,0.068739251778293653,0.11186053407638263,0,0,0
1.8661117,4294961874,4010,4294967289,-5423,4010,-7,0.019156078054060555,0.056548667764616277,0.03298672286269283,0.096933497453136702,0.74261120809796322,0.054981516442433535,-2.3025234557053516,0.057226634499766893,0.097650990784534084,0,0,0
1.8710831000000001,4294961853,4005,4294967292,-5444,4005,-4,0.019619531555368469,0.060475658581603517,0.032201324699295375,0.094954182036191631,0.76257183229112546,-0.043947535039849675,-7.0980540637134633,0.021736364181199577,0.071850208081394223,0,0,0
1.8762000000000001,4294961833,4001,4294967294,-5464,4001,-2,0.02006091584232839,0.063617251235193309,0.032201324699295375,0.091839130570017968,0.69994106829690539,-0.023445486576568777,-6.4180587947031977,-0.010353929792316412,0.039042538132242316,0,0,0
1.8804890000000001,4294961821,3998,4294967295,-5476,3998,-1,0.020325746414504343,0.06597344572538566,0.03298672286269283,0.073704405607913318,0.59324878227803524,0.060771631413581884,-2.3177732622223646,-0.021942796103428235,0.014396048227358807,0,0,0
1.8859927999999999,4294961812,3996,0,-5485,3996,0,0.020524369343636308,0.067544242052180556,0.032986722862692837,0.057852415017255965,0.46305019898366451,0.032420941635324572,-2.874231211433627,-0.036313952160596373,-0.01076232069463327,0,0,0
1.8909543,4294961809,3995,1,-5488,3995,1,0.020590576986680296,0.068329640215577997,0.032201324699295375,0.037040905240728124,0.32031128602716707,-0.055983333027612922,-5.8053117366990747,-0.065340510844091745,-0.039884011840788797,0,0,0
1.8959667,4294961811,3995,1,-5486,3995,1,0.020546438557984305,0.068329640215577997,0.032201324699295375,0.01564266130372129,0.17088225653756975,-0.029866441469818733,-3.7233483552165918,-0.083957252620174699,-0.0662753182112744,0,0,0
1.9009354000000001,4294961816,3996,1,-5481,3996,1,0.020436092486244322,0.067544242052180556,0.031415926535897934,-0.0019503777950965438,0.01788412954955193,-0.08921291013943411,-5.2967022821854437,-0.11044076403110192,-0.097168007511175547,0,0,0
1.9059162000000001,4294961827,3997,0,-5470,3997,0,0.020193331128416366,0.066758843888783101,0.032201324699295382,-0.023690716216739613,-0.063738549157801194,0.025685494161048157,0.4990835528175962,-0.10794534626701394,-0.11555432151131803,0,0,0
1.9109246,4294961843,4000,4294967295,-5454,4000,-1,0.019840223698848431,0.06440264939859075,0.03141592653589792,-0.045584479174579702,-0.2538423147951635,-0.059576614043309037,-1.6828747454828639,-0.11635971999442826,-0.1322373464712005,0,0,0
1.9159003999999999,4294961863,4004,4294967293,-5434,4004,-3,0.01939883941188851,0.061261056745000965,0.031415926535897934,-0.065500982032641639,-0.42853992912628608,-0.03178341409963506,0.95233606978209839,-0.11159803964551777,-0.14024147904942202,0,0,0
1.9208692000000001,4294961887,4008,4294967291,-5410,4008,-5,0.018869178267536604,0.058119464091411173,0.031415926535897934,-0.084362640174482334,-0.52173902591396704,-0.016956072916372366,2.7659232353620471,-0.097768423468707538,-0.13797661116150567,0,0,0
1.9268757999999999,4294961919,4014,4294967289,-5378,4014,-7,0.018162963408400731,0.053407075111026485,0.029845130209103038,-0.110897992273151,-0.71801867273467601,-0.15560490155659104,-1.3284973219122111,-0.1044109100782686,-0.13264438318084806,0,0,0
1.9318668999999999,4294961945,4019,4294967286,-5352,4019,-10,0.017589163835352837,0.049480084294039245,0.030630528372500486,-0.11269962503437582,-0.74945200754507502,-0.0097338426038277998,5.5125516526821601,-0.076848151814857796,-0.11767889502714379,0,0,0
1.9368185,4294961970,4024,4294967284,-5327,4024,-12,0.017037433476652934,0.045553093477052005,0.029845130209103038,-0.11160166439428872,-0.76622131732970222,-0.07847240840171435,3.0880484027659554,-0.061407909801028018,-0.1015449706396897,0,0,0
1.9418447999999999,4294961993,4028,4294967282,-5304,4028,-14,0.016529841546649025,0.042411500823462206,0.029845130209103031,-0.10689769494287396,-0.70188802510360193,-0.041864095361552688,4.6922400557707853,-0.037946709522174091,-0.079551903027161697,0,0,0
1.9467897999999999,4294962012,4032,4294967280,-5285,4032,-16,0.016110526474037101,0.039269908169872414,0.029845130209103034,-0.096151742208805124,-0.66756697984029301,-0.022333996319690332,5.5501594635045368,-0.010195912204651405,-0.053282956901018509,0,0,0
1.9518196000000001,4294962028,4034,4294967279,-5269,4034,-17,0.015757419044469166,0.037699111843077518,0.029845130209103034,-0.08424157360958956,-0.50269807233448494,-0.011914921063027321,5.3608757688052107,0.016608466639374649,-0.023372488189732282,0,0,0
1.9568068000000001,4294962038,4036,4294967278,-5259,4036,-18,0.015536726900989204,0.036128315516282622,0.029845130209103034,-0.065532978922697244,-0.41474247358893568,-0.0063564684934156249,5.0587717196522162,0.041902325237635735,0.0068203914376040037,0,0,0
1.9617647,4294962042,4037,4294967277,-5255,4037,-19,0.01544845004359722,0.035342917352885174,0.030630528372500486,-0.043197504879865817,-0.29453968982138062,0.069888419049384282,7.5320333339401353,0.079562491907336413,0.04272403524298507,0,0,0
1.9666429999999999,4294962041,4037,4294967277,-5256,4037,-19,0.015470519257945216,0.035342917352885174,0.030630528372500486,-0.020986244155537636,-0.15713341687337401,0.037284639268031119,5.2060427061881347,0.10559270543827709,0.077587763138505295,0,0,0
1.9716372,4294962035,4036,4294967278,-5262,4036,-18,0.015602934544033192,0.036128315516282622,0.029845130209103034,0.0011587502426143245,-0.010549287322381862,-0.053388608261895017,0.17517931990928926,0.10646860203782353,0.10219298551946279,0,0,0
1.9766055,4294962022,4034,4294967279,-5275,4034,-17,0.015889834330557143,0.037699111843077518,0.029845130209103034,0.027386612870352271,0.14093111942804493,-0.028482186707649078,-0.17212113060894896,0.10560799638477879,0.11843683477781705,0,0,0
1.9816054999999999,4294962005,4030,4294967281,-5292,4030,-15,0.016265010974473075,0.040840704496667317,0.029845130209103041,0.049615306287906273,0.36830315104706862,-0.015194907416763456,-1.3624827746577208,0.098795582511490176,0.12648811004583305,0,0,0
1.9861021999999999,4294961986,4027,4294967282,-5311,4027,-14,0.016684326047084998,0.043196898986859661,0.030630528372500486,0.065592270032127739,0.41632390287098997,0.065173217139941508,1.2327902092889822,0.10495953355793508,0.13535092891220127,0,0,0
1.991061,4294961962,4022,4294967284,-5335,4022,-12,0.017213987191436905,0.047123889803846894,0.031415926535897927,0.084411341235067688,0.58850144067832677,0.10804865449426973,1.603488859387129,0.11297697785487072,0.1411193579564673,0,0,0
1.9960338,4294961936,4017,4294967287,-5361,4017,-9,0.017787786764484798,0.051050880620834134,0.030630528372500476,0.09856931213267256,0.68035610665192969,-0.015636848860907208,-4.8351467460891939,0.08880124412442475,0.13158191276119124,0,0,0
2.0010802000000001,4294961910,4012,4294967289,-5387,4012,-7,0.018361586337532695,0.054977871437821381,0.031415926535897934,0.10612242100055951,0.72935947705999871,0.064937446642532495,-2.2467448041692957,0.077567520103578272,0.12049045959903427,0,0,0
2.0060818999999999,4294961884,4007,4294967292,-5413,4007,-4,0.018935385910580593,0.058904862254808621,0.030630528372500482,0.11015191463229179,0.75550219159602905,-0.038636164842362292,-7.4011213988783702,0.040561913109186422,0.094314841075093497,0,0,0
2.0110559000000001,4294961861,4003,4294967294,-5436,4003,-2,0.019442977840584501,0.06204645490839842,0.030630528372500486,0.10612427070978644,0.69616949917777915,-0.020611933828832734,-6.8120665471417858,0.0065015803734774918,0.062010830697913438,0,0,0
2.0162073,4294961842,3999,0,-5455,3999,0,0.019862292913196425,0.065188047561988219,0.0306305283725005,0.095739129591091654,0.66451621436027142,-0.010996221232038817,-6.499915063768726,-0.025997994945366136,0.025161208917043047,0,0,0
2.0209157000000002,4294961830,3997,1,-5467,3997,1,0.020127123485372378,0.066758843888783101,0.030630528372500479,0.075785008640923093,0.50107052528218032,-0.0058663530742977905,-5.4832762904649393,-0.053414376397690831,-0.011065831933770819,0,0,0
2.0268926,4294961824,3996,1,-5473,3996,1,0.020259538771460354,0.067544242052180556,0.031415926535897934,0.052785061169492754,0.34059467732682441,0.070149889788744091,-1.2030922421326959,-0.059429837608354311,-0.038306647076851497,0,0,0
2.0318900000000002,4294961825,3997,1,-5472,3997,1,0.020237469557112361,0.066758843888783101,0.030630528372500479,0.026101091258719372,0.10842368495086019,-0.035855388498369285,-4.1958324753452558,-0.080408999985080595,-0.066037506356549008,0,0,0
2.0368721000000001,4294961831,3998,0,-5466,3998,0,0.020105054271024384,0.06597344572538566,0.031415926535897941,0.0015699597746849595,-0.015436774578518775,0.054151096526693365,0.79108885804938645,-0.076453555694833669,-0.081976271893948405,0,0,0
2.0418604999999999,4294961841,4000,4294967295,-5456,4000,-1,0.019884362127544422,0.06440264939859075,0.03141592653589792,-0.019753547783920147,-0.15479437398653295,0.028888965116513773,0.96259460230561844,-0.071640582683305573,-0.091281204814158495,0,0,0
2.0468573999999999,4294961854,4003,4294967294,-5443,4003,-2,0.019597462341020475,0.06204645490839842,0.030630528372500486,-0.037306715914888738,-0.30241951296576752,-0.0578676004384093,-1.5280944110564567,-0.079281054738587861,-0.10082999100293373,0,0,0
2.0518494,4294961870,4006,4294967292,-5427,4006,-4,0.019244354911452537,0.059690260418206069,0.031415926535897934,-0.052848452861842643,-0.38117576655686014,0.042407843598107328,3.7278232470666302,-0.060641938503254708,-0.096781678553303302,0,0,0
2.0568349000000001,4294961887,4010,4294967290,-5410,4010,-6,0.018869178267536604,0.056548667764616277,0.031415926535897934,-0.063198894700633584,-0.49647080923867531,0.022624079528444342,3.9927818755902549,-0.040678029125303432,-0.085244461628950552,0,0,0
2.0618359000000002,4294961905,4014,4294967288,-5392,4014,-8,0.018471932409272678,0.053407075111026485,0.031415926535897934,-0.070779842421880096,-0.55797934147126416,0.012069677000323081,4.3888745104712648,-0.018733656572947108,-0.065877433800490159,0,0,0
2.0668346,4294961920,4017,4294967287,-5377,4017,-9,0.018140894194052737,0.051050880620834134,0.030630528372500476,-0.068646856962187711,-0.51751389162582728,-0.066840490349029433,1.1161619190405583,-0.013152846977744315,-0.050273442760298562,0,0,0
2.0718139,4294961933,4020,4294967285,-5364,4020,-11,0.017853994407528787,0.04869468613064179,0.031415926535897934,-0.06339071409553014,-0.49592605603264173,0.037620913688120955,5.7013864519547486,0.015354085282029428,-0.024827204837596564,0,0,0
2.0768559,4294961942,4022,4294967285,-5355,4022,-11,0.017655371478396825,0.047123889803846894,0.029845130209103034,-0.052350183420211832,-0.41112968353922752,-0.1264887291554555,-1.717705337394337,0.0067655585950577423,-0.012399184818685977,0,0,0
2.0818363999999998,4294961947,4023,4294967284,-5350,4023,-12,0.017545025406656842,0.046338491640449446,0.030630528372500479,-0.038223750734721423,-0.29261230935424887,0.0057992886303331465,3.246000766833677,0.022995562429226131,0.0045086725423418997,0,0,0
2.0867969,4294961950,4024,4294967284,-5347,4024,-12,0.017478817763612854,0.045553093477052005,0.029845130209103038,-0.026569246601970652,-0.22938470163917396,-0.070185667870933582,-0.43563767170258938,0.020817374070713185,0.014813175475539068,0,0,0
2.0918005000000002,4294961949,4024,4294967284,-5348,4024,-12,0.017500886977960851,0.045553093477052005,0.029845130209103038,-0.012115266388693344,-0.12237400660298518,-0.03744321797441854,0.19129446616708745,0.021773846401548624,0.021533684510064859,0,0,0
2.0967886,4294961948,4024,4294967284,-5349,4024,-12,0.017522956192308849,0.045553093477052005,0.029845130209103038,-0.0044042400760434548,-0.065285075181796631,-0.019975510881480633,0.52554160502959257,0.024401554426696587,0.028396251734054325,0,0,0
2.1017733000000001,4294961945,4024,4294967284,-5352,4024,-12,0.017589163835352837,0.045553093477052005,0.029845130209103038,0.0038277211572866018,-0.034828810135475848,-0.010656697168730665,0.60207668624738064,0.027411937857933489,0.033824106238852215,0,0,0
2.1067694000000001,4294961941,4023,4294967284,-5356,4023,-12,0.017677440692744819,0.046338491640449446,0.030630528372500479,0.010278484704312255,0.054698763857866872,0.06759429826213427,3.4283182433254265,0.044553529074560623,0.045002717199347543,0,0,0
2.1117512999999999,4294961936,4023,4294967284,-5361,4023,-12,0.017787786764484798,0.046338491640449446,0.030630528372500479,0.015779000497815807,0.029181139115576429,0.036060753148508692,2.0909081248446055,0.055008069698783649,0.05648629035313836,0,0,0
2.1167470000000002,4294961928,4022,4294967285,-5369,4022,-11,0.017964340479268769,0.047123889803846894,0.029845130209103034,0.024890790956670766,0.088847309494649793,-0.0540415369315113,-2.3118459988728941,0.043448839704419179,0.057776179833450944,0,0,0
2.1217190000000001,4294961919,4020,4294967285,-5378,4020,-11,0.018162963408400731,0.04869468613064179,0.031415926535897934,0.031810932917707542,0.19395802012491517,0.117728522206813,4.3528965474040504,0.065213322441439431,0.069466806344535587,0,0,0
2.1267204,4294961908,4019,4294967286,-5389,4019,-10,0.01840572476622869,0.049480084294039245,0.030630528372500486,0.039620966768022348,0.17675381320026845,-0.010472754712927759,-1.3179501832267073,0.058623571525305895,0.072005548371041436,0,0,0
2.1317122999999998,4294961896,4017,4294967287,-5401,4017,-9,0.01867055533840464,0.051050880620834134,0.030630528372500476,0.0458466370809038,0.24085509298131805,-0.0055870899202661575,-1.7030382908194945,0.050108380071208422,0.070502863860367485,0,0,0
2.1366599000000002,4294961882,4014,4294967288,-5415,4014,-8,0.018979524339276584,0.053407075111026485,0.031415926535897934,0.053286178577327009,0.34833188166022522,0.070298873355700842,0.72406374212581159,0.053728698781837482,0.069934884214142359,0,0,0
2.1416767999999999,4294961869,4012,4294967289,-5428,4012,-7,0.019266424125800534,0.054977871437821381,0.031415926535897934,0.055195975106126428,0.33238994919711962,0.037503611752388068,-0.82701315575772449,0.049593633003048858,0.067334176630945569,0,0,0
2.1466406,4294961855,4010,4294967290,-5442,4010,-6,0.019575393126672478,0.056548667764616277,0.031415926535897934,0.058273939073368489,0.32388511807907416,0.020007730242803376,-1.8082180219290152,0.040552542893403778,0.060367969928515411,0,0,0
2.1516426000000002,4294961842,4008,4294967291,-5455,4008,-5,0.019862292913196425,0.058119464091411173,0.031415926535897934,0.057856885931978894,0.31934789196085589,0.010673885814298909,-2.3840485401158045,0.028632300192824756,0.050406757658289697,0,0,0
2.1562323999999999,4294961831,4006,4294967292,-5466,4006,-4,0.020105054271024384,0.059690260418206069,0.031415926535897934,0.053516172522254532,0.31692733586019889,0.0056943909675947315,-2.6926189324891094,0.015169205530379207,0.038411047944993539,0,0,0
2.1611608000000002,4294961821,4005,4294967292,-5476,4005,-4,0.020325746414504343,0.060475658581603517,0.032201324699295375,0.049141343348606044,0.24235647871466348,0.076317409059244889,0.62687525777930686,0.01830358181927574,0.031436509315332463,0,0,0
2.1661755999999999,4294961813,4004,4294967293,-5484,4004,-3,0.02050230012928831,0.061261056745000965,0.031415926535897934,0.042689203558465449,0.2025738144850644,-0.032565090415980928,-3.8321616095114406,-0.0008572262282814623,0.017391412986575802,0,0,0
2.1711605,4294961807,4003,4294967293,-5490,4003,-3,0.020634715415376287,0.06204645490839842,0.032201324699295389,0.035128843292929188,0.18135023688669794,0.055906431369786798,0.11807078503116175,-0.00026687230312565351,0.0093016983299655694,0,0,0
2.1761159000000001,4294961803,4003,4294967293,-5494,4003,-3,0.020722992272768272,0.06204645490839842,0.032201324699295389,0.026977260601466022,0.096748191695603863,0.029825415351183333,-0.4677788440432824,-0.0026057665233420657,0.0023605649310918008,0,0,0
2.1811630000000002,4294961800,4003,4294967293,-5497,4003,-3,0.020789199915812261,0.06204645490839842,0.032201324699295389,0.020569378049305299,0.051614008104203836,0.015911503901702085,-0.73039335866095334,-0.0062577333166468326,-0.0043866903011212013,0,0,0
2.1861187000000002,4294961799,4003,4294967293,-5498,4003,-3,0.020811269130160254,0.06204645490839842,0.032201324699295389,0.013032628493175564,0.02753545865707244,0.0084885978429076869,-0.76956805036352016,-0.010105573568464433,-0.0099700011829878168,0,0,0
2.1911893999999998,4294961799,4003,4294967293,-5498,4003,-3,0.020811269130160254,0.06204645490839842,0.032201324699295389,0.0069527520967237535,0.01468983927627957,0.0045285658592528789,-0.73989692435557175,-0.013805058190242293,-0.015146139441027337,0,0,0
2.1960175999999998,4294961800,4004,4294967293,-5497,4004,-3,0.020789199915812261,0.061261056745000965,0.031415926535897934,0.0016501001811903837,-0.065442664978080142,-0.070863583336384484,-3.5101198065185404,-0.031355657222834996,-0.026262324421184868,0,0,0
2.2010082999999998,4294961802,4005,4294967292,-5495,4005,-4,0.020745061487116266,0.060475658581603517,0.032201324699295375,-0.0032379117296691818,-0.10819240170708758,0.035474641490013281,1.3923756912553571,-0.024393778766558211,-0.029841428255060365,0,0,0
2.2059899999999999,4294961804,4006,4294967292,-5493,4006,-4,0.020700923058420275,0.059690260418206069,0.031415926535897934,-0.005845607873223903,-0.13099887714929298,-0.054354220521367916,-2.2209908524790065,-0.035498733028953247,-0.03937727850849855,0,0,0
2.2109735000000001,4294961808,4007,4294967291,-5489,4007,-5,0.020612646201028293,0.058904862254808621,0.032201324699295375,-0.011355003236435741,-0.14316586019747124,0.044282189943326916,2.2826952814974857,-0.024085256621465819,-0.039768330003730798,0,0,0
2.2159583,4294961813,4009,4294967290,-5484,4009,-6,0.02050230012928831,0.057334065928013725,0.032201324699295375,-0.016353310314542888,-0.2229363200501987,0.023624020982199127,2.0436212760916819,-0.01386715024100741,-0.036358112361334419,0,0,0
2.2219449,4294961820,4011,4294967289,-5477,4011,-7,0.02034781562885234,0.055763269601218829,0.032201324699295382,-0.023138068141770295,-0.26549291040248973,0.01260313385769023,2.1188764773128219,-0.0032727678544433002,-0.027866236045273655,0,0,0
2.2269277000000001,4294961826,4012,4294967288,-5471,4012,-8,0.020215400342764363,0.054977871437821381,0.03298672286269283,-0.024698545380812828,-0.21491682526086259,0.080003141115521814,5.0467339264820765,0.021960901777967085,-0.010445238875541553,0,0,0
2.2319279000000001,4294961830,4014,4294967287,-5467,4014,-9,0.020127123485372378,0.053407075111026485,0.03298672286269283,-0.021412820878819544,-0.26121460543581176,0.042680723035011893,3.8150493210082521,0.041036148383008342,0.0092580968037006117,0,0,0
2.2359184000000001,4294961831,4015,4294967287,-5466,4015,-9,0.020105054271024384,0.052621676947629037,0.032201324699295375,-0.013482595198237596,-0.21263440051108395,-0.050509861833681072,-0.42921649838136156,0.038890065891101534,0.021584979826774202,0,0,0
2.2419087000000002,4294961830,4015,4294967287,-5467,4015,-9,0.020127123485372378,0.052621676947629037,0.032201324699295375,-0.005133693712541413,-0.1134379204289593,-0.02694640977092589,-0.0012986529117824386,0.038883572626542622,0.031965670683280975,0,0,0
2.2468910000000002,4294961827,4015,4294967287,-5470,4015,-9,0.020193331128416366,0.052621676947629037,0.032201324699295375,0.0034385663292118428,-0.060517779626989961,-0.014375588710449907,0.12520863476496047,0.039509615800367423,0.040274535004265866,0,0,0
2.2518910999999999,4294961823,4015,4294967287,-5474,4015,-9,0.020281607985808352,0.052621676947629037,0.032201324699295375,0.01007087523794409,-0.032285514730274932,-0.0076692053794487364,0.14127364622028726,0.040215984031468859,0.04734704505654401,0,0,0
2.2568773000000002,4294961817,4015,4294967287,-5480,4015,-9,0.020414023271896328,0.052621676947629037,0.032201324699295375,0.017727353582631375,-0.017223937623348069,-0.0040914297380677265,0.047421279828555402,0.040453090430611634,0.052147507055300669,0,0,0
2.2619061999999999,4294961810,4014,4294967287,-5487,4014,-9,0.020568507772332299,0.053407075111026485,0.03298672286269283,0.023871103861939399,0.064090753688264807,0.071096790251222522,2.7821220908958075,0.054363700885090668,0.061778543083082282,0,0,0
2.2660642000000002,4294961802,4013,4294967287,-5495,4013,-9,0.020745061487116266,0.054192473274423933,0.033772121026090271,0.029207831733308636,0.10747117313375948,0.11120881020584562,4.2320711253829302,0.075524056512005319,0.07713217676932857,0,0,0
2.2704170000000001,4294961793,4012,4294967288,-5504,4012,-8,0.020943684416248231,0.054977871437821381,0.03298672286269283,0.034114022760798862,0.13061411029446779,-0.013950943422786972,-1.3762705813977678,0.068642703605016481,0.084333162689061089,0,0,0
2.2764319999999998,4294961776,4009,4294967289,-5521,4009,-7,0.021318861060164163,0.057334065928013725,0.033772121026090278,0.053204299348348034,0.28951963024660948,0.065836857116474384,0.75376216393061113,0.072411514424669532,0.0867612469214466,0,0,0
2.2814410000000001,4294961760,4007,4294967290,-5537,4007,-6,0.021671968489732102,0.058904862254808621,0.033772121026090271,0.061329624300720385,0.30101431345769974,0.035123179226504993,-0.9564387329652202,0.067629320759843431,0.086138811614314095,0,0,0
2.2863858000000001,4294961743,4004,4294967292,-5554,4004,-4,0.022047145133648034,0.061261056745000965,0.03298672286269283,0.067723498661776863,0.38042610935369825,-0.054541721453417513,-5.5590165846429738,0.039834237836628567,0.072454698880355217,0,0,0
2.2913681000000001,4294961727,4001,4294967293,-5570,4001,-3,0.022400252563215969,0.063617251235193309,0.033772121026090271,0.069075444226612465,0.42279135675637081,0.044182160429009971,-1.8382306461852678,0.030643084605702225,0.060180203999472298,0,0,0
2.2963756000000002,4294961712,3999,4294967294,-5585,3999,-2,0.022731290778435911,0.065188047561988219,0.033772121026090285,0.067737580822535254,0.37211319242980923,0.023570656427554706,-2.6995699680681007,0.017145234765361721,0.044331473005508049,0,0,0
2.3013653000000001,4294961700,3997,4294967295,-5597,3997,-1,0.022996121350611864,0.066758843888783101,0.033772121026090271,0.060846515840791496,0.34507699528322799,0.01257466450329911,-3.1100992402248151,0.0015947385642376445,0.026774795521350057,0,0,0
2.3063264999999999,4294961691,3996,4294967295,-5606,3996,-1,0.023194744279743829,0.067544242052180556,0.034557519189487726,0.050992883949934315,0.25737398678512058,0.079987953053993741,0.25635550751838254,0.0028765161018295573,0.01578774989948261,0,0,0
2.3113407000000001,4294961684,3996,4294967295,-5613,3996,-1,0.023349228780179799,0.067544242052180556,0.034557519189487726,0.041617868156724976,0.13730595690650083,0.042672620385059909,-0.64157361580848149,-0.00033135197721285026,0.0055715470518694389,0,0,0
2.3163287000000001,4294961680,3995,4294967295,-5617,3995,-1,0.023437505637571784,0.068329640215577997,0.035342917352885167,0.030439078089095142,0.14653061213750279,0.096044854083097264,1.8670843229641698,0.0090040696376079976,0.0034766528728090345,0,0,0
2.3212931000000001,4294961678,3996,4294967295,-5619,3996,-1,0.023481644066267775,0.067544242052180556,0.034557519189487726,0.020357106189765595,0.0048928172636308609,-0.022040733428101242,-2.324236852112227,-0.0026171146229531372,-0.0030034449716467085,0,0,0
2.3262928999999999,4294961677,3996,4294967295,-5620,3996,-1,0.023503713280615773,0.067544242052180556,0.034557519189487726,0.012919383984037691,0.0026102597420320233,-0.011758468802805601,-1.716362596904242,-0.011198927607474348,-0.0097213254415377537,0,0,0
2.3312900999999999,4294961677,3996,4294967294,-5620,3996,-2,0.023503713280615773,0.067544242052180556,0.036128315516282622,0.0068923374997172408,0.0013925424870286198,0.14028603550827093,5.0311787144745734,0.013956965964898519,-0.0022009465457340123,0,0,0
2.3362463999999998,4294961677,3997,4294967294,-5620,3997,-2,0.023503713280615773,0.066758843888783101,0.035342917352885167,0.0036769799758797784,-0.072536614458849485,0.0015614099980285484,-0.39184276256969902,0.011997752152050024,0.00027176780980996834,0,0,0
2.3412614999999999,4294961677,3998,4294967293,-5620,3998,-3,0.023503713280615773,0.06597344572538566,0.036128315516282622,0.0019616250283123141,-0.11197693927387929,0.074112512931276464,3.0444185380419073,0.027219844842259561,0.010140227734375586,0,0,0
2.3462158,4294961676,3998,4294967293,-5621,3998,-3,0.023525782494963766,0.06597344572538566,0.036128315516282622,0.0031056138545113056,-0.059738363579446258,0.03953814304967139,1.4344582046818075,0.034392135865668597,0.019672683072885867,0,0,0
2.3512202000000002,4294961674,3998,4294967293,-5623,3998,-3,0.023569920923659761,0.06597344572538566,0.036128315516282622,0.0057750285323508429,-0.03186970555090507,0.021093128460856161,0.52456580097517702,0.037014964870544481,0.028099080463064689,0,0,0
2.356201,4294961671,3998,4294967293,-5626,3998,-3,0.023636128566703749,0.06597344572538566,0.036128315516282622,0.0092582397358824675,-0.017002108377987882,0.011252932837721575,-0.012062389919759386,0.036954652920945685,0.034939277855468284,0,0,0
2.3612046000000002,4294961666,3998,4294967293,-5631,3998,-3,0.023746474638443728,0.06597344572538566,0.036128315516282622,0.015234711957162897,-0.0090704223430968095,0.0060033056587724745,-0.40055630717910773,0.034951871385050147,0.03882664522470617,0,0,0
2.3661905999999999,4294961659,3997,4294967293,-5638,3997,-3,0.023900959138879699,0.066758843888783101,0.036913713679680063,0.022541309239394,0.068440556990807547,0.076482211368151309,2.1263863878561629,0.045583803324330964,0.045646678865908098,0,0,0
2.3711554000000001,4294961651,3996,4294967293,-5646,3996,-3,0.02407751285366367,0.067544242052180556,0.037699111843077518,0.028498402138583998,0.10979174139425543,0.11408186823723897,3.4654989416127955,0.062911298032394938,0.05698483308283437,0,0,0
2.3763738999999999,4294961642,3995,4294967294,-5655,3995,-2,0.024276135782795631,0.068329640215577997,0.036913713679680063,0.033735550520545353,0.13185210582600576,-0.012418201178026264,-2.2019727076961568,0.051901434493914156,0.05896515960996436,0,0,0
2.3810897,4294961632,3993,4294967294,-5665,3993,-2,0.024496827926275593,0.069900436542372907,0.038484510006474973,0.038588617076319859,0.21690056682749326,0.13993407614278477,3.7878444094703347,0.070840656541265826,0.070208718253983657,0,0,0
2.3860929,4294961619,3991,4294967295,-5678,3991,-1,0.02478372771279954,0.071471232869167789,0.038484510006474959,0.04735500107725972,0.26227290793741037,0.074653163160010055,0.54277138395872804,0.07355451346105947,0.076193131723003266,0,0,0
2.3910474000000002,4294961606,3989,0,-5691,3989,0,0.02507062749932349,0.073042029195962685,0.038484510006474966,0.05203176254369303,0.28647851158447568,0.039826573508147084,-1.2913761945398279,0.067097632488360329,0.078256860969019598,0,0,0
2.3960265000000001,4294961590,3986,1,-5707,3986,1,0.025423734928891425,0.075398223686155036,0.039269908169872414,0.060704089879070611,0.37267143215987408,0.094526521967577881,0.31167212866444105,0.068655993131682538,0.079123360842654852,0,0,0
2.4010172999999999,4294961574,3983,3,-5723,3983,3,0.025776842358459364,0.077754418176347387,0.038484510006474973,0.0653306732345387,0.41865432882321052,-0.022850745530051994,-5.2660801943154292,0.042325592160105396,0.067339731773689723,0,0,0
2.4060145999999998,4294961559,3981,4,-5738,3981,4,0.026107880573679302,0.079325214503142283,0.038484510006474966,0.065739790094400161,0.36990613729495564,-0.012190600612836647,-4.9021606550743329,0.017814788884733732,0.049914395822737809,0,0,0
2.4109967999999999,4294961545,3978,5,-5752,3978,5,0.026416849574551246,0.081681408993334634,0.039269908169872428,0.063898938804280409,0.41717907694442113,0.066775979041822045,-1.9237608898966601,0.0081959844352504311,0.033474566574414277,0,0,0
2.4159820000000001,4294961534,3976,6,-5763,3976,6,0.026659610932379202,0.083252205320129516,0.039269908169872414,0.056739535775369859,0.36911910798626046,0.035624189589759866,-3.0791589167553721,-0.0071998101485264299,0.014728392695086343,0,0,0
2.420976,4294961527,3975,6,-5770,3975,6,0.026814095432815176,0.084037603483526971,0.040055306333269869,0.044683638469242115,0.27020016759685855,0.092284600192926197,-0.059085040341613215,-0.0074952353502344962,0.0027569817426232011,0,0,0
2.4259631000000001,4294961523,3974,7,-5774,3974,7,0.026902372290207161,0.084823001646924412,0.039269908169872407,0.032074630040843682,0.2174280909157606,-0.024046784097988438,-4.6264339593482608,-0.030627405146975803,-0.016066736804389775,0,0,0
2.4309593999999999,4294961522,3974,7,-5775,3974,7,0.026924441504555155,0.084823001646924412,0.039269908169872407,0.019170543415663491,0.11599529717223198,-0.01282867294531575,-3.5191820666021014,-0.04822331547998631,-0.03510760697362468,0,0,0
2.4359405999999999,4294961524,3974,6,-5773,3974,6,0.026880303075859164,0.084823001646924412,0.04084070449666731,0.0061090360865602355,0.061882109663959288,0.13971509434320609,3.5963393635939416,-0.030241618662016603,-0.039334507009267286,0,0,0
2.4419574000000002,4294961528,3975,6,-5769,3975,6,0.026792026218467178,0.084037603483526971,0.040055306333269869,-0.004977343050657038,-0.040266150734700398,0.001256819685754057,-1.5283736248431365,-0.037883486786232289,-0.047599153835532322,0,0,0
2.4459347999999999,4294961533,3976,5,-5764,3976,5,0.026681680146727199,0.083252205320129516,0.04084070449666731,-0.01295090455640375,-0.094761031183059591,0.073950017627015002,2.1186705124813927,-0.027290134223825327,-0.048128701313468497,0,0,0
2.4509546000000002,4294961539,3977,5,-5758,3977,5,0.026549264860639223,0.082466807156732075,0.040055306333269869,-0.019263814926022828,-0.12383340092769132,-0.033828065552026686,-2.1130392610403792,-0.037855330529027224,-0.053913821994684585,0,0,0
2.4559540000000002,4294961547,3979,4,-5750,3979,4,0.026372711145855255,0.080896010829937165,0.040055306333269848,-0.026749897953781344,-0.21262268325826861,-0.018046870116657367,-0.77521323656345098,-0.041731396711844476,-0.057309023627272207,0,0,0
2.4609165000000002,4294961556,3980,3,-5741,3980,3,0.02617408821672329,0.080110612666539724,0.04084070449666731,-0.032802744360730503,-0.18671118870613834,0.063651729003313687,2.927992497818646,-0.027091434222751246,-0.052042264288730183,0,0,0
2.4659121000000002,4294961566,3982,2,-5731,3982,2,0.025953396073243332,0.078539816339744828,0.04084070449666731,-0.038090976098761886,-0.2461672342322225,0.033957439400626031,2.2629401851435529,-0.015776733297033482,-0.043028890852788666,0,0,0
2.4709237000000002,4294961575,3983,1,-5722,3983,1,0.025754773144111367,0.077754418176347387,0.041626102660064765,-0.038853074491211198,-0.20460680717174123,0.091395408816199453,4.7964934637437153,0.0082057340216850939,-0.025868990726296445,0,0,0
2.4758662999999999,4294961582,3984,1,-5715,3984,1,0.025600288643675393,0.076969020012949932,0.04084070449666731,-0.035141424382381381,-0.18243481427431535,-0.02452115710817241,-0.18074780434347359,0.0073019949999677258,-0.015240037536560674,0,0,0
2.4808823000000002,4294961587,3984,1,-5710,3984,1,0.025489942571935414,0.076969020012949932,0.04084070449666731,-0.029043082725582155,-0.097326800815764461,-0.013081745296983938,-0.14258148813671367,0.0065890875592841576,-0.0068453763971936723,0,0,0
2.4868727000000002,4294961590,3984,1,-5707,3984,1,0.025423734928891425,0.076969020012949932,0.04084070449666731,-0.02167146955083378,-0.051922689179206213,-0.0069789553266279792,-0.22271985612670531,0.0054754882786506309,-0.0010430360252016244,0,0,0
2.4918282,4294961592,3984,1,-5705,3984,1,0.025379596500195434,0.076969020012949932,0.04084070449666731,-0.015679691447254483,-0.027700136334531406,-0.0037231895550128478,-0.31561569736578088,0.0038974097918217264,0.002880207123075477,0,0,0
2.4968094000000001,4294961592,3983,1,-5705,3983,1,0.025379596500195434,0.077754418176347387,0.041626102660064765,-0.0083649286590932927,0.058501826435945176,0.071293242003543505,2.370520885268566,0.015750014218164556,0.010208053194807791,0,0,0
2.5008423,4294961591,3983,1,-5706,3983,1,0.025401665714543428,0.077754418176347387,0.041626102660064765,-0.0024034795597325052,0.031210027710655435,0.03803409558416649,0.95922119387237892,0.02054612018752645,0.016194683363167907,0,0,0
2.5068195000000002,4294961590,3982,2,-5707,3982,2,0.025423734928891425,0.078539816339744828,0.04084070449666731,0.00077688254042258213,0.089929697398274361,-0.052988782242444105,-3.3297452302482298,0.0038973940362852996,0.013467985581799522,0,0,0
2.5117862999999998,4294961588,3981,3,-5709,3981,3,0.025467873357587417,0.079325214503142283,0.040055306333269869,0.0045326781089332488,0.1212559418894236,-0.10154840357978001,-5.8123158675260589,-0.025164185301344996,-0.00045729502208097933,0,0,0
2.5168111999999998,4294961588,3980,3,-5709,3980,3,0.025467873357587417,0.080110612666539724,0.04084070449666731,0.0024181297918652307,0.13796812026405869,0.019104655312890559,-0.80638013314836843,-0.029196085967086838,-0.0093382566997593265,0,0,0
2.5217961999999998,4294961588,3979,4,-5709,3979,4,0.025467873357587417,0.080896010829937165,0.040055306333269848,0.0012900434466727089,0.14688386840311679,-0.063087413198190806,-4.4651517104364649,-0.051521844519269167,-0.027413047447821796,0,0,0
2.5268207999999999,4294961590,3979,4,-5707,3979,4,0.025423734928891425,0.080896010829937165,0.040055306333269848,-0.0034299977096511882,0.078360794566455602,-0.033656383638978486,-2.9231139117119378,-0.06613741407782886,-0.046125244979632211,0,0,0
2.5318827000000002,4294961594,3978,4,-5703,3978,4,0.025335458071499443,0.081681408993334634,0.040840704496667317,-0.010066303981451067,0.11508407000165945,0.055324239431430479,0.83837649003402981,-0.061945531627658708,-0.058183562474153669,0,0,0
2.5357497000000002,4294961599,3979,4,-5698,3979,4,0.025225111999759461,0.080896010829937165,0.040055306333269848,-0.015665804609010587,-0.011883538471838748,-0.043764696406677961,-2.7336480091246314,-0.075613771673281871,-0.075821886676758377,0,0,0
2.5417036999999998,4294961610,3980,4,-5687,3980,4,0.024982350641931505,0.080110612666539724,0.039269908169872407,-0.031007733086194349,-0.079619245546765291,-0.096627463635196642,-4.3768064002400147,-0.097497803674481937,-0.094951784369918968,0,0,0
2.5467138999999999,4294961624,3982,3,-5673,3982,3,0.024673381641059561,0.078539816339744828,0.039269908169872414,-0.045369800011305313,-0.18903495790489164,-0.051549601121715409,-1.6061665388888069,-0.10552863636892597,-0.11005504802495648,0,0,0
2.5517018,4294961642,3984,2,-5655,3984,2,0.024276135782795631,0.076969020012949932,0.039269908169872414,-0.061268232730188152,-0.24740693742620168,-0.027501098298931749,0.17822647959157045,-0.10463750397096812,-0.11874262953893575,0,0,0
2.5566496000000001,4294961662,3987,1,-5635,3987,1,0.023834751495835711,0.074612825522757595,0.038484510006474973,-0.073868077778166494,-0.35182721264625072,-0.087951027726422243,-1.5010809039103026,-0.11214290849051964,-0.12815983453615426,0,0,0
2.5616739000000002,4294961685,3990,0,-5612,3990,0,0.023327159565831802,0.072256631032565244,0.037699111843077525,-0.086767275849018111,-0.40753418594460367,-0.12020034518328671,-2.1834822524749615,-0.12306031975289444,-0.13760223476467504,0,0,0
2.5666535000000001,4294961709,3994,4294967294,-5588,3994,-2,0.022797498421479899,0.069115038378975438,0.037699111843077504,-0.095707954667163225,-0.51053271208202267,-0.064125452700325256,1.1008680273294469,-0.11755597961624721,-0.14090109808906509,0,0,0
2.5716166,4294961736,3998,4294967292,-5561,3998,-4,0.022201629634084005,0.06597344572538566,0.037699111843077518,-0.10665503113107641,-0.56548119917626893,-0.034210165351448059,3.2108340810349496,-0.10150180921107246,-0.13464950373422821,0,0,0
2.5766631000000002,4294961763,4002,4294967290,-5534,4002,-6,0.021605760846688114,0.062831853071795868,0.037699111843077518,-0.11249516605683746,-0.5947955626645236,-0.018250715809255028,4.5425690632409346,-0.078788963894867795,-0.12040929270694258,0,0,0
2.581321,4294961787,4006,4294967289,-5510,4006,-7,0.021076099702336207,0.059690260418206069,0.036128315516282622,-0.10943347770193457,-0.61043442648342405,-0.15629557812215966,-1.0659023855061909,-0.084118475822398744,-0.115084658250306,0,0,0
2.5857407000000001,4294961809,4009,4294967287,-5488,4009,-9,0.020590576986680296,0.057334065928013725,0.036913713679680063,-0.10368188290052005,-0.54549805479698532,-0.010102310326355002,5.0686833500473325,-0.058775059072162086,-0.099433287865861364,0,0,0
2.5914426000000002,4294961834,4012,4294967286,-5463,4012,-10,0.020038846627980396,0.054977871437821381,0.036128315516282622,-0.10679080635734586,-0.51085527382360474,-0.078668981543633429,2.3694100186280638,-0.046928008979021767,-0.080578257334719933,0,0,0
2.5960502000000001,4294961852,4015,4294967285,-5445,4015,-11,0.019641600769716466,0.052621676947629037,0.035342917352885181,-0.094035608158631878,-0.49237376273202882,-0.11524848408381058,0.63609695543039813,-0.043747524201869774,-0.068723923082275332,0,0,0
2.6011541999999999,4294961868,4016,4294967284,-5429,4016,-12,0.019288493340148531,0.051836278784231589,0.036128315516282622,-0.083112641294669748,-0.33595505807527087,0.011795825517000848,5.3442088433950161,-0.017026479984894694,-0.04803700560509374,0,0,0
2.6056477,4294961880,4018,4294967284,-5417,4018,-12,0.019023662767972578,0.050265482457436693,0.034557519189487726,-0.069048927502480803,-0.32578706120901102,-0.14026610614612547,-1.4098396878112744,-0.024075678423951065,-0.039694552555514864,0,0,0
2.6112793000000001,4294961892,4018,4294967284,-5405,4018,-12,0.018758832195796625,0.050265482457436693,0.034557519189487726,-0.061546103677834307,-0.17380351738657571,-0.074830297212678545,0.57659518381594976,-0.021192702504871316,-0.029630706861816875,0,0,0
2.6158627000000001,4294961899,4018,4294967284,-5398,4018,-12,0.018604347695360651,0.050265482457436693,0.034557519189487726,-0.047247885204227638,-0.092722106715483657,-0.039921072415771787,1.3849785783327333,-0.014267809613207649,-0.022053285056991223,0,0,0
2.6219027000000001,4294961906,4018,4294967284,-5391,4018,-12,0.018449863194924681,0.050265482457436693,0.034557519189487726,-0.039619955924739346,-0.049466139713588944,-0.021297416717399788,1.8177373266359984,-0.0051791229800276575,-0.012491323838254558,0,0,0
2.6265128999999998,4294961910,4018,4294967284,-5387,4018,-12,0.018361586337532695,0.050265482457436693,0.034557519189487726,-0.029373215706285562,-0.026389596449448379,-0.011361918189737365,1.8977526551139836,0.0043096402955422608,-0.0035333885674801412,0,0,0
2.6314943999999998,4294961912,4017,4294967284,-5385,4017,-12,0.018317447908836704,0.051050880620834134,0.035342917352885167,-0.019788481301794697,0.059200983857535583,0.067218071245840089,4.6765626688354613,0.027692453639719568,0.01177011807587227,0,0,0
2.6364727000000001,4294961912,4016,4294967285,-5385,4016,-11,0.018317447908836704,0.051836278784231589,0.034557519189487726,-0.010556919115286443,0.10486253916088953,-0.03741947877624735,-0.27149467279221251,0.026334980275758504,0.019824904512369929,0,0,0
2.6414711,4294961911,4014,4294967286,-5386,4014,-10,0.018339517123184702,0.053407075111026485,0.034557519189487726,-0.0035728803638965822,0.202501954427943,-0.019962846301964252,-0.2686326522390674,0.024991817014563166,0.026038476442288724,0,0,0
2.6464538000000002,4294961909,4013,4294967287,-5388,4013,-9,0.018383655551880693,0.054192473274423933,0.033772121026090271,0.0022121314004091251,0.18131190040199791,-0.083929460058397645,-3.2551014464365298,0.0087163097823805165,0.023823711186053097,0,0,0
2.6507543999999998,4294961906,4011,4294967288,-5391,4011,-8,0.018449863194924681,0.055763269601218829,0.033772121026090278,0.0073574765462089131,0.24328677822159611,-0.04477536743286091,-2.2061826774350957,-0.0023146036047949625,0.018300523009346505,0,0,0
2.6567436999999998,4294961903,4009,4294967289,-5394,4009,-7,0.018516070837968669,0.057334065928013725,0.033772121026090278,0.010102456906046517,0.27634963748517793,-0.023887125299659719,-1.7473998641855992,-0.011051602925722959,0.010522170512230936,0,0,0
2.6617253000000001,4294961901,4007,4294967290,-5396,4007,-6,0.01856020926666466,0.058904862254808621,0.033772121026090271,0.0095077609755780876,0.29398827915971998,-0.01274349687777011,-1.5526635073377335,-0.018814920462411629,0.0015846946348540706,0,0,0
2.6667386,4294961899,4006,4294967291,-5398,4006,-5,0.018604347695360651,0.059690260418206069,0.03298672286269283,0.0091904977788528387,0.23011876514409441,-0.080078023115163363,-4.3861992706324386,-0.040745916815573824,-0.015788609273799777,0,0,0
2.6715757999999998,4294961900,4005,4294967291,-5397,4005,-5,0.018582278481012657,0.060475658581603517,0.033772121026090271,0.0028439108534967878,0.19604514003298185,0.030558847601958608,0.48328479674364522,-0.038329492831855598,-0.02532808630521155,0,0,0
2.6761669000000001,4294961901,4004,4294967292,-5396,4004,-4,0.01856020926666466,0.061261056745000965,0.03298672286269283,-0.00054191769025548997,0.17786726681590051,-0.056976738018903517,-3.2480684292859943,-0.054569834978285568,-0.042229436421461659,0,0,0
2.6809055000000002,4294961904,4004,4294967292,-5393,4004,-4,0.018494001623620672,0.061261056745000965,0.03298672286269283,-0.0064664374222648613,0.094890068641206707,-0.030396411202302728,-1.7445383851836653,-0.063292526904203894,-0.058076151576488808,0,0,0
2.6851994000000001,4294961909,4004,4294967293,-5388,4004,-3,0.018383655551880693,0.061261056745000965,0.031415926535897934,-0.013745318670167315,0.050622721582901126,-0.16277516197237069,-7.2128911218252938,-0.099356982513330361,-0.086372704199163139,0,0,0
2.6911648000000001,4294961921,4004,4294967292,-5376,4004,-4,0.01811882497970474,0.061261056745000965,0.03298672286269283,-0.032042286971434304,0.027006619103098317,0.0597204281463488,2.7849601711710594,-0.08543218165747507,-0.094988057316112137,0,0,0
2.6961426999999998,4294961935,4006,4294967291,-5362,4006,-5,0.017809855978832796,0.059690260418206069,0.03298672286269283,-0.04592172218867286,-0.13215132891189754,0.03186013721093902,2.7359139004536273,-0.071752612155206938,-0.097001776757565147,0,0,0
2.7012870000000002,4294961952,4009,4294967290,-5345,4009,-6,0.017434679334916863,0.057334065928013725,0.032201324699295375,-0.059503566376302046,-0.29033971807241177,-0.056282515509453165,0.12841777608981841,-0.07111052327475785,-0.097575347167894122,0,0,0
2.7062363999999999,4294961970,4011,4294967289,-5327,4011,-7,0.017037433476652934,0.055763269601218829,0.032201324699295382,-0.068808428768177901,-0.30145182054641406,-0.030026051760942935,1.6854657425715409,-0.062683194561900149,-0.092729739533347094,0,0,0
2.7112262,4294961989,4014,4294967288,-5308,4014,-8,0.01661811840404101,0.053407075111026485,0.031415926535897934,-0.075831572306205589,-0.38065951417529531,-0.089298060328965104,-0.16591156685684716,-0.063512752396184383,-0.088288812730967545,0,0,0
2.7157518999999999,4294962005,4016,4294967287,-5292,4016,-9,0.016265010974473075,0.051836278784231589,0.031415926535897934,-0.073401004957604835,-0.34963635615707905,-0.04763945174303777,1.5918079716025222,-0.055553712538171769,-0.082474918726026483,0,0,0
2.7211675999999998,4294962024,4018,4294967286,-5273,4018,-10,0.015845695901861148,0.050265482457436693,0.031415926535897934,-0.078281657010693728,-0.33308587080632324,-0.025415080171019951,2.7854633937057907,-0.041626395569642816,-0.069192563713051519,0,0,0
2.7261340999999999,4294962040,4020,4294967285,-5257,4020,-11,0.015492588472293213,0.04869468613064179,0.031415926535897934,-0.074708095969613725,-0.32425638396991785,-0.013558642605364785,3.3741341102608509,-0.024755725018338563,-0.053311943844366869,0,0,0
2.7311562,4294962054,4022,4294967284,-5243,4022,-12,0.015183619471421269,0.047123889803846894,0.031415926535897927,-0.06868342318596922,-0.31954595789224927,-0.0072333743613232099,3.690195667390594,-0.0063047466813855937,-0.034232966188533769,0,0,0
2.7360237000000001,4294962065,4023,4294967284,-5232,4023,-12,0.014940858113593311,0.046338491640449446,0.030630528372500479,-0.05929200121501238,-0.24375348238383115,-0.077138438372186646,0.27377089991453074,-0.0049358921818129405,-0.021000878894419074,0,0,0
2.7404628,4294962071,4023,4294967284,-5226,4023,-12,0.014808442827505337,0.046338491640449446,0.030630528372500479,-0.043986238121492091,-0.13003958001375895,-0.041152438236926568,0.99311684967872904,2.9692066580704925e-05,-0.010977809935762212,0,0,0
2.7464434999999998,4294962076,4023,4294967284,-5221,4023,-12,0.014698096755765356,0.046338491640449446,0.030630528372500479,-0.033761685523316855,-0.069374567307829052,-0.021954335718762482,1.3273774428153762,0.0066665792806575863,-0.00070795820782681811,0,0,0
2.7514262,4294962078,4023,4294967284,-5219,4023,-12,0.014653958327069363,0.046338491640449446,0.030630528372500479,-0.022129677687293806,-0.037010505483324983,-0.011712376653775822,1.3544177972910145,0.013438668267112659,0.0080207098069406922,0,0,0
2.7555250999999998,4294962079,4022,4294967284,-5218,4022,-12,0.014631889112721367,0.047123889803846894,0.031415926535897927,-0.013865029768576353,0.053534855371401138,0.067031105828854132,4.1553229601465924,0.034215283067845617,0.023254548311537414,0,0,0
2.7610918999999998,4294962077,4020,4294967285,-5220,4020,-11,0.01467602754141736,0.04869468613064179,0.031415926535897934,-0.0032786077387177591,0.17511924638296109,0.035760296692361762,2.004891501377009,0.044239740574730665,0.035983348742033253,0,0,0
2.7660751000000001,4294962074,4019,4294967286,-5223,4019,-10,0.014742235184461348,0.049480084294039245,0.030630528372500486,0.0044282326041969041,0.16670355175817614,-0.054201826872757423,-2.130547411276515,0.033587003518348091,0.040551492956980573,0,0,0
2.7710588999999999,4294962069,4017,4294967286,-5228,4017,-10,0.014852581256201328,0.051050880620834134,0.032201324699295375,0.01265796067252355,0.23549339818960971,0.11764300943203555,4.6270890216201011,0.056722448626448596,0.055131933771699629,0,0,0
2.7753584,4294962064,4015,4294967287,-5233,4015,-9,0.014962927327941309,0.052621676947629037,0.032201324699295375,0.017048422589894169,0.27219196204876661,0.062761144532109306,1.9450590545766797,0.066447743899332001,0.069430020529240147,0,0,0
2.7809566000000001,4294962053,4012,4294967289,-5244,4012,-7,0.015205688685769264,0.054977871437821381,0.031415926535897934,0.031745343313524167,0.36504972811978953,-0.039797196100888527,-3.4275476764386577,0.049310005517138711,0.068442240685167882,0,0,0
2.7859332000000001,4294962041,4009,4294967290,-5256,4009,-6,0.015470519257945216,0.057334065928013725,0.032201324699295375,0.041645085758011402,0.41458824048400378,0.05204818911337504,-0.21784892745764939,0.048220760879850465,0.068239655293344845,0,0,0
2.7914639000000001,4294962027,4006,4294967292,-5270,4006,-4,0.01577948825881716,0.059690260418206069,0.031415926535897934,0.051044700982455837,0.44101644688068148,-0.045512430237173163,-5.0391857155195146,0.023024832302252891,0.054447092865322483,0,0,0
2.7961033999999998,4294962016,4003,4294967294,-5281,4003,-2,0.016022249616645116,0.06204645490839842,0.030630528372500486,0.049881952977373613,0.45511558026220739,-0.09755985882016352,-7.7055731742103664,-0.015503033568798938,0.030067425281981367,0,0,0
2.8010907999999999,4294962006,4000,4294967295,-5291,4000,-1,0.016242941760125078,0.06440264939859075,0.03141592653589792,0.047202530501001871,0.46263730001595454,0.021232496442929134,-2.9505705753296319,-0.030255886445447099,0.0069804352343903857,0,0,0
2.8060885,4294962000,3998,0,-5297,3998,0,0.016375357046213054,0.06597344572538566,0.031415926535897941,0.037536649467972985,0.39337052863708893,0.011327283996438847,-3.10653333723912,-0.045788553131642699,-0.01657339088507585,0,0,0
2.8110716,4294961998,3997,1,-5299,3997,1,0.016419495474909045,0.066758843888783101,0.030630528372500479,0.024143575996065987,0.28313801170611513,-0.067236548175511335,-5.924881473933441,-0.075412960501309911,-0.046375295840964184,0,0,0
2.8155952000000002,4294962000,3997,1,-5297,3997,1,0.016375357046213054,0.066758843888783101,0.030630528372500479,0.0087620897448130279,0.15105075738042581,-0.035869897737708545,-3.8333470631714492,-0.094579695817167159,-0.074958922774327613,0,0,0
2.8216109,4294962008,3998,1,-5289,3998,1,0.016198803331429087,0.06597344572538566,0.029845130209103038,-0.011798411569835889,0.0073042609207323861,-0.092415682563739568,-5.2492428156501338,-0.12082590989541783,-0.10541977561968305,0,0,0
2.8265612999999998,4294962020,3999,0,-5277,3999,0,0.015933972759253134,0.065188047561988219,0.0306305283725005,-0.031003635218946776,-0.069382783076583493,0.023976853214207519,0.52961805589479105,-0.11817781961594388,-0.12502320889972701,0,0,0
2.8315708000000002,4294962038,4002,4294967295,-5259,4002,-1,0.015536726900989204,0.062831853071795868,0.029845130209103038,-0.053604054898812578,-0.25685344637416629,-0.060488153640399146,-1.6103717701228264,-0.12622967846655803,-0.14201338631375299,0,0,0
2.8365434,4294962060,4006,4294967293,-5237,4006,-3,0.015051204185333292,0.059690260418206069,0.029845130209103034,-0.073897550702564388,-0.43014633196439367,-0.032269709619242234,1.0476561065327501,-0.12099139793389428,-0.15013300532565726,0,0,0
2.8415222999999998,4294962086,4010,4294967290,-5211,4010,-6,0.014477404612285395,0.056548667764616277,0.031415926535897934,-0.092960330091355986,-0.52259602269759242,0.12934353279920058,9.2465205617059105,-0.074758795125364735,-0.13346542208932183,0,0,0
2.8458079000000001,4294962110,4014,4294967288,-5187,4014,-8,0.013947743467933491,0.053407075111026485,0.031415926535897934,-0.099011875352931877,-0.57191683172880947,0.069003234408025027,7.5389102539559927,-0.037064243855584773,-0.10886526420939405,0,0,0
2.8517901000000001,4294962140,4019,4294967286,-5157,4019,-10,0.01328566703749361,0.049480084294039245,0.030630528372500486,-0.11459496425900534,-0.67150841528195926,-0.036467115488567785,4.3012408047009201,-0.015558039832080171,-0.0754492218868002,0,0,0
2.8567347000000001,4294962161,4023,4294967284,-5136,4023,-12,0.012822213536185694,0.046338491640449446,0.030630528372500479,-0.10437636424832353,-0.65135981978845292,-0.019454771829595482,5.1171980905300769,0.010027950620570214,-0.041793926592644547,0,0,0
2.8613998999999999,4294962175,4025,4294967283,-5122,4025,-13,0.012513244535313748,0.04476769531365455,0.030630528372500479,-0.084511090995957008,-0.49405174545642083,-0.010378889085983865,4.7028192922775149,0.033542047081957793,-0.0092627911339837575,0,0,0
2.8659859000000001,4294962184,4026,4294967283,-5113,4026,-13,0.012314621606181785,0.043982297150257102,0.029845130209103031,-0.063617652975945349,-0.3368502418757906,-0.078816533018144813,0.79514519771921988,0.037517773070553893,0.014998585732916245,0,0,0
2.8701086,4294962187,4026,4294967283,-5110,4026,-13,0.012248413963137797,0.043982297150257102,0.029845130209103031,-0.040116591033995293,-0.17970559252189194,-0.042047681746268988,1.2012040523853411,0.043523793332480597,0.034432382009460527,0,0,0
2.8756948000000002,4294962185,4025,4294967283,-5112,4025,-13,0.012292552391833788,0.04476769531365455,0.030630528372500479,-0.017283503046367419,-0.022591274220882779,0.050847581822393725,4.0013885695422458,0.063530736180191824,0.055743520475446527,0,0,0
2.8812967,4294962178,4023,4294967284,-5119,4023,-12,0.012447036892269761,0.046338491640449446,0.030630528372500479,0.0051932287914708605,0.1345068628246196,0.027126579363027512,1.748363486801348,0.07227255361419857,0.071382653584893332,0,0,0
2.8854226999999999,4294962171,4021,4294967285,-5126,4021,-11,0.012601521392705733,0.047909287967244349,0.030630528372500489,0.017184297553605669,0.21831684807099386,0.014471707042213835,0.44474381524188422,0.074496272690407997,0.085098763928363394,0,0,0
2.8909704000000001,4294962158,4018,4294967286,-5139,4018,-10,0.012888421179229682,0.050265482457436693,0.031415926535897934,0.035936051513983047,0.33630799640647197,0.081000002656797021,2.1797524581190562,0.085395034981003273,0.097039150963898077,0,0,0
2.8955481999999999,4294962144,4015,4294967288,-5153,4015,-8,0.013197390180101626,0.052621676947629037,0.030630528372500486,0.04799899920163541,0.39925486889761341,-0.03006698249626806,-3.377743582095682,0.068506317070524861,0.097364826980834693,0,0,0
2.9010482,4294962125,4010,4294967290,-5172,4010,-6,0.01361670525271355,0.056548667764616277,0.031415926535897934,0.064729989450056064,0.57939531432710156,0.057239142195213331,-1.169463374581857,0.062659000197615583,0.092741564600836379,0,0,0
2.9060309000000002,4294962107,4006,4294967292,-5190,4006,-4,0.014013951110977479,0.059690260418206069,0.031415926535897934,0.071596663237029429,0.60221857739556317,0.030536400705416585,-2.9385093501650537,0.047966453446790312,0.082480748260668049,0,0,0
2.9110212,4294962089,4002,4294967294,-5208,4002,-2,0.014411196969241407,0.062831853071795868,0.031415926535897934,0.075259951927787005,0.61439451644242749,0.016290806121125715,-4.0864443151597225,0.027534231870991698,0.065257611997353207,0,0,0
2.9160297000000002,4294962073,3998,4294967295,-5224,3998,-1,0.014764304398809344,0.06597344572538566,0.03298672286269283,0.073096052293093683,0.62089023492178008,0.15524998964392861,1.5712214213145712,0.03539033897756455,0.056880670615588262,0,0,0
2.9210118999999999,4294962060,3995,1,-5237,3995,1,0.015051204185333292,0.068329640215577997,0.032201324699295375,0.065764306819506457,0.55107610408157748,0.0095445013250353844,-4.4846261745641476,0.012967208104743812,0.039909004590740316,0,0,0
2.9259990999999999,4294962049,3992,2,-5248,3992,2,0.015293965543161248,0.070685834705770348,0.03298672286269283,0.057734687396995207,0.51383109668845461,0.078371397084327277,-1.4875035272108672,0.0055296904686894756,0.025920233741660009,0,0,0
2.9310272999999998,4294962041,3990,3,-5256,3990,3,0.015470519257945216,0.072256631032565244,0.03298672286269283,0.047273650270929675,0.42068180949960576,0.04181020702666062,-2.6322720475581551,-0.0076316697691012998,0.010609739170741102,0,0,0
2.9352882,4294962037,3989,4,-5260,3989,4,0.015558796115337201,0.073042029195962685,0.032201324699295368,0.033456370492829415,0.29770825479871221,-0.050974271757241292,-5.9785636620077884,-0.037524488079140245,-0.011448689579439671,0,0,0
2.9408102999999999,4294962034,3988,4,-5263,3988,4,0.01562500375838119,0.07382742735936014,0.032986722862692823,0.02402590601721824,0.23210332784664642,0.046085352357487855,-1.4846242123198883,-0.044947609140739683,-0.029710216857566196,0,0,0
2.9467835,4294962036,3987,5,-5261,3987,5,0.015580865329685197,0.074612825522757595,0.032201324699295389,0.00869931421241865,0.19710388060081757,-0.048693532635558631,-5.1632605414291204,-0.070763911847885289,-0.05305343585627055,0,0,0
2.9517671999999999,4294962040,3987,5,-5257,3987,5,0.015492588472293213,0.074612825522757595,0.032201324699295389,-0.003595460517897631,0.10515257300837891,-0.025977419774226514,-3.6313929700072496,-0.088920876697921536,-0.077146492446426587,0,0,0
2.9562545,4294962047,3988,5,-5250,3988,5,0.015338103971857241,0.07382742735936014,0.031415926535897934,-0.016331907207331159,-0.017181873844459711,-0.087138163378842032,-5.4977890793761039,-0.11640982209480205,-0.10682297923338419,0,0,0
2.9612370000000001,4294962059,3990,4,-5238,3990,4,0.015073273399681288,0.072256631032565244,0.031415926535897927,-0.033422201152563974,-0.15572536366268297,-0.046487172442163764,-2.7455305484151045,-0.13013747483687757,-0.13233082771158053,0,0,0
2.9662185000000001,4294962077,3993,2,-5220,3993,2,0.01467602754141736,0.069900436542372907,0.032201324699295389,-0.054894331021915828,-0.30291618487092298,0.048479166405625412,2.6660381193975708,-0.11680728423988972,-0.14278290739649235,0,0,0
2.9711542999999998,4294962100,3996,0,-5197,3996,0,0.014168435611413451,0.067544242052180556,0.032986722862692837,-0.076645007911179924,-0.38144073510344012,0.099142577235442036,6.0544344043042599,-0.086535112218368418,-0.13608912275549187,0,0,0
2.9756966999999999,4294962123,4000,4294967294,-5174,4000,-2,0.013660843681409542,0.06440264939859075,0.032986722862692816,-0.088248735004772816,-0.49661216680279074,0.052891384275186304,5.2738044065348362,-0.060166090185694236,-0.12167171381161256,0,0,0
2.9816741000000002,4294962154,4006,4294967292,-5143,4006,-4,0.012976698036621666,0.059690260418206069,0.031415926535897934,-0.11091206732324091,-0.70461379263233881,-0.11834211495189757,-0.20481380370357982,-0.061190159204212134,-0.10435173122548375,0,0,0
2.9866258999999999,4294962177,4010,4294967290,-5120,4010,-6,0.012469106106617757,0.056548667764616277,0.031415926535897934,-0.10652980311781865,-0.66902114435595683,-0.063134109001371744,2.2601592652845754,-0.049889362877789258,-0.087813476578895697,0,0,0
2.9916757999999999,4294962198,4013,4294967288,-5099,4013,-8,0.012005652605309841,0.054192473274423933,0.032201324699295382,-0.1000736968267697,-0.57675337107809588,0.03959822399813754,6.5156995263654469,-0.017310865245962023,-0.060765481610737533,0,0,0
2.9967999999999999,4294962215,4015,4294967287,-5082,4015,-9,0.011630475961393907,0.052621676947629037,0.032201324699295375,-0.088392999954794327,-0.45425009355084611,0.021125180931363664,5.2951119069203489,0.0091646942886397208,-0.031761828885737593,0,0,0
3.0007826,4294962225,4017,4294967286,-5072,4017,-10,0.011409783817913946,0.051050880620834134,0.032201324699295375,-0.067747715438905676,-0.38889605387043064,0.011270032449027377,4.3922491381165525,0.031125939979222483,-0.0048290689113980496,0,0,0
3.0063342999999998,4294962232,4017,4294967286,-5065,4017,-10,0.011255299317477974,0.051050880620834134,0.032201324699295375,-0.050556371224329578,-0.20747141341219891,0.0060124280977664072,3.1615241190147843,0.046933560574296401,0.021244142422720571,0,0,0
3.0106676000000001,4294962233,4017,4294967286,-5064,4017,-10,0.011233230103129979,0.051050880620834134,0.032201324699295375,-0.029030332239681371,-0.11068352829724712,0.0032075587886999141,2.2017385235087388,0.057942253191840098,0.042833618143152556,0,0,0
3.0161611000000002,4294962230,4015,4294967287,-5067,4015,-9,0.011299437746173967,0.052621676947629037,0.032201324699295375,-0.0093100057421261692,0.087510694357508176,0.0017111944152460087,0.78777680391919147,0.061881137211436059,0.059214567094581692,0,0,0
3.0207579999999998,4294962224,4014,4294967288,-5073,4014,-8,0.011431853032261944,0.053407075111026485,0.031415926535897934,0.0073878843849098201,0.11996543257486102,-0.072366617449941009,-3.056546060279389,0.046598406910039115,0.064044896499248688,0,0,0
3.026767,4294962213,4011,4294967289,-5084,4011,-7,0.011674614390089899,0.055763269601218829,0.032201324699295382,0.026591561227634394,0.2838386874973321,0.034672790689927839,0.16756294621669521,0.047436221641122593,0.066367099630795096,0,0,0
3.0317574,4294962202,4008,4294967290,-5095,4008,-6,0.011917375747917855,0.058119464091411173,0.03298672286269283,0.036836494128389949,0.37126311744680696,0.091777040209987976,1.8283729236163022,0.056578086259204102,0.071498777215233594,0,0,0
3.0363893000000002,4294962191,4005,4294967292,-5106,4005,-4,0.012160137105745813,0.060475658581603517,0.032201324699295375,0.042302043824970631,0.41790300969528016,-0.024317561304399736,-3.7174957916624178,0.037990607300892015,0.06600514419585167,0,0,0
3.0413671,4294962178,4002,4294967293,-5119,4002,-3,0.012447036892269761,0.062831853071795868,0.03298672286269283,0.049336070024804224,0.4427848367796135,0.060306389931742553,-0.6510142960413221,0.034735535820685406,0.060210962378332351,0,0,0
3.0463556000000001,4294962165,3998,4294967295,-5132,3998,-1,0.012733936678793708,0.06597344572538566,0.03298672286269283,0.053088639234838086,0.52933851450570968,0.032172740845281066,-2.6105652549352896,0.021682709546008958,0.048706390175100617,0,0,0
3.0511317,4294962155,3995,0,-5142,3995,0,0.012954628822273669,0.068329640215577997,0.033772121026090278,0.048913259431224501,0.50223435152070173,0.090443293390734758,-0.17087060721651914,0.020828356509926361,0.041721251204505698,0,0,0
3.0561383000000002,4294962145,3993,1,-5152,3993,1,0.013175320965753629,0.069900436542372907,0.033772121026090285,0.046685744030214346,0.4144950840571926,0.048250419943016327,-1.7651587807463356,0.012002562606194683,0.031169102089530519,0,0,0
3.061118,4294962137,3991,2,-5160,3991,2,0.013351874680537598,0.071471232869167789,0.033772121026090271,0.041379170565612203,0.36768722974435075,0.025741024429742587,-2.6164231316860178,-0.0010795530522354074,0.018305649117822623,0,0,0
3.0661187000000001,4294962131,3989,3,-5166,3989,3,0.013484289966625575,0.073042029195962685,0.033772121026090271,0.034429956292305545,0.34271579689892362,0.013732529985752829,-3.0708657406502473,-0.016433881755486643,0.0030594922475287098,0,0,0
3.0707564999999999,4294962128,3987,4,-5169,3987,4,0.013550497609669561,0.074612825522757595,0.033772121026090278,0.024545302446894002,0.32939383485840834,0.0073261412079512591,-3.2623972466413731,-0.032745867988693507,-0.013566043599883077,0,0,0
3.0762656000000002,4294962127,3986,5,-5170,3986,5,0.013572566824017558,0.075398223686155036,0.03298672286269283,0.015153736810368029,0.24900720746780675,-0.069371110203923211,-6.2006479091118383,-0.063749107534252697,-0.038759912876556647,0,0,0
3.0812664000000001,4294962129,3986,5,-5168,3986,5,0.013528428395321566,0.075398223686155036,0.03298672286269283,0.003966117598418863,0.13284237977992655,-0.03700866115956155,-4.2236504254466487,-0.084867359661485939,-0.064532465661482075,0,0,0
3.0862671000000002,4294962134,3986,5,-5163,3986,5,0.013418082323581586,0.075398223686155036,0.03298672286269283,-0.0081796748069798489,0.070869827604792393,-0.01974367999585195,-3.016166286217616,-0.099948191092574024,-0.089838272083216597,0,0,0
3.0912386000000001,4294962144,3987,5,-5153,3987,5,0.013197390180101626,0.074612825522757595,0.032201324699295389,-0.02495486172572815,-0.035471310247180088,-0.083812537444117013,-4.9538353067619232,-0.12471736762638364,-0.11821306680710461,0,0,0
3.0960809999999999,4294962158,3989,4,-5139,3989,4,0.012888421179229682,0.073042029195962685,0.032201324699295368,-0.042140665223590189,-0.16548256017630369,-0.044712990610565544,-2.289743001407456,-0.13616608263342092,-0.14256725357941044,0,0,0
3.1010667000000001,4294962179,3992,2,-5118,3992,2,0.012424967677921764,0.070685834705770348,0.03298672286269283,-0.065722858564576089,-0.30812153301337525,0.049425671284213261,3.1260014643509342,-0.12053607531166624,-0.15030862598183151,0,0,0
3.1060175999999999,4294962204,3996,0,-5093,3996,0,0.011873237319221864,0.067544242052180556,0.032986722862692837,-0.086540118924682385,-0.45749724563943794,0.02636800702431194,3.6296463888014179,-0.10238784336765916,-0.14757372296669483,0,0,0
3.1110616000000002,4294962232,4001,4294967294,-5065,4001,-2,0.011255299317477974,0.063617251235193309,0.032201324699295375,-0.10382321020410412,-0.61046692871570696,-0.059212501558741318,1.4195168185512532,-0.095290259274902894,-0.14088130464881843,0,0,0
3.1156415000000002,4294962259,4006,4294967292,-5038,4006,-4,0.010659430530082082,0.059690260418206069,0.031415926535897934,-0.11098442331619535,-0.69207443293487614,-0.10486868371731825,0.35266327400371544,-0.093526942904884322,-0.13456136963098467,0,0,0
3.1216381000000002,4294962292,4011,4294967289,-5005,4011,-7,0.0099311464565982124,0.055763269601218829,0.032201324699295382,-0.12715950680558541,-0.7356110645794699,0.017333325400428215,6.6236857980430228,-0.060408513914669205,-0.10766576930410837,0,0,0
3.1266050999999999,4294962317,4015,4294967287,-4980,4015,-9,0.0093794160978983125,0.052621676947629037,0.032201324699295375,-0.11931583911781404,-0.68555781979606367,0.009247122680134735,6.3779238452787776,-0.028518894688275315,-0.078822323031180863,0,0,0
3.1315219999999999,4294962338,4018,4294967285,-4959,4018,-11,0.0089159625965903964,0.050265482457436693,0.03298672286269283,-0.10689489476502936,-0.5855754904916316,0.07821274911872797,9.0861785391443419,0.016911998007446395,-0.039452671280883742,0,0,0
3.1364846000000002,4294962353,4020,4294967284,-4944,4020,-12,0.008584924381370455,0.04869468613064179,0.032986722862692823,-0.087913807296389687,-0.45895658919615168,0.041725570226336911,6.9385643998393265,0.051604820006643029,0.0010454703064353491,0,0,0
3.1414757,4294962361,4021,4294967284,-4936,4021,-12,0.0084083706665864875,0.047909287967244349,0.032201324699295382,-0.063373851336867168,-0.31812739395595502,-0.051019424482280099,2.0048754861512408,0.061629197437399232,0.032183489340309339,0,0,0
3.1464701000000002,4294962362,4020,4294967284,-4935,4020,-12,0.008386301452238492,0.04869468613064179,0.032986722862692823,-0.035868305237517231,-0.096437656833333482,0.046061263916398046,4.6494060374527635,0.084876227624663042,0.064017980348922518,0,0,0
3.1509662000000001,4294962357,4019,4294967285,-4940,4019,-11,0.0084966475239784713,0.049480084294039245,0.032201324699295389,-0.0088397623782329304,0.021831177838703676,-0.048706383532012995,-0.57363768133406112,0.08200803921799274,0.083165475152031612,0,0,0
3.1552598999999999,4294962349,4016,4294967286,-4948,4016,-10,0.0086732012387624388,0.051836278784231589,0.03298672286269283,0.011756974144902683,0.23148523126749146,0.0472952437175716,2.0167219551468265,0.092091648993726877,0.10296347454668189,0,0,0
3.1612575000000001,4294962332,4012,4294967288,-4965,4012,-8,0.0090483778826783729,0.054977871437821381,0.03298672286269283,0.04127708015982276,0.41661269131274459,0.025231449288575767,-0.65282232549051389,0.088827537366274301,0.10990093881679672,0,0,0
3.166248,4294962314,4007,4294967290,-4983,4007,-6,0.0094456237409423008,0.058904862254808621,0.033772121026090271,0.059084815429249898,0.58865550587284821,0.086740197008440614,0.50510335287137798,0.091353054130631189,0.11586256393525703,0,0,0
3.1712332999999999,4294962293,4002,4294967293,-5004,4002,-3,0.0099090772422502169,0.062831853071795868,0.03298672286269283,0.074762360912954254,0.68043829859845917,-0.027004657169117145,-5.5630579124783406,0.06353776456823948,0.10500321261388673,0,0,0
3.1763762999999998,4294962271,3997,0,-5026,3997,0,0.01039459995790613,0.066758843888783101,0.032201324699295382,0.085185254988770415,0.72940332548465459,-0.087686182295738976,-9.1994051949376061,0.017540738593551451,0.076583607578086854,0,0,0
3.1813861999999999,4294962252,3992,2,-5045,3992,2,0.010813915030518054,0.070685834705770348,0.03298672286269283,0.084568414064760219,0.75552558420839677,0.026499985283996712,-4.9628088980814127,-0.0072733058968556114,0.04743084654649915,0,0,0
3.1863657999999999,4294962237,3988,4,-5060,3988,4,0.011144953245737995,0.07382742735936014,0.032986722862692823,0.076002895726820743,0.69618197885789623,0.014137426563101088,-5.4974202506819259,-0.034760407150265238,0.014118869844901308,0,0,0
3.1914383000000002,4294962227,3985,5,-5070,3985,5,0.011365645389217955,0.076183621849552477,0.033772121026090271,0.061137742385904248,0.59124335282897622,0.080821668002106453,-2.1963965774746432,-0.045742390037638456,-0.014039795227817432,0,0,0
3.1964142999999998,4294962224,3983,6,-5073,3983,6,0.011431853032261944,0.077754418176347387,0.033772121026090285,0.038793588267237653,0.46198032625506946,0.043117397381243976,-2.9756876365783658,-0.060620828220530283,-0.03953785881107532,0,0,0
3.2014094000000002,4294962226,3982,7,-5071,3982,7,0.011387714603565951,0.078539816339744828,0.032986722862692823,0.016577696825821477,0.31974052166747846,-0.050276901270281914,-6.0751488767094326,-0.090996572604077453,-0.070051685086731597,0,0,0
3.2063719000000002,4294962232,3982,7,-5065,3982,7,0.011255299317477974,0.078539816339744828,0.032986722862692823,-0.0035106577420293793,0.17057776054885662,-0.026822128084658566,-4.1327301964275929,-0.11166022358621541,-0.099355621219233525,0,0,0
3.2109847999999999,4294962242,3983,7,-5055,3983,7,0.011034607173998014,0.077754418176347387,0.032201324699295382,-0.022463996724475938,0.017721684565788473,-0.087588805202901923,-5.7288907490921606,-0.14030467733167623,-0.13291700564052014,0,0,0
3.2155241999999999,4294962257,3985,6,-5040,3985,6,0.010703568958778074,0.076183621849552477,0.032201324699295375,-0.042870928671627104,-0.13710473091411413,-0.046727584488647285,-2.8318236950003399,-0.15446379580667793,-0.16192247334199697,0,0,0
3.2214896999999998,4294962285,3990,4,-5012,3990,4,0.010085630957034186,0.072256631032565244,0.031415926535897927,-0.080526217256507285,-0.43954133763501452,-0.098208129142163675,-2.660544241260606,-0.16776651701298095,-0.18109389214810098,0,0,0
3.2264868,4294962316,3994,2,-4981,3994,2,0.009401485312246308,0.069115038378975438,0.03141592653589792,-0.10679219607130175,-0.52760814633860331,-0.052392867345682097,0.58302788362815905,-0.16485137759484017,-0.19151726987752804,0,0,0
3.2311217999999999,4294962347,4000,4294967295,-4950,4000,-1,0.0087173396674584316,0.06440264939859075,0.03141592653589792,-0.12080478296984563,-0.72114977858639895,-0.02795097078703734,3.2193879997848476,-0.14875443759591594,-0.19364396178502274,0,0,0
3.2361266999999998,4294962384,4006,4294967292,-4913,4006,-4,0.0079007787365825786,0.059690260418206069,0.031415926535897934,-0.14063499278192193,-0.82440193452093125,-0.01491151004931845,5.2376687833778011,-0.12256609367902693,-0.18048201935602734,0,0,0
3.2411116999999998,4294962422,4012,4294967289,-4875,4012,-7,0.0070621485913587292,0.054977871437821381,0.031415926535897934,-0.15327328382322325,-0.87948573009148645,-0.0079551130314967026,6.6735735067944137,-0.089198226145054862,-0.15490064523937266,0,0,0
3.2460551999999998,4294962457,4018,4294967286,-4840,4018,-10,0.0062897260891788681,0.050265482457436693,0.031415926535897934,-0.15383833079733894,-0.90887227904047441,-0.0042439580655871355,7.5958650357169333,-0.051218900966470193,-0.12025541219755205,0,0,0
3.2504417999999999,4294962485,4022,4294967284,-4812,4022,-12,0.0056717880874349799,0.047123889803846894,0.031415926535897927,-0.13972600478989211,-0.77799061435899186,-0.0022641010870814199,7.3413677451102712,-0.01451206224091884,-0.082380635420070458,0,0,0
3.2559868999999999,4294962511,4026,4294967282,-4786,4026,-14,0.0050979885143870828,0.043982297150257102,0.031415926535897927,-0.12807902640188279,-0.70816680490924122,-0.0012078709669843585,7.3103352856842285,0.022039614187502304,-0.037365756813662346,0,0,0
3.2609525000000001,4294962527,4028,4294967281,-4770,4028,-15,0.0047448810848191459,0.042411500823462206,0.031415926535897934,-0.10127439950747787,-0.52435759550915084,-0.00064438477646020312,6.2928138537779166,0.053503683456391886,0.0052630252139897159,0,0,0
3.2659560000000001,4294962534,4028,4294967281,-4763,4028,-15,0.0045903965843831739,0.042411500823462206,0.031415926535897934,-0.068442457908686666,-0.27973853267729776,-0.00034377160432192105,4.6974976583498718,0.076991171748141241,0.042848103626065719,0,0,0
3.2703711000000002,4294962533,4027,4294967282,-4764,4027,-14,0.0046124657987311702,0.043196898986859661,0.030630528372500486,-0.034454125956567751,-0.075957656510620142,-0.07346291734897803,-0.094202239263432297,0.076520160551824076,0.066608479216613017,0,0,0
3.2758778,4294962526,4025,4294967283,-4771,4025,-13,0.0047669502991671423,0.04476769531365455,0.030630528372500479,-0.0039670940477372404,0.10603653340842892,-0.039191591542490425,-0.26205931557187934,0.075209863973964675,0.08226273875486835,0,0,0
3.2808609,4294962515,4022,4294967285,-4782,4022,-11,0.005009711656995099,0.047123889803846894,0.029845130209103034,0.020533815459220943,0.27640778567003177,-0.094187766650842136,-4.1922440354291348,0.054248643796818999,0.083182559062881134,0,0,0
3.2868472,4294962498,4017,4294967287,-4799,4017,-9,0.0053848883009110313,0.051050880620834134,0.030630528372500476,0.045959420478407773,0.51385785839990905,0.023031467457324303,-1.1659555942838291,0.048418865825399851,0.078220640368259917,0,0,0
3.2917667000000002,4294962484,4013,4294967288,-4813,4013,-8,0.0056938573017829754,0.054192473274423933,0.032201324699295382,0.053346347176768172,0.56725512513799858,0.15884605219286979,3.9760688364908399,0.06829921000785405,0.084506728479789975,0,0,0
3.2967496000000001,4294962468,4009,4294967290,-4829,4009,-6,0.0060469647313509123,0.057334065928013725,0.032201324699295375,0.061405405125547721,0.59574193103958373,0.084742477161731208,0.22847600804384038,0.069441590048073251,0.085431496385331013,0,0,0
3.3016833999999999,4294962452,4005,4294967292,-4845,4005,-4,0.0064000721609188483,0.060475658581603517,0.032201324699295375,0.065704816566634627,0.61093930274130326,0.045209102375343396,-1.9745627593929151,0.059568776251108679,0.081223764957289751,0,0,0
3.3066377999999998,4294962436,4001,4294967294,-4861,4001,-2,0.0067531795904867851,0.063617251235193309,0.032201324699295375,0.067998501369155417,0.61904691956005542,0.024118517726164211,-3.3536003292343355,0.042800774604937003,0.070989275170186134,0,0,0
3.3118368,4294962420,3996,0,-4877,3996,0,0.0071062870200547211,0.067544242052180556,0.032986722862692837,0.069222154896016824,0.69665175587200734,0.086146461273696587,-1.4562069504596469,0.035519739852638767,0.060358779218225321,0,0,0
3.3168274000000002,4294962407,3993,2,-4890,3993,2,0.0073931868065786697,0.069900436542372907,0.032201324699295389,0.063697628692057126,0.59149397327147413,-0.02732140811285895,-6.1257343014332974,0.0048910683454722777,0.039962261770070194,0,0,0
3.3217903999999998,4294962395,3990,4,-4902,3990,4,0.0076580173787546219,0.072256631032565244,0.031415926535897927,0.058691249490603205,0.53539354856854116,-0.087855165152068398,-8.8124876389424944,-0.03917136984924019,0.006509263929525947,0,0,0
3.3267687000000001,4294962388,3987,5,-4909,3987,5,0.0078125018791905948,0.074612825522757595,0.032201324699295389,0.045724854493538199,0.50546464008437453,0.026409834942547714,-3.8654274920222802,-0.058498507309351591,-0.022775977400602658,0,0,0
3.3319695,4294962387,3986,6,-4910,3986,6,0.0078345710935385903,0.075398223686155036,0.031415926535897934,0.026452775601896749,0.34293888524468091,-0.059190186862486754,-6.6535567938297469,-0.091766291278500334,-0.057214352372261176,0,0,0
3.3359062000000002,4294962389,3985,6,-4908,3985,6,0.0077904326648425984,0.076183621849552477,0.032201324699295375,0.0099940202344759275,0.25623333054211211,0.041702259491422596,-1.7596352293783253,-0.10056446742539196,-0.085686239780730269,0,0,0
3.3408869000000001,4294962397,3986,6,-4900,3986,6,0.00761387895005863,0.075398223686155036,0.031415926535897934,-0.011141191324548778,0.063417911092810739,-0.05103186048175147,-4.4740283298960337,-0.12293460907487214,-0.11609274998959955,0,0,0
3.3468699000000002,4294962414,3988,6,-4883,3988,6,0.0072387023061426976,0.07382742735936014,0.029845130209103038,-0.04094856735846529,-0.11272633825414508,-0.17378392841727108,-8.3434934897550832,-0.16465207652364755,-0.15163651391887337,0,0,0
3.3513525,4294962433,3990,4,-4864,3990,4,0.0068193872335307734,0.072256631032565244,0.031415926535897927,-0.06096866802467539,-0.20669719759492786,0.053847382350390494,2.3561511179187549,-0.15287132093405378,-0.17072607607836085,0,0,0
3.3560439999999998,4294962458,3994,3,-4839,3994,3,0.0062676568748308726,0.069115038378975438,0.029845130209103024,-0.084003814888867462,-0.40338857054686794,-0.11783210136367206,-3.386380241397466,-0.1698032221410411,-0.19279333181815089,0,0,0
3.3606636000000001,4294962488,3999,0,-4809,3999,0,0.0056055804443909917,0.065188047561988219,0.0306305283725005,-0.10658834273105175,-0.58160059492910055,0.010417496466260792,3.7313931883377363,-0.1511462561993524,-0.19740049957349495,0,0,0
3.3666716000000001,4294962531,4006,4294967292,-4766,4006,-4,0.0046566042274271621,0.059690260418206069,0.031415926535897934,-0.14540535279314096,-0.82323362621029617,0.078837129595749483,9.238032886213178,-0.10495609176828652,-0.1711779076880163,0,0,0
3.3710702000000001,4294962564,4012,4294967290,-4733,4012,-6,0.0039283201539432929,0.054977871437821381,0.029845130209103034,-0.1455226627658226,-0.87886245152103981,-0.10450036880889602,2.2125351174090433,-0.093893416181241307,-0.15522561370942853,0,0,0
3.3760208999999999,4294962599,4018,4294967287,-4698,4018,-9,0.0031558976517634322,0.050265482457436693,0.029845130209103034,-0.14970346676465571,-0.90853976734570896,-0.055749702274174209,5.059539258476379,-0.068595719888859416,-0.12802039200054482,0,0,0
3.3810734,4294962630,4023,4294967284,-4667,4023,-12,0.0024717520069755554,0.046338491640449446,0.030630528372500479,-0.14369743485833669,-0.85109274262170298,0.04353771704687015,9.5200465247588237,-0.020995487265065296,-0.087403910021216003,0,0,0
3.386056,4294962655,4026,4294967283,-4642,4026,-13,0.0019200216482756546,0.043982297150257102,0.029845130209103031,-0.1281386267852784,-0.673886400478795,-0.050052665734217655,4.8736958030625654,0.003372991750247533,-0.050310032247018188,0,0,0
3.3909623999999998,4294962672,4029,4294967282,-4625,4029,-14,0.001544845004359722,0.041626102660064758,0.029059732045705583,-0.10336530586496451,-0.57934892727973808,-0.099982020388585849,2.050856091602685,0.013627272208260958,-0.021335463450461396,0,0,0
3.3959399000000001,4294962682,4030,4294967281,-4615,4030,-15,0.0013241528608797617,0.040840704496667317,0.029845130209103041,-0.075735262338154419,-0.38235527258216223,0.019940302091479546,5.9235845565963956,0.043245194991242936,0.01114707829458683,0,0,0
3.4019132999999999,4294962686,4029,4294967281,-4611,4029,-15,0.0012358760034877777,0.041626102660064758,0.030630528372500482,-0.048640301583948511,-0.13070246519645984,0.083917432990579716,7.1315270457896105,0.078902830220190984,0.047125005287158087,0,0,0
3.4067056999999998,4294962684,4028,4294967282,-4613,4028,-14,0.0012800144321837698,0.042411500823462206,0.029845130209103031,-0.021830801116674958,0.0035513106334562755,-0.02851056815660738,1.1427217759040436,0.084616439099711199,0.072068499659786747,0,0,0
3.4117179000000002,4294962676,4025,4294967283,-4621,4025,-13,0.001456568146967738,0.04476769531365455,0.030630528372500479,0.0048264096870407319,0.22173313980676515,0.05806947071022573,3.1728456717480782,0.10048066745845159,0.095952412417972116,0,0,0
3.4166983000000002,4294962664,4022,4294967285,-4633,4022,-11,0.0017213987191436902,0.047123889803846894,0.029845130209103034,0.02728415524341073,0.33813054736319892,-0.042300148212147629,-2.3784935867933115,0.088588199524485031,0.1063214659456016,0,0,0
3.4216842999999999,4294962647,4018,4294967287,-4650,4018,-9,0.002096575363059623,0.050265482457436693,0.029845130209103034,0.049560646364091548,0.47350669742045154,-0.022566625322569384,-3.0033375510049547,0.073571511769460252,0.10609162740742414,0,0,0
3.4266176000000002,4294962628,4013,4294967289,-4669,4013,-7,0.0025158904356715472,0.054192473274423933,0.030630528372500486,0.065563109613712714,0.61900778058577433,0.061240493426311632,-0.80537265209639264,0.069544648508978291,0.10356136413732729,0,0,0
3.4310307,4294962611,4009,4294967291,-4686,4009,-5,0.00289106707958748,0.057334065928013725,0.030630528372500482,0.0699820126600674,0.62335135640331329,0.032671073935479925,-2.5291376738597613,0.056898960139679482,0.096957313502004927,0,0,0
3.4356182999999998,4294962592,4004,4294967293,-4705,4004,-3,0.0033103821521994043,0.061261056745000965,0.031415926535897934,0.076457665336425062,0.69894812166673859,0.090709148159752812,-0.91743407220427065,0.052311789778658128,0.088446618954679632,0,0,0
3.4412281,4294962571,3999,0,-4726,3999,0,0.0037738356535073209,0.065188047561988219,0.0306305283725005,0.084030569446745418,0.73927809565978686,-0.02488726899576911,-6.6929398619733842,0.018847090468791204,0.063460311014998286,0,0,0
3.4462027000000002,4294962555,3995,2,-4742,3995,2,0.0041269430830752577,0.068329640215577997,0.030630528372500479,0.077775072290972996,0.68751413720707255,-0.013277061629025604,-6.3326134895308392,-0.01281597697886299,0.034427365059603837,0,0,0
3.4510953999999998,4294962543,3991,4,-4754,3991,4,0.0043917736552512099,0.071471232869167789,0.030630528372500472,0.066201398003631506,0.65989868182481604,-0.007083154263768451,-6.1409900916617541,-0.043520927437171758,0.0013587074798128464,0,0,0
3.4561012999999998,4294962536,3989,5,-4761,3989,5,0.004546258155687182,0.073042029195962685,0.030630528372500479,0.049731429287564272,0.49860712666429041,-0.0037787784470809925,-5.2887238785567767,-0.069964546829955648,-0.032754463193726532,0,0,0
3.4610840999999999,4294962535,3988,5,-4762,3988,5,0.0045683273700351783,0.07382742735936014,0.031415926535897934,0.028590235540575531,0.33928048350056988,0.071263585991628201,-1.0951621805265974,-0.075440357732588642,-0.058022954465496823,0,0,0
3.4659976000000001,4294962539,3988,5,-4758,3988,5,0.0044800505126431937,0.07382742735936014,0.031415926535897934,0.0070161091315040173,0.1810020974871856,0.038018274454980419,-1.3977779265605841,-0.082429247365391561,-0.079547858099930285,0,0,0
3.4710610000000002,4294962548,3988,5,-4749,3988,5,0.0042814275835112298,0.07382742735936014,0.031415926535897934,-0.014788981697032863,0.096562463471924431,0.02028229666556516,-1.3044448202098997,-0.088951471466441057,-0.096820814326722779,0,0,0
3.4760045000000002,4294962561,3990,5,-4736,3990,5,0.0039945277969872812,0.072256631032565244,0.029845130209103038,-0.034658179030099774,-0.095044114275342637,-0.13573867485297819,-6.7232655567894977,-0.12256779925038855,-0.12303089526735923,0,0,0
3.4810116,4294962578,3992,4,-4719,3992,4,0.0036193511530713488,0.070685834705770348,0.029845130209103031,-0.053494600237712631,-0.19726394167823122,-0.072414966534551928,-3.1221476422223318,-0.13817853746150022,-0.14531493537841167,0,0,0
3.4859957000000001,4294962601,3995,2,-4696,3995,2,0.0031117592230674404,0.068329640215577997,0.030630528372500479,-0.075898268207073877,-0.32507652156307798,0.034646997029072757,2.7433458508213833,-0.1244618082073933,-0.15192541967827367,0,0,0
3.4902696,4294962623,3999,0,-4674,3999,0,0.0026262365074115274,0.065188047561988219,0.0306305283725005,-0.085791248002766704,-0.46654253011528912,0.018483760307081095,3.2334336659515488,-0.10829463987763556,-0.15331050882190717,0,0,0
3.4962135999999999,4294962658,4005,4294967294,-4639,4005,-2,0.0018538140052316665,0.060475658581603517,0.029059732045705583,-0.11783746832454209,-0.68857199955612247,-0.13669817258162575,-1.3135651739976835,-0.11486246574762397,-0.1479211471248176,0,0,0
3.5012655000000001,4294962688,4009,4294967291,-4609,4009,-5,0.0011917375747917856,0.057334065928013725,0.030630528372500482,-0.12463819391708775,-0.66046303879004786,0.073632191437820599,8.1742999191138086,-0.073990966152054929,-0.12566539509439809,0,0,0
3.5059141999999999,4294962714,4014,4294967289,-4583,4014,-7,0.00061793800174388884,0.053407075111026485,0.029845130209103038,-0.12002985898060675,-0.71874676226041689,-0.033997622038999101,4.2168066446783357,-0.052906932928663247,-0.10457657936872944,0,0,0
3.5104297999999998,4294962737,4017,4294967288,-4560,4017,-8,0.00011034607173998014,0.051050880620834134,0.029059732045705583,-0.11139403638407311,-0.60328139605227249,-0.091416845775240105,1.4167548631503215,-0.045823158612911641,-0.087151811061056614,0,0,0
3.5164765,4294962762,4021,4294967286,-4535,4021,-10,-0.00044138428695992058,0.047909287967244349,0.02905973204570559,-0.11090514839748826,-0.61496151753877015,-0.04876979854620199,3.6221479039916922,-0.027712419092953178,-0.061517840872824879,0,0,0
3.5214439999999998,4294962779,4023,4294967285,-4518,4023,-11,-0.0008165609308758531,0.046338491640449446,0.029059732045705586,-0.094171450377002558,-0.47463368467028122,-0.026018106729311288,3.8990872487105763,-0.0082169828494002978,-0.037813021760220174,0,0,0
3.5264353000000002,4294962791,4024,4294967284,-4506,4024,-12,-0.0010813915030518054,0.045553093477052005,0.029845130209103038,-0.07494867044955543,-0.32649093769430138,0.059399169199192463,6.7335415002635912,0.02545072465191766,-0.0081050981195256895,0,0,0
3.5314049999999999,4294962798,4024,4294967284,-4499,4024,-12,-0.0012358760034877777,0.045553093477052005,0.029845130209103038,-0.054397994966994052,-0.17417902710907718,0.031688749388474644,4.6019523679883267,0.048460486491859293,0.02010932741869316,0,0,0
3.5363712999999999,4294962799,4024,4294967285,-4498,4024,-11,-0.0012579452178357736,0.045553093477052005,0.028274333882308145,-0.031079792756845741,-0.092922436680527118,-0.12965346816371198,-3.2111107814281534,0.032404932584718521,0.030162927159803482,0,0,0
3.5413027000000001,4294962797,4022,4294967285,-4500,4022,-11,-0.0012138067891397815,0.047123889803846894,0.029845130209103034,-0.012462478783915432,0.096986025219805053,0.07739045735003354,4.3281651531427734,0.054045758350432391,0.048664383308778425,0,0,0
3.5459592999999998,4294962792,4020,4294967286,-4505,4020,-10,-0.0011034607173998016,0.04869468613064179,0.029845130209103031,0.0036469672969088015,0.19829992804106139,0.041286887360336512,1.9114194792586576,0.063602855746725681,0.063673050427013406,0,0,0
3.5510359999999999,4294962785,4018,4294967287,-4512,4018,-9,-0.00094897621696382931,0.050265482457436693,0.029845130209103034,0.016359385460544097,0.25234968865816365,0.02202606272495965,0.41931610705099487,0.065699436281980661,0.075084013375692843,0,0,0
3.5559805,4294962774,4015,4294967288,-4523,4015,-8,-0.00070621485913587294,0.052621676947629037,0.030630528372500486,0.031377750210696352,0.35446411156572899,0.085030161449408961,2.1553390365010108,0.076476131464485717,0.086497075792039468,0,0,0
3.5609725999999999,4294962761,4011,4294967290,-4536,4011,-6,-0.00041931507261192458,0.055763269601218829,0.030630528372500482,0.043508089478006287,0.48222045940757263,0.045362578516813183,-0.61513643814225594,0.07340044927377444,0.091830929074453047,0,0,0
3.565985,4294962745,4007,4294967292,-4552,4007,-4,-6.6207643043988092e-05,0.058904862254808621,0.030630528372500482,0.056156811806172859,0.55037694954248884,0.024200395419904958,-2.4486058062366007,0.061157420242591437,0.088700578107603151,0,0,0
3.5708495999999998,4294962729,4003,4294967294,-4568,4003,-2,0.00028689978652394837,0.06204645490839842,0.030630528372500486,0.062904754535767854,0.58673762536003549,0.012910622756215299,-3.6304825026971401,0.043005007729105732,0.07884558252604984,0,0,0
3.5768168999999999,4294962709,3998,0,-4588,3998,0,0.000728284073483869,0.06597344572538566,0.031415926535897941,0.074741142672254179,0.67941513218473726,0.080167182781028301,-1.8310423384114354,0.033849796037048553,0.064026430965406486,0,0,0
3.5815926,4294962694,3995,2,-4603,3995,2,0.0010593222887038095,0.068329640215577997,0.030630528372500479,0.070760163470998408,0.58229843980369544,-0.030511281982015949,-6.4521132290187015,0.0015892298919550421,0.040259953249173995,0,0,0
3.5863353999999998,4294962683,3991,4,-4614,3991,4,0.0013020836465317657,0.071471232869167789,0.030630528372500472,0.060399917425364477,0.60376736026426925,-0.016277405581328713,-6.1242547362082274,-0.029032043789086096,0.012466338746899036,0,0,0
3.5906189999999998,4294962676,3989,5,-4621,3989,5,0.001456568146967738,0.073042029195962685,0.030630528372500479,0.0466364084883625,0.46866173507453346,-0.0086838020314980776,-5.2498790798667896,-0.055281439188420045,-0.017298939689052009,0,0,0
3.5959968999999998,4294962672,3987,6,-4625,3987,6,0.001544845004359722,0.074612825522757595,0.030630528372500493,0.033116409590684015,0.39658449299639253,-0.0046327049691956591,-4.7327155567062622,-0.078945016971951359,-0.049381369060417069,0,0,0
3.6005946999999998,4294962675,3987,7,-4622,3987,7,0.0014786373613157339,0.074612825522757595,0.02905973204570559,0.01148987934816318,0.21157310412497848,-0.14903053151463913,-9.8760154335928405,-0.12832509413991555,-0.092127050348778133,0,0,0
3.6065537999999999,4294962685,3988,6,-4612,3988,6,0.0012579452178357736,0.07382742735936014,0.029845130209103038,-0.014461388826887817,0.039592212153836348,-0.006226494480020342,-2.5420158148226708,-0.14103517321402892,-0.12391855809513745,0,0,0
3.6111949999999999,4294962698,3990,6,-4599,3990,6,0.00097104543131182526,0.072256631032565244,0.028274333882308142,-0.034483412135151013,-0.12543706490000986,-0.14988079923836933,-7.5409783199646681,-0.17874006481385227,-0.16605077061086762,0,0,0
3.6156559000000001,4294962718,3992,4,-4579,3992,4,0.00052966114435190473,0.070685834705770348,0.029845130209103031,-0.059578694968702453,-0.2134782188896111,0.066599417107146841,2.8091583832121452,-0.16469427289779154,-0.1873865831967915,0,0,0
3.6214989000000002,4294962753,3998,1,-4544,3998,1,-0.00024276135782795631,0.06597344572538566,0.029845130209103038,-0.10385338344377487,-0.55356520323704939,0.03552999590027258,4.4091211531418981,-0.14264866713208205,-0.18592365682929371,0,0,0
3.6265391,4294962789,4004,4294967294,-4508,4004,-2,-0.0010372530743558133,0.061261056745000965,0.029845130209103031,-0.12953251274471517,-0.7349975593214948,0.018954829689310497,5.6214308167538034,-0.11454151304831303,-0.17219455590201746,0,0,0
3.6311912,4294962822,4010,4294967292,-4475,4010,-4,-0.0017655371478396823,0.056548667764616277,0.028274333882308138,-0.13705469162819348,-0.83178956063114629,-0.13644686267612646,0.051332384976199741,-0.11428485112343204,-0.16464650762022717,0,0,0
3.6361674000000002,4294962857,4016,4294967289,-4440,4016,-7,-0.0025379596500195432,0.051836278784231589,0.028274333882308142,-0.14518590500702741,-0.88342694064271976,-0.072792776304456297,3.6747747401290654,-0.095910977422786703,-0.14657136149817593,0,0,0
3.6406162000000002,4294962886,4020,4294967286,-4411,4020,-10,-0.0031779668661114282,0.04869468613064179,0.029845130209103031,-0.13716914893443211,-0.76441582935000663,0.10772495930814729,11.284770573514908,-0.039487124555212159,-0.11148393749269028,0,0,0
3.6457765000000002,4294962915,4025,4294967284,-4382,4025,-12,-0.0038179740822033132,0.04476769531365455,0.029059732045705583,-0.13289230504052024,-0.77420433805984268,-0.015809536387846719,6.5283789142432713,-0.0068452299839958028,-0.072345518105513873,0,0,0
3.6513912999999998,4294962939,4029,4294967282,-4358,4029,-14,-0.004347635226555218,0.041626102660064758,0.029059732045705583,-0.12031510844205931,-0.70614687159406464,-0.0084341993885876827,6.7370384892065687,0.026839962462037043,-0.028814209708844921,0,0,0
3.655888,4294962951,4030,4294967282,-4346,4030,-14,-0.0046124657987311702,0.040840704496667317,0.028274333882308142,-0.088896000684821064,-0.45000046584868836,-0.077779064223715749,2.2095532705295722,0.037887728814684905,0.0017505558031954312,0,0,0
3.6618021999999999,4294962958,4031,4294967282,-4339,4031,-14,-0.0047669502991671423,0.040055306333269862,0.027488935718910687,-0.061838729550023119,-0.31334940880774165,-0.11477372379158009,-0.50046073094516075,0.0353854251599591,0.022680354112776354,0,0,0
3.6667694000000002,4294962957,4030,4294967282,-4340,4030,-14,-0.0047448810848191459,0.040840704496667317,0.028274333882308142,-0.030931115520420153,-0.093888658657350188,0.012049104479030043,3.2793761657503953,0.051782305988711072,0.042401045944088604,0,0,0
3.6714850999999999,4294962954,4028,4294967283,-4343,4028,-13,-0.0046786734417751585,0.042411500823462206,0.028274333882308135,-0.010324050986145467,0.096470557301819443,0.0064280537478743531,1.7015497958657155,0.060290054968039651,0.05928897775182828,0,0,0
3.6765018999999999,4294962947,4026,4294967284,-4350,4026,-12,-0.0045241889413391865,0.043982297150257102,0.028274333882308135,0.0089060135861185538,0.19802493204547655,0.0034292901233845007,0.55585916672131042,0.063069350801646204,0.070951940427062404,0,0,0
3.68161,4294962936,4023,4294967285,-4361,4023,-11,-0.0042814275835112298,0.046338491640449446,0.029059732045705586,0.027401465077216983,0.32548250086143776,0.075109004733739299,2.4766891691977859,0.075452796647635129,0.082825638934955606,0,0,0
3.6865777,4294962924,4020,4294967286,-4373,4020,-10,-0.0040165970113352776,0.04869468613064179,0.029845130209103031,0.039327678449791778,0.39347959594417781,0.11334927885117191,3.3914312704671401,0.092409952999970832,0.098063422799860911,0,0,0
3.6915689999999999,4294962908,4016,4294967288,-4389,4016,-8,-0.0036634895817673407,0.051836278784231589,0.029845130209103038,0.053926612306754537,0.5030347556916267,0.060470490400865509,0.081030467701482145,0.09281510533847824,0.10600843524510435,0,0,0
3.6965384000000001,4294962889,4012,4294967290,-4408,4012,-6,-0.0032441745091554165,0.054977871437821381,0.029845130209103034,0.067892300450232757,0.56148112873447342,0.032260286491300298,-2.0411237048644235,0.082609486814156127,0.1056312403631596,0,0,0
3.7015343999999999,4294962869,4007,4294967293,-4428,4007,-3,-0.0028027902221954958,0.058904862254808621,0.029059732045705586,0.077401939021391281,0.66594109201231722,-0.05606904063372109,-6.9642765817328574,0.04778810390549184,0.089655921015498657,0,0,0
3.7065271000000002,4294962849,4002,4294967295,-4448,4002,-1,-0.0023614059352355752,0.062831853071795868,0.029845130209103038,0.082475217949684973,0.72166923841686159,0.043367353835023964,-3.5661005081669206,0.029957601364657235,0.071353483873098075,0,0,0
3.7114992999999998,4294962832,3998,1,-4465,3998,1,-0.0019862292913196428,0.06597344572538566,0.029845130209103038,0.079004421052551135,0.67812002157024975,0.023135966813119371,-4.598996803952657,0.006962617344893951,0.048387843189957334,0,0,0
3.7164728999999999,4294962817,3994,3,-4480,3994,3,-0.0016551910760997021,0.069115038378975438,0.029845130209103024,0.073034571715893018,0.65488703300623707,0.012342762770676875,-5.2524228946682685,-0.01929949712844739,0.019805036877382439,0,0,0
3.7214592999999998,4294962807,3992,4,-4490,3992,4,-0.0014344989326197418,0.070685834705770348,0.029845130209103031,0.05955417687557453,0.49593347170284907,0.0065847169493193905,-4.8516215919455945,-0.043557605088175362,-0.0099751326143237388,0,0,0
3.7264617000000002,4294962803,3990,5,-4494,3990,5,-0.0013462220752277578,0.072256631032565244,0.029845130209103038,0.040007885188734764,0.41113363971097061,0.0035128680756682821,-4.4353932741765414,-0.065734571459058061,-0.038999117352355533,0,0,0
3.7314379,4294962804,3989,6,-4493,3989,6,-0.0013682912895757538,0.073042029195962685,0.029059732045705583,0.019284620035209494,0.29261441992475951,-0.071405446008074497,-6.8972728546905309,-0.10022093573251072,-0.073742975251226917,0,0,0
3.7364451999999999,4294962810,3990,6,-4487,3990,6,-0.0015007065756637301,0.072256631032565244,0.028274333882308142,-0.0020665464463227434,0.082826789019374084,-0.11137347437637286,-7.4009777170555733,-0.13722582431778857,-0.11305365025519691,0,0,0
3.7414179000000001,4294962822,3991,5,-4475,3991,5,-0.0017655371478396823,0.071471232869167789,0.029059732045705583,-0.025811801071447583,-0.029092413726866211,0.013863097048781289,-1.0343331538264315,-0.14239749008692074,-0.14118854029529598,0,0,0
3.746381,4294962841,3994,4,-4456,3994,4,-0.0021848522204516068,0.069115038378975438,0.028274333882308121,-0.052893383472922169,-0.23535901414043015,-0.065883722110853263,-2.8099633320761894,-0.15644730674730167,-0.16680238174598161,0,0,0
3.7507543000000001,4294962863,3998,2,-4434,3998,2,-0.0026703749361075197,0.06597344572538566,0.028274333882308142,-0.07351841596017325,-0.41867930834292882,-0.035148181142893878,-0.0081242799656502385,-0.15648792814712992,-0.18549895604072378,0,0,0
3.7567320999999998,4294962901,4004,4294967295,-4396,4004,-1,-0.0035090050813313687,0.061261056745000965,0.028274333882308135,-0.11746738937401913,-0.6630375407393152,-0.018751136063247416,3.203198056770443,-0.14047193786327769,-0.18091649066723794,0,0,0
3.7612911000000002,4294962933,4010,4294967292,-4364,4010,-4,-0.0042152199404672415,0.056548667764616277,0.028274333882308138,-0.12855898172966154,-0.79339974768285892,-0.010003507784171086,4.9203015947622575,-0.1158704298894664,-0.17106582361108358,0,0,0
3.7657726999999999,4294962965,4015,4294967289,-4332,4015,-7,-0.0049214347996031143,0.052621676947629037,0.02905973204570559,-0.13447621416263389,-0.78966691332357641,0.0679427670200249,8.9805154658142765,-0.07096785256039502,-0.14477100022131123,0,0,0
3.7712865,4294963001,4021,4294967286,-4296,4021,-10,-0.0057159265161309718,0.047909287967244349,0.02905973204570559,-0.14586942824872531,-0.86095500993890051,0.036246657080960649,8.8635133443199869,-0.026650285838795085,-0.10255389122524564,0,0,0
3.7757839999999998,4294963027,4026,4294967284,-4270,4026,-12,-0.0062897260891788681,0.043982297150257102,0.028274333882308135,-0.13135646965569991,-0.82570684122771154,-0.053942359397462128,5.0655906916784001,-0.001322332380403083,-0.065497975085149499,0,0,0
3.7813336,4294963050,4029,4294967282,-4247,4029,-14,-0.006797318019182777,0.041626102660064758,0.029059732045705583,-0.1174366482916607,-0.66034332440348753,0.044501912948114689,8.7233452144065335,0.042294393691629587,-0.017025150902222293,0,0,0
3.7863188999999999,4294963062,4031,4294967281,-4235,4031,-15,-0.0070621485913587292,0.040055306333269862,0.029059732045705586,-0.087360376473903101,-0.49884433818480367,0.023741240588592481,6.8287850669358479,0.076438319026308821,0.027932674515880815,0,0,0
3.7908680000000001,4294963065,4031,4294967281,-4232,4031,-15,-0.0071283562344027175,0.040055306333269862,0.029059732045705586,-0.052783051270224653,-0.26612751372981569,0.012665669121742823,4.7647243988753774,0.10026194102068571,0.067319155856752341,0,0,0
3.7968627000000001,4294963059,4029,4294967283,-4238,4029,-13,-0.0069959409483147409,0.041626102660064758,0.027488935718910687,-0.015804467687792062,0.004583179297493245,-0.13980205494188422,-3.8645250584087254,0.080939315728642075,0.083305759781783839,0,0,0
3.801444,4294963049,4026,4294967284,-4248,4026,-12,-0.0067752488048347806,0.043982297150257102,0.028274333882308135,0.012159607329735271,0.22228362945059896,-0.001303212129542361,0.25004740904474149,0.082189552773865776,0.097405354216684406,0,0,0
3.8064276000000001,4294963034,4023,4294967285,-4263,4023,-11,-0.006444210589614841,0.046338491640449446,0.029059732045705586,0.037373659643567494,0.33842422703245323,0.072584271140741008,2.1322024884466932,0.092850565216099246,0.10976457154438021,0,0,0
3.8109427,4294963018,4019,4294967287,-4279,4019,-9,-0.0060911031600469042,0.049480084294039245,0.029059732045705586,0.052884166543865831,0.47366337202659425,0.03872284425411298,-0.51038393880798782,0.090298645522059309,0.11661524408151158,0,0,0
3.8155853,4294962999,4015,4294967289,-4298,4015,-7,-0.0056717880874349799,0.052621676947629037,0.02905973204570559,0.067336168050123255,0.54581184533031091,0.020658176262745152,-2.2762670949792883,0.078917310047162875,0.11509215176410459,0,0,0
3.8212513000000001,4294962974,4009,4294967292,-4323,4009,-4,-0.0051200577287350791,0.057334065928013725,0.029059732045705586,0.087400800322466193,0.73086123521228208,0.01102089101983513,-4.4264377453296442,0.05678512132051465,0.09923049065375926,0,0,0
3.8258445999999999,4294962954,4004,4294967294,-4343,4004,-2,-0.0046786734417751585,0.061261056745000965,0.029845130209103031,0.087809491378280147,0.75630336168597123,0.079159033404311616,-2.0895944107508897,0.046337149266760205,0.086078758923926565,0,0,0
3.8313521000000001,4294962932,3999,0,-4365,3999,0,-0.004193150726119246,0.065188047561988219,0.0306305283725005,0.092145743714933614,0.76987643317171939,0.11550992091550204,-1.1057832014006106,0.040808233259757153,0.070441900799170731,0,0,0
3.8363065999999999,4294962915,3995,2,-4382,3995,2,-0.0038179740822033132,0.068329640215577997,0.030630528372500479,0.084163531382901002,0.70383798587687463,0.061623167211293545,-3.3255736847874569,0.024180364835819868,0.052690227734915988,0,0,0
3.8408267999999999,4294962903,3992,4,-4394,3992,4,-0.0035531435100273605,0.070685834705770348,0.029845130209103031,0.069609564849597821,0.59532774139891242,-0.040404293449476138,-7.2966776682774466,-0.012303023505567369,0.026626532953566259,0,0,0
3.8460405999999998,4294962892,3990,5,-4405,3990,5,-0.0033103821521994043,0.072256631032565244,0.029845130209103038,0.059786086763221426,0.46415929891651775,-0.021555209384245145,-6.0747756108941209,-0.042676901560037978,-0.0047375458879707431,0,0,0
3.8506483,4294962887,3988,6,-4410,3988,6,-0.0032000360804594241,0.07382742735936014,0.029845130209103038,0.042190716614721319,0.39418249692519186,-0.011499447507469979,-5.22071350954098,-0.068780469107742881,-0.036231241564892935,0,0,0
3.8558515999999998,4294962887,3987,6,-4410,3987,6,-0.0032000360804594241,0.074612825522757595,0.030630528372500493,0.022508244868553372,0.28357118711816298,0.06714470099265514,-1.0765503934076333,-0.074163221074781044,-0.059758587809349881,0,0,0
3.8612883999999998,4294962892,3988,6,-4405,3988,6,-0.0033103821521994043,0.07382742735936014,0.029845130209103038,0.0017123292751324189,0.078002332012089171,-0.03745862093256315,-4.2421421266412755,-0.095373931707987414,-0.086046541381953612,0,0,0
3.8658779000000001,4294962901,3989,6,-4396,3989,6,-0.0035090050813313687,0.073042029195962685,0.029059732045705583,-0.017618485088176036,-0.031666204086233739,-0.093263247468235999,-5.7700415735399178,-0.12422413957568701,-0.11654355892437197,0,0,0
3.8718271999999998,4294962920,3992,5,-4377,3992,5,-0.0039283201539432929,0.070685834705770348,0.028274333882308142,-0.048522346969300384,-0.23673210064611649,-0.12303435115280276,-5.4196876051210987,-0.1513225776012925,-0.14361464490101644,0,0,0
3.8763291999999998,4294962939,3995,3,-4358,3995,3,-0.004347635226555218,0.068329640215577997,0.029059732045705583,-0.065009189251604607,-0.34613231434973529,0.007642158156875134,1.2008226493894882,-0.14531846435434506,-0.16124977718349107,0,0,0
3.8806794,4294962962,3999,1,-4335,3999,1,-0.0048552271565591261,0.065188047561988219,0.029059732045705597,-0.08204116431979365,-0.4777755448154527,0.0040770003669289142,2.3467683934668409,-0.13358462238701085,-0.16998866379524552,0,0,0
3.8858014999999999,4294962993,4004,4294967294,-4304,4004,-2,-0.0055393728013470034,0.061261056745000965,0.029845130209103031,-0.10760040228819837,-0.62128515983369414,0.075454550435146345,7.1054687985836402,-0.098057278394092645,-0.15641643559079885,0,0,0
3.8909722000000002,4294963026,4010,4294967291,-4271,4010,-5,-0.0062676568748308726,0.056548667764616277,0.029845130209103034,-0.12535417188714715,-0.77112534969501056,0.040254104075783927,7.2593191379538506,-0.061760682704323389,-0.12951712775946719,0,0,0
3.8953674999999999,4294963052,4015,4294967289,-4245,4015,-7,-0.0068414564478787689,0.052621676947629037,0.02905973204570559,-0.12041182470111698,-0.77778378726083575,-0.051804434150044126,3.757604120136536,-0.042972662103640709,-0.10611633264351115,0,0,0
3.9007619999999998,4294963080,4020,4294967287,-4217,4020,-9,-0.0074593944496226579,0.04869468613064179,0.028274333882308132,-0.12189336186077362,-0.78133598440747765,-0.10091656797677978,2.1536298838087937,-0.032204512684596738,-0.079695399781777282,0,0,0
3.9061092999999998,4294963102,4023,4294967285,-4195,4023,-11,-0.0079449171652785713,0.046338491640449446,0.029059732045705586,-0.11032908271563555,-0.63667200069838437,0.019441732082619838,6.8299049959850215,0.0019450122953283688,-0.045316049878555364,0,0,0
3.9108367999999998,4294963117,4025,4294967284,-4180,4025,-12,-0.0082759553804985109,0.04476769531365455,0.029059732045705583,-0.089745905670606474,-0.48621596888776863,0.010371932536261192,5.6816359553694404,0.030353192072175572,-0.01148079299627695,0,0,0
3.9165977999999999,4294963126,4026,4294967284,-4171,4026,-12,-0.0084745783096304757,0.043982297150257102,0.028274333882308135,-0.066410364263939953,-0.33266994839196395,-0.067746216802321305,1.3318697988390933,0.037012541066371037,0.013441676808662225,0,0,0
3.9209904999999998,4294963128,4026,4294967284,-4169,4026,-12,-0.0085187167383264668,0.043982297150257102,0.028274333882308135,-0.039547358985275345,-0.17747545573100471,-0.036141799880514421,1.4512937551605172,0.044269009842173621,0.032542919821558283,0,0,0
3.9257903000000001,4294963126,4025,4294967284,-4171,4025,-12,-0.0084745783096304757,0.04476769531365455,0.029059732045705583,-0.016979824527307934,-0.021401522801440309,0.053998299465164691,4.1491323250628582,0.065014671467487906,0.054353496630275611,0,0,0
3.9315907000000001,4294963120,4023,4294967285,-4177,4023,-11,-0.0083421630235424992,0.046338491640449446,0.029059732045705586,0.0032961274021885145,0.13514158103825089,0.028807449703836776,1.8922909464069229,0.074476126199522513,0.071625486810012656,0,0,0
3.9363470999999999,4294963111,4021,4294967286,-4186,4021,-10,-0.0081435400944105344,0.047909287967244349,0.02905973204570559,0.020290437080272512,0.21865546267916475,0.015368431351703175,0.43449687268783799,0.076648610562961697,0.084174265093702655,0,0,0
3.9407264999999998,4294963100,4018,4294967287,-4197,4018,-9,-0.0079007787365825786,0.050265482457436693,0.029845130209103034,0.033474919435285806,0.33648864326740058,0.08147839439690148,2.2899641193020521,0.088098431159471954,0.098610374142702364,0,0,0
3.9462112,4294963084,4014,4294967289,-4213,4014,-7,-0.0075476713070146417,0.053407075111026485,0.029845130209103038,0.050804235072489504,0.47263076113862873,0.043467753091971345,-0.569141378935627,0.085252724264793814,0.10427996216888581,0,0,0
3.9513623999999998,4294963065,4010,4294967291,-4232,4010,-5,-0.0071283562344027175,0.056548667764616277,0.029845130209103034,0.06622654937985839,0.54526095971885025,0.023189528621054872,-2.450534880970511,0.073000049859941255,0.10112730933030832,0,0,0
3.9563685,4294963045,4006,4294967293,-4252,4006,-3,-0.0066869719474427968,0.059690260418206069,0.029845130209103034,0.076513280662624306,0.5840083057149803,0.012371337357349068,-3.7094036521206308,0.054453031599338099,0.089980967165414621,0,0,0
3.9612598000000001,4294963027,4001,4294967295,-4270,4001,-1,-0.0062897260891788681,0.063617251235193309,0.030630528372500479,0.077882908772792941,0.67795907265731925,0.079879480443032905,-1.6471883165431045,0.046217090016622581,0.07970219355652948,0,0,0
3.9662796,4294963009,3997,1,-4288,3997,1,-0.0058924802309149402,0.066758843888783101,0.030630528372500479,0.078613589058791455,0.65480116867791582,0.042614751538902741,-3.5447285193344844,0.02849344741995016,0.062847977195161553,0,0,0
3.9707571000000002,4294962995,3994,3,-4302,3994,3,-0.0055835112300429953,0.069115038378975438,0.029845130209103024,0.070766957238884223,0.56916718339825523,-0.050545056841206769,-7.394913554506072,-0.0084811203525801994,0.036207967773994001,0,0,0
3.9764184,4294962981,3991,5,-4316,3991,5,-0.0052745422291710512,0.071471232869167789,0.029059732045705583,0.066580872607787125,0.52348247205888676,-0.10024470518032307,-9.6955552627377024,-0.056958896666268716,-0.0051202744328675276,0,0,0
3.9809698999999998,4294962975,3989,5,-4322,3989,5,-0.0051421269430830746,0.073042029195962685,0.030630528372500479,0.047874764207032204,0.42583070332238127,0.093079682175393003,-0.85474324145577629,-0.061232612873547601,-0.031981435649798384,0,0,0
3.9857319000000002,4294962974,3988,6,-4323,3988,6,-0.0051200577287350791,0.07382742735936014,0.029845130209103038,0.027599726830966887,0.30045512833545673,-0.023622617328899351,-5.0085534131278528,-0.086275379939186866,-0.063585905821863214,0,0,0
3.9918323999999998,4294962980,3989,6,-4317,3989,6,-0.0052524730148230548,0.073042029195962685,0.029059732045705583,0.0023694640053645907,0.087009713582197612,-0.085881904317387778,-6.3137423818216876,-0.11784409184829531,-0.097184486737382489,0,0,0
3.9963595999999999,4294962990,3990,5,-4307,3990,5,-0.0054731651583030151,0.072256631032565244,0.029845130209103038,-0.019327021798075446,-0.026860873286666108,0.027462546098465657,-0.4762481407510355,-0.12022533255205048,-0.12095028652301247,0,0,0
4.0008824000000001,4294963004,3992,4,-4293,3992,4,-0.0057821341591749601,0.070685834705770348,0.029845130209103031,-0.039138279643620537,-0.16088899459877751,0.014650941294571222,0.14988288280816464,-0.11947591813800966,-0.13894052790977207,0,0,0
4.0056120999999996,4294963025,3996,3,-4272,3996,3,-0.0062455876604828762,0.067544242052180556,0.028274333882308142,-0.064121121612798468,-0.37895043977413662,-0.13874293588010475,-4.731114125871235,-0.14313148876736584,-0.16003441820033737,0,0,0
4.0113726999999999,4294963056,4001,0,-4241,4001,0,-0.0069297333052707535,0.063617251235193309,0.02905973204570559,-0.09804027291217246,-0.56856314319332391,-0.00073818472303542604,3.0993430981249164,-0.12763477327674125,-0.15913007727657119,0,0,0
4.0159121000000004,4294963083,4006,4294967294,-4214,4006,-2,-0.0075256020926666462,0.059690260418206069,0.028274333882308135,-0.10789929513942317,-0.66971926238704893,-0.073673332050782428,1.0513936752080011,-0.12237780490070124,-0.16031839660352393,0,0,0
4.0204858999999997,4294963111,4011,4294967291,-4186,4011,-5,-0.0081435400944105344,0.055763269601218829,0.029059732045705586,-0.11521807635018452,-0.72368484731789351,0.03397567401192441,6.5450929913352898,-0.0896523399440248,-0.14620768346372198,0,0,0
4.0266625999999999,4294963149,4017,4294967288,-4148,4017,-8,-0.0089821702396343846,0.051050880620834134,0.029059732045705583,-0.13971366159463366,-0.82575436349928233,0.018125617472154836,7.4966878097882148,-0.052168900895083727,-0.11141437370203326,0,0,0
4.0313483000000003,4294963174,4022,4294967286,-4123,4022,-10,-0.0095339005983342846,0.047123889803846894,0.028274333882308135,-0.12601333119148564,-0.80692771555346621,-0.063609718226949566,4.1169241356613284,-0.031584280216777089,-0.084679357689333407,0,0,0
4.0365186,4294963197,4026,4294967284,-4100,4026,-12,-0.010041492528338193,0.043982297150257102,0.028274333882308135,-0.11458614755195158,-0.72360440378719137,-0.033935027151738281,5.2114957284591545,-0.0055268015744813145,-0.052599881174919302,0,0,0
4.0411579,4294963213,4028,4294967283,-4084,4028,-13,-0.01039459995790613,0.042411500823462206,0.028274333882308135,-0.094076109326504551,-0.53259337066557866,-0.018103932856305616,4.9461817262084571,0.019204107056560973,-0.021254466078484472,0,0,0
4.0455274000000001,4294963222,4030,4294967282,-4075,4030,-14,-0.010593222887038093,0.040840704496667317,0.028274333882308142,-0.068720476346360568,-0.43069125922818929,-0.0096582325807513421,4.5527323652981373,0.041967768883051662,0.008164805325799239,0,0,0
4.0509332999999996,4294963227,4030,4294967282,-4070,4030,-14,-0.010703568958778074,0.040840704496667317,0.028274333882308142,-0.04695710705849454,-0.22976865773527022,-0.0051525520628189336,3.5427755940197119,0.059681646853150222,0.036228360444745179,0,0,0
4.0556333000000002,4294963225,4029,4294967283,-4072,4029,-13,-0.010659430530082082,0.041626102660064758,0.027488935718910687,-0.020932836882355463,-0.049299323315738011,-0.076028344456258445,-0.88628535491166138,0.055250220078591913,0.051315760373075447,0,0,0
4.0611385999999996,4294963219,4027,4294967284,-4078,4027,-12,-0.010527015243994107,0.043196898986859661,0.027488935718910694,0.0011872423868345017,0.12025843669623847,-0.04056021635278554,-0.75932446511229734,0.051453597753030426,0.06022267003489308,0,0,0
4.0659125999999999,4294963211,4025,4294967285,-4086,4025,-11,-0.010350461529210138,0.04476769531365455,0.02748893571891069,0.017106261776380065,0.21071548241470994,-0.021638392396290031,-0.89460436897786733,0.046980575908141087,0.064618167428270271,0,0,0
4.0705634999999996,4294963202,4023,4294967286,-4095,4023,-10,-0.010151838600078173,0.046338491640449446,0.027488935718910687,0.027657979305271592,0.25897323906079855,-0.011543824653777337,-1.1194299463717357,0.041383426176282406,0.065417241976508153,0,0,0
4.0758267000000004,4294963190,4020,4294967287,-4107,4020,-9,-0.0098870080279022214,0.04869468613064179,0.028274333882308132,0.03946452573565426,0.35799769682627636,0.067121026313582605,1.3430272616058216,0.048098562484311512,0.066831978076621973,0,0,0
4.0811650000000004,4294963177,4017,4294967288,-4120,4017,-8,-0.0096001082413782728,0.051050880620834134,0.029059732045705583,0.047822287915898355,0.41082606577091274,0.10908778749212622,2.546507336207755,0.060831099165350289,0.071131816524117056,0,0,0
4.0854771999999997,4294963166,4014,4294967289,-4131,4014,-7,-0.009357346883550317,0.053407075111026485,0.029845130209103038,0.048162833981788833,0.43900937147464392,0.131476554802544,3.2304765569345859,0.076983481950023219,0.081759522084921168,0,0,0
4.0908322999999998,4294963151,4011,4294967291,-4146,4011,-5,-0.0090263086683303757,0.055763269601218829,0.029059732045705586,0.056580952303292048,0.45404482943516389,-0.0031383430471732948,-3.039661261388257,0.061785175643081933,0.078913705953544425,0,0,0
4.0965109000000002,4294963134,4007,4294967293,-4163,4007,-3,-0.0086511320244144433,0.058904862254808621,0.029059732045705586,0.065190138702651043,0.53534558649321917,-0.0016742686414255173,-3.8962646246263914,0.042303852519949975,0.067678116970166763,0,0,0
4.1008021000000001,4294963121,4005,4294967294,-4176,4005,-2,-0.0083642322378904947,0.060475658581603517,0.029059732045705583,0.06154659606981,0.43215953359634862,-0.00089320238148811785,-3.6550674065181381,0.024028515487359285,0.054914512220950132,0,0,0
4.1062821999999999,4294963107,4001,0,-4190,4001,0,-0.0080552632370185506,0.063617251235193309,0.02905973204570559,0.061661919728527179,0.52367004179320553,-0.00047651283345747595,-4.3791204083697117,0.0021329134455107257,0.034879713898433862,0,0,0
4.1106368,4294963097,3999,1,-4200,3999,1,-0.0078345710935385903,0.065188047561988219,0.029059732045705597,0.053487002476191287,0.4259307695418908,-0.00025421392190099422,-4.0665680791521375,-0.018199926950249964,0.013335816787478262,0,0,0
4.1163154000000004,4294963089,3997,1,-4208,3997,1,-0.0076580173787546219,0.066758843888783101,0.030630528372500479,0.045007560950973607,0.37378803176390069,0.14642341848410897,2.4721215475751284,-0.0058393192123743221,0.0033583680107311178,0,0,0
4.1207862000000004,4294963086,3996,2,-4211,3996,2,-0.0075918097357106345,0.067544242052180556,0.029845130209103038,0.030188328564563272,0.27269098283044169,0.0048356307261047116,-2.9102708870524494,-0.020390673647636567,-0.010249744555356181,0,0,0
4.1261139,4294963085,3996,2,-4212,3996,2,-0.0075697405213626381,0.067544242052180556,0.029845130209103038,0.018164224041860567,0.14547739188796915,0.0025797514052910884,-2.2884053611146089,-0.031832700453209614,-0.023644140179941792,0,0,0
4.1303641999999998,4294963086,3996,2,-4211,3996,2,-0.0075918097357106345,0.067544242052180556,0.029845130209103038,0.0076312869475226386,0.077610456095225017,0.0013762666526983339,-1.8552931031465316,-0.041109165968942277,-0.036577897583238372,0,0,0
4.1360608000000001,4294963089,3996,3,-4208,3996,3,-0.0076580173787546219,0.067544242052180556,0.028274333882308142,-0.0021061300819595749,0.041404254070951475,-0.14582481671465361,-7.8951283624093938,-0.080584807780989254,-0.063120021022838035,0,0,0
4.1407252999999997,4294963094,3997,2,-4203,3997,2,-0.007768363450494602,0.066758843888783101,0.029059732045705583,-0.011419146630617404,-0.051190842824654706,-0.0045162838107942055,-1.2933399339622911,-0.087051507450800703,-0.08302842140609519,0,0,0
4.1462187000000004,4294963105,3999,1,-4192,3999,1,-0.0080111248083225579,0.065188047561988219,0.029059732045705597,-0.028742191627784564,-0.17386874360390245,-0.0024093836290449591,-0.15896742018036009,-0.08784634455170251,-0.096011465274225258,0,0,0
4.1507493000000002,4294963117,4001,0,-4180,4001,0,-0.0082759553804985109,0.063617251235193309,0.02905973204570559,-0.040042940097929317,-0.2393159427096897,-0.0012853774729659976,0.59950323834070263,-0.08484882835999899,-0.10553536746585139,0,0,0
4.1564494999999999,4294963137,4004,4294967295,-4160,4004,-1,-0.0087173396674584316,0.061261056745000965,0.028274333882308135,-0.062544636928932668,-0.34751076331991121,-0.073965252866401779,-1.3236993615629384,-0.091467325167813682,-0.1104855172861753,0,0,0
4.1613895000000003,4294963156,4008,4294967293,-4141,4008,-3,-0.0091366547400703567,0.058119464091411173,0.028274333882308138,-0.072489913954894777,-0.47851093092521957,-0.039459581558767116,1.1964890591681729,-0.085484879871972813,-0.11112716806586183,0,0,0
4.1660493000000001,4294963175,4011,4294967291,-4122,4011,-5,-0.0095559698126822801,0.055763269601218829,0.029059732045705586,-0.077795600810847354,-0.47511844098157319,0.052228302450976621,5.5821993866296769,-0.057573882938824428,-0.099688301158377471,0,0,0
4.1706906999999998,4294963195,4015,4294967289,-4102,4015,-7,-0.0099973540996422007,0.052621676947629037,0.02905973204570559,-0.082685231826277406,-0.54658810728950846,0.02786317737550063,5.3835538393049518,-0.030656113742299668,-0.079915107237551603,0,0,0
4.1764511000000004,4294963216,4019,4294967288,-4081,4019,-8,-0.010460807600950119,0.049480084294039245,0.027488935718910694,-0.087352902005559785,-0.58471632313904709,-0.13169436527424533,-0.83971703861052749,-0.034854698935352306,-0.06565615711107424,0,0,0
4.1813551999999996,4294963232,4021,4294967286,-4065,4021,-10,-0.010813915030518054,0.047909287967244349,0.02905973204570559,-0.07954749714574455,-0.45849823364529296,0.076301663046422372,7.6507234295364031,0.0033989182123297101,-0.037779946752578168,0,0,0
4.1857981000000004,4294963243,4023,4294967285,-4054,4023,-11,-0.011056676388346011,0.046338491640449446,0.029059732045705586,-0.065087855293285493,-0.39116238602010467,0.040706028565712121,5.8440146151783035,0.032618991288221225,-0.0087422205553535082,0,0,0
4.1915681999999999,4294963251,4024,4294967285,-4046,4024,-11,-0.011233230103129979,0.045553093477052005,0.028274333882308145,-0.051196477775393961,-0.28195999391652327,-0.051563337816594675,1.2944760625526808,0.03909137160098463,0.014300079279345653,0,0,0
4.1959398999999999,4294963252,4024,4294967285,-4045,4024,-11,-0.011255299317477974,0.045553093477052005,0.028274333882308145,-0.029371821461703616,-0.15042229891858511,-0.027508426662060791,1.3071101340152678,0.045626922271060966,0.031797701071341569,0,0,0
4.2007965,4294963250,4024,4294967285,-4047,4024,-11,-0.011211160888781983,0.045553093477052005,0.028274333882308145,-0.011551296438031763,-0.080248505107611293,-0.014675418028862422,1.1617118069457333,0.051435481305789635,0.046641977184163574,0,0,0
4.2061146999999997,4294963245,4022,4294967285,-4052,4022,-11,-0.011100814817042002,0.047123889803846894,0.029845130209103034,0.0041330722272502965,0.10374741678125918,0.1387298778338516,6.605036250721227,0.084460662559395772,0.07145177283974119,0,0,0
4.2106523999999999,4294963239,4021,4294967286,-4058,4021,-10,-0.010968399530954027,0.047909287967244349,0.02905973204570559,0.014559606389181174,0.12862753062628471,0.00073121841086676298,0.33421631873262575,0.086131744153058895,0.089200268573699976,0,0,0
4.2161520000000001,4294963226,4018,4294967287,-4071,4018,-9,-0.010681499744430079,0.050265482457436693,0.029845130209103034,0.03453581003497054,0.28845981365163009,0.073669615606200667,2.1622499402618667,0.096942993854368234,0.10440051649493096,0,0,0
4.2207226999999996,4294963211,4015,4294967289,-4086,4015,-7,-0.010350461529210138,0.052621676947629037,0.02905973204570559,0.049311097310651204,0.37372843321755456,-0.033977656690849345,-3.3964024297846689,0.079960981705444883,0.10695967138509653,0,0,0
4.2258547999999996,4294963192,4011,4294967291,-4105,4011,-5,-0.0099311464565982124,0.055763269601218829,0.029059732045705586,0.065429978165559316,0.49249774559177006,-0.018126675207750392,-3.9750048756162033,0.060085957327363868,0.09903788281684571,0,0,0
4.2318647,4294963168,4006,4294967293,-4129,4006,-3,-0.009401485312246308,0.059690260418206069,0.029845130209103034,0.08432476045697232,0.62913927862251029,0.063609153937605814,-1.9051502029144656,0.050560206312791539,0.084805757202839532,0,0,0
4.2360227000000004,4294963153,4003,4294967295,-4144,4003,-1,-0.0090704470970263684,0.06204645490839842,0.02905973204570559,0.075872909428714358,0.55547687065880846,-0.039344793181923229,-6.1796767436096767,0.019661822594743156,0.065588387873505044,0,0,0
4.2409948000000002,4294963136,3999,0,-4161,3999,0,-0.0086952704531104361,0.065188047561988219,0.0306305283725005,0.075482168082904005,0.58945837254109601,0.12556905997503681,0.40103202205469746,0.021666982705016644,0.051489550083570534,0,0,0
4.2459765000000003,4294963122,3996,2,-4175,3996,2,-0.008386301452238492,0.067544242052180556,0.029845130209103038,0.06909638144005531,0.53430757982066812,-0.0062899211858316456,-5.162596800799788,-0.0041460012989822971,0.028217211219023347,0,0,0
4.2509722999999999,4294963112,3994,3,-4185,3994,3,-0.0081656093087585317,0.069115038378975438,0.029845130209103024,0.057453199262964327,0.43160576939806827,-0.0033555980465441084,-4.6383630168606569,-0.027337816383285581,0.0032448830712376482,0,0,0
4.2556086000000004,4294963107,3993,4,-4190,3993,4,-0.0080552632370185506,0.069900436542372907,0.02905973204570559,0.040946148915478944,0.30353605731210132,-0.075069690888335552,-7.0439051110795345,-0.062557341938683259,-0.02806930499681036,0,0,0
4.2612226,4294963106,3993,4,-4191,3993,4,-0.0080331940226705551,0.069900436542372907,0.02905973204570559,0.023903393085171511,0.16193287179275265,-0.040048786090817322,-4.7327846645662923,-0.086221265261514718,-0.058994772899069965,0,0,0
4.2658337,4294963110,3993,4,-4187,3993,4,-0.0081214708800625389,0.069900436542372907,0.02905973204570559,0.0045157344967258657,0.086389258657615972,-0.021365550442106061,-3.2461228793041221,-0.10245187965803533,-0.087307760766308987,0,0,0
4.2718505999999996,4294963121,3995,3,-4176,3995,3,-0.0083642322378904947,0.068329640215577997,0.029059732045705583,-0.020241122313394557,-0.10047139789200818,-0.011398266720470488,-1.3976583895839134,-0.1094401716059549,-0.10819316240010413,0,0,0
4.2763036999999997,4294963134,3997,2,-4163,3997,2,-0.0086511320244144433,0.066758843888783101,0.029059732045705583,-0.037566831119882849,-0.20015933285469614,-0.0060808395544510504,-0.20744411783928221,-0.11047739219515131,-0.12494708601131407,0,0,0
4.2813097999999998,4294963153,4001,0,-4144,4001,0,-0.0090704470970263684,0.063617251235193309,0.02905973204570559,-0.05916455201418052,-0.39990069756678859,-0.0032440554861347184,1.5341701078833065,-0.10280654165573477,-0.13146208035646517,0,0,0
4.2863103999999996,4294963176,4005,4294967294,-4121,4005,-2,-0.0095780390270302773,0.060475658581603517,0.029059732045705583,-0.07892311995688038,-0.50646033693897463,-0.0017306649686922794,2.8708204440895146,-0.088452439435287203,-0.12789471598626848,0,0,0
4.2913268000000002,4294963200,4010,4294967292,-4097,4010,-4,-0.010107700171382182,0.056548667764616277,0.028274333882308138,-0.091523190914045788,-0.63658815482701558,-0.074202808442482573,1.0030938633656987,-0.083436970118458714,-0.12254063912214105,0,0,0
4.2961445999999999,4294963224,4014,4294967290,-4073,4014,-6,-0.010637361315734086,0.053407075111026485,0.028274333882308138,-0.09824517871659641,-0.63273027669794024,-0.039586314629578831,3.0056736444021843,-0.06840860189644779,-0.11056969929627986,0,0,0
4.3012182000000001,4294963247,4018,4294967287,-4050,4018,-9,-0.011144953245737995,0.050265482457436693,0.029845130209103034,-0.099772168894996238,-0.63067214465919763,0.12544021115896817,10.601371486877238,-0.015401744462061599,-0.077973592129086028,0,0,0
4.3061749000000002,4294963267,4022,4294967286,-4030,4022,-10,-0.011586337532697916,0.047123889803846894,0.028274333882308135,-0.094409469182223649,-0.62957415572663611,-0.079638179786771485,2.1478765765116323,-0.0046623615795034368,-0.052774070105790161,0,0,0
4.3111417000000003,4294963283,4025,4294967284,-4014,4025,-12,-0.011939444962265853,0.04476769531365455,0.029059732045705583,-0.083312091698479251,-0.55570887241494715,0.030793498779602191,6.6622533177305669,0.028648905009149399,-0.018546100955846904,0,0,0
4.3160198999999997,4294963293,4027,4294967283,-4004,4027,-13,-0.012160137105745813,0.043196898986859661,0.02905973204570559,-0.065037111392235128,-0.44302310413107304,0.016427964881946842,5.4771153286794654,0.056034481652546722,0.015783136506931771,0,0,0
4.3209929999999996,4294963296,4027,4294967283,-4001,4027,-13,-0.012226344748789801,0.043196898986859661,0.02905973204570559,-0.040873855194884928,-0.23634755013214123,0.0087641236253815022,3.8926636486988548,0.075497799896040996,0.046357494549787708,0,0,0
4.3259482,4294963294,4027,4294967284,-4003,4027,-12,-0.012182206320093808,0.043196898986859661,0.027488935718910694,-0.017687494458011974,-0.12608860335405486,-0.14188348300104278,-3.5785789000648349,0.057604905395716818,0.059292176567598998,0,0,0
4.3309661999999998,4294963287,4025,4294967284,-4010,4025,-12,-0.012027721819657836,0.04476769531365455,0.029059732045705583,0.0049777041844552457,0.079292270272335375,0.070865890080450064,4.0408450861708376,0.07780913082657101,0.07851368658287991,0,0,0
4.3359686999999996,4294963277,4023,4294967285,-4020,4023,-11,-0.011807029676177876,0.046338491640449446,0.029059732045705586,0.023246648530587707,0.18886052048990204,0.037806108422491581,1.6657889903077834,0.086138075778109932,0.093705172048684088,0,0,0
4.3403422000000003,4294963266,4021,4294967286,-4031,4021,-10,-0.01156426831834992,0.047909287967244349,0.02905973204570559,0.035052023038776123,0.2473138771426647,0.020169108613898638,0.24564210654737284,0.087366286310846794,0.10592613361656189,0,0,0
4.3462905999999997,4294963245,4017,4294967288,-4052,4017,-8,-0.011100814817042002,0.051050880620834134,0.029059732045705583,0.061941152376971773,0.42505708538524722,0.010759979253437265,-1.8213472406793771,0.078259550107449907,0.10385284520630433,0,0,0
4.3513086999999997,4294963226,4013,4294967289,-4071,4013,-7,-0.010681499744430079,0.054192473274423933,0.030630528372500486,0.072167962133266039,0.51988097025499225,0.15229935937613079,3.3453728559693094,0.09498641438729645,0.11118383712913196,0,0,0
4.3562168000000003,4294963206,4009,4294967291,-4091,4009,-5,-0.010240115457470158,0.057334065928013725,0.030630528372500482,0.079682953610824087,0.57046838358399443,0.081249894507969614,-0.33932953378188158,0.09328976671838704,0.11319958162180979,0,0,0
4.3611865999999999,4294963185,4005,4294967293,-4112,4005,-3,-0.0097766619561622404,0.060475658581603517,0.030630528372500482,0.085751222331473198,0.59745616615412045,0.043345851122410226,-2.5604558117006482,0.080487487659883797,0.10838167466023323,0,0,0
4.3661947000000003,4294963164,4001,4294967295,-4133,4001,-1,-0.0093132084548543242,0.063617251235193309,0.030630528372500479,0.088988571427479984,0.61185382676023869,0.023124495372013467,-3.950211306047978,0.060736431129643907,0.096615683767093091,0,0,0
4.3710399999999998,4294963144,3997,1,-4153,3997,1,-0.0088718241678944036,0.066758843888783101,0.030630528372500479,0.088656548354183559,0.61953480723317433,0.012336642893460517,-4.8456563399621526,0.036508149429833145,0.078234289504745896,0,0,0
4.3759969999999999,4294963125,3993,3,-4172,3993,3,-0.0084525090952824785,0.069900436542372907,0.030630528372500493,0.086420307735891849,0.62363251884339022,0.0065814520677061712,-5.4771789393201935,0.0091222547332321761,0.052836877459932118,0,0,0
4.3810203000000003,4294963110,3990,5,-4187,3990,5,-0.0081214708800625389,0.072256631032565244,0.029845130209103038,0.076990858946336282,0.55253907989614715,-0.069768392991809494,-8.6521723505616883,-0.034138607019576273,0.016742267315750209,0,0,0
4.3859669999999999,4294963099,3988,6,-4198,3988,6,-0.0078787095222345831,0.07382742735936014,0.029845130209103038,0.063723919260672418,0.44133205757106408,-0.037220606795694354,-6.8538437111817592,-0.068407825575485068,-0.022713713986656392,0,0,0
4.3909884000000003,4294963096,3987,6,-4201,3987,6,-0.0078125018791905948,0.074612825522757595,0.030630528372500493,0.040173282831381676,0.30872491622291354,0.053422768823330122,-2.0548556415247408,-0.078682103783108776,-0.052414923892668747,0,0,0
4.3960216000000001,4294963098,3988,6,-4199,3988,6,-0.0078566403078865858,0.07382742735936014,0.029845130209103038,0.017313747445135603,0.091421546936005293,-0.044779108331657956,-4.8717471321439785,-0.10304083944382866,-0.085180518402094382,0,0,0
4.4010052999999996,4294963106,3989,5,-4191,3989,5,-0.0080331940226705551,0.073042029195962685,0.030630528372500479,-0.0072362040276264215,-0.02450721273253248,0.049390398267398439,0.25998514998741262,-0.1017409136938916,-0.10604381211190014,0,0,0
4.4059891000000002,4294963120,3992,4,-4177,3992,4,-0.0083421630235424992,0.070685834705770348,0.029845130209103031,-0.032687972351533215,-0.23291286401469269,-0.046930330002113267,-2.2260948343397997,-0.1128713878655906,-0.12511550135329824,0,0,0
4.4108780000000003,4294963138,3995,3,-4159,3995,3,-0.0087394088818064271,0.068329640215577997,0.029059732045705583,-0.054502628700429816,-0.34409479708981178,-0.098316291459119937,-3.2893978532261716,-0.12931837713172145,-0.14434957335484913,0,0,0
4.4163755,4294963164,4000,0,-4133,4000,0,-0.0093132084548543242,0.06440264939859075,0.029845130209103031,-0.082613370175576378,-0.54996807291390992,0.020828948638334559,3.6820069605224681,-0.11090834232910911,-0.14361547610630637,0,0,0
4.4213562,4294963190,4005,4294967294,-4107,4005,-2,-0.0098870080279022214,0.060475658581603517,0.029059732045705583,-0.097610115984307827,-0.65979901383997897,-0.062167523243517257,1.377831046515928,-0.10401918709652946,-0.14140646311917021,0,0,0
4.4263472999999998,4294963217,4011,4294967291,-4080,4011,-5,-0.010482876815298114,0.055763269601218829,0.029059732045705586,-0.10766981154110705,-0.79167203214938486,-0.033165633303045491,3.8977867677574283,-0.084530253257742327,-0.1298400290914562,0,0,0
4.4313384999999998,4294963244,4016,4294967288,-4053,4016,-8,-0.011078745602694007,0.051836278784231589,0.029845130209103038,-0.11303653932066152,-0.78874519766167484,0.055586048891348064,8.3852442644133802,-0.042604031935675427,-0.10231052125921811,0,0,0
4.4358288999999997,4294963265,4020,4294967286,-4032,4020,-10,-0.011542199104001923,0.04869468613064179,0.029845130209103031,-0.10354496310285771,-0.71390424702587052,0.029654495114341369,7.2882575624073986,-0.0061627441236384306,-0.071166374047866923,0,0,0
4.4418158999999999,4294963288,4024,4294967284,-4009,4024,-12,-0.012049791034005832,0.045553093477052005,0.029845130209103038,-0.10259954075041722,-0.67397749113573047,0.015820319990821074,7.0094073933034853,0.028884292842878995,-0.029527448347143093,0,0,0
4.4467973000000001,4294963301,4027,4294967283,-3996,4027,-13,-0.01233669082052978,0.043196898986859661,0.02905973204570559,-0.081504066557132396,-0.57939752306042291,-0.064839566979663435,3.0222009700286181,0.043995297693022087,0.0032801755186331084,0,0,0
4.4517977999999996,4294963307,4028,4294967283,-3990,4028,-13,-0.012469106106617757,0.042411500823462206,0.028274333882308135,-0.055836110460050714,-0.38238119785243618,-0.10787065610717203,-0.099778379687990082,0.043496405794582138,0.025389922268190084,0,0,0
4.4559856,4294963307,4028,4294967282,-3990,4028,-14,-0.012469106106617757,0.042411500823462206,0.029845130209103031,-0.02978789998328444,-0.20399581531142566,0.089011328172673918,7.0974754705853389,0.07898378314750884,0.056457326751213142,0,0,0
4.4609699000000003,4294963303,4027,4294967283,-3994,4027,-13,-0.012380829249225773,0.043196898986859661,0.02905973204570559,-0.0076550488488125613,-0.035549818809048089,-0.025793035739692806,1.0122290524561433,0.084044928409789554,0.078143413554041308,0,0,0
4.4659694999999999,4294963294,4025,4294967284,-4003,4025,-12,-0.012182206320093808,0.04476769531365455,0.029059732045705583,0.014448114966923723,0.1275936336089597,-0.013760277400213966,0.20442328845703805,0.085067044852074739,0.093415936095810892,0,0,0
4.4709852999999997,4294963281,4023,4294967285,-4016,4023,-11,-0.01189530653356986,0.046338491640449446,0.029059732045705586,0.034476330688937379,0.21462872261345556,-0.0073409441231238742,-0.53175266123215703,0.082408281545913953,0.10227390660212315,0,0,0
4.4759649000000001,4294963265,4020,4294967286,-4032,4020,-10,-0.011542199104001923,0.04869468613064179,0.029845130209103031,0.051338476050597229,0.33434042539642533,0.069363213024964884,1.6570504502977994,0.090693533797402956,0.11135593143392997,0,0,0
4.4809770999999996,4294963246,4016,4294967288,-4051,4016,-8,-0.01112288403139,0.051836278784231589,0.029845130209103038,0.066511560579451651,0.47148471248739504,0.037004448108634715,-0.92372469050664185,0.086074910344869748,0.11307552843394306,0,0,0
4.4855587000000003,4294963227,4012,4294967289,-4070,4012,-7,-0.010703568958778074,0.054977871437821381,0.031415926535897934,0.074606220480714303,0.54464955641160606,0.16630047096738931,3.8677560888895903,0.1054136907893177,0.12341748711503933,0,0,0
4.4914829000000003,4294963201,4007,4294967292,-4096,4007,-4,-0.010129769385730177,0.058904862254808621,0.030630528372500482,0.093338396978515148,0.65696164862372886,0.015439801511926643,-3.8576774518119659,0.086125303530257866,0.11462625040777494,0,0,0
4.4964785999999997,4294963178,4003,4294967294,-4119,4003,-2,-0.0096221774557262683,0.06204645490839842,0.030630528372500486,0.097154459272146582,0.64359929301240593,0.0082369502354235988,-4.640250862279431,0.062924049218860717,0.10052092270448261,0,0,0
4.5005021999999997,4294963160,3999,0,-4137,3999,0,-0.0092249315974623405,0.065188047561988219,0.0306305283725005,0.088894731747057421,0.63647063542484072,0.0043943148575098442,-5.0090626740795274,0.037878735848463074,0.083725198359706626,0,0,0
4.506481,4294963136,3995,2,-4161,3995,2,-0.0086952704531104361,0.068329640215577997,0.030630528372500479,0.09684292705308889,0.63266758149640656,0.002344314644984258,-5.7146936766572836,0.0093052674651766566,0.053516130806893089,0,0,0
4.5114432999999998,4294963120,3991,3,-4177,3991,3,-0.0083421630235424992,0.071471232869167789,0.032201324699295375,0.084610312492757758,0.63063869751581092,0.14780970252890355,0.48235810142954705,0.011717057972324392,0.03647094499852227,0,0,0
4.5164711999999998,4294963109,3989,4,-4188,3989,4,-0.0080994016657145434,0.073042029195962685,0.032201324699295368,0.067788806988310149,0.48299727348992361,0.078854716046887929,-1.6483242133278226,0.0034754369056852787,0.020650714275019091,0,0,0
4.5215091999999997,4294963101,3988,5,-4196,3988,5,-0.0079228479509305741,0.07382742735936014,0.031415926535897934,0.0526374033393021,0.33095281272836452,-0.031211467354630471,-5.5720142158939892,-0.024384634173784666,-0.00243279599099748,0,0,0
4.5264508000000001,4294963097,3987,5,-4200,3987,5,-0.0078345710935385903,0.074612825522757595,0.032201324699295389,0.036317868878359305,0.24983890359570424,0.056628573152843552,-1.2346125481844981,-0.030557696914707156,-0.018662833845521771,0,0,0
4.5315152000000003,4294963097,3987,6,-4200,3987,6,-0.0078345710935385903,0.074612825522757595,0.030630528372500493,0.019375150540412896,0.13328607975956644,-0.11634836919151058,-7.8845937811691593,-0.069980665820552956,-0.046835349365204434,0,0,0
4.5364402000000004,4294963099,3988,6,-4198,3988,6,-0.0078787095222345831,0.07382742735936014,0.029845130209103038,0.0062181915509662723,-0.0021729830320700028,-0.13534998867355957,-7.9816293132106226,-0.10988881238660607,-0.082999454192138139,0,0,0
4.5413651000000002,4294963106,3989,5,-4191,3989,5,-0.0080331940226705551,0.073042029195962685,0.030630528372500479,-0.011096440698480699,-0.074438779861770027,0.0010719122053566149,-1.4496703158115105,-0.11713716396566362,-0.10981851895360745,0,0,0
4.5463446000000003,4294963119,3991,4,-4178,3991,4,-0.0083200938091945037,0.071471232869167789,0.030630528372500472,-0.032688252381506543,-0.18627124115564053,0.00057185239625230785,-0.35212359067491811,-0.11889778191903821,-0.12952547705740375,0,0,0
4.5513507000000004,4294963138,3995,2,-4159,3995,2,-0.0087394088818064271,0.068329640215577997,0.030630528372500479,-0.05656188835580634,-0.39249156603736124,0.00030507644326316434,1.3400536025016752,-0.11219751390652984,-0.13904379323847363,0,0,0
4.5563264999999999,4294963161,3999,0,-4136,3999,0,-0.009247000811810336,0.065188047561988219,0.0306305283725005,-0.077534629890022147,-0.50250765350269633,0.00016275464935527106,2.65032987058582,-0.098945864553600743,-0.13866443623795377,0,0,0
4.5613095000000001,4294963186,4004,4294967293,-4111,4004,-3,-0.0097987311705102376,0.061261056745000965,0.031415926535897934,-0.092841558261499396,-0.63447944528590938,0.073366346959216455,7.191994364562829,-0.0629858927307866,-0.12137536450968887,0,0,0
4.5663197000000002,4294963212,4010,4294967291,-4085,4010,-5,-0.010372530743558133,0.056548667764616277,0.029845130209103034,-0.10306673252158749,-0.77816434385422395,-0.10741896619443436,0.80531516036357065,-0.058959316928968747,-0.10690104728853873,0,0,0
4.5712752999999999,4294963236,4014,4294967288,-4061,4014,-8,-0.010902191887910039,0.053407075111026485,0.031415926535897934,-0.10440352069323472,-0.70825948752601886,0.089252299361985782,9.462161616564277,-0.011648508846147362,-0.073100626764020793,0,0,0
4.5762549000000003,4294963255,4018,4294967287,-4042,4018,-9,-0.011321506960521963,0.050265482457436693,0.029845130209103034,-0.094821129949516497,-0.67096607916548678,-0.098943999771916841,1.4734224488789875,-0.0042813966017524246,-0.049053648890002674,0,0,0
4.5812885999999997,4294963270,4021,4294967285,-4027,4021,-11,-0.011652545175741904,0.047909287967244349,0.030630528372500489,-0.081472597552678799,-0.57779097063692864,0.02049407372877917,6.2355271534708541,0.026896239165601847,-0.016584824369373915,0,0,0
4.5862308000000001,4294963278,4022,4294967284,-4019,4022,-12,-0.011829098890525871,0.047123889803846894,0.031415926535897927,-0.059937542646377434,-0.38152412126678842,0.084212863564262774,7.9683874666335601,0.066738176498769647,0.020912858636651755,0,0,0
4.5912173000000003,4294963281,4023,4294967284,-4016,4023,-12,-0.01189530653356986,0.046338491640449446,0.030630528372500479,-0.038153295999269456,-0.27681809445184657,-0.028352959463802924,2.4114202019018287,0.078795277508278791,0.050738087268921997,0,0,0
4.5962300999999997,4294963278,4022,4294967284,-4019,4022,-12,-0.011829098890525871,0.047123889803846894,0.031415926535897927,-0.014176998263322128,-0.074399637496575369,0.05815355307088934,4.7731547705371433,0.10266105136096451,0.082264466368492301,0,0,0
4.6012246000000001,4294963270,4021,4294967285,-4027,4021,-11,-0.011652545175741904,0.047909287967244349,0.030630528372500489,0.0089096223608635134,0.033588198706099581,-0.042255291274062121,-0.5508279515468677,0.099906911603230175,0.10218239759518571,0,0,0
4.6061924000000003,4294963257,4018,4294967286,-4040,4018,-10,-0.011365645389217955,0.050265482457436693,0.031415926535897934,0.03152161084100813,0.23775746188695676,0.050736824611718731,1.8834727606752504,0.10932427540660643,0.12081408458607892,0,0,0
4.6112443000000001,4294963239,4015,4294967288,-4058,4015,-8,-0.010968399530954027,0.052621676947629037,0.030630528372500486,0.053880388724657655,0.34667933236078929,-0.046212027581887062,-3.5040954808162681,0.091803798002525083,0.12387513913931159,0,0,0
4.6161019000000003,4294963218,4010,4294967290,-4079,4010,-6,-0.01050494602964611,0.056548667764616277,0.031415926535897934,0.07198586124509794,0.55134689170198059,0.048625952911906647,-1.1044474825579136,0.086281560589735518,0.12348199017438237,0,0,0
4.6210877000000004,4294963195,4006,4294967292,-4102,4006,-4,-0.0099973540996422007,0.059690260418206069,0.031415926535897934,0.085763135743771257,0.58725507795117093,0.025941366796458951,-2.924180546337062,0.071660657858050203,0.11456264924377313,0,0,0
4.6252497999999997,4294963176,4002,4294967294,-4121,4002,-2,-0.0095780390270302773,0.062831853071795868,0.031415926535897934,0.084876706565623905,0.60641166768779586,0.013839410252537016,-3.8970887298558523,0.052175214208770943,0.1023854237026191,0,0,0
4.6303590000000003,4294963153,3997,0,-4144,3997,0,-0.0090704470970263684,0.066758843888783101,0.032201324699295382,0.092640248206369333,0.68991099947021906,0.080662679849469607,-1.9868074243424805,0.042241177087058539,0.085592110323162759,0,0,0
4.6364432999999998,4294963129,3993,2,-4168,3993,2,-0.008540785952674464,0.069900436542372907,0.032201324699295389,0.098841115479117503,0.66117737929819165,0.043032579095186992,-4.0172551239875105,0.022154901467120985,0.060155146819240279,0,0,0
4.6414324999999996,4294963113,3990,4,-4184,3990,4,-0.0081876785231065272,0.072256631032565244,0.031415926535897927,0.085676322221800105,0.57256881583046093,-0.050322150815800076,-7.7364906771600452,-0.016527551918679238,0.027966921978183942,0,0,0
4.6464125000000003,4294963101,3987,5,-4196,3987,5,-0.0079228479509305741,0.074612825522757595,0.032201324699295389,0.070416620746462252,0.52529720245173772,0.046433251113698511,-3.3918863071292815,-0.033486983454325644,-0.00039300256688433455,0,0,0
4.6514141000000002,4294963095,3986,5,-4202,3986,5,-0.0077904326648425984,0.075398223686155036,0.03298672286269283,0.049921090159440164,0.35351932108349077,0.098051105791817222,-0.12980976654152743,-0.034136032287033283,-0.019516058911655566,0,0,0
4.6564094999999996,4294963094,3986,5,-4203,3986,5,-0.007768363450494602,0.075398223686155036,0.03298672286269283,0.028691417357067275,0.18859834776865431,0.052309097258248394,-0.93043020416538669,-0.038788183307860213,-0.034751597170507714,0,0,0
4.6613895999999997,4294963096,3986,5,-4201,3986,5,-0.0078125018791905948,0.075398223686155036,0.03298672286269283,0.011188308951078607,0.10061497253403542,0.0279062804430018,-1.2054132193850413,-0.044815249404785422,-0.047806870310959579,0,0,0
4.6661438000000004,4294963100,3987,5,-4197,3987,5,-0.0079007787365825786,0.074612825522757595,0.032201324699295389,-0.0022676114660341307,-0.019602629659650012,-0.058391851009026337,-4.0869540284512729,-0.065250019547041793,-0.066068313443357493,0,0,0
4.6709962000000003,4294963107,3988,5,-4190,3988,5,-0.0080552632370185506,0.07382742735936014,0.031415926535897934,-0.015623515551395368,-0.083737288769510171,-0.10443087642209922,-5.5143134287731748,-0.092821586690907676,-0.089470612001556662,0,0,0
4.6752276000000004,4294963116,3990,4,-4181,3990,4,-0.0082538861661505154,0.072256631032565244,0.031415926535897927,-0.026866951852131962,-0.19123188492282445,-0.055712628913397268,-2.6801861863338683,-0.10622251762257702,-0.11128496379314473,0,0,0
4.6804918999999998,4294963132,3992,3,-4165,3992,3,-0.0086069935957184523,0.070685834705770348,0.031415926535897934,-0.047278963060560869,-0.24857897182726513,-0.029722024048674668,-0.71063971482454169,-0.10977571619669974,-0.1251245008657271,0,0,0
4.6859446,4294963154,3997,1,-4143,3997,1,-0.0090925163113743639,0.066758843888783101,0.030630528372500479,-0.070523189531799563,-0.49901151762560247,-0.089135865165108963,-1.3894560923381132,-0.1167229966583903,-0.13466499850818794,0,0,0
4.6902467000000003,4294963174,4000,4294967295,-4123,4000,-1,-0.0095339005983342846,0.06440264939859075,0.03141592653589792,-0.078805487015388781,-0.4860552598466088,0.025726596737328404,3.9822337686820006,-0.096811827814980295,-0.13445188658521778,0,0,0
4.6960980000000001,4294963203,4006,4294967292,-4094,4006,-4,-0.01017390781442617,0.059690260418206069,0.031415926535897934,-0.10175598645424333,-0.69898180849245894,0.01372483298366923,5.4150876686499752,-0.069736389471730414,-0.11680192659916051,0,0,0
4.7008995999999996,4294963227,4010,4294967290,-4070,4010,-6,-0.010703568958778074,0.056548667764616277,0.031415926535897934,-0.10370425327586197,-0.66601654788811704,0.007322034949001909,5.5332552753091404,-0.042070113095184714,-0.09483009097470807,0,0,0
4.7059367999999999,4294963249,4015,4294967288,-4048,4015,-8,-0.011189091674433988,0.052621676947629037,0.030630528372500486,-0.10062540989802223,-0.72170949322800293,-0.06937330084417162,2.8633442154349371,-0.027753392018010026,-0.073131828161224474,0,0,0
4.7108913000000001,4294963268,4018,4294967286,-4029,4018,-10,-0.011608406747045911,0.050265482457436693,0.031415926535897934,-0.092805552833447894,-0.60486197774058581,0.036269689451971052,7.1220247270641348,0.0078567316173106458,-0.040950763376785333,0,0,0
4.7164891000000004,4294963283,4021,4294967285,-4014,4021,-11,-0.011939444962265853,0.047909287967244349,0.030630528372500489,-0.080397311164580446,-0.54252521975446555,-0.053930071901817533,3.0658488900090139,0.023185976067355715,-0.012457495323550595,0,0,0
4.7212750999999997,4294963290,4022,4294967284,-4007,4022,-12,-0.012093929462701825,0.047123889803846894,0.031415926535897927,-0.057304779901093991,-0.36271026314760879,0.044508468180709457,6.2293957903419326,0.054332955019065377,0.019134493688772607,0,0,0
4.7259764000000004,4294963292,4022,4294967284,-4005,4022,-12,-0.012138067891397816,0.047123889803846894,0.031415926535897927,-0.034689638165271652,-0.19350160590576956,0.0237447377271158,4.2723052139901592,0.075694481089016177,0.048712555067573451,0,0,0
4.7309960000000002,4294963290,4022,4294967285,-4007,4022,-11,-0.012093929462701825,0.047123889803846894,0.029845130209103034,-0.014388288319990658,-0.10323080235773197,-0.13389150378053577,-3.3471653907614174,0.058958654135209093,0.061849537706641526,0,0,0
4.7359729000000002,4294963283,4020,4294967285,-4014,4020,-11,-0.011939444962265853,0.04869468613064179,0.031415926535897934,0.006737791369144288,0.091486634892404606,0.07512951581883906,4.1931806928391531,0.079924557599404866,0.081581132868322831,0,0,0
4.7409387000000001,4294963273,4018,4294967286,-4024,4018,-10,-0.011718752818785892,0.050265482457436693,0.031415926535897934,0.024185634082901378,0.19536606879313231,0.040080701978791301,1.7759374776517551,0.08880424498766365,0.097485889854018959,0,0,0
4.7459182999999996,4294963259,4015,4294967287,-4038,4015,-9,-0.011409783817913946,0.052621676947629037,0.032201324699295375,0.041730291436804186,0.32406402898047237,0.094662096480273128,3.0177682464383997,0.10389308621985564,0.11382779754353489,0,0,0
4.7502817000000004,4294963244,4012,4294967289,-4053,4012,-7,-0.011078745602694007,0.054977871437821381,0.031415926535897934,0.053149267460105717,0.39272285808813523,-0.022778418142073598,-2.8030460070064676,0.089877856184823302,0.11916635940870855,0,0,0
4.7557782,4294963222,4007,4294967291,-4075,4007,-5,-0.010593222887038093,0.058904862254808621,0.032201324699295375,0.07365492702003662,0.57591056434936649,0.061127504479326557,-0.83702471726499983,0.0856927325984983,0.11797222594856713,0,0,0
4.7617471,4294963195,4002,4294967294,-4102,4002,-2,-0.0099973540996422007,0.062831853071795868,0.031415926535897934,0.094890003508831339,0.6736390240740292,-0.040668723614177567,-6.5764994561671228,0.052810235317662685,0.096869525258418132,0,0,0
4.7664672000000001,4294963175,3998,0,-4122,3998,0,-0.0095559698126822801,0.06597344572538566,0.031415926535897941,0.091804892089967477,0.6524964742057956,-0.021696279728038618,-6.0966649946235423,0.022326910344544974,0.073178791747388366,0,0,0
4.7714300999999999,4294963156,3994,2,-4141,3994,2,-0.0091366547400703567,0.069115038378975438,0.03141592653589792,0.088099911625593691,0.64121717563579195,-0.011574706855891867,-5.9944923612332381,-0.0076455514616212174,0.042599370072317705,0,0,0
4.7764217999999996,4294963141,3991,3,-4156,3991,3,-0.0088056165248504153,0.071471232869167789,0.032201324699295375,0.077886907619242676,0.56192028488081902,0.067104551026528791,-2.4053908254719683,-0.019672505588981058,0.015931817484315713,0,0,0
4.7814272000000004,4294963132,3989,4,-4165,3989,4,-0.0086069935957184523,0.073042029195962685,0.032201324699295368,0.060083730031264604,0.44633681871047104,0.035799478830667739,-3.082848276779206,-0.035086746972877086,-0.0093342027900677749,0,0,0
4.7863785999999999,4294963128,3988,4,-4169,3988,4,-0.0085187167383264668,0.07382742735936014,0.032986722862692823,0.040290395490895275,0.31139489668954268,0.092378114915446938,0.24341263428366444,-0.033869683801458765,-0.025575552610881593,0,0,0
4.7913743000000002,4294963129,3988,5,-4168,3988,5,-0.008540785952674464,0.07382742735936014,0.031415926535897934,0.019435335917022553,0.16612546901041544,-0.097276414399197014,-6.8952161026720891,-0.068345764314819202,-0.051728233442586646,0,0,0
4.7963788000000003,4294963132,3988,5,-4165,3988,5,-0.0086069935957184523,0.07382742735936014,0.031415926535897934,0.0041911894699247594,0.088625959343980765,-0.051895808626014728,-4.4158894455561413,-0.090425211542599915,-0.07850501585649125,0,0,0
4.8013753000000001,4294963140,3989,4,-4157,3989,4,-0.0087835473105024198,0.073042029195962685,0.032201324699295368,-0.014236932432053829,-0.025998625420479621,0.045593723412493896,0.69720426754999898,-0.086939190204849914,-0.094190079671995025,0,0,0
4.8063264999999999,4294963152,3991,3,-4145,3991,3,-0.0090483778826783729,0.071471232869167789,0.032201324699295375,-0.032304557058817254,-0.16042899563059829,0.02432370846906776,0.93644885503365283,-0.082256945929681649,-0.10358224826478071,0,0,0
4.8106917999999999,4294963166,3994,2,-4131,3994,2,-0.009357346883550317,0.069115038378975438,0.03141592653589792,-0.046061640156941086,-0.3054255165106825,-0.060303110492598185,-1.5684589590526665,-0.090099240724944976,-0.11440773852362689,0,0,0
4.8162241000000003,4294963187,3998,0,-4110,3998,0,-0.0098208003848582331,0.06597344572538566,0.031415926535897941,-0.067814651996985373,-0.45605895294186505,-0.032170991303550146,1.0463868986404652,-0.084867306231742656,-0.11415466482702695,0,0,0
4.8211896000000003,4294963208,4002,4294967295,-4089,4002,-1,-0.010284253886166149,0.062831853071795868,0.029845130209103038,-0.079419624759012764,-0.53642009739803087,-0.16372187932307411,-3.7264901778143429,-0.10349975712081437,-0.12192124662758136,0,0,0
4.8257159999999999,4294963227,4005,4294967293,-4070,4005,-3,-0.010703568958778074,0.060475658581603517,0.030630528372500482,-0.081492518999549818,-0.50601229165983086,-0.014064153577898086,2.8532341325001749,-0.089233586458313502,-0.12107030315890072,0,0,0
4.8317658000000003,4294963255,4010,4294967290,-4042,4010,-6,-0.011321506960521963,0.056548667764616277,0.031415926535897934,-0.10113037575545339,-0.63634912800632271,0.065776460846932366,7.7671824568353349,-0.050397674174136826,-0.096847195304730793,0,0,0
4.8367263999999999,4294963276,4014,4294967288,-4021,4014,-8,-0.01178496046182988,0.053407075111026485,0.031415926535897934,-0.097193166630236541,-0.6326027587356492,0.035090958535958644,6.8471531748523864,-0.016161908299874891,-0.069515015340705047,0,0,0
4.8416987999999996,4294963295,4017,4294967287,-4002,4017,-9,-0.012204275534441804,0.051050880620834134,0.030630528372500476,-0.09097449192435661,-0.55732459605289897,-0.054558910808112343,2.9237303343072001,-0.0015432566283388911,-0.043856585956962166,0,0,0
4.8463368999999998,4294963308,4020,4294967286,-3989,4020,-10,-0.012491175320965752,0.04869468613064179,0.029845130209103031,-0.07530224145007644,-0.51716459274243232,-0.10238604847104631,0.58684999071306532,0.0013909933252264357,-0.025442252661359063,0,0,0
4.8513241000000003,4294963317,4021,4294967285,-3980,4021,-11,-0.012689798250097717,0.047909287967244349,0.030630528372500489,-0.058704841410568517,-0.34918067065408442,0.018657781738838315,4.8703293731143642,0.025742640190798256,-0.0012456682002985314,0,0,0
4.8562946,4294963321,4022,4294967285,-3976,4022,-11,-0.012778075107489701,0.047123889803846894,0.029845130209103034,-0.039554774832812709,-0.25956324872517639,-0.063325814928170354,0.67430069734444142,0.029114143677520465,0.014454798441105378,0,0,0
4.8612919999999997,4294963322,4021,4294967285,-3975,4021,-11,-0.012800144321837697,0.047909287967244349,0.030630528372500489,-0.023161111581816263,-0.065194382787781946,0.039495951169199552,3.9146456308605888,0.048687371831823409,0.034426210645383259,0,0,0
4.8662891000000004,4294963320,4021,4294967285,-3977,4021,-11,-0.012756005893141706,0.047909287967244349,0.030630528372500489,-0.0082379566798900031,-0.034780426823316474,0.021070619595083696,2.6976550890229496,0.062175647276938154,0.053179605411500797,0,0,0
4.8710130999999999,4294963315,4020,4294967286,-3982,4020,-10,-0.012645659821401724,0.04869468613064179,0.029845130209103031,0.0059006995299576009,0.054724575778711447,-0.062038594666129987,-1.6402155527814717,0.053974569513030798,0.062138398191654662,0,0,0
4.8755702999999997,4294963309,4018,4294967286,-3988,4018,-10,-0.012513244535313748,0.050265482457436693,0.031415926535897934,0.01550261450466317,0.17575394805198985,0.11346218714162626,5.059782630244432,0.079273482664252964,0.082181992266516901,0,0,0
4.8808800999999997,4294963297,4016,4294967287,-4000,4016,-9,-0.012248413963137797,0.051836278784231589,0.031415926535897934,0.032979783371661686,0.240321676832015,0.060530725629207714,2.0420853639902141,0.089483909484204038,0.096130092748434801,0,0,0
4.8854278999999998,4294963284,4013,4294967288,-4013,4013,-8,-0.011961514176613848,0.054192473274423933,0.032201324699295382,0.044362755090914349,0.34804731049697574,0.10557194056030234,3.1155058104088953,0.10506143853624851,0.11327375759857752,0,0,0
4.8905455,4294963266,4009,4294967290,-4031,4009,-6,-0.01156426831834992,0.057334065928013725,0.032201324699295375,0.060730986257965622,0.47879717245449205,0.056321373042298471,-0.16123972363556094,0.1042552399180707,0.12193390872546467,0,0,0
4.8961332000000004,4294963242,4004,4294967293,-4055,4004,-3,-0.011034607173998014,0.061261056745000965,0.031415926535897934,0.081817904234137789,0.62183018601264983,-0.043232737500050619,-5.9540598918996324,0.074484940458572541,0.11079970936764139,0,0,0
4.9006588000000004,4294963222,4000,4294967295,-4075,4000,-1,-0.010593222887038093,0.06440264939859075,0.03141592653589792,0.084831082801357829,0.62485707608678154,-0.023064150601546055,-5.6543956541451896,0.046212962187846596,0.094741488571163088,0,0,0
4.9066464999999999,4294963197,3995,1,-4100,3995,1,-0.010041492528338193,0.068329640215577997,0.032201324699295375,0.09673412899690384,0.69975140518639112,0.060975069614961123,-3.116209855561443,0.030631912910039381,0.071946753042506098,0,0,0
4.9116315000000004,4294963178,3991,3,-4119,3991,3,-0.0096221774557262683,0.071471232869167789,0.032201324699295375,0.090729600813611144,0.66642711855927295,0.032529473493032743,-4.4566170302205457,0.0083488277589366527,0.046773804063538191,0,0,0
4.9166226000000002,4294963164,3988,5,-4133,3988,5,-0.0093132084548543242,0.07382742735936014,0.031415926535897934,0.077230705221600263,0.57536948920758257,-0.055925432574019676,-7.9590078722265467,-0.031446211602196079,0.012697730642671233,0,0,0
4.9216160000000002,4294963155,3986,6,-4142,3986,6,-0.0091145855257223594,0.075398223686155036,0.031415926535897934,0.059733653866777113,0.45351180905345034,-0.029835552267357963,-6.2843441244834093,-0.062867932224613121,-0.022911138070171033,0,0,0
4.9262357000000003,4294963152,3985,7,-4145,3985,7,-0.0090483778826783729,0.076183621849552477,0.030630528372500472,0.038044523763445422,0.31522266859121451,-0.089196431117779945,-8.0251477946486816,-0.10299367119785653,-0.064310040306306673,0,0,0
4.9308774,4294963155,3985,7,-4142,3985,7,-0.0091145855257223594,0.076183621849552477,0.030630528372500472,0.014118969570868816,0.16816753973537052,-0.047585233769163508,-5.257401837752198,-0.12928068038661752,-0.10345300769414117,0,0,0
4.9361053999999998,4294963165,3987,6,-4132,3987,6,-0.0093352776692023198,0.074612825522757595,0.030630528372500493,-0.013058800502670304,-0.05684365882712264,-0.025386155527633004,-2.7257078893929201,-0.14290921983358212,-0.13607375940070396,0,0,0
4.9410964999999996,4294963182,3990,5,-4115,3990,5,-0.0097104543131182521,0.072256631032565244,0.029845130209103038,-0.041971589018360123,-0.25016397291436726,-0.086822730944596443,-3.7541284106657775,-0.16167986188691102,-0.16656940671198772,0,0,0
4.9460867999999998,4294963206,3994,3,-4091,3994,3,-0.010240115457470158,0.069115038378975438,0.029845130209103024,-0.071809989210760941,-0.42657757753792158,-0.046318892994950518,-0.3509530937696892,-0.16343462735575948,-0.18625300476089793,0,0,0
4.9511139000000002,4294963237,4000,0,-4060,4000,0,-0.010924261102258035,0.06440264939859075,0.029845130209103031,-0.10214219220966161,-0.667251173295075,-0.024710577805328579,2.7245459271471604,-0.14981189772002368,-0.19121193737446107,0,0,0
4.9560693999999996,4294963272,4006,4294967293,-4025,4006,-3,-0.011696683604437895,0.059690260418206069,0.029845130209103034,-0.12656050233701555,-0.79564767047159002,-0.013182798983122603,4.8755339905309949,-0.12543422776736871,-0.18212456682625483,0,0,0
4.9610513000000003,4294963308,4013,4294967289,-3989,4013,-7,-0.012491175320965752,0.054192473274423933,0.030630528372500486,-0.1416464902572489,-0.93742519194509077,0.066246653027273519,9.9176502412775989,-0.075845976560980716,-0.15271706508547056,0,0,0
4.9660821999999998,4294963343,4020,4294967286,-3954,4020,-10,-0.013263597823145614,0.04869468613064179,0.029845130209103031,-0.14763557489231705,-1.0130618112356173,-0.037937718827322837,6.6357364993419292,-0.042667294064271069,-0.11732543117817816,0,0,0
4.9704540000000001,4294963369,4025,4294967283,-3928,4025,-13,-0.01383739739619351,0.04476769531365455,0.030630528372500479,-0.13229868785717655,-0.90685400829347018,0.053040198094477527,10.366156344342601,0.0091634876574419391,-0.072561742745648111,0,0,0
4.9757629999999997,4294963394,4029,4294967281,-3903,4029,-15,-0.014389127754893411,0.041626102660064758,0.030630528372500482,-0.12205753100679913,-0.77691389095086694,0.028296314032517113,9.1190056206412127,0.054758515760648004,-0.018457713292928231,0,0,0
4.9810705000000004,4294963408,4032,4294967280,-3889,4032,-16,-0.014698096755765356,0.039269908169872414,0.029845130209103034,-0.093943782898199463,-0.63431286650159058,-0.058183772733895044,4.5648657160015036,0.077582844340655516,0.026902380546416027,0,0,0
4.9854364000000002,4294963412,4032,4294967280,-3885,4032,-16,-0.014786373613157339,0.039269908169872414,0.029845130209103034,-0.058354330459120023,-0.33839836030445941,-0.03104034984828425,3.8251317744532702,0.096708503212921876,0.065805862795840983,0,0,0
4.9915246,4294963406,4031,4294967281,-3891,4031,-15,-0.014653958327069363,0.040055306333269862,0.029059732045705586,-0.018776678787211447,-0.10725197597516843,-0.08983917627937818,-0.61233434783940588,0.093646831473724851,0.088485132352294771,0,0,0
4.9965136000000001,4294963395,4029,4294967282,-3902,4029,-14,-0.014411196969241407,0.041626102660064758,0.029059732045705583,0.012633078366706836,0.08934138665529251,-0.04792813065848292,-0.54149632850161922,0.090939349831216751,0.10348672266435571,0,0,0
5.0005195999999996,4294963383,4026,4294967283,-3914,4026,-13,-0.014146366397065456,0.043982297150257102,0.029845130209103031,0.031448920015106421,0.26750112369821522,0.047710432357457963,2.1798346023083264,0.10183852284275838,0.1210669150731873,0,0,0
5.0064992000000004,4294963360,4021,4294967285,-3937,4021,-11,-0.013638774467061547,0.047909287967244349,0.030630528372500489,0.064137160348310837,0.50910626030657158,0.098732466775529437,2.3145752114380826,0.11341139889994879,0.13057019391244704,0,0,0
5.0110092000000002,4294963340,4017,4294967287,-3957,4017,-9,-0.013197390180101626,0.051050880620834134,0.030630528372500476,0.075398616496637316,0.56472020414155055,0.052672595228791683,-0.45996611250855812,0.111111568337406,0.1377716593014981,0,0,0
5.0153825999999997,4294963318,4013,4294967289,-3979,4013,-7,-0.012711867464445713,0.054192473274423933,0.030630528372500486,0.085524689765555537,0.59438958087612259,0.0281002022814234,-2.2463163489624245,0.099879986592593881,0.137803211542327,0,0,0
5.0208406999999999,4294963290,4007,4294967292,-4007,4007,-4,-0.012093929462701825,0.058904862254808621,0.030630528372500482,0.10328149084036313,0.75677687861814569,0.01499112327439011,-4.4080470147427118,0.077839751518880326,0.12377047541879284,0,0,0
5.0257240000000003,4294963264,4002,4294967294,-4033,4002,-2,-0.011520129889653927,0.062831853071795868,0.031415926535897934,0.10863631222420549,0.77012904881596378,0.081277105030983121,-2.2303640269184659,0.066687931384287996,0.10947321711869687,0,0,0
5.0315630000000002,4294963236,3996,1,-4061,3996,1,-0.010902191887910039,0.067544242052180556,0.031415926535897934,0.11561126618784656,0.85053179189873762,0.043360367612390295,-4.868586266002171,0.042345000054277139,0.084054105909775773,0,0,0
5.0364665000000004,4294963215,3992,3,-4082,3992,3,-0.010438738386602121,0.070685834705770348,0.031415926535897934,0.1049185492243134,0.74686665924042095,0.023132239746542597,-5.5280217401112655,0.014704891353720811,0.056645887772051595,0,0,0
5.0414222000000004,4294963198,3988,5,-4099,3988,5,-0.010063561742686189,0.07382742735936014,0.031415926535897934,0.090977671011977915,0.69156254550582963,0.012340774425044757,-5.8814975961928617,-0.014702596627243499,0.025328225751108619,0,0,0
5.0457989999999997,4294963188,3986,6,-4109,3986,6,-0.0098428695992062287,0.075398223686155036,0.031415926535897934,0.069126606667300985,0.51549942085604328,0.0065836561906030353,-5.2195357003661531,-0.040800275129074262,-0.0051164228822003846,0,0,0
5.0517785000000002,4294963182,3985,6,-4115,3985,6,-0.0097104543131182521,0.076183621849552477,0.032201324699295375,0.04923288301086786,0.34829232128307619,0.076791821465541296,-1.2297082573603162,-0.046948816415875845,-0.028611348900887509,0,0,0
5.0567345000000001,4294963182,3985,6,-4115,3985,6,-0.0097104543131182521,0.076183621849552477,0.032201324699295375,0.026265156776379504,0.18580980562299756,0.040967522245060436,-1.5912982071466293,-0.054905307451608994,-0.047825351906668472,0,0,0
5.0617574000000003,4294963186,3986,6,-4111,3986,6,-0.0097987311705102376,0.075398223686155036,0.031415926535897934,0.005775707299956535,0.025847799215805559,-0.051423834052766751,-4.4179020694031959,-0.076994817798624965,-0.070461404639992203,0,0,0
5.0662396999999997,4294963192,3986,6,-4105,3986,6,-0.0099311464565982124,0.075398223686155036,0.031415926535897934,-0.0092733905141689967,0.013789493062546223,-0.027434003065396208,-3.0299011883037772,-0.092144323740143849,-0.09285463007393624,0,0,0
5.0712438000000004,4294963203,3988,5,-4094,3988,5,-0.01017390781442617,0.07382742735936014,0.031415926535897934,-0.027597456293273606,-0.13920250825298219,-0.0146357139263457,-1.3352118310175269,-0.098820382895231484,-0.10998817906414179,0,0,0
5.0762647000000003,4294963219,3991,4,-4078,3991,4,-0.010527015243994107,0.071471232869167789,0.030630528372500472,-0.047668678480399095,-0.29410143827902868,-0.081087498376339939,-2.9115187394365054,-0.11337797659241401,-0.12673723642619611,0,0,0
5.0812721999999999,4294963239,3995,2,-4058,3995,2,-0.010968399530954027,0.068329640215577997,0.030630528372500479,-0.066612877541756627,-0.45001769206269493,-0.043259214720145885,0.046799879682971168,-0.11314397719399916,-0.13584855760954256,0,0,0
5.0861945000000004,4294963262,3999,0,-4035,3999,0,-0.011475991460957935,0.065188047561988219,0.0306305283725005,-0.082896712924411933,-0.53319715666381784,-0.023078275883148841,1.9819771626413099,-0.10323409138079261,-0.13662477997751019,0,0,0
5.0905250999999998,4294963284,4003,4294967294,-4013,4003,-2,-0.011961514176613848,0.06204645490839842,0.030630528372500486,-0.089524834915626045,-0.5775724104518527,-0.012311985346576215,3.1688256066274594,-0.087389963347655308,-0.13200335964977483,0,0,0
5.0964818999999997,4294963315,4009,4294967291,-3982,4009,-5,-0.012645659821401724,0.057334065928013725,0.030630528372500482,-0.11159285142872354,-0.74780511847094888,-0.0065682975600869038,5.1630813498885129,-0.061574556598212746,-0.10987940385827971,0,0,0
5.1014796000000002,4294963340,4013,4294967289,-3957,4013,-7,-0.013197390180101626,0.054192473274423933,0.030630528372500486,-0.1110112138561391,-0.69206320232929086,-0.0035041085270487902,5.5303934873710272,-0.033922589161357611,-0.084192815815120003,0,0,0
5.1067197000000002,4294963362,4018,4294967287,-3935,4018,-9,-0.013682912895757538,0.050265482457436693,0.029845130209103034,-0.10452358634967204,-0.73560507318513446,-0.075148919461088648,2.9428277101480864,-0.019208450610617177,-0.059676957177605974,0,0,0
5.1116732000000003,4294963378,4020,4294967286,-3919,4020,-10,-0.014036020325325475,0.04869468613064179,0.029845130209103031,-0.088707852759213043,-0.53899558487450339,-0.040091053590855574,3.5572451498922919,-0.0014222248611557159,-0.03575514905651006,0,0,0
5.1166923000000004,4294963390,4022,4294967285,-3907,4022,-11,-0.014300850897501428,0.047123889803846894,0.029845130209103034,-0.072033906185951069,-0.43410676426526551,-0.02138809965001634,3.785474180994735,0.017505146043817959,-0.011173988574764312,0,0,0
5.1217654000000001,4294963397,4023,4294967284,-3900,4023,-12,-0.0144553353979374,0.046338491640449446,0.030630528372500479,-0.052843002944023172,-0.30487030828962908,0.061869222837663176,6.5928736072537522,0.050469514080086722,0.019199614684726717,0,0,0
5.1267265999999996,4294963399,4023,4294967284,-3898,4023,-12,-0.014499473826633391,0.046338491640449446,0.030630528372500479,-0.032309333293569671,-0.16264467879979039,0.033006493588955022,4.4457825948113481,0.072698427054143464,0.047856853776857854,0,0,0
5.1317259999999996,4294963395,4023,4294967285,-3902,4023,-11,-0.014411196969241407,0.046338491640449446,0.029059732045705586,-0.0090002034923301524,-0.086768999219025811,-0.12895046732565132,-3.3766190761300803,0.055815331673493063,0.058122447738889936,0,0,0
5.1366952000000001,4294963389,4021,4294967285,-3908,4021,-11,-0.01427878168315343,0.047909287967244349,0.030630528372500489,0.0075531601957692261,0.10026881082479114,0.07776549992516725,4.2073904634693644,0.07685228399083989,0.077640257116823569,0,0,0
5.1413175000000004,4294963380,4019,4294967286,-3917,4019,-10,-0.014080158754021467,0.049480084294039245,0.030630528372500486,0.02256151337903195,0.20005125506692678,0.041486968107822486,1.8136548726864801,0.085920558354272286,0.093677985072568998,0,0,0
5.1462665000000003,4294963367,4016,4294967287,-3930,4016,-9,-0.013793258967497519,0.051836278784231589,0.031415926535897934,0.038804732120074591,0.32656352006208522,0.095412322713016695,3.0682403697560683,0.10126176020305262,0.11037901961436584,0,0,0
5.1512590999999999,4294963351,4013,4294967289,-3946,4013,-7,-0.013440151537929582,0.054192473274423933,0.030630528372500486,0.053647626667570614,0.39405630681396409,-0.022378181381281399,-2.8471237936649372,0.087026141234727933,0.1141570861146506,0,0,0
5.1558276999999997,4294963332,4009,4294967291,-3965,4009,-5,-0.013020836465317657,0.057334065928013725,0.030630528372500482,0.06774346493414278,0.50334242407265983,-0.011938493267190608,-3.5654573757100532,0.069198854356177675,0.10880387873247799,0,0,0
5.1611525,4294963310,4004,4294967293,-3987,4004,-3,-0.012535313749661745,0.061261056745000965,0.031415926535897934,0.081440757571467098,0.63492478544377695,0.066910475308399817,-1.4685795038994898,0.061855956836680229,0.099728748305857623,0,0,0
5.1661428999999996,4294963289,4000,4294967295,-4008,4000,-1,-0.012071860248353827,0.06440264939859075,0.03141592653589792,0.086688989810949024,0.63184288894089624,0.035695941746275321,-3.2976983707399334,0.045367464982980561,0.084659326265533449,0,0,0
5.1711418,4294963270,3996,1,-4027,3996,1,-0.011652545175741904,0.067544242052180556,0.031415926535897934,0.085370638684551498,0.63019873385863601,0.01904335982192094,-4.3767544834240235,0.023483692565860442,0.064248074981156797,0,0,0
5.1761040999999999,4294963253,3993,3,-4044,3993,3,-0.011277368531825972,0.069900436542372907,0.030630528372500493,0.08054909353330067,0.55604207741032563,-0.063120113612658735,-7.8920697906224682,-0.015976656387251896,0.031951137818272538,0,0,0
5.1807979,4294963241,3990,4,-4056,3990,4,-0.011012537959650018,0.072256631032565244,0.031415926535897927,0.06768130530084715,0.51648038432001642,0.039605690371344836,-3.3881060403289012,-0.032917186588896405,0.0040564514535874029,0,0,0
5.1867745999999997,4294963233,3988,5,-4064,3988,5,-0.010835984244866051,0.07382742735936014,0.031415926535897934,0.052580052469268238,0.42209517290091891,0.021129164152554693,-3.6784224195874193,-0.051309298686833503,-0.024586028026504544,0,0,0
5.1917473000000003,4294963232,3988,6,-4065,3988,6,-0.010813915030518054,0.07382742735936014,0.029845130209103038,0.030109942084020725,0.22518274804968041,-0.13528688113393703,-9.253357970662929,-0.097576088540148154,-0.063344658599282233,0,0,0
5.1967268999999998,4294963236,3988,5,-4061,3988,5,-0.010902191887910039,0.07382742735936014,0.031415926535897934,0.0078268544743851712,0.12013231440367286,0.07438509861822093,0.58478242020507976,-0.094652176439122757,-0.086476736998010395,0,0,0
5.2012501000000002,4294963244,3989,5,-4053,3989,5,-0.011078745602694007,0.073042029195962685,0.030630528372500479,-0.012297348448977516,-0.0091903602024459574,-0.033595955024559497,-2.9854502986748122,-0.10957942793249682,-0.11180744720116266,0,0,0
5.2062097999999999,4294963258,3992,4,-4039,3992,4,-0.011387714603565951,0.070685834705770348,0.029845130209103031,-0.035388032627616195,-0.2247415055968929,-0.091202561206451802,-3.9280066919771599,-0.12921946139238263,-0.13652081583827408,0,0,0
5.2111891999999997,4294963277,3995,3,-4020,3995,3,-0.011807029676177876,0.068329640215577997,0.029059732045705583,-0.058002188965669013,-0.33973547468587856,-0.12193499957266649,-4.1170742086168985,-0.14980483243546713,-0.16094234822202527,0,0,0
5.2161996999999998,4294963303,4000,0,-3994,4000,0,-0.012380829249225773,0.06440264939859075,0.029845130209103031,-0.084480343901137109,-0.54764242632618487,0.00822864913280065,3.2701544768859296,-0.13345406005103749,-0.16645604466491679,0,0,0
5.221171,4294963332,4006,4294967293,-3965,4006,-3,-0.013020836465317657,0.059690260418206069,0.029845130209103034,-0.10478345502143625,-0.73183782837335798,0.0043898863181166051,4.8760089459886338,-0.10907401532109433,-0.15957152789278087,0,0,0
5.2261585000000004,4294963363,4012,4294967291,-3934,4012,-5,-0.013704982110105535,0.054977871437821381,0.028274333882308138,-0.11973314354165672,-0.8301038817992632,-0.14421708651207502,-0.23171361245821842,-0.11023258338338542,-0.15452397496762035,0,0,0
5.2311958000000001,4294963395,4018,4294967288,-3902,4018,-8,-0.014411196969241407,0.050265482457436693,0.028274333882308142,-0.12976773459543617,-0.88252765106050579,-0.076938098186047077,3.5871893353812623,-0.092296636706479099,-0.13937208174607851,0,0,0
5.2361914000000001,4294963425,4023,4294967285,-3872,4023,-11,-0.015073273399681288,0.046338491640449446,0.029059732045705586,-0.1310028488961556,-0.8372155883594703,0.032233960158562558,8.6671200652159133,-0.048961036380399531,-0.10919806373400055,0,0,0
5.2410570999999999,4294963451,4028,4294967283,-3846,4028,-13,-0.015647072972729183,0.042411500823462206,0.028274333882308135,-0.12342532661584302,-0.81304214252569373,-0.056083085418719113,5.1515838228200472,-0.023203117266299294,-0.078865595779541969,0,0,0
5.2460386999999997,4294963473,4032,4294967281,-3824,4032,-15,-0.016132595688385098,0.039269908169872414,0.028274333882308138,-0.11114636766843652,-0.72686637776072105,-0.029919658182531426,6.0723679617294266,0.0071587225423478396,-0.043668302867606874,0,0,0
5.2510357000000001,4294963488,4035,4294967279,-3809,4035,-17,-0.016463633903605036,0.03691371367968007,0.029059732045705586,-0.090181917459953603,-0.6076131142259229,0.057317737962119995,9.2499678870218247,0.053408561977456963,-0.00034750335871330112,0,0,0
5.2560159999999998,4294963496,4036,4294967279,-3801,4036,-17,-0.016640187618389007,0.036128315516282622,0.028274333882308138,-0.064583861098411521,-0.39743387972232508,-0.042701188680945537,3.7648364923103719,0.072232744439008817,0.035373682834391948,0,0,0
5.2605297999999996,4294963497,4036,4294967279,-3800,4036,-17,-0.016662256832737001,0.036128315516282622,0.028274333882308138,-0.036513831035404967,-0.21202624182799434,-0.022780575636718661,3.2783429244100999,0.088624459061059313,0.067058924381065199,0,0,0
5.2662101000000003,4294963491,4035,4294967279,-3806,4035,-17,-0.016529841546649025,0.03691371367968007,0.029059732045705586,-0.0071250324411773602,-0.039833955722020351,0.061126353481627461,5.5003658759934346,0.11612628844102649,0.099997126560693372,0,0,0
5.2708165999999999,4294963480,4033,4294967280,-3817,4033,-16,-0.016287080188821069,0.038484510006474966,0.029059732045705586,0.018849092933921188,0.12530809758528583,0.032610181634273448,2.9380437208394481,0.13081650704522374,0.12819722515198281,0,0,0
5.2768021000000003,4294963458,4029,4294967282,-3839,4029,-14,-0.015801557473165157,0.041626102660064758,0.029059732045705583,0.055356192387970585,0.35996845494709984,0.017397143550202374,0.21093342026881279,0.13187117414656779,0.1424748324033171,0,0,0
5.2816121999999996,4294963436,4024,4294967284,-3861,4024,-12,-0.015316034757509244,0.045553093477052005,0.029845130209103038,0.074832295186984615,0.55843648034282778,0.082560688195053009,1.3878639075952635,0.13881049368454412,0.1574923250106714,0,0,0
5.2865919000000003,4294963408,4019,4294967287,-3889,4019,-9,-0.014698096755765356,0.049480084294039245,0.029059732045705586,0.097577225667448475,0.66431680835381468,-0.029234375347670712,-4.8233654253015743,0.11469366655803626,0.1536786476818752,0,0,0
5.2915827000000002,4294963379,4013,4294967289,-3918,4013,-7,-0.01405808953967347,0.054192473274423933,0.030630528372500486,0.11177048547419174,0.79408222172051302,0.13096284748556467,0.67197974818981354,0.11805356529898532,0.15342507424272647,0,0,0
5.2958828000000002,4294963353,4008,4294967292,-3944,4008,-4,-0.013484289966625575,0.058119464091411173,0.029845130209103034,0.11316508976668917,0.79003100509514379,-0.0034123997830881325,-5.5734036996466934,0.09018654680075186,0.14195377553959185,0,0,0
5.3003958999999998,4294963326,4003,4294967295,-3971,4003,-1,-0.012888421179229682,0.06204645490839842,0.02905973204570559,0.11596820481124184,0.78786972927107968,-0.075099993938336079,-9.3053653590060499,0.04365972000572161,0.11355109511097647,0,0,0
5.3063589000000002,4294963293,3996,2,-4004,3996,2,-0.012160137105745813,0.067544242052180556,0.029845130209103038,0.12981829488179292,0.93327575294141174,0.033214566884900654,-6.2769081122124177,0.012275179444659522,0.073672220429260082,0,0,0
5.3113539000000003,4294963271,3992,4,-4026,3992,4,-0.011674614390089899,0.070685834705770348,0.029845130209103031,0.11455694010504397,0.79100957706639385,0.017719575883842775,-6.5047073463342731,-0.020248357287011846,0.034167597381518963,0,0,0
5.3157202000000003,4294963257,3989,5,-4040,3989,5,-0.011365645389217955,0.073042029195962685,0.030630528372500479,0.089942306975966807,0.64183274717998173,0.082732702005232223,-2.8891467516588869,-0.034694091045306283,0.0023461718025161275,0,0,0
5.3209852,4294963248,3988,6,-4049,3988,6,-0.011167022460085991,0.07382742735936014,0.029845130209103038,0.066515142021424445,0.41568964638482481,-0.029142608028435928,-6.4398950902914729,-0.066893566496763646,-0.03525319538683936,0,0,0
5.3253110000000001,4294963248,3987,6,-4049,3987,6,-0.011167022460085991,0.074612825522757595,0.030630528372500493,0.035485036145663354,0.29504499522819361,0.057732284965511103,-1.6498269362314861,-0.075142701177921073,-0.061022109649178494,0,0,0
5.3310639000000002,4294963253,3988,6,-4044,3988,6,-0.011277368531825972,0.07382742735936014,0.029845130209103038,0.0086352928820454204,0.084123471998255039,-0.042480032791439526,-4.4708360237555169,-0.097496881296698659,-0.088868595311368134,0,0,0
5.3360183000000001,4294963263,3990,5,-4034,3990,5,-0.011498060675305932,0.072256631032565244,0.029845130209103038,-0.015984276711551476,-0.10168016809172903,-0.022662591603392544,-2.2282795294677955,-0.10863827894403763,-0.11145910496381296,0,0,0
5.3411894999999996,4294963279,3994,4,-4018,3994,4,-0.011851168104873867,0.069115038378975438,0.028274333882308121,-0.041473185473847818,-0.34736323594514834,-0.15864926131770712,-6.298571609947035,-0.1401311369937728,-0.13917746274593171,0,0,0
5.3461451000000002,4294963300,3998,2,-3997,3998,2,-0.012314621606181785,0.06597344572538566,0.028274333882308142,-0.065366766067044071,-0.4784322268276725,-0.084637491573395243,-1.8264428102036732,-0.14926335104479116,-0.15917249471233141,0,0,0
5.3511585000000004,4294963326,4003,4294967295,-3971,4003,-1,-0.012888421179229682,0.06204645490839842,0.02905973204570559,-0.088409258080642941,-0.62163549186684575,0.028126425477787029,4.5539571183233942,-0.12649356545317419,-0.16120904773397601,0,0,0
5.3554314999999999,4294963351,4008,4294967293,-3946,4008,-3,-0.013440151537929582,0.058119464091411173,0.028274333882308138,-0.098643042896239028,-0.69803272837060826,-0.058274406254656554,1.8837030881577812,-0.11707505001238529,-0.16264827560918621,0,0,0
5.3613933999999999,4294963388,4015,4294967289,-3909,4015,-7,-0.014256712468805435,0.052621676947629037,0.02905973204570559,-0.12881196837479633,-0.88534878282166951,0.04219081753975315,8.3026124878766208,-0.075561987573002184,-0.13536802296747252,0,0,0
5.3664005000000001,4294963418,4021,4294967286,-3879,4021,-10,-0.014918788899245316,0.047909287967244349,0.02905973204570559,-0.13049295899957711,-0.91200014784946637,0.022508298710855947,8.287547019380721,-0.034124252476098578,-0.10158710157623013,0,0,0
5.3713946000000004,4294963445,4026,4294967283,-3852,4026,-13,-0.015514657686641209,0.043982297150257102,0.029845130209103031,-0.1252124166909715,-0.85293881441110142,0.085287428604979232,11.270889828137831,0.022230196664590578,-0.052584292740453349,0,0,0
5.3763487999999997,4294963464,4030,4294967281,-3833,4030,-15,-0.015933972759253134,0.040840704496667317,0.029845130209103041,-0.10592242815306255,-0.74815077708575473,0.0454998274805401,9.2699077562693226,0.068579735445937193,-0.00059798952490464075,0,0,0
5.3813658000000002,4294963474,4032,4294967281,-3823,4032,-15,-0.016154664902733092,0.039269908169872414,0.028274333882308138,-0.077099456626318189,-0.54568856849983949,-0.12228542247646679,0.87805260205820979,0.072969998456228244,0.035522875814421304,0,0,0
5.3863544000000001,4294963475,4032,4294967280,-3822,4032,-16,-0.01617673411708109,0.039269908169872414,0.029845130209103034,-0.043190752202456571,-0.2911183527392161,0.081321221978794628,7.9059306083665719,0.1124996514980611,0.078571055564795891,0,0,0
5.3913162999999997,4294963469,4031,4294967281,-3828,4031,-15,-0.016044318830993113,0.040055306333269862,0.029059732045705586,-0.010687090368953501,-0.082028654992413866,-0.029895615813353975,1.5781857408267113,0.12039058020219466,0.10953173465571939,0,0,0
5.3963422000000003,4294963456,4029,4294967282,-3841,4029,-14,-0.015757419044469166,0.041626102660064758,0.029059732045705583,0.021066997975117165,0.10279772801736042,-0.015948955012259534,0.53901446449911072,0.12308565252469021,0.13184614850022058,0,0,0
5.4008367000000002,4294963438,4026,4294967284,-3859,4026,-12,-0.015360173186205237,0.043982297150257102,0.028274333882308135,0.048302977263737161,0.27467992156453508,-0.081788096856405215,-3.9080721964631691,0.10354529154237437,0.13834183210668416,0,0,0
5.4062408,4294963413,4021,4294967286,-3884,4021,-10,-0.014808442827505337,0.047909287967244349,0.02905973204570559,0.07724681970246422,0.51293606347660348,0.029646543626119765,-1.2098246675686601,0.097496168204531067,0.13751042236245956,0,0,0
5.4108491000000001,4294963389,4016,4294967288,-3908,4016,-8,-0.01427878168315343,0.051836278784231589,0.029845130209103038,0.090628904691221951,0.64004287781600322,0.089095597258564752,0.1180750668031405,0.098086543538546775,0.1372214771133837,0,0,0
5.4168976999999998,4294963357,4010,4294967291,-3940,4010,-5,-0.013572566824017558,0.056548667764616277,0.029845130209103034,0.11424096976845818,0.7811323688546179,0.047531440106093122,-3.2777733254797421,0.081697676911148071,0.12123462033507569,0,0,0
5.4208767,4294963337,4006,4294967292,-3960,4006,-4,-0.013131182537057638,0.059690260418206069,0.031415926535897934,0.10212840214058416,0.70984289351778962,0.17191649583304505,2.2843494261517581,0.093119424041906859,0.12303837290498672,0,0,0
5.4253498999999996,4294963314,4002,4294967294,-3983,4002,-2,-0.012623590607053729,0.062831853071795868,0.031415926535897934,0.10184382234673972,0.67181080740545951,0.091715403189042824,-1.2911921428269042,0.086663463327772333,0.1178288274042133,0,0,0
5.4313257999999998,4294963285,3997,1,-4012,3997,1,-0.011983583390961844,0.066758843888783101,0.030630528372500479,0.11404666399208246,0.72480066167719581,-0.024350443921044303,-7.2444848904599555,0.050441038875472556,0.091938760725152974,0,0,0
5.4364169000000002,4294963263,3992,3,-4034,3992,3,-0.011498060675305932,0.070685834705770348,0.031415926535897934,0.1061429628482987,0.75307011787982148,0.060288847447358761,-4.0423110488074609,0.030229483631435249,0.069226707598554205,0,0,0
5.4413745000000002,4294963244,3989,5,-4053,3989,5,-0.011078745602694007,0.073042029195962685,0.030630528372500479,0.09574910162438513,0.62159249752150847,-0.041116137153243484,-8.0170357050269736,-0.0098556948936996229,0.035368975424451485,0,0,0
5.4463493999999999,4294963230,3987,6,-4067,3987,6,-0.010769776601822063,0.074612825522757595,0.030630528372500493,0.079908549127370318,0.47817123352333618,-0.021934969522922561,-6.5954248752525455,-0.042832819269962352,-0.00085577698109295594,0,0,0
5.4513733999999996,4294963223,3985,6,-4074,3985,6,-0.010615292101386091,0.076183621849552477,0.032201324699295375,0.057044031174864958,0.40165769717107547,0.13485699356510722,0.78799973197557538,-0.038892820610084478,-0.021933913972800322,0,0,0
5.4563373999999998,4294963222,3985,6,-4075,3985,6,-0.010593222887038093,0.076183621849552477,0.032201324699295375,0.032491421562340854,0.21427959813584549,0.071944600067334247,-0.55689775650989715,-0.041677309392633963,-0.038041209581248091,0,0,0
5.4613227999999996,4294963224,3986,6,-4073,3986,6,-0.010637361315734086,0.075398223686155036,0.031415926535897934,0.013215565940688173,0.041036094477244586,-0.034897931937781346,-3.9590822192725126,-0.061472720488996525,-0.058300566902710745,0,0,0
5.4656937000000001,4294963229,3987,6,-4068,3987,6,-0.010747707387474067,0.074612825522757595,0.030630528372500493,-0.0032452042672169879,-0.05138725158351698,-0.091897150384530571,-5.6646261897700532,-0.089795851437846796,-0.083804466572150904,0,0,0
5.4714141999999999,4294963239,3989,5,-4058,3989,5,-0.010968399530954027,0.073042029195962685,0.030630528372500479,-0.022322380456924775,-0.17397352533774404,-0.049026035335356558,-2.8269823395212534,-0.10393076313545306,-0.10494912228677528,0,0,0
5.4756403000000002,4294963251,3992,4,-4046,3992,4,-0.011233230103129979,0.070685834705770348,0.029845130209103031,-0.036618047291221825,-0.3126513618088731,-0.099434325296841347,-3.9461024722488709,-0.12366127549669742,-0.12942906609710422,0,0,0
5.4810011000000003,4294963272,3996,2,-4025,3996,2,-0.011696683604437895,0.067544242052180556,0.029845130209103038,-0.06277660766601123,-0.45991385535651758,-0.053047028391543044,-0.49081467476331286,-0.12611534887051398,-0.14226371856214484,0,0,0
5.4855434000000001,4294963293,4000,0,-4004,4000,0,-0.012160137105745813,0.06440264939859075,0.029845130209103031,-0.076731888106049168,-0.5384766419285677,-0.028299957914660508,1.5573512927557447,-0.11832859240673525,-0.14958126208064307,0,0,0
5.491536,4294963326,4006,4294967293,-3971,4006,-3,-0.012888421179229682,0.059690260418206069,0.029845130209103034,-0.1088861871812937,-0.72694799155172052,-0.015097690525850469,4.1632481312064993,-0.097512351750702761,-0.13697562936275368,0,0,0
5.4958701000000003,4294963350,4011,4294967290,-3947,4011,-6,-0.013418082323581586,0.055763269601218829,0.030630528372500482,-0.10750813045083246,-0.75421569279552392,0.065225081193496792,8.2407799010579375,-0.056308452245413074,-0.11598306454782131,0,0,0
5.5018910999999999,4294963381,4018,4294967287,-3916,4018,-9,-0.014102227968369463,0.050265482457436693,0.029845130209103034,-0.12118672543532796,-0.91532172526455713,-0.038482715234836172,5.4468231691257927,-0.029074336399784111,-0.083748431558802072,0,0,0
5.5058645000000004,4294963399,4021,4294967285,-3898,4021,-11,-0.014499473826633391,0.047909287967244349,0.030630528372500489,-0.10171565954704637,-0.70815179782165494,0.052749449001382384,8.5345662804752251,0.013598495002592016,-0.048437292037862692,0,0,0
5.5108747999999999,4294963415,4025,4294967284,-3882,4025,-12,-0.014852581256201328,0.04476769531365455,0.029059732045705583,-0.087209857249356731,-0.67090862799067619,-0.11841783573018,1.1182275679235865,0.019189632842209949,-0.021314069315592592,0,0,0
5.5157166999999996,4294963425,4027,4294967283,-3872,4027,-13,-0.015073273399681288,0.043196898986859661,0.02905973204570559,-0.067116522895493413,-0.50448080182733035,-0.063174505134832915,2.5476507754043496,0.031927886719231698,0.0041040067945517025,0,0,0
5.5216168000000003,4294963430,4028,4294967282,-3867,4028,-14,-0.015183619471421269,0.042411500823462206,0.029845130209103031,-0.046101416993792436,-0.3424140192509893,0.039576673142009244,5.9954456086226635,0.061905114762345018,0.03487895235416303,0,0,0
5.5265798000000004,4294963429,4027,4294967282,-3868,4027,-14,-0.015161550257073272,0.043196898986859661,0.030630528372500486,-0.022535446685892514,-0.10939428220102493,0.094393203098284695,6.9756226126934546,0.096783227825812293,0.069131180168325451,0,0,0
5.5313789,4294963423,4027,4294967283,-3874,4027,-13,-0.015029134970985297,0.043196898986859661,0.02905973204570559,0.00033226914198163267,-0.058360546787706247,-0.09620138885115527,-1.9218133586702435,0.087174161032461076,0.086732670106934334,0,0,0
5.5361729999999998,4294963413,4025,4294967283,-3884,4025,-13,-0.014808442827505337,0.04476769531365455,0.030630528372500479,0.020768364257490741,0.11542438188322696,0.095236743285517608,4.9866827066795381,0.11210757456585876,0.11220377420541365,0,0,0
5.5411567000000002,4294963398,4022,4294967284,-3899,4022,-12,-0.014477404612285395,0.047123889803846894,0.031415926535897927,0.041966328943623232,0.28141609103230431,0.12408718766914123,4.9669819859806807,0.13694248449576216,0.13850198634836991,0,0,0
5.5461390000000002,4294963378,4018,4294967286,-3919,4018,-10,-0.014036020325325475,0.050265482457436693,0.031415926535897934,0.063570741972647837,0.44325021037521284,0.066199036878474296,1.1066419459329595,0.14247569422542694,0.1569135068627355,0,0,0
5.5502703000000002,4294963357,4015,4294967288,-3940,4015,-8,-0.013572566824017558,0.052621676947629037,0.030630528372500486,0.077155549301366533,0.45630726648485326,-0.037963121475650195,-4.0450210494203986,0.12225058897832494,0.16300338331186653,0,0,0
5.5553872000000002,4294963327,4009,4294967291,-3970,4009,-5,-0.012910490393577678,0.057334065928013725,0.030630528372500482,0.10293487459549099,0.68311160830010575,-0.020252873207904615,-5.3607069274482448,0.09544705434108372,0.15151675705553075,0,0,0
5.5610014999999997,4294963292,4002,4294967294,-4005,4002,-2,-0.012138067891397816,0.062831853071795868,0.031415926535897934,0.12698338894987335,0.87738854295831659,0.062474852625222149,-3.7865898714044874,0.076514104984061276,0.13015338691670864,0,0,0
5.5659941000000002,4294963263,3996,1,-4034,3996,1,-0.011498060675305932,0.067544242052180556,0.031415926535897934,0.12745832339004573,0.9077534546801389,0.033329589868227767,-5.7436149320292804,0.04779603032391487,0.10338982615079591,0,0,0
5.5709916000000002,4294963237,3991,3,-4060,3991,3,-0.010924261102258035,0.071471232869167789,0.032201324699295375,0.1215343644697649,0.85067325417874606,0.091060458567666563,-3.4061535841715904,0.030765262403056919,0.076882942972680876,0,0,0
5.5752845999999998,4294963218,3988,5,-4079,3988,5,-0.01050494602964611,0.07382742735936014,0.031415926535897934,0.10396023109463765,0.67366260839012782,-0.024699849076871422,-7.6399106280344657,-0.00743429073711541,0.043093846520399437,0,0,0
5.5809750999999999,4294963200,3985,6,-4097,3985,6,-0.010107700171382182,0.076183621849552477,0.032201324699295375,0.092525529965039793,0.57922953686555312,0.060102443957757871,-3.7227905620874191,-0.026048243547552506,0.009786662369448456,0,0,0
5.5855869,4294963192,3983,7,-4105,3983,7,-0.0099311464565982124,0.077754418176347387,0.032201324699295382,0.06583415046000704,0.45557109851002309,0.032063938096934905,-4.0227589132562409,-0.046162038113833709,-0.019268343256513269,0,0,0
5.5915824000000001,4294963190,3983,7,-4107,3983,7,-0.0098870080279022214,0.077754418176347387,0.032201324699295382,0.039239955782954833,0.24304175570038919,0.017105729128197106,-3.28095044667708,-0.062566790347219112,-0.044922065071800216,0,0,0
5.5961517000000001,4294963192,3984,7,-4105,3984,7,-0.0099311464565982124,0.076969020012949932,0.031415926535897927,0.016815828579706673,0.05638036301201324,-0.064153816512694292,-5.5193317753004472,-0.090163449223721354,-0.074737525779911509,0,0,0
5.6011625,4294963199,3985,7,-4098,3985,7,-0.010085630957034186,0.076183621849552477,0.030630528372500472,-0.0054427275499417515,-0.043201267053715256,-0.10750481639958383,-6.5024325371268068,-0.12267561190935539,-0.1082360537370306,0,0,0
5.6061414999999997,4294963211,3987,6,-4086,3987,6,-0.010350461529210138,0.074612825522757595,0.030630528372500493,-0.027612953483595059,-0.16960640007723624,-0.057352539284111569,-3.2789464573356097,-0.13907034419603342,-0.1372899603729334,0,0,0
5.6105251999999997,4294963228,3991,4,-4069,3991,4,-0.01072563817312607,0.071471232869167789,0.030630528372500472,-0.04973605630960156,-0.38360107178210801,-0.030596896701910136,-0.50360367479902735,-0.14158836257002855,-0.15856116786188665,0,0,0
5.6165190000000003,4294963259,3997,1,-4038,3997,1,-0.011409783817913946,0.066758843888783101,0.030630528372500479,-0.090366011883349001,-0.64432371927764009,-0.016323080014813064,2.5909466683615814,-0.12863362922822064,-0.15924818054020204,0,0,0
5.6214823999999997,4294963288,4003,4294967294,-4009,4003,-2,-0.012049791034005832,0.06204645490839842,0.030630528372500486,-0.10792338879806267,-0.78341614679424953,-0.0087081687978293118,4.4473940965818697,-0.10639665874531129,-0.15167298089438702,0,0,0
5.6264488000000004,4294963317,4009,4294967291,-3980,4009,-5,-0.012689798250097717,0.057334065928013725,0.030630528372500482,-0.11729004029286026,-0.85762030043531445,-0.0046457043488533911,5.7444690791431565,-0.077674313349595514,-0.13412071517941312,0,0,0
5.6308154000000004,4294963343,4014,4294967289,-3954,4014,-7,-0.013263597823145614,0.053407075111026485,0.029845130209103038,-0.11610970653057351,-0.82392781342029942,-0.075757947236860121,3.0549322239239394,-0.062399652229975816,-0.11708202159393183,0,0,0
5.6361857000000004,4294963371,4019,4294967286,-3926,4019,-10,-0.013881535824889503,0.049480084294039245,0.030630528372500486,-0.11959823305032197,-0.80595327283854723,0.032863556635643963,8.2569226430276128,-0.021115039014837751,-0.082432394052071534,0,0,0
5.6408204,4294963391,4023,4294967284,-3906,4023,-12,-0.014322920111849423,0.046338491640449446,0.030630528372500479,-0.10498643830229813,-0.72308455020333229,0.017532316096013408,7.4397763402198942,0.016083842686261722,-0.045677742533606736,0,0,0
5.6467884000000002,4294963409,4027,4294967282,-3888,4027,-14,-0.014720165970113351,0.043196898986859661,0.030630528372500486,-0.093072999289318531,-0.67887507355351218,0.009353281846468664,7.1068678084144166,0.051618181728333809,-0.0023593616536039703,0,0,0
5.6513800999999999,4294963417,4028,4294967281,-3880,4028,-15,-0.01489671968489732,0.042411500823462206,0.031415926535897934,-0.066126218824747438,-0.43545128637141317,0.078269383769726628,8.7634256846563883,0.095435310151615743,0.044298913802582038,0,0,0
5.6563568999999996,4294963417,4029,4294967281,-3880,4029,-15,-0.01489671968489732,0.041626102660064758,0.030630528372500482,-0.035277550251887092,-0.30558759482146758,-0.031523735153828891,3.013399834156083,0.11050230932239616,0.080818775395264122,0,0,0
5.6613411999999999,4294963411,4028,4294967282,-3886,4028,-14,-0.014764304398809344,0.042411500823462206,0.029845130209103031,-0.0064654913659257952,-0.089747823330409274,-0.090097056583295004,-1.1011784032798255,0.10499641730599703,0.10473625957425842,0,0,0
5.6663379999999997,4294963398,4025,4294967283,-3899,4025,-13,-0.014477404612285395,0.04476769531365455,0.030630528372500479,0.023319170768594685,0.1719591629279294,0.025213812562467824,1.8771844838074179,0.11438233972503412,0.12565154204371004,0,0,0
5.6713072999999996,4294963380,4022,4294967284,-3917,4022,-12,-0.014080158754021467,0.047123889803846894,0.031415926535897927,0.049504484628136634,0.31157672345209608,0.08673078802509683,3.1525442112605968,0.13014506078133709,0.14554843090049116,0,0,0
5.6763026999999999,4294963356,4017,4294967286,-3941,4017,-10,-0.013550497609669561,0.051050880620834134,0.032201324699295375,0.075828699310009157,0.53262006788296434,0.11954936183435302,2.7685145002427456,0.14398763328255082,0.16170464748055882,0,0,0
5.6813001999999999,4294963329,4012,4294967289,-3968,4012,-7,-0.012954628822273669,0.054977871437821381,0.031415926535897934,0.096049685138275526,0.6505440597517822,-0.0095013584558477637,-4.1235437460143514,0.12336991455247906,0.16173014260189292,0,0,0
5.6862342000000003,4294963300,4007,4294967291,-3997,4007,-5,-0.012314621606181785,0.058904862254808621,0.032201324699295375,0.1109555607932188,0.71345510506771992,0.068210657706633815,-1.8788191700288039,0.11397581870233504,0.15817161736643862,0,0,0
5.6912254000000004,4294963268,4000,4294967294,-4029,4000,-2,-0.011608406747045911,0.06440264939859075,0.032986722862692816,0.12508499873057796,0.89357643712589874,0.10966909286399709,-1.6958645175229305,0.1054964961147204,0.14881314476566176,0,0,0
5.6963851999999999,4294963236,3994,1,-4061,3994,1,-0.010902191887910039,0.069115038378975438,0.032986722862692816,0.13262288560396979,0.9163895034383871,0.058507155003706748,-4.6991213700692152,0.082000889264374321,0.12955917688369817,0,0,0
5.7013698000000002,4294963207,3989,4,-4090,3989,4,-0.010262184671818154,0.073042029195962685,0.032201324699295368,0.13046692769475446,0.85528048334535489,-0.042066648853918191,-9.2931305734033245,0.0355352363973577,0.095951875140996803,0,0,0
5.7060537,4294963183,3984,6,-4114,3984,6,-0.0097325235274662494,0.076969020012949932,0.03298672286269283,0.11902119851169107,0.82267954886747519,0.05083746309634174,-5.4673632446846119,0.0081984201739346389,0.063169329322537826,0,0,0
5.7110884999999998,4294963163,3980,8,-4134,3980,8,-0.0092911392405063287,0.080110612666539724,0.03298672286269283,0.1046785972477903,0.73200781927306735,0.027121181143181763,-6.2222154123280067,-0.022912656887705395,0.025701365062360926,0,0,0
5.7160447000000003,4294963150,3978,9,-4147,3978,9,-0.0090042394539823802,0.081681408993334634,0.032986722862692844,0.082613218439186509,0.53707649275178526,0.01446882715621336,-5.775024070605296,-0.051787777240731872,-0.011812657249213113,0,0,0
5.7210077000000004,4294963144,3977,10,-4153,3977,10,-0.0088718241678944036,0.082466807156732075,0.032201324699295382,0.05642782978033787,0.35980343218007105,-0.065560572312122922,-8.1207403658617814,-0.092391479070040777,-0.054589167009498195,0,0,0
5.7260071999999997,4294963146,3977,10,-4151,3977,10,-0.0089159625965903964,0.082466807156732075,0.032201324699295382,0.025985354668484797,0.19195084620177336,-0.034975784573634698,-5.5747810662084829,-0.1202653844010832,-0.093614523997735635,0,0,0
5.7310146,4294963155,3979,9,-4142,3979,9,-0.0091145855257223594,0.080896010829937165,0.032201324699295375,-0.0046691151060704768,-0.044155548060529279,-0.018659164546602682,-3.1616213488647089,-0.13607349114540673,-0.12642136018291469,0,0,0
5.7359665,4294963170,3982,8,-4127,3982,8,-0.0094456237409423008,0.078539816339744828,0.031415926535897934,-0.033377571245831975,-0.2433950169219436,-0.083233961367338211,-4.3042762095007703,-0.15759487219291057,-0.15866635792201955,0,0,0
5.7409550999999999,4294963194,3986,6,-4103,3986,6,-0.0099752848852942052,0.075398223686155036,0.031415926535897934,-0.067225183074491712,-0.42296642012684249,-0.044404327163811902,-0.86090283724173622,-0.16189938637911924,-0.17891063523862777,0,0,0
5.7459625000000001,4294963224,3992,3,-4073,3992,3,-0.010637361315734086,0.070685834705770348,0.031415926535897934,-0.097637142473279981,-0.66532466382120892,-0.023689179734806835,2.1852573193794997,-0.15097309978222173,-0.18587045943281863,0,0,0
5.7509515999999996,4294963258,3999,4294967295,-4039,3999,-1,-0.011387714603565951,0.065188047561988219,0.032201324699295389,-0.12209800169016222,-0.86789941990192521,0.060641624015781499,7.8562209126291833,-0.11169199521907582,-0.17158728420522021,0,0,0
5.7559065,4294963293,4006,4294967292,-4004,4006,-4,-0.012160137105745813,0.059690260418206069,0.031415926535897934,-0.1372066890429457,-0.97597063982667431,-0.040927935055173968,5.0109304540400643,-0.086637342948875498,-0.15070415962768419,0,0,0
5.7605471000000001,4294963323,4012,4294967289,-3974,4012,-7,-0.012822213536185694,0.054977871437821381,0.031415926535897934,-0.13497144250407114,-0.96034582935419732,-0.02183456594488541,6.3405836908118527,-0.054934424494816232,-0.12378998382045213,0,0,0
5.7665435,4294963357,4018,4294967286,-3940,4018,-10,-0.013572566824017558,0.050265482457436693,0.031415926535897934,-0.14201540614581151,-0.95201017904157514,-0.011648480905739729,7.5599701288594519,-0.017134573850518975,-0.082000272529236362,0,0,0
5.7714945999999996,4294963380,4023,4294967284,-3917,4023,-12,-0.014080158754021467,0.046338491640449446,0.030630528372500479,-0.12312306397283164,-0.87428368957627511,-0.079493845134531907,4.4237834284606627,0.0049843432917843385,-0.046830489073311825,0,0,0
5.7762852000000002,4294963395,4026,4294967282,-3902,4026,-14,-0.014411196969241407,0.043982297150257102,0.031415926535897927,-0.096571342308963387,-0.68625849450018472,0.030870499597703778,8.1800048887339418,0.045884367735454054,-0.0057847528609548463,0,0,0
5.7813467999999997,4294963403,4027,4294967282,-3894,4027,-14,-0.014587750684025376,0.043196898986859661,0.030630528372500486,-0.067992543164279662,-0.43939025351797434,-0.056810475390608697,3.0035611921836565,0.060902173696372339,0.026575841918343421,0,0,0
5.7862239000000004,4294963404,4027,4294967282,-3893,4027,-14,-0.014609819898373372,0.043196898986859661,0.030630528372500486,-0.038332322323861599,-0.23440946759334005,-0.030307712070113936,2.681748835118678,0.074310917871965726,0.054064250971548364,0,0,0
5.7912132999999999,4294963400,4027,4294967282,-3897,4027,-14,-0.014521543040981388,0.043196898986859661,0.030630528372500486,-0.012213396412763247,-0.12505465940005284,-0.016168803457623875,2.2563592250883517,0.085592713997407491,0.07780121742087627,0,0,0
5.7961948999999997,4294963391,4025,4294967283,-3906,4025,-13,-0.014322920111849423,0.04476769531365455,0.030630528372500479,0.01201629082650189,0.079843867058651097,-0.0086258640918356385,1.0756388984940153,0.090970908489877572,0.095725695495564589,0,0,0
5.8011869999999996,4294963378,4022,4294967284,-3919,4022,-12,-0.014036020325325475,0.047123889803846894,0.031415926535897927,0.033178981470394477,0.2624343100985026,0.068677723523652312,2.9773535933199362,0.10585767645647726,0.11421927705989424,0,0,0
5.8061714000000002,4294963360,4019,4294967285,-3937,4019,-11,-0.013638774467061547,0.049480084294039245,0.032201324699295389,0.054764576217959438,0.35984413700731244,0.10991826691513412,3.6783343319069877,0.1242493481160122,0.13240525931652308,0,0,0
5.8111547000000003,4294963339,4015,4294967287,-3958,4015,-9,-0.013175320965753629,0.052621676947629037,0.032201324699295375,0.072457564743066138,0.48509063891042453,0.058640086392595978,0.30339629225194154,0.12576632957727191,0.14388694455026618,0,0,0
5.8161452999999996,4294963314,4010,4294967289,-3983,4010,-7,-0.012623590607053729,0.056548667764616277,0.03298672286269283,0.090133004467904509,0.62518767541857101,0.10456330704302105,0.93179589384492534,0.13042530904649655,0.15242290394047558,0,0,0
5.8202908000000004,4294963291,4006,4294967292,-4006,4006,-4,-0.01211599867704982,0.059690260418206069,0.031415926535897934,0.095444420540463176,0.62664825670080571,-0.090775759511479773,-8.003272943746726,0.090408944327762919,0.14290432482061388,0,0,0
5.8258938999999996,4294963259,3999,4294967295,-4038,3999,-1,-0.011409783817913946,0.065188047561988219,0.032201324699295389,0.11680999012648899,0.84726601729700091,0.024851732632893239,-5.1085712739486366,0.064866087958019736,0.12043595456308878,0,0,0
5.8314880999999996,4294963228,3993,2,-4069,3993,2,-0.01072563817312607,0.069900436542372907,0.032201324699295389,0.12614915679729127,0.89168344596624083,0.013258103402628693,-6.6143593386010586,0.031794291265014443,0.08732616746388866,0,0,0
5.8356045999999999,4294963208,3989,4,-4089,3989,4,-0.010284253886166149,0.073042029195962685,0.032201324699295368,0.10848127810695216,0.7688205766141335,0.0070730402757549007,-6.4671595460795421,-0.00054150646538327074,0.055249790202147556,0,0,0
5.8407802999999996,4294963188,3985,6,-4109,3985,6,-0.0098428695992062287,0.076183621849552477,0.032201324699295375,0.099055675230813961,0.70327469897750339,0.0037733827549236202,-6.5932275954130262,-0.0335076444424484,0.015220397572199871,0,0,0
5.8463570999999996,4294963176,3983,7,-4121,3983,7,-0.0095780390270302773,0.077754418176347387,0.032201324699295382,0.077554346243274896,0.52174771525421382,0.0020130547628809379,-5.7598033665881188,-0.062306661275388996,-0.023855658270011661,0,0,0
5.8504759999999996,4294963173,3982,7,-4124,3982,7,-0.0095118313839862891,0.078539816339744828,0.032986722862692823,0.047551650921305165,0.35162571193413139,0.074353460034727564,-1.4250099515001184,-0.069431711032889587,-0.051323189796039802,0,0,0
5.8560683999999998,4294963176,3983,7,-4121,3983,7,-0.0095780390270302773,0.077754418176347387,0.032201324699295382,0.019190908690075635,0.11430861054627357,-0.033612833832070907,-4.4387597141632824,-0.091625509603705996,-0.080133572876486481,0,0,0
5.8603860000000001,4294963183,3984,6,-4114,3984,6,-0.0097325235274662494,0.076969020012949932,0.03298672286269283,-0.004175650595672405,-0.0122972368564098,0.055347472734783035,0.48659661857974212,-0.08919252651080728,-0.098444211745416482,0,0,0
5.8659125000000003,4294963197,3987,5,-4100,3987,5,-0.010041492528338193,0.074612825522757595,0.032201324699295389,-0.031055203543437743,-0.22639898729227159,-0.04375230171602007,-2.0590121195303386,-0.09948758710845898,-0.11393574668495175,0,0,0
5.8718770999999998,4294963218,3991,3,-4079,3991,3,-0.01050494602964611,0.071471232869167789,0.032201324699295375,-0.059808896773967828,-0.41389924072358225,-0.023341331923322845,0.53412027989953392,-0.096816985708961315,-0.11827155766399501,0,0,0
5.8768675000000004,4294963240,3995,1,-4057,3995,1,-0.010990468745302023,0.068329640215577997,0.032201324699295375,-0.077207759950063265,-0.51392839300574888,-0.012452322611297336,2.1731206580027616,-0.085951382418947508,-0.11554473176669409,0,0,0
5.8818552000000004,4294963262,3999,4294967295,-4035,3999,-1,-0.011475991460957935,0.065188047561988219,0.032201324699295389,-0.086489846253033548,-0.56729275451022199,-0.006643165819550303,3.2525326078960997,-0.06968871937946701,-0.10641037262918998,0,0,0
5.8868311999999996,4294963283,4003,4294967293,-4014,4003,-3,-0.011939444962265853,0.06204645490839842,0.032201324699295389,-0.089382618493427601,-0.59576200586154093,-0.0035440498518735557,3.9826267473102894,-0.049775585642915565,-0.091611410683701544,0,0,0
5.8918045000000001,4294963303,4007,4294967292,-3994,4007,-4,-0.012380829249225773,0.058904862254808621,0.030630528372500482,-0.088866767771196009,-0.61095001241974889,-0.14844974697424271,-1.8465269736264576,-0.059008220511047857,-0.085304330329727049,0,0,0
5.8959447000000003,4294963317,4010,4294967290,-3980,4010,-6,-0.012689798250097717,0.056548667764616277,0.031415926535897934,-0.076236905977780781,-0.54577311375394866,-0.0059166528442286953,3.9663364428792884,-0.039176538296651416,-0.074001703380045483,0,0,0
5.9010448000000002,4294963333,4012,4294967289,-3964,4012,-7,-0.013042905679665654,0.054977871437821381,0.031415926535897934,-0.07361724564430859,-0.43772249520947559,-0.0031564638315163137,3.8797706352411714,-0.019777685120445559,-0.056444767326910422,0,0,0
5.9056008999999996,4294963346,4015,4294967288,-3951,4015,-8,-0.013329805466189601,0.052621676947629037,0.030630528372500486,-0.066042357265535312,-0.45335829627298874,-0.07496345515609075,0.94798137727330412,-0.015037778234079039,-0.043183827657050436,0,0,0
5.9111013999999997,4294963357,4017,4294967287,-3940,4017,-9,-0.013572566824017558,0.051050880620834134,0.030630528372500476,-0.057883023998674329,-0.3884202906430263,-0.039992110592817348,2.1788159121514692,-0.004143698673321693,-0.028181955486303881,0,0,0
5.9160877000000003,4294963365,4018,4294967286,-3932,4018,-10,-0.013749120538801526,0.050265482457436693,0.031415926535897934,-0.04735278608139841,-0.28049711868821597,0.05194420455315156,5.622447840357462,0.023968540528465615,-0.0057604370704285451,0,0,0
5.9210855999999996,4294963370,4019,4294967286,-3927,4019,-10,-0.013859466610541507,0.049480084294039245,0.030630528372500486,-0.035557698768013922,-0.22292139169754799,-0.045567904761710375,1.0797249550613237,0.029367165303772234,0.010617912972099703,0,0,0
5.9260913000000004,4294963371,4019,4294967286,-3926,4019,-10,-0.013881535824889503,0.049480084294039245,0.030630528372500486,-0.021028719102060819,-0.11892590772009699,-0.024309934526346062,1.2477061763873671,0.035605696185709072,0.024416924318674649,0,0,0
5.9310836,4294963369,4018,4294967286,-3928,4018,-10,-0.01383739739619351,0.050265482457436693,0.031415926535897934,-0.0071003506864080849,0.0098339638011457481,0.060310458727006931,4.0220198264090605,0.055715795317754377,0.042489995268749178,0,0,0
5.9360555000000002,4294963365,4017,4294967286,-3932,4017,-10,-0.013749120538801526,0.051050880620834134,0.032201324699295375,0.0044484885171133066,0.078525821868148618,0.10545443079111605,5.4433862436822942,0.082932726536165846,0.066500996096573561,0,0,0
5.9410423000000003,4294963359,4016,4294967287,-3938,4016,-9,-0.01361670525271355,0.051836278784231589,0.031415926535897934,0.01472787722355939,0.11517211010181627,-0.017020836312164993,-0.23013323465791452,0.081782060362876274,0.082548215665836713,0,0,0
5.9460192000000003,4294963348,4014,4294967288,-3949,4014,-8,-0.013373943894885594,0.053407075111026485,0.031415926535897934,0.030507359995747919,0.20800198774918632,-0.0090804134729510367,-0.81871496072468897,0.077688485559252826,0.091709969204336883,0,0,0
5.9509968000000004,4294963334,4011,4294967289,-3963,4011,-7,-0.01306497489401365,0.055763269601218829,0.032201324699295382,0.045102856926449691,0.33080514126351951,0.068435226842014418,1.449255292648199,0.084934762022493823,0.10114172389612586,0,0,0
5.9560149999999998,4294963317,4007,4294967291,-3980,4007,-5,-0.012689798250097717,0.058904862254808621,0.032201324699295375,0.059066711510697797,0.46959868050386577,0.036509378531332258,-1.0888577395508827,0.079490473324739408,0.10316267379515663,0,0,0
5.9610113,4294963298,4004,4294967293,-3999,4004,-3,-0.012270483177485792,0.061261056745000965,0.031415926535897934,0.070634482162563433,0.4703638615169593,-0.053802200632413401,-5.5852713487748256,0.05156411658086528,0.090904732156864981,0,0,0
5.9659833999999998,4294963279,4000,4294967295,-4018,4000,-1,-0.011851168104873867,0.06440264939859075,0.03141592653589792,0.07680575004580692,0.54405159576699003,-0.028702833311888068,-5.3949006357984359,0.024589613401873101,0.07084013647180043,0,0,0
5.9709728999999996,4294963262,3996,1,-4035,3996,1,-0.011475991460957935,0.067544242052180556,0.031415926535897934,0.075979827443008963,0.5833631244488694,-0.015312619752464002,-5.396155726341167,-0.0023911652298327368,0.044972094364929743,0,0,0
5.9755050000000001,4294963248,3993,2,-4049,3993,2,-0.011167022460085991,0.069900436542372907,0.032201324699295389,0.069361876782091325,0.53105583755122066,0.065110419010671702,-1.9125883164771391,-0.011954106812218432,0.022486680428601864,0,0,0
5.9815091000000002,4294963237,3991,3,-4060,3991,3,-0.010924261102258035,0.071471232869167789,0.032201324699295375,0.059653948128901305,0.42987100362202046,0.034735633148143832,-2.7984854208911112,-0.025946533916673988,-0.0013966594449312635,0,0,0
5.9864825000000002,4294963232,3990,4,-4065,3990,4,-0.010813915030518054,0.072256631032565244,0.031415926535897927,0.042120222226938571,0.30261058042974609,-0.054748472670972895,-5.9057451934226988,-0.055475259883787487,-0.029906539626554436,0,0,0
5.9914768,4294963232,3990,4,-4065,3990,4,-0.010813915030518054,0.072256631032565244,0.031415926535897927,0.022470636952182519,0.16143914089743602,-0.029207658175390765,-3.9181987234806477,-0.075066253501190727,-0.056230953550641713,0,0,0
5.9964491000000004,4294963236,3990,4,-4061,3990,4,-0.010902191887910039,0.072256631032565244,0.031415926535897927,0.0037513761623383362,0.08612585910476081,-0.015581937805230676,-2.6547301588096346,-0.0883399042952389,-0.080115389474944274,0,0,0
6.0016030999999996,4294963244,3991,3,-4053,3991,3,-0.011078745602694007,0.071471232869167789,0.032201324699295375,-0.014471567593954574,-0.027332399124637488,0.064966741036804193,1.7591473840170035,-0.079544167375153879,-0.092821628894120059,0,0,0
6.0066277000000001,4294963256,3994,2,-4041,3994,2,-0.01134357617486996,0.069115038378975438,0.03141592653589792,-0.032429732123442537,-0.23442006730999465,-0.038620536631882932,-1.2114676510960289,-0.085601505630634026,-0.10503585901174035,0,0,0
6.0116261,4294963272,3997,1,-4025,3997,1,-0.011696683604437895,0.066758843888783101,0.030630528372500479,-0.050246640088661434,-0.34489887209870734,-0.093883115656673607,-2.5336917305193243,-0.098269964283230649,-0.11707543566800203,0,0,0
6.0165733000000001,4294963291,4000,4294967295,-4006,4000,-1,-0.01211599867704982,0.06440264939859075,0.03141592653589792,-0.065929079096334053,-0.40383799877146564,0.023193995134652284,3.3462291265574047,-0.081538818650443629,-0.11545562011232888,0,0,0
6.0215483000000001,4294963312,4004,4294967293,-3985,4004,-3,-0.012579452178357736,0.061261056745000965,0.031415926535897934,-0.078413694071631179,-0.50856084024270787,0.012373720189163278,3.9955111504820824,-0.061561262898033216,-0.10506227296447006,0,0,0
6.0265414000000002,4294963333,4008,4294967292,-3964,4008,-4,-0.013042905679665654,0.058119464091411173,0.029845130209103034,-0.085074087482810007,-0.56442922903283776,-0.13995780622062215,-1.8259708235675269,-0.070691117015870858,-0.10162337386559508,0,0,0
6.0315440000000002,4294963353,4011,4294967290,-3944,4011,-6,-0.013484289966625575,0.055763269601218829,0.030630528372500482,-0.086568217786934798,-0.52095482982880281,-0.0013863035819212527,4.2451193097370403,-0.049465520467185657,-0.087516094755757015,0,0,0
6.0365209000000002,4294963371,4015,4294967288,-3926,4015,-8,-0.013881535824889503,0.052621676947629037,0.030630528372500486,-0.083247097985282348,-0.57104127487812661,-0.00073957645159160432,4.7934653640581999,-0.025498193646894658,-0.068207573321037412,0,0,0
6.0415082,4294963388,4018,4294967287,-3909,4018,-9,-0.014256712468805435,0.050265482457436693,0.029845130209103034,-0.079416209859293319,-0.52448227754501275,-0.073674074521392865,1.7035462549600986,-0.016980462372094163,-0.050506289732707571,0,0,0
6.0464848,4294963400,4020,4294967286,-3897,4020,-10,-0.014521543040981388,0.04869468613064179,0.029845130209103031,-0.067076925352172689,-0.42636408764263778,-0.039304241379321897,2.698523015517249,-0.0034878472945079168,-0.033129639154454271,0,0,0
6.0514779000000001,4294963410,4022,4294967285,-3887,4022,-11,-0.014742235184461348,0.047123889803846894,0.029845130209103034,-0.056375843489597517,-0.37401920181030468,-0.020968344705238069,3.2304892460074868,0.012664598935529518,-0.013507474113526761,0,0,0
6.0564695999999998,4294963416,4023,4294967285,-3881,4023,-11,-0.014874650470549323,0.046338491640449446,0.029059732045705586,-0.04243050270323994,-0.27281430929721456,-0.084465881482154698,-0.12239175998958673,0.012052640135581584,-0.0014173394725799406,0,0,0
6.0614663999999996,4294963419,4023,4294967284,-3878,4023,-12,-0.014940858113593311,0.046338491640449446,0.030630528372500479,-0.028813498679349334,-0.14554318508930883,0.10149749670979161,7.1040309507949413,0.047572794889556291,0.023149526922439718,0,0,0
6.0659768999999999,4294963418,4023,4294967284,-3879,4023,-12,-0.014918788899245316,0.046338491640449446,0.030630528372500479,-0.013312548145381502,-0.077645555984614492,0.054147705770232264,4.5708279994058234,0.070426934886585413,0.04708276144442182,0,0,0
6.0709286000000002,4294963415,4022,4294967285,-3882,4022,-11,-0.014852581256201328,0.047123889803846894,0.029845130209103034,-0.00092475510947602479,0.031856539848077618,-0.04439236310369276,-0.41822854951063881,0.068335792139032223,0.063176900760496493,0,0,0
6.0769001999999999,4294963407,4020,4294967285,-3890,4020,-11,-0.01467602754141736,0.04869468613064179,0.031415926535897934,0.015979536263684015,0.1635541232163526,0.12287624153282214,5.7316608957443105,0.096994096617753781,0.087166554415096381,0,0,0
6.0819245999999998,4294963397,4018,4294967286,-3900,4018,-10,-0.0144553353979374,0.050265482457436693,0.031415926535897934,0.029115994925040328,0.23381321556880569,0.065553011535794625,2.6231959803243945,0.11011007651937575,0.10903127026881478,0,0,0
6.0858658999999999,4294963385,4016,4294967287,-3912,4016,-9,-0.014190504825761447,0.051836278784231589,0.031415926535897934,0.040242359705425855,0.27129560462970875,0.034971750989504148,0.76100017731252534,0.11391507740593838,0.12760505854706505,0,0,0
6.0918485000000002,4294963361,4011,4294967290,-3936,4011,-6,-0.013660843681409542,0.055763269601218829,0.030630528372500482,0.070887465965544696,0.51113057069539503,-0.054622506614513358,-5.1794399460480864,0.08801787767569795,0.12205265463054174,0,0,0
6.0968350999999998,4294963338,4006,4294967292,-3959,4006,-4,-0.013153251751405633,0.059690260418206069,0.031415926535897934,0.085177154942818911,0.63907966891867751,0.044139062507629431,-2.2740452180408877,0.076647651585493512,0.11513090401191772,0,0,0
6.1018262999999999,4294963314,4001,4294967294,-3983,4001,-2,-0.012623590607053729,0.063617251235193309,0.032201324699295375,0.094859644100311113,0.70733898908664461,0.096827183491762475,-0.93677563484647797,0.071963773411261117,0.10636307280616379,0,0,0
6.106808,4294963292,3997,1,-4005,3997,1,-0.012138067891397816,0.066758843888783101,0.030630528372500479,0.095906916232510742,0.67047500421021278,-0.094902889297285631,-9.4934570885084923,0.024496487968718651,0.078349636811486351,0,0,0
6.1117933999999998,4294963271,3993,3,-4026,3993,3,-0.011674614390089899,0.069900436542372907,0.030630528372500493,0.094406513180450069,0.65080850728847517,-0.05062956125023791,-8.0266671739059881,-0.015636847900811289,0.041684001412401306,0,0,0
6.1161152999999997,4294963257,3990,4,-4040,3990,4,-0.011365645389217955,0.072256631032565244,0.031415926535897927,0.079192294181294434,0.56703714609522937,0.04626925130784619,-3.5576338065975177,-0.033425016933798873,0.010814016405236368,0,0,0
6.1210674999999997,4294963248,3988,5,-4049,3988,5,-0.011167022460085991,0.07382742735936014,0.031415926535897934,0.060780138216389737,0.44906660323212499,0.024684094556438049,-3.8162284623056575,-0.052506159245327158,-0.019893701451819443,0,0,0
6.1260493,4294963245,3987,6,-4052,3987,6,-0.011100814817042002,0.074612825522757595,0.030630528372500493,0.038602810701477135,0.31285120422308987,-0.060110848806789928,-6.5884024677139372,-0.085448171583896837,-0.055325109937128691,0,0,0
6.1310433,4294963247,3987,6,-4050,3987,6,-0.011144953245737995,0.074612825522757595,0.030630528372500493,0.016475919266440889,0.16690239173652913,-0.032068421983800284,-4.4216643502909934,-0.1075564933353518,-0.08881051879656808,0,0,0
6.1360229999999998,4294963256,3988,5,-4041,3988,5,-0.01134357617486996,0.07382742735936014,0.031415926535897934,-0.0097422856460612026,0.015760919074042812,0.056171398063574768,0.62602150509752952,-0.10442638580986416,-0.10909252960195671,0,0,0
6.1406111000000001,4294963268,3991,4,-4029,3991,4,-0.011608406747045911,0.071471232869167789,0.030630528372500472,-0.029906716524829124,-0.21143029524539922,-0.043312747365163301,-2.0570347007326326,-0.11471155931352732,-0.13021157082738638,0,0,0
6.1462181999999999,4294963290,3995,2,-4007,3995,2,-0.012093929462701825,0.068329640215577997,0.030630528372500479,-0.061255302889488168,-0.4059136217773644,-0.023106834911751535,0.61469587464167519,-0.11163807994031895,-0.13761894879829456,0,0,0
6.1512120000000001,4294963314,3999,0,-3983,3999,0,-0.012623590607053729,0.065188047561988219,0.0306305283725005,-0.082097620913015909,-0.50966816039794893,-0.012327221248225646,2.3466251823226836,-0.099904954028705528,-0.13656334883120536,0,0,0
6.1561924000000001,4294963339,4004,4294967294,-3958,4004,-2,-0.013175320965753629,0.061261056745000965,0.029845130209103031,-0.095275859632022022,-0.63829949044070244,-0.079855945024192534,0.68998891615247038,-0.096455009447943177,-0.13388864628754574,0,0,0
6.1607050000000001,4294963362,4008,4294967292,-3935,4008,-4,-0.013682912895757538,0.058119464091411173,0.029845130209103034,-0.09818807252472625,-0.63364325386770226,-0.042602195673232236,2.7038284605279541,-0.082935867145303405,-0.12681290689993965,0,0,0
6.1666866000000002,4294963392,4014,4294967289,-3905,4014,-7,-0.014344989326197419,0.053407075111026485,0.029845130209103038,-0.11415547526075046,-0.77771824569073789,-0.022727764046002002,5.0379197016648778,-0.057746268636979015,-0.10417416088753863,0,0,0
6.1716740999999997,4294963415,4018,4294967287,-3882,4018,-9,-0.014852581256201328,0.050265482457436693,0.029845130209103034,-0.10826012262703036,-0.70802149946834136,-0.012124991455670942,5.5355322914641834,-0.030068607179658098,-0.079141636128499962,0,0,0
6.1766610000000002,4294963435,4022,4294967285,-3862,4022,-11,-0.015293965543161248,0.047123889803846894,0.029845130209103034,-0.098937691415996148,-0.67083911537089469,-0.0064685385461818283,5.8538889952437119,-0.00079916220343953862,-0.049053770763376491,0,0,0
6.1816474000000001,4294963450,4024,4294967284,-3847,4024,-12,-0.01562500375838119,0.045553093477052005,0.029845130209103038,-0.083668734071290218,-0.50444371767249641,-0.0034508882811514407,5.2754006179677848,0.025577840886399385,-0.017557747290676363,0,0,0
6.1866320999999997,4294963459,4026,4294967283,-3838,4026,-13,-0.015823626687513154,0.043982297150257102,0.029845130209103031,-0.063168265588187666,-0.41567375458803424,-0.0018410078016807881,4.7654468150499865,0.049405074961649323,0.013435872464366158,0,0,0
6.1916207999999999,4294963463,4026,4294967283,-3834,4026,-13,-0.015911903544905136,0.043982297150257102,0.029845130209103031,-0.04193595847706047,-0.22175699785184214,-0.00098215573780251219,3.6425522632847054,0.067617836278072857,0.042471878805205504,0,0,0
6.1966016000000002,4294963461,4026,4294967283,-3836,4026,-13,-0.015867765116209145,0.043982297150257102,0.029845130209103031,-0.018254113910561563,-0.11830471747007315,-0.00052396838971443638,2.7396518661197145,0.081316095608671424,0.067558790032936342,0,0,0
6.2015919999999998,4294963454,4024,4294967284,-3843,4024,-12,-0.015713280615773172,0.045553093477052005,0.029845130209103038,0.0046754194543396407,0.08344488069385303,-0.00027953089602018649,1.3046126024480464,0.087839158620911656,0.087059834944431813,0,0,0
6.2065771999999999,4294963444,4022,4294967285,-3853,4022,-11,-0.015492588472293213,0.047123889803846894,0.029845130209103034,0.02308538322695218,0.19107588869672187,-0.0001491264041191187,0.28502647969327249,0.089264291019378023,0.10187087040104048,0,0,0
6.2115684,4294963429,4019,4294967286,-3868,4019,-10,-0.015161550257073272,0.049480084294039245,0.030630528372500486,0.043202430970663092,0.32177526899040193,0.073199962131352533,2.2217066146050928,0.10037282409240349,0.11568534390318701,0,0,0
6.2165556000000004,4294963410,4016,4294967288,-3887,4016,-8,-0.014742235184461348,0.051836278784231589,0.029845130209103038,0.062171077420726417,0.39150183189006682,-0.034228211226620682,-3.3809796118731841,0.083467926033037571,0.11497825501681375,0,0,0
6.2215518999999997,4294963389,4011,4294967290,-3908,4011,-6,-0.01427878168315343,0.055763269601218829,0.030630528372500482,0.076408844931394243,0.57525916141378675,0.055019176223263751,-1.0455241392813548,0.078240305336630803,0.1119689794489542,0,0,0
6.2260856000000002,4294963369,4007,4294967292,-3928,4007,-4,-0.01383739739619351,0.058904862254808621,0.030630528372500482,0.081945414079338599,0.60001198907337794,0.029352075296753995,-2.7471510066905678,0.064504550303177963,0.10379092787673933,0,0,0
6.2310998,4294963347,4003,4294967294,-3950,4003,-2,-0.013351874680537598,0.06204645490839842,0.030630528372500486,0.089017328310710533,0.61321732785060101,0.015658982619627941,-3.9611141578223084,0.044698979514066421,0.086987026397958384,0,0,0
6.2360753000000004,4294963327,3999,0,-3970,3999,0,-0.012910490393577678,0.065188047561988219,0.0306305283725005,0.088671889808923959,0.620262218827073,0.008353880746175369,-4.7122057126225005,0.021137950950953919,0.064574056695267792,0,0,0
6.2410496999999996,4294963310,3995,2,-3987,3995,2,-0.012535313749661745,0.068329640215577997,0.030630528372500479,0.082310271693854492,0.62402058426605411,0.0044566958924778773,-5.1651493537324589,-0.0046877958177083748,0.037581035309499113,0,0,0
6.2460278000000002,4294963297,3993,3,-4000,3993,3,-0.012248413963137797,0.069900436542372907,0.030630528372500493,0.070679983138512953,0.47946658888568749,0.0023775941842528788,-4.7086044810155379,-0.028230818222786065,0.0087308268489958742,0,0,0
6.2510481999999996,4294963290,3991,4,-4007,3991,4,-0.012093929462701825,0.071471232869167789,0.030630528372500472,0.052120701121961162,0.40234875383062096,0.0012684181827444349,-4.2632787043395393,-0.04954721174448376,-0.019215789695870518,0,0,0
6.2560384999999998,4294963288,3991,4,-4009,3991,4,-0.012049791034005832,0.071471232869167789,0.030630528372500472,0.031923993873326346,0.2146482686339822,0.00067668599501757485,-3.1744350536983847,-0.065419387012975685,-0.044720086778746351,0,0,0
6.2610007999999997,4294963290,3991,4,-4007,3991,4,-0.012093929462701825,0.071471232869167789,0.030630528372500472,0.012912850026043589,0.1145122950895535,0.00036100391975000986,-2.3908411217809027,-0.077373592621880205,-0.067827177410777678,0,0,0
6.2659874999999996,4294963296,3992,4,-4001,3992,4,-0.012226344748789801,0.070685834705770348,0.029845130209103031,-0.0054658098653842229,-0.012188573578229341,-0.073086927999992515,-4.6060756398125138,-0.10040397082094277,-0.094297790164152767,0,0,0
6.2709764999999997,4294963306,3994,3,-3991,3994,3,-0.012447036892269761,0.069115038378975438,0.029845130209103024,-0.023507047098557231,-0.15306149743540831,-0.038991005702429561,-2.0909159843182534,-0.11085855074253403,-0.11651709783194177,0,0,0
6.2759669999999996,4294963322,3997,2,-3975,3997,2,-0.012800144321837697,0.066758843888783101,0.029059732045705583,-0.0454864938873282,-0.30149504396241211,-0.094080756493927831,-3.1789414020457563,-0.1267532577527628,-0.13736387091547153,0,0,0
6.2809454000000002,4294963344,4001,0,-3953,4001,0,-0.01328566703749361,0.063617251235193309,0.02905973204570559,-0.06956692857423219,-0.45396209264500348,-0.05019096319035183,0.14143767369114624,-0.12604606938430707,-0.148151466784227,0,0,0
6.2861606999999999,4294963370,4006,4294967293,-3927,4006,-3,-0.013859466610541507,0.059690260418206069,0.029845130209103034,-0.090649994758875141,-0.60858096669299044,0.046503238149572065,5.8568224830399016,-0.096761956969107554,-0.14073560443301811,0,0,0
6.2911473999999998,4294963397,4011,4294967291,-3900,4011,-5,-0.0144553353979374,0.055763269601218829,0.029059732045705586,-0.1039566697547883,-0.69106829465550679,-0.048470595542046822,2.9333589026305367,-0.08209516245595487,-0.12979777295070122,0,0,0
6.2961150999999997,4294963423,4016,4294967288,-3874,4016,-8,-0.015029134970985297,0.051836278784231589,0.029845130209103038,-0.10899651213440714,-0.73507430178943545,0.04742103380224183,7.8584137459205348,-0.042803093726352194,-0.1039458059808665,0,0,0
6.3011198000000004,4294963447,4021,4294967286,-3850,4021,-10,-0.015558796115337201,0.047909287967244349,0.02905973204570559,-0.10756698749946866,-0.75855098253185649,-0.047980962491292314,4.3609663962362823,-0.020998261745170783,-0.076904694704882343,0,0,0
6.3060818999999997,4294963467,4025,4294967284,-3830,4025,-12,-0.016000180402297122,0.04476769531365455,0.029059732045705583,-0.098567912079925074,-0.69779599283426963,-0.025597272088194012,5.2909733627617639,0.005456605068638036,-0.045676032623802557,0,0,0
6.3110644999999996,4294963482,4028,4294967283,-3815,4028,-13,-0.016331218617517063,0.042411500823462206,0.028274333882308135,-0.083471461199164723,-0.59210441006422676,-0.086935359115487193,2.2019569939194295,0.016466390038235183,-0.019428412653713961,0,0,0
6.3160634,4294963491,4029,4294967282,-3806,4029,-14,-0.016529841546649025,0.041626102660064758,0.029059732045705583,-0.06306302286021305,-0.38916017074380516,0.026900540509176188,5.9830400489633035,0.0463815902830517,0.011832850038023195,0,0,0
6.3210673000000002,4294963494,4030,4294967281,-3803,4030,-15,-0.016596049189693013,0.040840704496667317,0.029845130209103041,-0.039820702472291629,-0.28089183591081679,0.08763063729757728,7.8408821452647501,0.085586001009375454,0.048565836238985721,0,0,0
6.3260579999999997,4294963492,4030,4294967282,-3805,4030,-14,-0.016551910760997022,0.040840704496667317,0.028274333882308142,-0.017125650022408439,-0.14985244934313707,-0.099809137171052983,-1.1863184348123945,0.079654408835313481,0.06954365609826052,0,0,0
6.3310418000000004,4294963485,4028,4294967282,-3812,4028,-14,-0.016397426260561052,0.042411500823462206,0.029845130209103031,0.0052774414998953707,0.066614541438636932,0.093312052521198244,5.603020471480006,0.10766951119271351,0.098199676865638741,0,0,0
6.3360212000000002,4294963473,4026,4294967283,-3824,4026,-13,-0.016132595688385098,0.043982297150257102,0.029845130209103031,0.027524775344271991,0.1820971031350416,0.049780868775326823,2.683555774641408,0.12108729006592055,0.12187223594567331,0,0,0
6.3409988000000004,4294963456,4023,4294967284,-3841,4023,-12,-0.015757419044469166,0.046338491640449446,0.030630528372500479,0.049689014322378128,0.31698519382078416,0.099837019947822805,3.6062459345338413,0.13911851973858974,0.14527426073307181,0,0,0
6.3459757000000003,4294963433,4018,4294967287,-3864,4018,-9,-0.015249827114465256,0.050265482457436693,0.029845130209103034,0.073868033441619074,0.53550542241567922,-0.020017658099828299,-3.3383923780956941,0.12242655784811127,0.15102828574107521,0,0,0
6.3509969999999996,4294963406,4013,4294967289,-3891,4013,-7,-0.014653958327069363,0.054192473274423933,0.030630528372500486,0.095003693246880627,0.65208336203356065,0.062600337084225563,-1.2224319751289392,0.11631439797246657,0.15187756847442027,0,0,0
6.3559694999999996,4294963377,4007,4294967292,-3920,4007,-4,-0.014013951110977479,0.058904862254808621,0.030630528372500482,0.11039753657578177,0.78755582379565514,0.033396534332722771,-3.8937961687987452,0.096845417128472833,0.1419431878725258,0,0,0
6.3609608,4294963348,4002,4294967295,-3949,4002,-1,-0.013373943894885594,0.062831853071795868,0.029845130209103038,0.11860996866787293,0.786549249524511,-0.055462865941793921,-8.4624556636119799,0.054533138810412933,0.11554799593718443,0,0,0
6.3659631000000001,4294963321,3996,1,-3976,3996,1,-0.012778075107489701,0.067544242052180556,0.031415926535897934,0.11887298286245658,0.85929177343007335,0.11697026010630458,-1.9386805889807626,0.044839735865509121,0.093766864162900851,0,0,0
6.3709204000000001,4294963297,3992,3,-4000,3992,3,-0.012248413963137797,0.070685834705770348,0.031415926535897934,0.11283596701489292,0.75154000506556662,0.062402240778542263,-4.0991403956237349,0.024344033887390447,0.067271478714975283,0,0,0
6.3769074000000003,4294963274,3987,5,-4023,3987,5,-0.011740822033133888,0.074612825522757595,0.032201324699295389,0.10755618069176884,0.7673352391411129,0.10657037160476956,-2.5695519510858045,0.011496274131961423,0.03997306872601239,0,0,0
6.3819097999999999,4294963261,3985,7,-4036,3985,7,-0.011453922246609939,0.076183621849552477,0.030630528372500472,0.084148374937669981,0.55592325054036029,-0.089705014469737929,-9.9181424744494198,-0.038094438240285682,0.002254585976697681,0,0,0
6.3861347999999998,4294963254,3984,7,-4043,3984,7,-0.011299437746173967,0.076969020012949932,0.031415926535897927,0.059305927752960515,0.36985795301595559,0.025422962361257358,-3.9150040375929338,-0.057669458428250352,-0.02838063143281519,0,0,0
6.3907553999999998,4294963253,3983,7,-4044,3983,7,-0.011277368531825972,0.077754418176347387,0.032201324699295382,0.033698116450034385,0.27059433262136279,0.086842366952005798,-0.3658941164562779,-0.059498929010531741,-0.049263732377451984,0,0,0
6.3967314000000002,4294963257,3984,7,-4040,3984,7,-0.011365645389217955,0.076969020012949932,0.031415926535897927,0.0097411027674119879,0.071079334678224249,-0.026950150720958958,-3.8491533333996202,-0.078744695677529841,-0.072306873494773896,0,0,0
6.4017179000000004,4294963264,3986,7,-4033,3986,7,-0.011520129889653927,0.075398223686155036,0.029845130209103031,-0.0092170095185356363,-0.10863906001052248,-0.16093662304677592,-8.4343584611683191,-0.12091648798337143,-0.10664419508386049,0,0,0
6.4067014000000002,4294963277,3988,6,-4020,3988,6,-0.011807029676177876,0.07382742735936014,0.029845130209103038,-0.031685598228980552,-0.20451668332697945,-0.085857771815872286,-4.2882305941989527,-0.1423576409543662,-0.13634070818661359,0,0,0
6.4116911999999999,4294963296,3992,4,-4001,3992,4,-0.012226344748789801,0.070685834705770348,0.029845130209103031,-0.056026984305950843,-0.40222529215246194,-0.045804098791385882,-0.9696716671297636,-0.14720599929001502,-0.15745029723887305,0,0,0
6.4167154000000002,4294963321,3996,2,-3976,3996,2,-0.012778075107489701,0.067544242052180556,0.029845130209103038,-0.081367485474989037,-0.50770048046704619,-0.024435941228364115,1.3098279837875642,-0.14065685937107719,-0.16771829279498118,0,0,0
6.4216702000000003,4294963350,4002,4294967295,-3947,4002,-1,-0.013418082323581586,0.062831853071795868,0.029845130209103038,-0.10312278212183383,-0.71052927592250248,-0.013036283639934362,3.6337209649189615,-0.12248825454648238,-0.16576066808477713,0,0,0
6.426056,4294963377,4007,4294967292,-3920,4007,-4,-0.014013951110977479,0.058904862254808621,0.030630528372500482,-0.11061075327563837,-0.74545650353632542,0.066324817218025925,7.9154406096125962,-0.082911051498419402,-0.14981001724859189,0,0,0
6.4303704000000002,4294963404,4013,4294967290,-3893,4013,-6,-0.014609819898373372,0.054192473274423933,0.029059732045705586,-0.11460549671262679,-0.83736928281514467,-0.11117553845442299,1.3397272570899839,-0.076212415212969481,-0.13751907689364551,0,0,0
6.4363156000000004,4294963439,4019,4294967286,-3858,4019,-10,-0.015382242400553232,0.049480084294039245,0.030630528372500486,-0.1332095268649896,-0.88640365597947979,0.087248212797958663,11.102785450663548,-0.020698487959651742,-0.093799864056181792,0,0,0
6.4412982000000003,4294963464,4024,4294967284,-3833,4024,-12,-0.015933972759253134,0.045553093477052005,0.029845130209103038,-0.12254345277036863,-0.83928339082475278,-0.026733636795323659,6.3896253366032809,0.011249638723364666,-0.053844959886962612,0,0,0
6.4462657999999999,4294963482,4028,4294967282,-3815,4028,-14,-0.016331218617517063,0.042411500823462206,0.029845130209103031,-0.1024394574231485,-0.7408657712236344,-0.014262076861860746,6.5189255674098927,0.043844266560414132,-0.012100040563231437,0,0,0
6.4513128999999996,4294963492,4030,4294967281,-3805,4030,-15,-0.016551910760997022,0.040840704496667317,0.029845130209103041,-0.075241333220290169,-0.54180210462886813,-0.0076086481600277107,5.6867982876826959,0.072278257998827616,0.027952705168330302,0,0,0
6.4555444,4294963495,4030,4294967281,-3802,4030,-15,-0.01661811840404101,0.040840704496667317,0.029845130209103041,-0.046317686019004177,-0.28904497054759709,-0.0040591231826770189,4.2906736171540008,0.093731626084597619,0.06442136919550992,0,0,0
6.4611052000000004,4294963490,4029,4294967282,-3807,4029,-14,-0.016507772332301031,0.041626102660064758,0.029059732045705583,-0.014414382584432462,-0.080922530284905383,-0.075445013170247988,-0.39561473653226775,0.091753552401936278,0.086988063760727527,0,0,0
6.4656737,4294963480,4027,4294967282,-3817,4027,-14,-0.016287080188821069,0.043196898986859661,0.030630528372500486,0.012901201177980926,0.10338783237607849,0.1063100225254959,5.9153705540126857,0.12133040517199971,0.1166709772604896,0,0,0
6.4716557999999997,4294963461,4024,4294967284,-3836,4024,-12,-0.015867765116209145,0.045553093477052005,0.029845130209103038,0.04600573218091554,0.27499473521241213,-0.016564388311037993,-0.9989085196510108,0.11633586257374465,0.12880227921833931,0,0,0
6.4766396000000004,4294963440,4020,4294967286,-3857,4020,-10,-0.015404311614901229,0.04869468613064179,0.029845130209103031,0.067784825757578729,0.43982449351664055,-0.0088369039001480899,-2.2000083340470185,0.10533582090350956,0.13304080356329898,0,0,0
6.4816314999999998,4294963416,4015,4294967288,-3881,4015,-8,-0.014874650470549323,0.052621676947629037,0.030630528372500486,0.085581043603649404,0.60103872592138963,0.068565136299172116,-0.36110787920306819,0.10353028150749422,0.13435878149376157,0,0,0
6.4866220999999999,4294963391,4010,4294967290,-3906,4010,-6,-0.014322920111849423,0.056548667764616277,0.031415926535897934,0.097134224153711521,0.68704459902371595,0.10985820297166364,0.40698601942865409,0.10556521160463748,0.1349218630239862,0,0,0
6.4916048999999996,4294963365,4005,4294967293,-3932,4005,-3,-0.013749120538801526,0.060475658581603517,0.030630528372500482,0.10535681865411578,0.73292770808769969,-0.014671476297965523,-5.7690735959954171,0.076719843624660403,0.12051764651956459,0,0,0
6.4965960000000003,4294963340,4000,4294967295,-3957,4000,-1,-0.013197390180101626,0.06440264939859075,0.03141592653589792,0.1076843646352319,0.7574058003555687,0.065452461408326043,-2.989806442259562,0.061770811413362589,0.10501120307502539,0,0,0
6.5006006000000003,4294963321,3996,1,-3976,3996,1,-0.012778075107489701,0.067544242052180556,0.031415926535897934,0.096571421121300544,0.69718505178109091,0.034918108693943267,-4.201599584960797,0.040762813488558605,0.088161769220227976,0,0,0
6.5065723000000002,4294963295,3991,3,-4002,3991,3,-0.012204275534441804,0.071471232869167789,0.032201324699295375,0.10505656993869457,0.73833751887203058,0.091907914443659811,-2.5711127046621924,0.027907249965247641,0.063490124606070411,0,0,0
6.5115844000000003,4294963278,3988,5,-4019,3988,5,-0.011829098890525871,0.07382742735936014,0.031415926535897934,0.091051303419424162,0.61373283140003276,-0.024247741459303841,-7.080464111439932,-0.0074950705919520216,0.033031133896171572,0,0,0
6.5165907000000001,4294963265,3986,6,-4032,3986,6,-0.011542199104001923,0.075398223686155036,0.031415926535897934,0.075343219467953887,0.47397819524757545,-0.01293588130439461,-5.994426953157336,-0.037467205357738703,4.7900466576267231e-06,0,0,0
6.5215950999999999,4294963259,3984,7,-4038,3984,7,-0.011409783817913946,0.076969020012949932,0.031415926535897927,0.052549371906940694,0.39942076118546921,-0.0069011386236632185,-5.1624904905815452,-0.063279657810646428,-0.031812396857631917,0,0,0
6.5265921999999996,4294963258,3984,7,-4039,3984,7,-0.011387714603565951,0.076969020012949932,0.031415926535897927,0.030093574369390839,0.21308621942699141,-0.0036816752706931742,-3.8671809525110783,-0.082615562573201823,-0.061682283132632937,0,0,0
6.5316134999999997,4294963262,3985,7,-4035,3985,7,-0.011475991460957935,0.076183621849552477,0.030630528372500472,0.0078181224935519097,0.040399441147907972,-0.075243649204197072,-5.7592783123577203,-0.11141195413499043,-0.095048172965810321,0,0,0
6.5365963000000002,4294963272,3987,6,-4025,3987,6,-0.011696683604437895,0.074612825522757595,0.030630528372500493,-0.016420227382205055,-0.12500641784488792,-0.040141590780673767,-2.9705881161757346,-0.1262648947158691,-0.12301685947282151,0,0,0
6.5415836000000001,4294963288,3990,5,-4009,3990,5,-0.012049791034005832,0.072256631032565244,0.029845130209103038,-0.041705759964944841,-0.28652799310625776,-0.094694579930959533,-3.9126882478967677,-0.14582833595535294,-0.15009997854844565,0,0,0
6.5465751000000001,4294963310,3995,2,-3987,3995,2,-0.012535313749661745,0.068329640215577997,0.030630528372500479,-0.067549952051056503,-0.51925686854650799,0.022761088607974857,3.0213813853005504,-0.1307214290288502,-0.15978507951017934,0,0,0
6.5515672,4294963338,4000,0,-3959,4000,0,-0.013153251751405633,0.06440264939859075,0.029845130209103031,-0.09369218232919177,-0.64341495204690613,-0.061136749579393031,1.0011371233383115,-0.12571574341215863,-0.16282481614151154,0,0,0
6.5564901999999998,4294963368,4006,4294967293,-3929,4006,-3,-0.013815328181845514,0.059690260418206069,0.029845130209103034,-0.11175697138257956,-0.78293133029907913,-0.032615727828624874,3.7237784289724587,-0.10709685126729634,-0.15496352109470007,0,0,0
6.5614777999999996,4294963398,4012,4294967290,-3899,4012,-6,-0.014477404612285395,0.054977871437821381,0.029845130209103034,-0.12139432121063487,-0.85736165660877584,-0.017400102378840061,5.4831712203233458,-0.079680995165679613,-0.13703134599522118,0,0,0
6.5661293000000001,4294963425,4017,4294967287,-3872,4017,-9,-0.015073273399681288,0.051050880620834134,0.030630528372500476,-0.12035840178541932,-0.82378983001900752,0.063996771889139215,9.4131663788469577,-0.032615163271444821,-0.1050552873520246,0,0,0
6.5710715000000004,4294963451,4022,4294967285,-3846,4022,-11,-0.015647072972729183,0.047123889803846894,0.029845130209103034,-0.1177466408460161,-0.80587966033718983,-0.039138003620886694,5.4358642761449811,-0.0054358418907199148,-0.070309210754656723,0,0,0
6.5754422999999997,4294963469,4026,4294967283,-3828,4026,-13,-0.016044318830993113,0.043982297150257102,0.029845130209103031,-0.099880415386302629,-0.72304527881050207,-0.020879658840823854,5.907165635241773,0.024099986285488952,-0.03473397381430382,0,0,0
6.5814246000000001,4294963485,4029,4294967282,-3812,4029,-14,-0.016397426260561052,0.041626102660064758,0.029059732045705583,-0.086230776345355614,-0.60557460344110037,-0.084418568629641588,2.7253600506430815,0.037726786538704357,-0.0012695428173993203,0,0,0
6.5863838000000001,4294963492,4030,4294967281,-3805,4030,-15,-0.016551910760997022,0.040840704496667317,0.029845130209103041,-0.060416864104831991,-0.39634635849506089,0.028243218261147195,6.3048027103624715,0.069250800090516706,0.0347685447513768,0,0,0
6.5913675999999999,4294963492,4030,4294967281,-3805,4030,-15,-0.016551910760997022,0.040840704496667317,0.029845130209103041,-0.032231677500997417,-0.21144606220444012,0.015067420596408806,4.4680194725452189,0.091590897453242809,0.067148523925622136,0,0,0
6.5963877999999996,4294963486,4029,4294967281,-3811,4029,-15,-0.016419495474909045,0.041626102660064758,0.030630528372500482,-0.0048405545263472526,-0.039524436802161084,0.081317808743661263,6.0202493232079162,0.12169214406928239,0.10180017480189223,0,0,0
6.6013558000000003,4294963475,4027,4294967282,-3822,4027,-14,-0.01617673411708109,0.043196898986859661,0.030630528372500486,0.020067834695843688,0.12547322224299878,0.043382082558367605,3.1006005252178235,0.1371951466953715,0.1317315794544664,0,0,0
6.6063223000000004,4294963457,4024,4294967284,-3840,4024,-12,-0.01577948825881716,0.045553093477052005,0.029845130209103038,0.04776993555318923,0.2867770276935182,-0.050135694880396819,-2.4508392141228086,0.12494095062475746,0.14537562007675708,0,0,0
6.6113327999999996,4294963434,4019,4294967286,-3863,4019,-10,-0.015271896328813253,0.049480084294039245,0.030630528372500486,0.072844227772390718,0.51938972553308049,0.0465327231347481,-0.24018280466959019,0.12374003660140952,0.15438795133693328,0,0,0
6.6162492999999998,4294963407,4014,4294967288,-3890,4014,-8,-0.01467602754141736,0.053407075111026485,0.031415926535897934,0.09445750511475573,0.64348582966706025,0.098104172930444572,0.57410001480157558,0.12661053667541738,0.15969556995000767,0,0,0
6.6212267000000002,4294963377,4008,4294967291,-3920,4008,-5,-0.014013951110977479,0.058119464091411173,0.031415926535897934,0.11216526197451859,0.78296914266535689,0.052337407944734363,-2.842477716220039,0.1123981480943172,0.15401282302299793,0,0,0
6.6262119999999998,4294963347,4003,4294967294,-3950,4003,-2,-0.013351874680537598,0.06204645490839842,0.030630528372500486,0.12161213937913888,0.78410230976386464,-0.045358135434924313,-7.8089134491436143,0.073353580848599123,0.13225455218269128,0,0,0
6.6312050999999999,4294963317,3997,1,-3980,3997,1,-0.012689798250097717,0.066758843888783101,0.030630528372500479,0.12665193597250143,0.85798636020815056,-0.02419802508863015,-7.971806325150971,0.033494549222844269,0.099020268680842724,0,0,0
6.6361854999999998,4294963291,3992,3,-4006,3992,3,-0.01211599867704982,0.070685834705770348,0.031415926535897934,0.12110416638569932,0.8241231019497357,0.060370161079309724,-4.6266264654531009,0.010361416895578766,0.065954361025226754,0,0,0
6.6411733999999996,4294963271,3988,5,-4026,3988,5,-0.011674614390089899,0.07382742735936014,0.031415926535897934,0.10578983580269904,0.73277793765131116,0.032206761993063361,-5.5367256095398201,-0.017322211152120334,0.030487634803779744,0,0,0
6.6461671999999998,4294963257,3985,6,-4040,3985,6,-0.011365645389217955,0.076183621849552477,0.032201324699295375,0.085265161237312218,0.6107668610273238,0.090461443267921229,-2.3863046063901558,-0.029253734184071116,0.0011143003160247397,0,0,0
6.6511586999999999,4294963250,3984,7,-4047,3984,7,-0.011211160888781983,0.076969020012949932,0.031415926535897927,0.059901719944113349,0.39911636608318979,-0.02501941660566756,-6.08363128156331,-0.059671890591887669,-0.032080423249326723,0,0,0
6.6561393999999998,4294963250,3984,7,-4047,3984,7,-0.011211160888781983,0.076969020012949932,0.031415926535897927,0.031956854226058901,0.21292382826493889,-0.013347560805170638,-4.3097377621206716,-0.081220579402491028,-0.061487018485694003,0,0,0
6.6611381999999999,4294963254,3985,7,-4043,3985,7,-0.011299437746173967,0.076183621849552477,0.030630528372500472,0.0088121601074542585,0.0403128073968545,-0.080400284026690555,-5.9970866248217316,-0.11120601252659969,-0.095123258117879292,0,0,0
6.6661324000000004,4294963264,3987,6,-4033,3987,6,-0.011520129889653927,0.074612825522757595,0.030630528372500493,-0.015889920153091538,-0.1250526359193615,-0.042892594048579723,-3.0991655437437764,-0.12670184024531858,-0.12338535108525174,0,0,0
6.6711166000000004,4294963281,3990,5,-4016,3990,5,-0.01189530653356986,0.072256631032565244,0.029845130209103038,-0.043481957636313857,-0.28655264989858253,-0.096162207412940057,-3.9322082510767755,-0.14636288150070245,-0.14973562120762576,0,0,0
6.6761308000000001,4294963304,3995,2,-3993,3995,2,-0.012402898463573769,0.068329640215577997,0.030630528372500479,-0.070556642618876231,-0.51927002265157773,0.021978126824180225,3.0602559098898783,-0.13106160195125305,-0.15844428661160537,0,0,0
6.6811303000000004,4294963332,4000,0,-3965,4000,0,-0.013020836465317657,0.06440264939859075,0.029845130209103031,-0.095296215940719547,-0.64342196960530984,-0.061554450366826913,1.0205940755740297,-0.12595863157338291,-0.16135148096647606,0,0,0
6.6861151000000003,4294963363,4006,4294967293,-3934,4006,-3,-0.013704982110105535,0.059690260418206069,0.029845130209103034,-0.11467181447476024,-0.78293507408291607,-0.032838566224360224,3.7836603857163231,-0.1070403296448013,-0.15239807797911514,0,0,0
6.6911304999999999,4294963393,4012,4294967290,-3904,4012,-6,-0.014367058540545416,0.054977871437821381,0.029845130209103034,-0.12294935528771243,-0.8573636538728685,-0.017518984009202716,5.5140490780511673,-0.079470084254545464,-0.13420607328358261,0,0,0
6.6960876999999996,4294963422,4018,4294967287,-3875,4018,-9,-0.0150070657566373,0.050265482457436693,0.029845130209103034,-0.12530621447222223,-0.89707041482763206,-0.0093461693369251211,6.6933028687361649,-0.046003569910864642,-0.10634615201694175,0,0,0
6.7011032000000004,4294963447,4023,4294967285,-3850,4023,-11,-0.015558796115337201,0.046338491640449446,0.029059732045705586,-0.1183271297286545,-0.84497397964078325,-0.078265589330587387,3.8901257626560799,-0.026552941097584243,-0.079322243154004504,0,0,0
6.7060829000000002,4294963467,4027,4294967283,-3830,4027,-13,-0.016000180402297122,0.043196898986859661,0.02905973204570559,-0.10430831981764219,-0.74390163258828168,-0.041753759850094961,5.1399472786398945,-0.00085320470438476903,-0.049286795306631312,0,0,0
6.7110374000000004,4294963483,4030,4294967281,-3814,4030,-15,-0.016353287831865057,0.040840704496667317,0.029845130209103041,-0.088593010627964472,-0.61670121980512871,0.051004385653713818,8.645009489248956,0.042371842741860011,-0.0089745320105966211,0,0,0
6.7160551000000002,4294963491,4032,4294967280,-3806,4032,-16,-0.016529841546649025,0.039269908169872414,0.029845130209103034,-0.063736198225691709,-0.47556179511142771,0.027210232339673592,6.8198461217188342,0.07647107335045418,0.030545066592100614,0,0,0
6.7210568999999998,4294963493,4032,4294967280,-3804,4032,-16,-0.016573979975345019,0.039269908169872414,0.029845130209103034,-0.03812072325026996,-0.25370655426985395,0.01451633490903787,4.944305191213834,0.10119259930652336,0.06799875285895135,0,0,0
6.7260172000000003,4294963488,4031,4294967281,-3809,4031,-15,-0.016463633903605036,0.040055306333269862,0.029059732045705586,-0.010041400564195276,-0.062069906042708775,-0.065535227491755235,0.052824329658236469,0.10145672095481453,0.093096509482282971,0,0,0
6.7310245000000002,4294963477,4029,4294967282,-3820,4029,-14,-0.016220872545777081,0.041626102660064758,0.029059732045705583,0.017293245271053418,0.11344548289510514,-0.034962263413798017,-0.16911946508401199,0.10061112362939448,0.11051989287011468,0,0,0
6.7360094000000004,4294963461,4026,4294967283,-3836,4026,-13,-0.015867765116209145,0.043982297150257102,0.029845130209103031,0.042171504611954777,0.28036037198866909,0.054627568123165569,2.1928796621594207,0.11157552194019157,0.12675448256331986,0,0,0
6.7409834999999996,4294963441,4022,4294967284,-3856,4022,-12,-0.015426380829249225,0.047123889803846894,0.031415926535897927,0.063680200748284371,0.4426869968378947,0.17570219562301079,6.0263957628868514,0.14170750075462582,0.14937404444709088,0,0,0
6.7459493000000004,4294963417,4018,4294967286,-3880,4018,-10,-0.01489671968489732,0.050265482457436693,0.031415926535897934,0.083391275042796004,0.52928631806197035,0.093735028943436285,1.4778790833533417,0.14909689617139252,0.16489665995381786,0,0,0
6.7510418000000003,4294963388,4013,4294967289,-3909,4013,-7,-0.014256712468805435,0.054192473274423933,0.030630528372500486,0.10420244975513326,0.64876554392360419,-0.023272997632613854,-4.9439139411853334,0.12437732646546584,0.16214834267032013,0,0,0
6.7559529999999999,4294963358,4007,4294967292,-3939,4007,-4,-0.013594636038365554,0.058904862254808621,0.030630528372500482,0.11736407388850209,0.78578580734558701,-0.012415867080991256,-5.9337929580553759,0.094708361675188965,0.14832179436646936,0,0,0
6.7609269000000003,4294963327,4001,4294967295,-3970,4001,-1,-0.012910490393577678,0.063617251235193309,0.030630528372500479,0.12644475388579224,0.85888448611938073,-0.006623717228279217,-6.8195617517755496,0.060610552916311219,0.12277443212859929,0,0,0
6.7659208,4294963298,3995,1,-3999,3995,1,-0.012270483177485792,0.068329640215577997,0.032201324699295375,0.12717096799791452,0.89788176071969361,0.14302536432399204,-1.1249732497065592,0.054985686667778422,0.1021412117045446,0,0,0
6.7709226999999998,4294963273,3991,4,-4024,3991,4,-0.011718752818785892,0.071471232869167789,0.030630528372500472,0.11932195352743133,0.7721273037199361,-0.07025670999321855,-10.050114829055005,0.0047351125225033944,0.063570483891751517,0,0,0
6.7758687999999996,4294963253,3987,6,-4044,3987,6,-0.011277368531825972,0.074612825522757595,0.030630528372500493,0.10483904646702365,0.70503879850893858,-0.037481118100621463,-8.5773988829210843,-0.03815188189210203,0.019850197511031991,0,0,0
6.7819124999999998,4294963238,3984,7,-4059,3984,7,-0.01094633031660603,0.076969020012949932,0.031415926535897927,0.086817036712313722,0.59596836063774905,0.053283789144554963,-4.2065584539833321,-0.05918467416201869,-0.020112205277774978,0,0,0
6.7858752000000004,4294963234,3984,7,-4063,3984,7,-0.010858053459214046,0.076969020012949932,0.031415926535897927,0.05455229624072104,0.31794202306732694,0.028426266956829479,-3.5140422423218451,-0.076754885373627915,-0.052920129046852178,0,0,0
6.7908416999999996,4294963236,3984,7,-4061,3984,7,-0.010902191887910039,0.076969020012949932,0.031415926535897927,0.02498477986065728,0.16961828296383177,0.015165074895645064,-2.8407435642657766,-0.0909586031949568,-0.0814593587312957,0,0,0
6.7968060000000001,4294963246,3986,6,-4051,3986,6,-0.01112288403139,0.075398223686155036,0.031415926535897934,-0.0072620201130129871,-0.056069704591508771,0.0080903868573319448,-1.3758419390826424,-0.09783781289037001,-0.10134865653109584,0,0,0
6.8018220999999999,4294963260,3989,5,-4037,3989,5,-0.011431853032261944,0.073042029195962685,0.030630528372500479,-0.032701744925645537,-0.24975107754661774,-0.06896339425131108,-3.1257356047874119,-0.11346649091430708,-0.12138914952606927,0,0,0
6.8067966000000002,4294963279,3993,3,-4018,3993,3,-0.011851168104873867,0.069900436542372907,0.030630528372500493,-0.056569086467423015,-0.42635730277635797,-0.036791149554293814,-0.20966678656084414,-0.1145148248471113,-0.1329270775189699,0,0,0
6.8117824999999996,4294963301,3998,1,-3996,3998,1,-0.01233669082052978,0.06597344572538566,0.029845130209103038,-0.075479359734127394,-0.59385414004099646,-0.092907159436785153,-1.1340790824973483,-0.12018522025959805,-0.1426144818470878,0,0,0
6.8167872999999997,4294963327,4003,4294967294,-3970,4003,-2,-0.012910490393577678,0.06204645490839842,0.030630528372500486,-0.093804206372075205,-0.68321170801710496,0.023714656155389702,5.1102976020564981,-0.094633732249315552,-0.13494071359726126,0,0,0
6.8217420000000004,4294963353,4008,4294967292,-3944,4008,-4,-0.013484289966625575,0.058119464091411173,0.029845130209103034,-0.1035802938244912,-0.73088290638122322,-0.060628032648796591,2.4182608392362823,-0.082542428053134137,-0.12532435934224731,0,0,0
6.8267424999999999,4294963378,4013,4294967289,-3919,4013,-7,-0.014036020325325475,0.054192473274423933,0.030630528372500486,-0.10673660979509952,-0.75631492299652137,0.040935185887601748,7.4665654430559592,-0.045209600837854337,-0.10142402115033125,0,0,0
6.8317484999999998,4294963401,4018,4294967287,-3896,4018,-9,-0.014543612255329384,0.050265482457436693,0.029845130209103034,-0.10430224625169852,-0.76988260099321404,-0.051441085114381196,4.0346566822308603,-0.025036317426700035,-0.076829214791386047,0,0,0
6.8367148000000002,4294963421,4022,4294967285,-3876,4022,-11,-0.014984996542289304,0.047123889803846894,0.029845130209103034,-0.09682621150374579,-0.70384127633619187,-0.027443206301326194,5.0501980629230925,0.00021467288791542777,-0.047428684003638241,0,0,0
6.8416990999999996,4294963435,4025,4294967283,-3862,4025,-13,-0.015293965543161248,0.04476769531365455,0.030630528372500479,-0.080483174420805811,-0.59532949681977176,0.058638895548902843,8.3287065151414836,0.041858205463622844,-0.0098424222461443618,0,0,0
6.8467598000000001,4294963444,4026,4294967283,-3853,4026,-13,-0.015492588472293213,0.043982297150257102,0.029845130209103031,-0.061468807451193888,-0.39088071612062408,-0.041996366841942225,2.9987630234547229,0.056852020580896459,0.021380501989099136,0,0,0
6.8517304000000001,4294963446,4027,4294967282,-3851,4027,-14,-0.015536726900989204,0.043196898986859661,0.030630528372500486,-0.036911097274225209,-0.28180972637953156,0.050874957712748185,6.1311151994997193,0.087507596578395061,0.056071165177001989,0,0,0
6.8566798999999996,4294963442,4026,4294967283,-3855,4026,-13,-0.01544845004359722,0.043982297150257102,0.029845130209103031,-0.01145518977402187,-0.077062613685106071,-0.046138335217503018,0.56968895286552579,0.090356041342722695,0.079490854286065393,0,0,0
6.8617026000000001,4294963434,4025,4294967283,-3863,4025,-13,-0.015271896328813253,0.04476769531365455,0.030630528372500479,0.010361674776135869,0.032167532622658625,0.048665266910709881,3.6279602155359787,0.10849584242040258,0.10532520812497141,0,0,0
6.8666941000000001,4294963420,4023,4294967284,-3877,4023,-12,-0.014962927327941309,0.046338491640449446,0.030630528372500479,0.034355373774916605,0.16372003415800693,0.025962340346633649,1.4605551461988195,0.11579861815139668,0.12431051791841943,0,0,0
6.8716530000000002,4294963402,4019,4294967286,-3895,4019,-10,-0.014565681469677379,0.049480084294039245,0.030630528372500486,0.055392167502873374,0.38046076566439402,0.013850599391783765,-0.70102432714302043,0.11229349651568157,0.13525633198641671,0,0,0
6.8766274999999997,4294963379,4015,4294967288,-3918,4015,-8,-0.01405808953967347,0.052621676947629037,0.030630528372500486,0.076910597745081494,0.49608936477742516,0.0073891298299903173,-2.3122914791297418,0.10073203912003287,0.13573374138283936,0,0,0
6.8816563000000004,4294963354,4010,4294967290,-3943,4010,-6,-0.01350635918097357,0.056548667764616277,0.031415926535897934,0.092508644543715365,0.6310553646857916,0.077221532059842862,-0.6418537473548378,0.097522770383258683,0.13370223856314262,0,0,0
6.8866151999999996,4294963328,4005,4294967292,-3969,4005,-4,-0.012932559607925673,0.060475658581603517,0.032201324699295375,0.10288912701778902,0.70305811833910803,0.11447628702175236,0.036153604113504656,0.097703538403826201,0.13046618103574156,0,0,0
6.8915915999999999,4294963302,4000,4294967295,-3995,4000,-1,-0.012358760034877776,0.06440264939859075,0.03141592653589792,0.10842699079748722,0.74147072993891816,-0.012207783453585738,-6.1373957538862882,0.067016559634394762,0.11276489296286325,0,0,0
6.8961781000000002,4294963279,3996,1,-4018,3996,1,-0.011851168104873867,0.067544242052180556,0.031415926535897934,0.10520404438587899,0.68868388148310977,-0.0065127070911057171,-6.0920574341296589,0.036556272463746466,0.089327273207260263,0,0,0
6.9009862000000002,4294963258,3992,3,-4039,3992,3,-0.011387714603565951,0.070685834705770348,0.031415926535897934,0.099366420331619854,0.66052272646570387,-0.003474451673869481,-6.17154034173074,0.0056985707550927661,0.059533339843806932,0,0,0
6.9057392999999996,4294963240,3989,4,-4057,3989,4,-0.010990468745302023,0.073042029195962685,0.032201324699295368,0.090074786630243667,0.57221956634052973,0.07142594070093479,-2.7305613031124292,-0.0079542357604693806,0.032280492691760948,0,0,0
6.9113613999999997,4294963226,3986,6,-4071,3986,6,-0.010681499744430079,0.075398223686155036,0.031415926535897934,0.076881369652896173,0.52511088200803979,-0.035174630533087663,-7.125090665928008,-0.043579689090109418,-0.0042817597122632202,0,0,0
6.9163302,4294963220,3985,6,-4077,3985,6,-0.010549084458342102,0.076183621849552477,0.032201324699295375,0.053369956712916979,0.35341992134565109,0.054514272794084578,-2.2381788951034864,-0.054770583565626849,-0.031262012263866941,0,0,0
6.9213087,4294963220,3985,6,-4077,3985,6,-0.010549084458342102,0.076183621849552477,0.032201324699295375,0.028472236328388894,0.18854531919225928,0.029082715330135848,-2.1211850392940659,-0.065376508762097177,-0.054028650304447784,0,0,0
6.9263114000000003,4294963224,3986,6,-4073,3986,6,-0.010637361315734086,0.075398223686155036,0.031415926535897934,0.0069531579570443931,0.027307163128024808,-0.057764237006796219,-4.6924701406762521,-0.08883885946547844,-0.080242284028295557,0,0,0
6.9313133999999996,4294963232,3988,5,-4065,3988,5,-0.010813915030518054,0.07382742735936014,0.031415926535897934,-0.012763455136206593,-0.13199099225375066,-0.03081653253408978,-2.3676866124520513,-0.1006772925277387,-0.1025609477184309,0,0,0
6.9362618999999999,4294963246,3991,4,-4051,3991,4,-0.01112288403139,0.071471232869167789,0.030630528372500472,-0.035636694994430999,-0.29025418037472572,-0.089719772407676729,-3.5577028081327708,-0.11846580656840255,-0.12400955719624232,0,0,0
6.9412941999999997,4294963264,3995,2,-4033,3995,2,-0.011520129889653927,0.068329640215577997,0.030630528372500479,-0.05607573711434647,-0.44796522578739317,-0.047864430114899055,-0.39373007529484871,-0.1204344569448768,-0.13806174103666607,0,0,0
6.9462488999999996,4294963288,3999,0,-4009,3999,0,-0.012049791034005832,0.065188047561988219,0.0306305283725005,-0.07933438425495476,-0.5321021903485782,-0.025535103453159073,1.8030859913397492,-0.11141902698817804,-0.1409152606971211,0,0,0
6.9512554,4294963313,4004,4294967293,-3984,4004,-3,-0.012601521392705733,0.061261056745000965,0.031415926535897934,-0.093801705782080191,-0.65026777825454429,0.059656845694976035,6.7671385526182899,-0.077583334225086592,-0.12784175780449378,0,0,0
6.9562518000000004,4294963339,4010,4294967291,-3958,4010,-5,-0.013175320965753629,0.056548667764616277,0.029845130209103034,-0.10357895978950798,-0.78658723147117171,-0.11473282185370506,0.60579835214339006,-0.074554342464369636,-0.11769998688844036,0,0,0
6.9612084999999997,4294963363,4014,4294967288,-3934,4014,-8,-0.013704982110105535,0.053407075111026485,0.031415926535897934,-0.10467678784060244,-0.7127529977622592,0.085350444467805597,9.3828604832893721,-0.027640040047922775,-0.088257881500259414,0,0,0
6.9662036000000001,4294963385,4019,4294967286,-3912,4019,-10,-0.014190504825761447,0.049480084294039245,0.030630528372500486,-0.10114424550648557,-0.74664283265573417,-0.027746073599110167,5.1464482460868668,-0.0019077988174884403,-0.057468095092893037,0,0,0
6.9712019999999999,4294963401,4022,4294967285,-3896,4022,-11,-0.014543612255329384,0.047123889803846894,0.029845130209103034,-0.086905014663635288,-0.61816361739641335,-0.088081719131679864,2.0443896127401033,0.0083141492462120766,-0.032482031737481203,0,0,0
6.9761613000000002,4294963413,4024,4294967284,-3884,4024,-12,-0.014808442827505337,0.045553093477052005,0.029845130209103038,-0.071072113531794975,-0.47634196681081709,-0.046990548199582274,3.0834604391825371,0.023731451442124761,-0.0069598770029898512,0,0,0
6.9812019999999997,4294963419,4026,4294967283,-3878,4026,-13,-0.014940858113593311,0.043982297150257102,0.029845130209103031,-0.050270787754211232,-0.40068180516451912,-0.025068897858320276,3.4358141362435326,0.040910522123342424,0.017007070746603743,0,0,0
6.9857401000000001,4294963420,4026,4294967283,-3877,4026,-13,-0.014962927327941309,0.043982297150257102,0.029845130209103031,-0.028877976859360922,-0.21375897137215669,-0.013373958464193132,2.7723092947357326,0.054772068597021085,0.038236955424015992,0,0,0
6.9916910000000003,4294963417,4025,4294967283,-3880,4025,-13,-0.01489671968489732,0.04476769531365455,0.030630528372500479,-0.0092287259611115516,-0.040758346298912673,0.066144671720622897,5.052250984210648,0.080033323518074323,0.063347869507500876,0,0,0
6.9966724999999999,4294963411,4024,4294967284,-3886,4024,-12,-0.014764304398809344,0.045553093477052005,0.029845130209103038,0.0074312461801276115,0.051535426928980589,-0.037992124639933567,-0.21379916860812398,0.078964327675033696,0.079470587273955146,0,0,0
7.0007244999999996,4294963403,4023,4294967284,-3894,4023,-12,-0.014587750684025376,0.046338491640449446,0.030630528372500479,0.020437363440829456,0.10077305582792326,0.053011173241362924,3.1031924375126714,0.094480289862597058,0.099913949494667476,0,0,0
7.0066825000000001,4294963386,4020,4294967285,-3911,4020,-11,-0.014212574040109442,0.04869468613064179,0.031415926535897934,0.045907964475234375,0.273599783063107,0.10156034891105213,3.7582955686333754,0.11327176770576394,0.11689993419248759,0,0,0
7.0116369000000001,4294963368,4017,4294967287,-3929,4017,-9,-0.013815328181845514,0.051050880620834134,0.030630528372500476,0.06155533706274257,0.36580078386532799,-0.01909828262091437,-2.3761719640601697,0.10139090788546309,0.12270045648121652,0,0,0
7.0166499,4294963347,4013,4294967289,-3950,4013,-7,-0.013351874680537598,0.054192473274423933,0.030630528372500486,0.076080354783205545,0.48826843907201173,-0.010188706338549028,-3.2118219655565299,0.085331798057680444,0.11969320320664055,0,0,0
7.0216836999999996,4294963324,4009,4294967291,-3973,4009,-5,-0.012844282750533689,0.057334065928013725,0.030630528372500482,0.087947499285401132,0.55360347466862825,-0.0054355534952406689,-3.9640104621766885,0.065511745746796995,0.10793185432486319,0,0,0
7.0266564999999996,4294963301,4004,4294967293,-3996,4004,-3,-0.01233669082052978,0.061261056745000965,0.031415926535897934,0.094278479552579744,0.6617384573824534,0.070379716233817807,-1.7336964022197554,0.056843263735698216,0.095124442844215243,0,0,0
7.0319088000000001,4294963280,4000,4294967295,-4017,4000,-1,-0.011873237319221864,0.06440264939859075,0.03141592653589792,0.093537761604610942,0.64614766359860387,0.037546740465111694,-3.4410582942600776,0.039637972264397831,0.07760787648815802,0,0,0
7.0356188,4294963265,3998,0,-4032,3998,0,-0.011542199104001923,0.06597344572538566,0.031415926535897941,0.080787935824188389,0.49127112220023084,0.020030738897427465,-3.5530172858814613,0.021872885834990523,0.060798066074257334,0,0,0
7.0415611,4294963246,3994,2,-4051,3994,2,-0.01112288403139,0.069115038378975438,0.03141592653589792,0.08222249665772903,0.55520537035885198,0.010686160657530946,-4.61825444549544,-0.001218386392486677,0.03385437769971588,0,0,0
7.0465330000000002,4294963234,3992,3,-4063,3992,3,-0.010858053459214046,0.070685834705770348,0.031415926535897934,0.068574045939324327,0.44275449178030823,0.005700939450280329,-4.33643611002912,-0.022900566942632278,0.0077101608518742419,0,0,0
7.0515486999999997,4294963227,3991,3,-4070,3991,3,-0.010703568958778074,0.071471232869167789,0.032201324699295375,0.050997208705608275,0.30948376793390459,0.076320902596772378,-0.49905406249037787,-0.025395837255084167,-0.010201279511685167,0,0,0
7.0565195000000003,4294963225,3991,3,-4072,3991,3,-0.010659430530082082,0.071471232869167789,0.032201324699295375,0.031324624048770913,0.16510590457874075,0.040716292636702123,-0.99296955403001008,-0.030360685025234216,-0.024208920322062837,0,0,0
7.0614996999999997,4294963226,3991,3,-4071,3991,3,-0.010681499744430079,0.071471232869167789,0.032201324699295375,0.014652203625204502,0.088082033861582254,0.021721657235060959,-1.1045428236482397,-0.035883399143475415,-0.035846585934647873,0,0,0
7.0665049,4294963228,3992,3,-4069,3992,3,-0.01072563817312607,0.070685834705770348,0.031415926535897934,0.0036985556168472938,-0.026288803187778917,-0.061691273838348437,-3.9499042181978323,-0.055632920234464575,-0.053449341569375836,0,0,0
7.0714778000000003,4294963233,3993,3,-4064,3993,3,-0.010835984244866051,0.069900436542372907,0.030630528372500493,-0.008322415937777182,-0.087304282721734239,-0.10619107920901538,-5.3583897129589069,-0.082424868799259116,-0.076115779703806563,0,0,0
7.0764594000000001,4294963241,3995,2,-4056,3995,2,-0.011012537959650018,0.068329640215577997,0.030630528372500479,-0.020912791893676043,-0.19313483371733128,-0.05665167613812306,-2.463836799780414,-0.094744052798161185,-0.096001405595758121,0,0,0
7.0814798999999997,4294963254,3998,1,-4043,3998,1,-0.011299437746173967,0.06597344572538566,0.029845130209103038,-0.037925158842111173,-0.32287369163910706,-0.10350251385205503,-3.4006718620362841,-0.1117474121083426,-0.11593179260275495,0,0,0
7.0864358999999997,4294963271,4001,4294967295,-4026,4001,-1,-0.011674614390089899,0.063617251235193309,0.030630528372500479,-0.055237495061255769,-0.39208782729213643,0.018062160753953047,2.7349924224135007,-0.098072449996275096,-0.12191951673559198,0,0,0
7.0914213999999998,4294963292,4005,4294967293,-4005,4005,-3,-0.012138067891397816,0.060475658581603517,0.030630528372500482,-0.072709861314017146,-0.50229226369020807,0.0096359476616073789,3.6218512342233646,-0.079963193825158277,-0.117473224477302,0,0,0
7.0964378999999997,4294963315,4010,4294967290,-3982,4010,-6,-0.012645659821401724,0.056548667764616277,0.031415926535897934,-0.086149381158488789,-0.63436453738600318,0.078420182615862033,7.9372001764915749,-0.0402771929427004,-0.095525139928191838,0,0,0
7.1014191000000002,4294963336,4014,4294967288,-3961,4014,-8,-0.013109113322709642,0.053407075111026485,0.031415926535897934,-0.089200984420055765,-0.63154400327401761,0.041836233526751962,6.9506770403586087,-0.0055238077409073549,-0.066127404301416975,0,0,0
7.1063812000000004,4294963354,4018,4294967286,-3943,4018,-10,-0.01350635918097357,0.050265482457436693,0.031415926535897934,-0.084651647630674398,-0.63003928191475711,0.022319132362628519,6.4768376275638966,0.026860380396912131,-0.031008883491249736,0,0,0
7.1113985,4294963366,4021,4294967285,-3931,4021,-11,-0.013771189753149522,0.047909287967244349,0.030630528372500489,-0.069869969054852876,-0.55595701169716427,-0.061372527973068337,2.5876745042896649,0.039798752918360457,-0.0017301236482693168,0,0,0
7.1163036999999996,4294963372,4022,4294967285,-3925,4022,-11,-0.013903605039237498,0.047123889803846894,0.029845130209103034,-0.049629457991991845,-0.36987596419105201,-0.10602103208580521,-0.43142955496190272,0.037641605143550944,0.017801484807546536,0,0,0
7.1212812000000003,4294963373,4022,4294967284,-3924,4022,-12,-0.013925674253585495,0.047123889803846894,0.031415926535897927,-0.028535835068754591,-0.19732442207676562,0.089998080561068852,6.8714910857587457,0.071999060572344675,0.047333396481643517,0,0,0
7.1262727999999997,4294963370,4022,4294967285,-3927,4022,-11,-0.013859466610541507,0.047123889803846894,0.029845130209103034,-0.0090461973903584875,-0.10527022925938885,-0.098546134383645734,-1.9940057900838699,0.062029031621925329,0.061220968321773366,0,0,0
7.1312657000000002,4294963364,4021,4294967285,-3933,4021,-11,-0.013727051324453531,0.047909287967244349,0.030630528372500489,0.0075286229989082508,0.017119105635703478,0.020706330175279147,2.1461183996689868,0.072759623620270261,0.077781377379175176,0,0,0
7.1362448000000001,4294963354,4019,4294967286,-3943,4019,-10,-0.01350635918097357,0.049480084294039245,0.030630528372500486,0.02460753333943862,0.15569187757081238,0.011046580558711458,0.65786446070219107,0.076048945923781211,0.089188432930284181,0,0,0
7.1412411999999996,4294963341,4017,4294967287,-3956,4017,-9,-0.013219459394449622,0.051050880620834134,0.030630528372500476,0.039896259403086234,0.22961880114767583,0.0058932191753500972,-0.39075212943356891,0.074095185276613365,0.095318495308189727,0,0,0
7.1462250999999997,4294963325,4014,4294967288,-3972,4014,-8,-0.012866351964881685,0.053407075111026485,0.031415926535897934,0.054229943474158354,0.34233745377895286,0.076423481540256993,1.631367621245374,0.082252023382840239,0.10177262460986169,0,0,0
7.1512272000000001,4294963308,4011,4294967289,-3989,4011,-7,-0.012491175320965752,0.055763269601218829,0.032201324699295382,0.063935903490258184,0.40247151260157343,0.11405053657346487,2.5990781438640864,0.095247414102160671,0.11081883000165509,0,0,0
7.1562219999999996,4294963288,4007,4294967291,-4009,4007,-5,-0.012049791034005832,0.058904862254808621,0.032201324699295375,0.075291248359615814,0.50783183614443028,0.060844603044493184,-0.63334904185742991,0.092080668892873516,0.1127379973314786,0,0,0
7.1607937000000002,4294963269,4004,4294967293,-4028,4004,-3,-0.011630475961393907,0.061261056745000965,0.031415926535897934,0.07929007935492996,0.49076079473603307,-0.040819648160613758,-5.3484599109512736,0.065338369338117153,0.10343763212792648,0,0,0
7.1667902000000003,4294963244,3999,4294967295,-4053,3999,-1,-0.011078745602694007,0.065188047561988219,0.032201324699295389,0.093778069645539808,0.62821263602616539,0.051502723115801348,-2.7426297477156694,0.051625220599538807,0.086980157860252316,0,0,0
7.1717943999999996,4294963224,3995,1,-4073,3995,1,-0.010637361315734086,0.068329640215577997,0.032201324699295375,0.091211688615820533,0.62826203716097573,0.027476089441041206,-4.097733507520319,0.031136553061937213,0.067533859689285006,0,0,0
7.1767852999999997,4294963206,3992,2,-4091,3992,2,-0.010240115457470158,0.070685834705770348,0.03298672286269283,0.08572433437382182,0.55500887278606847,0.087937685798567145,-1.3878533598034117,0.024197286262920156,0.05066021243907827,0,0,0
7.1817776000000002,4294963192,3990,4,-4105,3990,4,-0.0099311464565982124,0.072256631032565244,0.031415926535897927,0.074560455183234856,0.44264966266529859,-0.099645330452387854,-9.0092513969790957,-0.020848970721975321,0.018800839441695985,0,0,0
7.1867524999999999,4294963182,3988,4,-4115,3988,4,-0.0097104543131182521,0.07382742735936014,0.032986722862692823,0.060368217533794205,0.38270736214146495,0.093399441454847409,-0.41659818409409732,-0.022931961642445809,-0.0015105445246741903,0,0,0
7.1917289000000002,4294963178,3987,5,-4119,3987,5,-0.0096221774557262683,0.074612825522757595,0.032201324699295389,0.040442166185558903,0.27744933936737937,-0.023452029561293899,-4.6528688390815809,-0.04619630583785371,-0.025503824683486664,0,0,0
7.1967014999999996,4294963177,3987,5,-4120,3987,5,-0.0096001082413782728,0.074612825522757595,0.032201324699295389,0.023634524300643583,0.14801591843359091,-0.012511378482866807,-3.3689906352621959,-0.063041259014164686,-0.048913002210936113,0,0,0
7.2017411999999998,4294963180,3988,5,-4117,3988,5,-0.0096663158844222611,0.07382742735936014,0.031415926535897934,0.0064314064648346774,0.0056852104842152196,-0.07995419071576057,-5.3179705239137629,-0.089631111633733496,-0.076539494358626309,0,0,0
7.2066773,4294963187,3990,4,-4110,3990,4,-0.0098208003848582331,0.072256631032565244,0.031415926535897927,-0.010982693081088889,-0.14352604649535888,-0.042654608579685768,-2.661408266287089,-0.10293815296516894,-0.10062819804872006,0,0,0
7.2116578000000002,4294963200,3992,3,-4097,3992,3,-0.010107700171382182,0.070685834705770348,0.031415926535897934,-0.032627569382238028,-0.22312847515069595,-0.022755725707414107,-0.83780202891326905,-0.10712716310973527,-0.11760103244695942,0,0,0
7.2166815,4294963217,3996,1,-4080,3996,1,-0.010482876815298114,0.067544242052180556,0.031415926535897934,-0.0524112941729237,-0.41215446144428142,-0.012139908669041098,1.1401511712318391,-0.10142640725357607,-0.12624790646230347,0,0,0
7.2216668999999998,4294963238,4000,4294967295,-4059,4000,-1,-0.01094633031660603,0.06440264939859075,0.03141592653589792,-0.071202116797060899,-0.51299757403866075,-0.0064764967018683672,2.6024581545266452,-0.088414116480942842,-0.1251705859655329,0,0,0
7.2266203000000004,4294963261,4004,4294967293,-4036,4004,-3,-0.011453922246609939,0.061261056745000965,0.031415926535897934,-0.085345017414284727,-0.5667961736763194,-0.0034551338624362864,3.6889606881354178,-0.069969313040265754,-0.11515335905412563,0,0,0
7.2316661,4294963284,4009,4294967291,-4013,4009,-5,-0.011961514176613848,0.057334065928013725,0.030630528372500482,-0.092890086467058652,-0.66877660519240612,-0.075122792060752688,1.6369991855964634,-0.061784317112283438,-0.1039233896318002,0,0,0
7.2366548000000002,4294963306,4014,4294967288,-3991,4014,-8,-0.012447036892269761,0.053407075111026485,0.031415926535897934,-0.094856180690452971,-0.72318195093057014,0.033202404358092484,7.0261352463384821,-0.02665364088059103,-0.07883128520122186,0,0,0
7.2416096999999997,4294963325,4018,4294967287,-3972,4018,-9,-0.012866351964881685,0.050265482457436693,0.029845130209103034,-0.089727737756434722,-0.67892703568155777,-0.12884595126340065,0.18878973370731522,-0.025709692212054453,-0.062299621872025895,0,0,0
7.2465676999999999,4294963340,4020,4294967285,-3957,4020,-11,-0.013197390180101626,0.04869468613064179,0.031415926535897934,-0.078755333474413283,-0.50875852683993028,0.077821257999705379,8.4019853640825364,0.016300234608358232,-0.031047864432767157,0,0,0
7.2515796999999997,4294963351,4023,4294967284,-3946,4023,-12,-0.013440151537929582,0.046338491640449446,0.030630528372500479,-0.064665245408435088,-0.49125517318620726,-0.031762804915446571,3.6611039653060096,0.034605754434888281,-0.0034859167581705146,0,0,0
7.2565425000000001,4294963357,4024,4294967283,-3940,4024,-13,-0.013572566824017558,0.045553093477052005,0.031415926535897934,-0.046852799909207689,-0.33535830387375543,0.056334441129976945,6.610865984453886,0.067660084357157702,0.030176101189895707,0,0,0
7.2615528999999999,4294963358,4024,4294967283,-3939,4024,-13,-0.013594636038365554,0.045553093477052005,0.031415926535897934,-0.027054521048557226,-0.17890966136515993,0.030053753461115537,4.5395100293212511,0.090357634503763953,0.06239925202049447,0,0,0
7.2662000000000004,4294963354,4024,4294967283,-3943,4024,-13,-0.01350635918097357,0.045553093477052005,0.031415926535897934,-0.0061968237386963079,-0.09544617371945488,0.016033319564093165,3.1807597448771494,0.1062614332281497,0.091871279656157351,0,0,0
7.2711693999999998,4294963345,4022,4294967284,-3952,4022,-12,-0.013307736251841605,0.047123889803846894,0.031415926535897927,0.015226060697300755,0.095639641564491562,0.0085535850481010568,1.5021026137903042,0.11377194629710122,0.11597444192203529,0,0,0
7.2761481000000003,4294963330,4020,4294967285,-3967,4020,-11,-0.012976698036621666,0.04869468613064179,0.031415926535897934,0.039009575997049892,0.19758164839491194,0.0045632357592974831,0.19976973441602741,0.11477079496918136,0.13232873105153037,0,0,0
7.2811554999999997,4294963310,4016,4294967287,-3987,4016,-9,-0.012535313749661745,0.051836278784231589,0.031415926535897934,0.061993349487352432,0.39852553360490378,0.0024344319344262754,-1.5513017663765101,0.10701428613729881,0.13895113312902257,0,0,0
7.2861196000000001,4294963286,4011,4294967289,-4011,4011,-7,-0.012005652605309841,0.055763269601218829,0.032201324699295382,0.082491359983646789,0.57900622263402846,0.07457825973760529,-0.056375014165880977,0.10673241106646941,0.14175583751930243,0,0,0
7.2910911,4294963260,4006,4294967291,-4037,4006,-5,-0.011431853032261944,0.059690260418206069,0.03298672286269283,0.09754502499992164,0.67529052090298325,0.11306613271632852,0.47742896234577703,0.1091195558781983,0.14260098721961884,0,0,0
7.2961136,4294963232,4001,4294967294,-4065,4001,-2,-0.010813915030518054,0.063617251235193309,0.032201324699295375,0.1096941965388204,0.72665704738853432,-0.012960083982130201,-5.8746192751219635,0.079746459502588476,0.12704108999522465,0,0,0
7.3010809999999999,4294963205,3996,0,-4092,3996,0,-0.010218046243122161,0.067544242052180556,0.032986722862692837,0.1141165246087251,0.75406047754929229,0.066365468828011281,-3.1896673366403401,0.063798122819386779,0.10978840185654416,0,0,0
7.3060611,4294963180,3991,3,-4117,3991,3,-0.0096663158844222611,0.071471232869167789,0.032201324699295375,0.11235756344347579,0.76867988119510211,-0.037874332012596441,-8.1911812523687715,0.02284221655754292,0.07856380807995525,0,0,0
7.3110344999999999,4294963158,3987,5,-4139,3987,5,-0.0091807931687663477,0.074612825522757595,0.032201324699295389,0.10524184782096176,0.7031996396469804,-0.020205505086749447,-7.5203622912104029,-0.014759594898509094,0.040675921295661291,0,0,0
7.3160366999999997,4294963142,3984,6,-4155,3984,6,-0.0088276857391984126,0.076969020012949932,0.03298672286269283,0.089091036700435527,0.59498719128726962,0.062500122953754816,-3.5269676871487232,-0.032394433334252709,0.0076077194695563406,0,0,0
7.3210262999999998,4294963133,3982,7,-4164,3982,7,-0.0086290628100664478,0.078539816339744828,0.032986722862692823,0.06606099946712865,0.46397761948753657,0.033343071287557258,-3.9381692437035318,-0.052085279552770369,-0.023690721483154337,0,0,0
7.3260046000000001,4294963131,3982,8,-4166,3982,8,-0.008584924381370455,0.078539816339744828,0.031415926535897934,0.039360977026730221,0.24752653452940018,-0.12877090713171988,-9.5778092878692167,-0.099974325992116447,-0.065125277618053506,0,0,0
7.3310037000000001,4294963134,3983,7,-4163,3983,7,-0.0086511320244144433,0.077754418176347387,0.032201324699295382,0.014821281709309114,0.05877293910846941,0.0045817738582460271,-2.6112377867723202,-0.11303051492597804,-0.097578231560540324,0,0,0
7.3359829000000003,4294963145,3985,7,-4152,3985,7,-0.0088938933822423991,0.076183621849552477,0.030630528372500472,-0.01474323560330428,-0.11520437549124429,-0.14411471679458851,-7.5537944107343877,-0.15079948697964998,-0.13579022128554419,0,0,0
7.3409541000000003,4294963162,3988,5,-4135,3988,5,-0.0092690700261583332,0.07382742735936014,0.031415926535897934,-0.042870215084764358,-0.28129872024221697,-0.0036039658688616916,-0.061613393677774214,-0.15110755394803885,-0.1600068985262755,0,0,0
7.3459512,4294963187,3993,3,-4110,3993,3,-0.0098208003848582331,0.069900436542372907,0.030630528372500493,-0.074348505778252083,-0.51646711374847509,-0.075202192163752873,-1.0847689898437907,-0.15653139889725781,-0.17750647943443867,0,0,0
7.3509396000000002,4294963217,3999,0,-4080,3999,0,-0.010482876815298114,0.065188047561988219,0.0306305283725005,-0.10143735030473501,-0.71520617037710776,-0.0401194739433062,2.3215183172648732,-0.14492380731093343,-0.18228246432580694,0,0,0
7.3559372999999999,4294963251,4006,4294967292,-4046,4006,-4,-0.011233230103129979,0.059690260418206069,0.031415926535897934,-0.12412536731191462,-0.89451060961518203,0.05187625772242202,8.184605456578069,-0.10400078002804308,-0.165398837786949,0,0,0
7.3609204999999998,4294963285,4013,4294967289,-4012,4013,-7,-0.011983583390961844,0.054192473274423933,0.030630528372500486,-0.13622915419571735,-0.99016739262846154,-0.045604153586731963,5.3910265737154299,-0.077045647159465935,-0.14238868533173277,0,0,0
7.3659014999999997,4294963316,4019,4294967286,-3981,4019,-10,-0.012667729035749722,0.049480084294039245,0.030630528372500486,-0.13650904956716903,-0.96791962790611508,-0.024329272842811125,6.849621725928964,-0.042797538529821114,-0.11087153663145144,0,0,0
7.3708850000000004,4294963343,4024,4294967283,-3954,4024,-13,-0.013263597823145614,0.045553093477052005,0.031415926535897934,-0.12842192936370728,-0.8827711910813294,0.060300141965471066,10.568574568641061,0.010045334313384197,-0.065429339963482908,0,0,0
7.3759093,4294963363,4028,4294967281,-3934,4028,-15,-0.013704982110105535,0.042411500823462206,0.031415926535897934,-0.10969377520489366,-0.76406599476826664,0.032169407629681686,9.0108157376912956,0.055099413001840673,-0.016196512732328933,0,0,0
7.3808721999999998,4294963375,4031,4294967280,-3922,4031,-16,-0.013969812682281486,0.040055306333269862,0.030630528372500482,-0.083229645891282997,-0.62745866689259855,-0.056117523424126875,4.4422537981220342,0.07731068199245085,0.026383860938139117,0,0,0
7.3868520999999996,4294963378,4032,4294967280,-3919,4032,-16,-0.014036020325325475,0.039269908169872414,0.029845130209103034,-0.050579355696891017,-0.40802124573111781,-0.10321754974031472,0.90834641692565565,0.081852414077079133,0.057080898317353593,0,0,0
7.3918425000000001,4294963374,4031,4294967280,-3923,4031,-16,-0.013947743467933491,0.040055306333269862,0.030630528372500482,-0.018747042868469746,-0.144394956217691,0.018214185713955493,4.2985752928745455,0.10334529054145186,0.088184729792503691,0,0,0
7.3958189000000001,4294963366,4030,4294967281,-3931,4030,-15,-0.013771189753149522,0.040840704496667317,0.029845130209103041,0.0064715579882622751,-0.0037534702637417594,-0.063562468124699401,-0.42614760699926091,0.10121455250645556,0.10884245731190478,0,0,0
7.4018093,4294963349,4026,4294967282,-3948,4026,-14,-0.013396013109233589,0.043982297150257102,0.031415926535897927,0.038457373583794426,0.29111564548209656,0.11264921879914806,4.9615510140287347,0.12602230757659924,0.13119293859539216,0,0,0
7.4068069000000003,4294963328,4023,4294967284,-3969,4023,-12,-0.012932559607925673,0.046338491640449446,0.030630528372500479,0.063757866338729471,0.37514528787104906,-0.013182502591955469,-1.594022850356829,0.11805219332481509,0.13986369762042583,0,0,0
7.4117737999999997,4294963304,4018,4294967286,-3993,4018,-10,-0.012402898463573769,0.050265482457436693,0.031415926535897934,0.083432708710386022,0.56653313996823407,0.066246811148431797,0.18186698592037676,0.11896152825441697,0.14607868755774434,0,0,0
7.4167680999999996,4294963278,4013,4294967288,-4019,4013,-8,-0.011829098890525871,0.054192473274423933,0.032201324699295382,0.0980472233352008,0.66863627984158702,0.10862140411246669,0.86556142181775808,0.12328933536350577,0.15104245045255599,0,0,0
7.4217649000000003,4294963250,4008,4294967291,-4047,4008,-5,-0.011211160888781983,0.058119464091411173,0.031415926535897934,0.10996211337005744,0.72310708902703003,-0.015331293760421826,-5.4065220405994951,0.096256725160508289,0.14033144559316396,0,0,0
7.4267124999999998,4294963221,4002,4294967293,-4076,4002,-3,-0.010571153672690098,0.062831853071795868,0.03298672286269283,0.11837767557303427,0.82544613633157748,0.1383799759418296,0.056358179499005345,0.096538516058003315,0.13297079368911888,0,0,0
7.4317311000000004,4294963193,3997,0,-4104,3997,0,-0.0099532156709462097,0.066758843888783101,0.032201324699295382,0.12080816752543808,0.8067632800301443,0.00054454991842248224,-6.3079130305837863,0.064998950905084382,0.1117876949226653,0,0,0
7.4367387000000003,4294963168,3992,2,-4129,3992,2,-0.009401485312246308,0.070685834705770348,0.03298672286269283,0.11592747524937647,0.79679619868576457,0.073570030188500016,-3.5279138061967354,0.047359381874100701,0.09097771189545488,0,0,0
7.4417068999999998,4294963145,3988,4,-4152,3988,4,-0.0088938933822423991,0.07382742735936014,0.032986722862692823,0.1092054635183759,0.71819936019358399,0.039248734966777069,-4.9424525903905954,0.022647118922147724,0.064368713634701841,0,0,0
7.4466646000000001,4294963127,3985,6,-4170,3985,6,-0.0084966475239784713,0.076183621849552477,0.032201324699295375,0.095323798998109083,0.60298936356857724,-0.052340786596850458,-8.4852465257098029,-0.019779113706401289,0.028152904944993253,0,0,0
7.4517049999999996,4294963114,3982,7,-4183,3982,7,-0.0082097477374545227,0.078539816339744828,0.032986722862692823,0.077622544978421679,0.54152620239449112,0.045356332964256438,-3.9961559868913699,-0.039759893640858135,-0.0039506681468707977,0,0,0
7.4566603999999996,4294963108,3981,8,-4189,3981,8,-0.0080773324513665461,0.079325214503142283,0.032201324699295389,0.053765364922495409,0.36217729928326914,-0.04908245580002206,-6.9791047162654873,-0.074655417222185577,-0.040611181160506882,0,0,0
7.4616302000000001,4294963108,3982,8,-4189,3982,8,-0.0080773324513665461,0.078539816339744828,0.031415926535897934,0.028683181899318639,0.11993775673914481,-0.099464424942834861,-7.7115055503585905,-0.11321294497397853,-0.081348697467448022,0,0,0
7.4666360999999997,4294963114,3983,7,-4183,3983,7,-0.0082097477374545227,0.077754418176347387,0.032201324699295382,0.0029474743815624677,-0.0092941543995008896,0.020216433097789706,-1.4681497082063182,-0.12055369351501012,-0.11138292018371221,0,0,0
7.4716224999999996,4294963128,3986,6,-4169,3986,6,-0.0085187167383264668,0.075398223686155036,0.031415926535897934,-0.027255101196729352,-0.22479687856494737,-0.062494292990006167,-3.2600510464792283,-0.13685394874740625,-0.13847219136013372,0,0,0
7.4765820999999999,4294963148,3990,4,-4149,3990,4,-0.0089601010252863874,0.072256631032565244,0.031415926535897927,-0.055722477164350949,-0.41304453479692033,-0.033339961071327154,-0.31560877318563052,-0.13843199261333441,-0.15596368075305447,0,0,0
7.4816031000000001,4294963174,3995,1,-4123,3995,1,-0.0095339005983342846,0.068329640215577997,0.032201324699295375,-0.083264144804014076,-0.58675193686450755,0.055493047103022976,5.3003589440637029,-0.11193019789301589,-0.15397569186228824,0,0,0
7.4865804999999996,4294963203,4001,4294967295,-4094,4001,-1,-0.01017390781442617,0.063617251235193309,0.030630528372500479,-0.10413462728672553,-0.75270228649395576,-0.11695415881621359,-0.41141049745237623,-0.11398725038027778,-0.15324948269836644,0,0,0
7.4915444999999998,4294963233,4007,4294967292,-4064,4007,-4,-0.010835984244866051,0.058904862254808621,0.030630528372500482,-0.11732789140929817,-0.84123482173367126,-0.062393650932027186,3.0848132505824721,-0.098563184127365422,-0.14303189226465729,0,0,0
7.4965197000000003,4294963261,4012,4294967289,-4036,4012,-7,-0.011453922246609939,0.054977871437821381,0.031415926535897934,-0.12024812017586883,-0.81518635566614583,0.039993249560085507,7.992171088852059,-0.058602328683105123,-0.11866893340366151,0,0,0
7.5005607999999997,4294963283,4017,4294967287,-4014,4017,-9,-0.011939444962265853,0.051050880620834134,0.030630528372500476,-0.10945136586977217,-0.80128980922793103,-0.05194359692767786,4.2825737865011453,-0.037189459750599396,-0.097247318118731232,0,0,0
7.5065270000000002,4294963310,4022,4294967284,-3987,4022,-12,-0.012535313749661745,0.047123889803846894,0.031415926535897927,-0.11398697733863616,-0.7938761671958483,0.045568228922664766,9.0918714867641217,0.008269897683221214,-0.055238867460346508,0,0,0
7.5114853999999998,4294963327,4026,4294967282,-3970,4026,-14,-0.012910490393577678,0.043982297150257102,0.031415926535897927,-0.095815569415884858,-0.71664155816810271,0.024310107462354829,7.9634465081500831,0.048087130223971632,-0.012488890126345419,0,0,0
7.5165115,4294963337,4028,4294967281,-3960,4028,-15,-0.013131182537057638,0.042411500823462206,0.031415926535897934,-0.071707567851693993,-0.52887877544768902,0.01296915282431191,6.510908164835314,0.080641671048148206,0.030165781443409406,0,0,0
7.5215212999999999,4294963339,4028,4294967281,-3958,4028,-15,-0.013175320965753629,0.042411500823462206,0.031415926535897934,-0.042373354015427189,-0.2821505283321879,0.0069188885833109514,4.7330175321847969,0.10430675870907219,0.068748969167462537,0,0,0
7.5264952000000003,4294963334,4027,4294967282,-3963,4027,-14,-0.01306497489401365,0.043196898986859661,0.030630528372500486,-0.012310128433214629,-0.07724442746826754,-0.069588374629234409,-0.10636805837392282,0.10377491841720257,0.094584819959740385,0,0,0
7.5317036000000002,4294963322,4025,4294967282,-3975,4025,-14,-0.012800144321837697,0.04476769531365455,0.032201324699295375,0.018142016233725855,0.10535005642656214,0.10943446944095056,6.0213735832871595,0.13388178633363837,0.12577240807162593,0,0,0
7.5363756000000004,4294963306,4022,4294967284,-3991,4022,-12,-0.012447036892269761,0.047123889803846894,0.031415926535897927,0.042624313812604453,0.27604155837539768,-0.014897533090396604,-0.73717093546716372,0.13019593165630255,0.14434647748330581,0,0,0
7.5413499000000002,4294963284,4018,4294967286,-4013,4018,-10,-0.011961514176613848,0.050265482457436693,0.031415926535897934,0.068039989589808822,0.44038296120757292,-0.0079476564903615821,-2.0576833400746084,0.11990751495592951,0.15192397268619448,0,0,0
7.5463369,4294963257,4013,4294967288,-4040,4013,-8,-0.011365645389217955,0.054192473274423933,0.032201324699295382,0.091894501257583139,0.60133666178376055,0.069039539202326181,-0.38426986688150588,0.11798616562152198,0.15432906708406521,0,0,0
7.5513307000000003,4294963228,4008,4294967291,-4069,4008,-5,-0.01072563817312607,0.058119464091411173,0.031415926535897934,0.10873881967657587,0.68720354425819985,-0.036447747313158613,-6.1285636999885948,0.087343347121578999,0.14000460484880764,0,0,0
7.5563101000000001,4294963199,4002,4294967293,-4098,4002,-3,-0.010085630957034186,0.062831853071795868,0.03298672286269283,0.11772506295565485,0.80629202276945033,0.12711459944536613,-0.33354364054828967,0.085675628918837551,0.12943354459213927,0,0,0
7.5613048999999997,4294963172,3997,0,-4125,3997,0,-0.0094897621696382918,0.066758843888783101,0.032201324699295382,0.11840089620324989,0.79654478854934285,-0.005465394284098396,-6.4698381536486336,0.053326438150594381,0.10591893659507143,0,0,0
7.5662982999999997,4294963146,3992,2,-4151,3992,2,-0.0089159625965903964,0.070685834705770348,0.03298672286269283,0.11670233492968438,0.79134475517184111,0.07036379652833312,-3.6695704819952808,0.034978585740617976,0.080856651909469543,0,0,0
7.5712817000000001,4294963125,3988,4,-4172,3988,4,-0.0084525090952824785,0.07382742735936014,0.032986722862692823,0.10550062140464563,0.71529107999964991,0.037538247491822593,-4.9211578372108473,0.010372796554563739,0.052759405580964654,0,0,0
7.5762682999999997,4294963108,3985,6,-4189,3985,6,-0.0080773324513665461,0.076183621849552477,0.032201324699295375,0.091288199588340585,0.60143783071955725,-0.053253311294699165,-8.4273757926340451,-0.031764082408606488,0.014508887155353211,0,0,0
7.5812806999999998,4294963098,3983,6,-4199,3983,6,-0.0078566403078865858,0.077754418176347387,0.033772121026090285,0.069292269964733949,0.467418958804586,0.11814903119714595,-0.28114946208750169,-0.033169829719043996,-0.0094496469428963989,0,0,0
7.5862623999999999,4294963094,3982,7,-4203,3982,7,-0.007768363450494602,0.078539816339744828,0.032986722862692823,0.045203041881737863,0.32264196736446599,-0.010248418174389692,-4.7555835423456383,-0.056947747430772189,-0.036974324190445898,0,0,0
7.5912568,4294963096,3983,7,-4201,3983,7,-0.0078125018791905948,0.077754418176347387,0.032201324699295382,0.019997063999558168,0.098846127983130652,-0.078746928340574882,-6.2832466679455408,-0.088363980770499895,-0.067349652260720205,0,0,0
7.5962921000000003,4294963102,3984,6,-4195,3984,6,-0.0079449171652785713,0.076969020012949932,0.03298672286269283,-0.0016864660757730104,-0.020546287162550386,0.031268970812315798,-0.56529450261288949,-0.091190453283564343,-0.08812145844561585,0,0,0
7.6012738999999998,4294963112,3986,5,-4185,3986,5,-0.0081656093087585317,0.075398223686155036,0.03298672286269283,-0.021490812194660529,-0.15752023810139265,0.016681623549045781,-0.0037925152971871601,-0.091209415860050283,-0.10338411239763881,0,0,0
7.6062381999999999,4294963128,3989,4,-4169,3989,4,-0.0085187167383264668,0.073042029195962685,0.032201324699295368,-0.044410856577257095,-0.30387372900897969,-0.064380071788537468,-2.1340710330668657,-0.10187977102538462,-0.11669577523952604,0,0,0
7.6112875999999998,4294963147,3993,2,-4150,3993,2,-0.0089380318109383919,0.069900436542372907,0.032201324699295389,-0.062815758090814022,-0.45523109278980256,-0.034346001602773103,0.47792628154480554,-0.099490139617660595,-0.12285484232594406,0,0,0
7.6162910000000004,4294963169,3998,0,-4128,3998,0,-0.0094235545265943053,0.06597344572538566,0.031415926535897941,-0.078811884654163222,-0.60925796315783431,-0.091602702123692398,-0.60870454041041411,-0.10253366231971267,-0.12692825360060891,0,0,0
7.6212656000000001,4294963192,4002,4294967294,-4105,4002,-2,-0.0099311464565982124,0.062831853071795868,0.031415926535897934,-0.089404737942016518,-0.61814994491519482,-0.048868950694756254,1.8609371928210536,-0.093228976355607396,-0.12437924090692593,0,0,0
7.6262816999999998,4294963216,4007,4294967291,-4081,4007,-5,-0.010460807600950119,0.058904862254808621,0.032201324699295375,-0.097115009284482412,-0.69617323058096359,0.047208516072245597,6.9703253075598948,-0.058377349817807921,-0.10625893123247605,0,0,0
7.6312639999999998,4294963239,4011,4294967289,-4058,4011,-7,-0.010968399530954027,0.055763269601218829,0.032201324699295382,-0.099169236962048213,-0.66451820501943271,0.025185181122626622,6.4584103525298495,-0.026085298055158669,-0.080343937428377157,0,0,0
7.6362069000000004,4294963258,4015,4294967287,-4039,4015,-9,-0.011387714603565951,0.052621676947629037,0.032201324699295375,-0.092028701913536598,-0.64763062585917153,0.01343599420089312,6.1874120853977139,0.0048517623718299027,-0.049902837503202346,0,0,0
7.6412329000000003,4294963273,4018,4294967286,-4024,4018,-10,-0.011718752818785892,0.050265482457436693,0.031415926535897934,-0.079982870450254609,-0.56534178419779701,-0.066111576393870747,2.5082440845644265,0.017392982794652033,-0.02352218711436033,0,0,0
7.6461869,4294963283,4020,4294967285,-4014,4020,-11,-0.011939444962265853,0.04869468613064179,0.031415926535897934,-0.063261011503699824,-0.44816214784975583,-0.035269738689389749,3.1884361974656867,0.033335163781980467,0.0024184381801126073,0,0,0
7.6512039999999999,4294963287,4020,4294967285,-4010,4020,-11,-0.012027721819657836,0.04869468613064179,0.031415926535897934,-0.041985437318483705,-0.23908916875565503,-0.018815985566684568,2.6498999609471268,0.046584663586716105,0.024887672036030074,0,0,0
7.6561890000000004,4294963286,4020,4294967285,-4011,4020,-11,-0.012005652605309841,0.04869468613064179,0.031415926535897934,-0.020339620545942443,-0.12755122424001306,-0.010038104221968302,2.1095318140130086,0.05713232265678115,0.043807428314319719,0,0,0
7.6611523000000004,4294963283,4020,4294967285,-4014,4020,-11,-0.011939444962265853,0.04869468613064179,0.031415926535897934,-0.0046736145504102577,-0.06804705913613783,-0.0053552090595514138,1.7194700559720528,0.06572967293664142,0.061543957907002719,0,0,0
7.6661579,4294963276,4018,4294967286,-4021,4018,-10,-0.01178496046182988,0.050265482457436693,0.031415926535897934,0.011920454134050549,0.11025674290113308,-0.0028569402585738664,0.60859445642784316,0.06877264521878064,0.074454852147461975,0,0,0
7.6711473999999997,4294963266,4016,4294967286,-4031,4016,-10,-0.01156426831834992,0.051836278784231589,0.03298672286269283,0.02695052294812016,0.20537969788428204,0.14503489497912608,6.1346230658905956,0.099445760548233619,0.096844314672261608,0,0,0
7.6761169000000002,4294963253,4014,4294967287,-4044,4014,-9,-0.011277368531825972,0.053407075111026485,0.03298672286269283,0.041146216456868043,0.25612666155718711,0.077374389264012619,2.6421243947342208,0.11265638252190473,0.11597474663350769,0,0,0
7.6811221999999999,4294963235,4011,4294967289,-4062,4011,-7,-0.010880122673562042,0.055763269601218829,0.032201324699295382,0.059015001202167641,0.35647908162773184,-0.032001204064218948,-3.1137832149167814,0.097087466447320817,0.12023552610212003,0,0,0
7.6861139999999999,4294963214,4006,4294967291,-4083,4006,-5,-0.010416669172254126,0.059690260418206069,0.03298672286269283,0.07472511585421715,0.55657494123157325,0.056207258023179968,-0.91063988305152543,0.092534267032063189,0.12139660038802319,0,0,0
7.6910772999999999,4294963192,4002,4294967293,-4105,4002,-3,-0.0099311464565982124,0.062831853071795868,0.03298672286269283,0.085165385193482171,0.59004418011484372,0.029985902788251383,-2.7844217980785366,0.078612158041670502,0.11524200095769564,0,0,0
7.6960480000000002,4294963169,3998,4294967295,-4128,3998,-1,-0.0094235545265943053,0.06597344572538566,0.03298672286269283,0.092794254816484081,0.60789962047695112,0.015997122038147623,-4.0398709500454171,0.058412803291443417,0.10094992865875344,0,0,0
7.7010689000000001,4294963147,3993,1,-4150,3993,1,-0.0089380318109383919,0.069900436542372907,0.033772121026090285,0.094805055646121836,0.69070480456334049,0.081813793391100439,-2.0272564083139821,0.048276521249873507,0.086200749454949002,0,0,0
7.7060497000000003,4294963126,3989,4,-4171,3989,4,-0.0084745783096304757,0.073042029195962685,0.032201324699295368,0.093818683679568915,0.66160086486201686,-0.10291235412289587,-10.274006036108391,-0.0030935089306684468,0.050965398971666874,0,0,0
7.7110181000000004,4294963110,3986,5,-4187,3986,5,-0.0081214708800625389,0.075398223686155036,0.03298672286269283,0.082996914668423669,0.57279474033551203,0.018377003941302948,-4.9026801450883895,-0.027606909656110394,0.018637872695469283,0,0,0
7.7160237,4294963099,3984,6,-4198,3984,6,-0.0078787095222345831,0.076969020012949932,0.03298672286269283,0.066928078462835619,0.45213821119265052,0.0098039127526193919,-4.6803398659425239,-0.051008608985823017,-0.014524948278010978,0,0,0
7.7210141999999999,4294963095,3983,7,-4202,3983,7,-0.0077904326648425984,0.077754418176347387,0.032201324699295382,0.043941773870416402,0.3144898704905309,-0.068049248592398359,-7.1455841441263335,-0.086736529706454679,-0.052101581146844413,0,0,0
7.7259855999999996,4294963097,3983,7,-4200,3983,7,-0.0078345710935385903,0.077754418176347387,0.032201324699295382,0.019324192535844088,0.16777660067548161,-0.03630346373174255,-4.764532314923831,-0.11055919128107383,-0.087027009220620677,0,0,0
7.7309954999999997,4294963105,3984,6,-4192,3984,6,-0.0080111248083225579,0.076969020012949932,0.03298672286269283,-0.0061636555139407134,0.016227299132099346,0.05391205372577456,0.34670330533995508,-0.10882567475437406,-0.10984590879177047,0,0,0
7.7359764999999996,4294963119,3987,5,-4178,3987,5,-0.0083200938091945037,0.074612825522757595,0.032201324699295389,-0.03211578049236459,-0.21118148703850237,-0.044518080663051879,-2.1503114040007358,-0.11957723177437773,-0.13072439840539837,0,0,0
7.7409431,4294963139,3991,3,-4158,3991,3,-0.0087614780961544243,0.071471232869167789,0.032201324699295375,-0.058315591683185439,-0.40578088556202052,-0.0237498658719726,0.41796128295905155,-0.11748742535958248,-0.14160866232901467,0,0,0
7.7459293999999996,4294963163,3996,1,-4134,3996,1,-0.0092911392405063287,0.067544242052180556,0.031415926535897934,-0.080529319993206339,-0.58287686649982418,-0.085949789899724766,-0.64099836840575009,-0.12069241720161124,-0.1490311260110454,0,0,0
7.7509366000000002,4294963190,4001,4294967295,-4107,4001,-1,-0.0098870080279022214,0.063617251235193309,0.030630528372500479,-0.098557410293497752,-0.67735546331024077,-0.1191327086353032,-0.89143504039200572,-0.12514959240357126,-0.15376825046306558,0,0,0
7.7557752999999998,4294963218,4006,4294967292,-4079,4006,-4,-0.01050494602964611,0.059690260418206069,0.031415926535897934,-0.11023429203653887,-0.72775866957159518,0.0097236379756571456,5.5612159219412094,-0.097343512793865217,-0.14318080702404923,0,0,0
7.7617376,4294963251,4012,4294967289,-4046,4012,-7,-0.011233230103129979,0.054977871437821381,0.031415926535897934,-0.12675932070113374,-0.82792769915685338,0.0051874450620942904,6.7704797829937435,-0.063491113878896499,-0.11703045421772371,0,0,0
7.7663031,4294963275,4017,4294967287,-4022,4017,-9,-0.011762891247481883,0.051050880620834134,0.030630528372500476,-0.11704323433414833,-0.80808716424472471,-0.07051207912820133,3.7302472139370511,-0.04483987780921124,-0.09592722100950471,0,0,0
7.7712703000000003,4294963298,4021,4294967284,-3999,4021,-12,-0.012270483177485792,0.047909287967244349,0.032201324699295382,-0.1098007077026284,-0.72422295585620833,0.10894168409106603,11.429202243189385,0.012306133406735684,-0.053975746684779571,0,0,0
7.7762485000000003,4294963315,4024,4294967283,-3982,4024,-13,-0.012645659821401724,0.045553093477052005,0.031415926535897934,-0.093582244418978416,-0.60620288012013601,-0.015160428206024167,5.7152777905930607,0.040882522359700989,-0.015445833034059362,0,0,0
7.7812957000000003,4294963325,4026,4294967282,-3972,4026,-14,-0.012866351964881685,0.043982297150257102,0.031415926535897927,-0.070516115562308329,-0.46996105591325499,-0.0080879079037561984,5.2088108532010784,0.066926576625706377,0.022199720430384949,0,0,0
7.7862146000000001,4294963328,4027,4294967282,-3969,4027,-14,-0.012932559607925673,0.043196898986859661,0.030630528372500486,-0.043796838670657472,-0.32399814589833803,-0.077594321840511904,1.1495859743948218,0.07267450649768048,0.049872141162294388,0,0,0
7.7912071999999997,4294963325,4026,4294967282,-3972,4026,-14,-0.012866351964881685,0.043982297150257102,0.031415926535897927,-0.017187761070072107,-0.099569633080344763,0.031883872653812956,4.3103482694437059,0.094226247844899011,0.079043603043730565,0,0,0
7.7962169000000001,4294963317,4024,4294967283,-3980,4024,-13,-0.012689798250097717,0.045553093477052005,0.031415926535897934,0.007303416258362375,0.093439825101359952,0.017009666358675152,2.2494734465070758,0.10547361507743439,0.10316567090761816,0,0,0
7.8012148000000003,4294963303,4022,4294967284,-3994,4022,-12,-0.012380829249225773,0.047123889803846894,0.031415926535897927,0.032723829276206512,0.19640807250924447,0.0090744544357855179,0.74344567093975544,0.10919084343213316,0.11990519149035218,0,0,0
7.8061807999999999,4294963285,4018,4294967286,-4012,4018,-10,-0.011983583390961844,0.050265482457436693,0.031415926535897934,0.054521757942726339,0.39789944484590845,0.0048411133746410579,-1.0652968924577859,0.10386435896984422,0.12834529940448844,0,0,0
7.8111550000000003,4294963264,4014,4294967288,-4033,4014,-8,-0.011520129889653927,0.053407075111026485,0.031415926535897934,0.072328024084929832,0.50539269244512142,0.0025826763329928671,-2.386761658658457,0.091930550676551939,0.12828476818583717,0,0,0
7.8154501999999999,4294963243,4010,4294967290,-4054,4010,-6,-0.011056676388346011,0.056548667764616277,0.031415926535897934,0.08182745501859412,0.56273905991200879,0.0013778270667945353,-3.2965584504911538,0.075447758424096178,0.12188544993182114,0,0,0
7.8211873000000001,4294963215,4004,4294967292,-4082,4004,-4,-0.010438738386602121,0.061261056745000965,0.03298672286269283,0.10130906013289115,0.73989170260696158,0.14729409291575185,1.3314486279764841,0.082105001563978597,0.1143919689628201,0,0,0
7.826155,4294963192,4000,4294967295,-4105,4000,-1,-0.0099311464565982124,0.06440264939859075,0.03141592653589792,0.10140671314310482,0.68784148920600163,-0.067979394125415246,-8.1117037003123631,0.041546483062416782,0.090911595968914738,0,0,0
7.8311858000000001,4294963170,3995,1,-4127,3995,1,-0.0094456237409423008,0.068329640215577997,0.032201324699295375,0.099399699598392247,0.73335283950985719,0.037013322086520105,-4.2812130083814779,0.020140418020509393,0.066019760673391298,0,0,0
7.8361215,4294963152,3992,3,-4145,3992,3,-0.0090483778826783729,0.070685834705770348,0.031415926535897934,0.090092540722746986,0.61107356432240567,-0.053533352747138573,-7.8699540594288573,-0.019209352276634895,0.031100579507688381,0,0,0
7.8411048000000001,4294963139,3989,4,-4158,3989,4,-0.0087614780961544243,0.073042029195962685,0.032201324699295368,0.074831730987094225,0.5458390272226471,0.044720113125238076,-3.4053757596714549,-0.036236231074992173,0.00079433731963823861,0,0,0
7.8461194000000001,4294963132,3988,4,-4165,3988,4,-0.0086069935957184523,0.07382742735936014,0.032986722862692823,0.054335609156392378,0.36447813996805239,0.097137167076579101,-0.079508246946241368,-0.036633772309723381,-0.020149651168938302,0,0,0
7.8511113000000003,4294963131,3987,5,-4166,3987,5,-0.008584924381370455,0.074612825522757595,0.032201324699295389,0.031046510669836803,0.26772426642800984,-0.021457997454333952,-4.331367758299109,-0.058290611101218928,-0.04397686730201255,0,0,0
7.8560723000000001,4294963134,3988,4,-4163,3988,4,-0.0086511320244144433,0.07382742735936014,0.032986722862692823,0.010385612924128845,0.069548188543427258,0.061831933191465328,0.53146025143892373,-0.055633309844024308,-0.057604700628891441,0,0,0
7.8610853000000001,4294963140,3989,4,-4157,3989,4,-0.0087835473105024198,0.073042029195962685,0.032201324699295368,-0.0068140607626193317,-0.036176388947140502,-0.040292919285230176,-2.9505025898027624,-0.070385822793038122,-0.074328587444312338,0,0,0
7.8660641,4294963149,3991,3,-4148,3991,3,-0.0089821702396343846,0.071471232869167789,0.032201324699295375,-0.022167212633314459,-0.16585871126601326,-0.0214957925939647,-1.1619114575054734,-0.076195380080565492,-0.087198345630099899,0,0,0
7.8710323000000004,4294963162,3993,3,-4135,3993,3,-0.0092690700261583332,0.069900436542372907,0.030630528372500493,-0.038594377367925967,-0.23504268584816859,-0.15802678794147723,-6.2751754717537764,-0.10757125743933438,-0.1085128715217285,0,0,0
7.8760630000000003,4294963179,3996,1,-4118,3996,1,-0.0096442466700742656,0.067544242052180556,0.031415926535897934,-0.055594515175115503,-0.34523103167411701,-0.011025890148140913,1.0247944705168299,-0.10244728508675023,-0.11718077956911062,0,0,0
7.8810333000000004,4294963198,4000,4294967295,-4099,4000,-1,-0.010063561742686189,0.06440264939859075,0.03141592653589792,-0.068782106767599951,-0.47729472124130623,-0.0058821810877131928,2.4312283889306467,-0.090291143142096991,-0.11842634735354002,0,0,0
7.8859785999999996,4294963220,4004,4294967293,-4077,4004,-3,-0.010549084458342102,0.061261056745000965,0.031415926535897934,-0.081994860620525689,-0.54774912689095212,-0.0031380735599350058,3.5382799747028408,-0.072599743268582789,-0.11032691799775625,0,0,0
7.8910096000000003,4294963242,4008,4294967291,-4055,4008,-5,-0.011034607173998014,0.058119464091411173,0.031415926535897934,-0.089043707451579496,-0.58533571326994061,-0.0016741248731931891,4.333903578817174,-0.050930225374496915,-0.094866972186418805,0,0,0
7.8959609999999998,4294963262,4012,4294967289,-4035,4012,-7,-0.011475991460957935,0.054977871437821381,0.031415926535897934,-0.088685962766430759,-0.605387709487898,-0.00089312568284796983,4.8618159672511734,-0.026621145538241048,-0.073798231207608297,0,0,0
7.9009774999999998,4294963279,4015,4294967288,-4018,4015,-8,-0.011851168104873867,0.052621676947629037,0.030630528372500486,-0.0823177794490908,-0.54280569138076518,-0.07375599120766399,1.6598550257380897,-0.018321870409550599,-0.056171739240889362,0,0,0
7.9059641000000003,4294963293,4018,4294967287,-4004,4018,-9,-0.012160137105745813,0.050265482457436693,0.029845130209103034,-0.0727430986992431,-0.50941893000416194,-0.11262746224792619,-0.14020922342294551,-0.019022916526665327,-0.043516920890346589,0,0,0
7.9109221999999999,4294963304,4020,4294967286,-3993,4020,-10,-0.012402898463573769,0.04869468613064179,0.029845130209103031,-0.061457789755038003,-0.41832797111762732,-0.060085409839081769,1.6438167685402303,-0.010803832683964175,-0.030392272999427372,0,0,0
7.9159319999999997,4294963312,4021,4294967285,-3985,4021,-11,-0.012579452178357736,0.047909287967244349,0.030630528372500489,-0.049259881040858711,-0.29645251005357354,0.041224668694539654,5.3825697511943886,0.016109016072007772,-0.010093981571430747,0,0,0
7.9209192000000002,4294963318,4022,4294967285,-3979,4022,-11,-0.012711867464445713,0.047123889803846894,0.029845130209103034,-0.038634221480186463,-0.23143340297966469,-0.051286649484304524,1.0480744819932601,0.021349388481974072,0.0051322414312255302,0,0,0
7.9258777,4294963320,4022,4294967285,-3977,4022,-11,-0.012756005893141706,0.047123889803846894,0.029845130209103034,-0.024729117593696934,-0.12346696437033937,-0.027360816731840137,1.3273563473555623,0.027986170218751882,0.018057071153638603,0,0,0
7.9319040000000003,4294963319,4022,4294967285,-3978,4022,-11,-0.012733936678793708,0.047123889803846894,0.029845130209103034,-0.011133579476708034,-0.065868155134745615,-0.014596669888962913,1.324425133460486,0.034608295886054311,0.029152163260640868,0,0,0
7.9358813000000001,4294963317,4021,4294967285,-3980,4021,-11,-0.012689798250097717,0.047909287967244349,0.030630528372500489,-0.001821411536598855,0.038139642945489556,0.065492369736667833,4.1086997496792428,0.055151794634450524,0.046556568472315867,0,0,0
7.9408386000000002,4294963313,4020,4294967285,-3984,4020,-11,-0.012601521392705733,0.04869468613064179,0.031415926535897934,0.0072647396871311247,0.093626564601901843,0.10821891860386434,5.5353802237943546,0.082828695753422305,0.070305171591358004,0,0,0
7.9468451,4294963304,4019,4294967286,-3993,4019,-10,-0.012402898463573769,0.049480084294039245,0.030630528372500486,0.022407644472447245,0.12322817651690413,-0.015546014986097922,-0.28765641285544796,0.081390413689145069,0.083245905646939622,0,0,0
7.9518443000000003,4294963292,4016,4294967287,-4005,4016,-9,-0.012138067891397816,0.051836278784231589,0.031415926535897934,0.036663534628101832,0.28557932253469176,0.06498590543300993,1.9817593847536108,0.091299210612913129,0.097215061381099088,0,0,0
7.9567905000000003,4294963277,4013,4294967288,-4020,4013,-8,-0.011807029676177876,0.054192473274423933,0.032201324699295382,0.050446213042208247,0.37219172551017421,0.10794872592930042,2.9806860696031157,0.10620264096092871,0.11247103226725727,0,0,0
7.9617776999999998,4294963259,4010,4294967290,-4038,4010,-6,-0.011409783817913946,0.056548667764616277,0.031415926535897934,0.063976438627634566,0.41839841103837777,-0.015690159560277826,-3.0714964067463097,0.090845158927197162,0.11452579937669075,0,0,0
7.9668013000000002,4294963238,4006,4294967292,-4059,4006,-4,-0.01094633031660603,0.059690260418206069,0.031415926535897934,0.077371983635397448,0.51632864678848289,-0.0083705132727274426,-3.8632483106083999,0.071528917374155163,0.10706004990521044,0,0,0
7.9707777999999996,4294963221,4002,4294967294,-4076,4002,-2,-0.010571153672690098,0.062831853071795868,0.031415926535897934,0.076281906319831269,0.56857326131890895,-0.0044655691473201066,-4.28731340621892,0.05009235034306056,0.096326501642687232,0,0,0
7.9767412999999996,4294963196,3997,0,-4101,3997,0,-0.010019423313990198,0.066758843888783101,0.032201324699295382,0.092173245155373285,0.6697246602865522,0.07089719133197786,-2.2869396606690744,0.03865765203971519,0.076958604816459816,0,0,0
7.9817824000000002,4294963177,3993,2,-4120,3993,2,-0.0096001082413782728,0.069900436542372907,0.032201324699295389,0.088296423599304744,0.65040820774097963,0.037822807267418226,-3.9142631608669767,0.019086336235380308,0.055446872263512262,0,0,0
7.9867198999999998,4294963162,3990,4,-4135,3990,4,-0.0092690700261583332,0.072256631032565244,0.031415926535897927,0.077991744416974179,0.56682359105377134,-0.05310150204321664,-7.6205044938043311,-0.019016186233641347,0.024251119196241684,0,0,0
7.9916983000000004,4294963151,3988,5,-4146,3988,5,-0.0090263086683303757,0.07382742735936014,0.031415926535897934,0.064257879739804014,0.4489526741607146,-0.028329018959105317,-6.1055902940659923,-0.049544137703971314,-0.0094983611363464223,0,0,0
7.9966917000000004,4294963146,3987,5,-4151,3987,5,-0.0089159625965903964,0.074612825522757595,0.032201324699295389,0.044576364913552879,0.31279042442026339,0.058166325045040879,-1.5593685490344216,-0.057340980449143424,-0.034876803409680204,0,0,0
8.0017242999999993,4294963147,3987,6,-4150,3987,6,-0.0089380318109383919,0.074612825522757595,0.030630528372500493,0.021721849562791162,0.16686996643554233,-0.11552799686997051,-7.9965923519669033,-0.097323942208977943,-0.070102287541690969,0,0,0
8.0066930000000003,4294963152,3988,5,-4145,3988,5,-0.0090483778826783729,0.07382742735936014,0.031415926535897934,0.0012927967446182513,0.015743620562116312,0.011646708774276836,-1.5056652640967005,-0.10485226852946145,-0.096439324396108389,0,0,0
8.0116583000000006,4294963162,3990,5,-4135,3990,5,-0.0092690700261583332,0.072256631032565244,0.029845130209103038,-0.019901410959751297,-0.13816000450348792,-0.14034565815255104,-6.8538972812327215,-0.13912175493562506,-0.13098236743591724,0,0,0
8.0166945999999992,4294963179,3993,3,-4118,3993,3,-0.0096442466700742656,0.069900436542372907,0.030630528372500493,-0.04562204020918828,-0.29354527494375438,-0.0015932179687113412,0.47243110222024148,-0.13675959942452387,-0.15053460716716097,0,0,0
8.0217217999999999,4294963203,3997,1,-4094,3997,1,-0.01017390781442617,0.066758843888783101,0.030630528372500479,-0.073757461448176936,-0.44972098554662587,-0.00084996281282115338,2.1468471756879821,-0.12602536354608396,-0.1576504024524587,0,0,0
8.0266488999999996,4294963230,4002,4294967294,-4067,4002,-2,-0.010769776601822063,0.062831853071795868,0.031415926535897934,-0.09494470440517104,-0.60631838656296355,0.072826074253507261,6.9337736580595122,-0.091356495255786402,-0.14662748595761238,0,0,0
8.0317135000000004,4294963259,4008,4294967291,-4038,4008,-5,-0.011409783817913946,0.058119464091411173,0.031415926535897934,-0.11036606673122246,-0.76314075439301576,0.038851843335162534,7.1018275110502422,-0.055847357700535193,-0.12273994454069231,0,0,0
8.0366172000000002,4294963286,4013,4294967289,-4011,4013,-7,-0.012005652605309841,0.054192473274423933,0.030630528372500486,-0.11447495935513083,-0.77352410075503952,-0.052552523555770531,3.8607553767315768,-0.036543580816877308,-0.097484191824001934,0,0,0
8.0413487000000003,4294963308,4018,4294967287,-3989,4018,-9,-0.012491175320965752,0.050265482457436693,0.029845130209103034,-0.10637145332395455,-0.77906349238485328,-0.10131566476580559,2.0405563685744532,-0.026340798974005042,-0.075498045503410285,0,0,0
8.0463217,4294963328,4021,4294967285,-3969,4021,-11,-0.012932559607925673,0.047909287967244349,0.030630528372500489,-0.097930108834795859,-0.63545965326721465,0.019228818698481871,6.8033321887680414,0.0076758619698351627,-0.042380876424317239,0,0,0
8.0513051999999998,4294963342,4024,4294967284,-3955,4024,-12,-0.013241528608797617,0.045553093477052005,0.029845130209103038,-0.08107209050070828,-0.55884871526299174,-0.063021173510627318,2.9147307899867267,0.022249515919768797,-0.01489522827993614,0,0,0
8.0562704000000007,4294963350,4025,4294967283,-3947,4025,-13,-0.013418082323581586,0.04476769531365455,0.030630528372500479,-0.059723876903753303,-0.37141865360638665,0.039658473737510587,6.2690310631301793,0.053594671235419694,0.017500229227005837,0,0,0
8.0613340000000004,4294963352,4026,4294967283,-3945,4026,-13,-0.013462220752277577,0.043982297150257102,0.029845130209103031,-0.035980197607384579,-0.27142694780011595,-0.052122195842205815,1.5262986593506991,0.061226164532173187,0.040845753524755696,0,0,0
8.0662640999999997,4294963350,4025,4294967283,-3947,4025,-13,-0.013418082323581586,0.04476769531365455,0.030630528372500479,-0.015076786413203081,-0.071523524960551407,0.045472948528681972,4.423772235275397,0.08334502570855018,0.067638423794424266,0,0,0
8.0712226999999999,4294963344,4024,4294967284,-3953,4024,-12,-0.01328566703749361,0.045553093477052005,0.029845130209103038,0.0043113755729559267,0.035122570492706201,-0.049020242785165813,-0.5634023677568345,0.080528013869766005,0.084219984846073223,0,0,0
8.0762105999999996,4294963333,4022,4294967284,-3964,4022,-12,-0.013042905679665654,0.047123889803846894,0.031415926535897927,0.024950280414320153,0.16529651167039994,0.12040732283575284,5.5868500013756224,0.10846226387664412,0.10808138251069319,0,0,0
8.0812360000000005,4294963318,4019,4294967286,-3979,4019,-10,-0.012711867464445713,0.049480084294039245,0.030630528372500486,0.0441973314112332,0.30802227835111162,-0.0090436464789803717,-1.1594716217376566,0.10266490576795584,0.11935963394800007,0,0,0
8.0861894999999997,4294963299,4015,4294967288,-3998,4015,-8,-0.012292552391833788,0.052621676947629037,0.030630528372500486,0.062701844957592026,0.45744429445913498,-0.0048246776965740158,-2.3716814702353619,0.090806498416779027,0.12148256462042416,0,0,0
8.0911737000000006,4294963277,4011,4294967290,-4020,4011,-6,-0.011807029676177876,0.055763269601218829,0.030630528372500482,0.07875111335417026,0.53715916059958846,-0.0025739080944754164,-3.3751168277039678,0.07393091427825918,0.11425463741361051,0,0,0
8.0954487999999998,4294963258,4007,4294967292,-4039,4007,-4,-0.011387714603565951,0.058904862254808621,0.030630528372500482,0.081135876126307752,0.57968609236844182,-0.001373149315965629,-3.9631102636245306,0.054115362960136526,0.10296304232249748,0,0,0
8.1008294000000003,4294963235,4002,4294967294,-4062,4002,-2,-0.010880122673562042,0.062831853071795868,0.031415926535897934,0.090644559716203069,0.67565322330978672,0.072546960484659764,-1.8474815241821547,0.044877955339225756,0.087231762722768488,0,0,0
8.1062287000000008,4294963213,3998,0,-4084,3998,0,-0.01039459995790613,0.06597344572538566,0.031415926535897941,0.093658218910644853,0.65357102551115709,0.038702939463423486,-3.6668107170565647,0.026543901753942931,0.065268308790108559,0,0,0
8.1109462000000008,4294963197,3994,2,-4100,3994,2,-0.010041492528338193,0.069115038378975438,0.03141592653589792,0.082911308625162994,0.6417904359604687,0.020647557293954382,-4.5377216534108138,0.0038552934868888618,0.041773679066091529,0,0,0
8.1152893000000006,4294963185,3992,3,-4112,3992,3,-0.0097766619561622404,0.070685834705770348,0.031415926535897934,0.068941518920951378,0.48894659314511268,0.011015225926447204,-4.3039436645590285,-0.01766442483590628,0.017031087100394925,0,0,0
8.1205806000000003,4294963175,3990,4,-4122,3990,4,-0.0095559698126822801,0.072256631032565244,0.031415926535897927,0.057370581953266012,0.40740622320651854,0.0058764918524369016,-4.1803838693680175,-0.038566344182746369,-0.010551459784576262,0,0,0
8.1263874000000005,4294963172,3990,4,-4125,3990,4,-0.0094897621696382918,0.072256631032565244,0.031415926535897927,0.036783853039195541,0.21734636831708151,0.0031350384206689842,-3.1622715135737671,-0.054377701750615209,-0.034305512735508872,0,0,0
8.1313712000000002,4294963173,3990,4,-4124,3990,4,-0.0095118313839862891,0.072256631032565244,0.031415926535897927,0.017564637278135346,0.11595169913906367,0.0016725056625399636,-2.4166255757378132,-0.066460829629304274,-0.055707892981690765,0,0,0
8.1362863999999995,4294963178,3991,4,-4119,3991,4,-0.0096221774557262683,0.071471232869167789,0.030630528372500472,-0.00092502650138310064,-0.011420668659548647,-0.072387257438770142,-4.65231858730602,-0.089722422565834375,-0.080542137167354699,0,0,0
8.1410529,4294963185,3992,4,-4112,3992,4,-0.0097766619561622404,0.070685834705770348,0.029845130209103031,-0.014907262461476074,-0.079372310014182948,-0.1118972590823461,-5.7856962365086479,-0.11865090374837761,-0.11124324445485918,0,0,0
8.1458154999999994,4294963198,3994,3,-4099,3994,3,-0.010063561742686189,0.069115038378975438,0.029845130209103024,-0.034721280409335378,-0.18890322073899302,-0.059695855146168084,-2.5915970383823783,-0.13160888894028949,-0.13616881286214624,0,0,0
8.1511657999999994,4294963219,3998,0,-4078,3998,0,-0.010527015243994107,0.06597344572538566,0.031415926535897941,-0.061764705122948974,-0.39389569580107348,0.11471201077605574,6.6933113055562856,-0.098142332412508054,-0.13509897560687609,0,0,0
8.1561827000000005,4294963244,4003,4294967294,-4053,4003,-2,-0.011078745602694007,0.06204645490839842,0.030630528372500486,-0.084428491200863071,-0.57653625930200159,-0.0120820276378776,3.0318921918446917,-0.08298287145328459,-0.12790047380834513,0,0,0
8.1611613999999992,4294963269,4008,4294967292,-4028,4008,-4,-0.011630475961393907,0.058119464091411173,0.029845130209103034,-0.096519351172466572,-0.67397282487991583,-0.079725137153058595,1.2409359354123102,-0.07677819177622304,-0.11927716363459966,0,0,0
8.1661599999999996,4294963293,4013,4294967289,-4004,4013,-7,-0.012160137105745813,0.054192473274423933,0.030630528372500486,-0.10091057071564671,-0.72595407225254971,0.030747108060255698,6.7697425678909937,-0.042929478936768073,-0.096739081025428095,0,0,0
8.1711766000000008,4294963315,4017,4294967287,-3982,4017,-9,-0.012645659821401724,0.051050880620834134,0.030630528372500476,-0.099135013521858328,-0.68040592939389422,0.016403215985636717,6.430798349141436,-0.01077548719106089,-0.067413890696767398,0,0,0
8.1761095000000008,4294963333,4020,4294967286,-3964,4020,-10,-0.013042905679665654,0.04869468613064179,0.029845130209103031,-0.089951333853038676,-0.58282701831546768,-0.064528598908084295,2.7160230641221559,0.0028046281295498899,-0.041578422544146086,0,0,0
8.1811191999999995,4294963347,4023,4294967284,-3950,4023,-12,-0.013351874680537598,0.046338491640449446,0.030630528372500479,-0.076815509066445187,-0.53076983131348943,0.038854280239759655,6.9644853900974599,0.037627055080037192,-0.0067753418350949522,0,0,0
8.1861075999999997,4294963354,4024,4294967284,-3943,4024,-12,-0.01350635918097357,0.045553093477052005,0.029845130209103038,-0.055393931137093698,-0.35643890340819673,-0.052551223496188203,2.0504326427343242,0.047879218293708815,0.019097913862399347,0,0,0
8.1910793000000002,4294963356,4024,4294967284,-3941,4024,-12,-0.013550497609669561,0.045553093477052005,0.029845130209103038,-0.033670223105801346,-0.19015591016984501,-0.02803545190748338,1.9699571378909118,0.057729003983163371,0.041638399154889025,0,0,0
8.1960596999999993,4294963353,4024,4294967284,-3944,4024,-12,-0.013484289966625575,0.045553093477052005,0.029845130209103038,-0.011785332263163723,-0.10144591352620193,-0.014956579720999738,1.6735315550754617,0.066096661758540676,0.060233435588642352,0,0,0
8.2010755,4294963347,4023,4294967285,-3950,4023,-11,-0.013351874680537598,0.046338491640449446,0.029059732045705586,0.0060673271643743136,0.019159332535929753,-0.081258676456625378,-2.1734423346280751,0.055229450085400297,0.068337631979197261,0,0,0
8.2060420000000001,4294963338,4021,4294967285,-3959,4021,-11,-0.013153251751405633,0.047909287967244349,0.030630528372500489,0.021768839151433132,0.15678031432520748,0.10320850239660001,4.6866616327522879,0.078662758249161732,0.085090713447390456,0,0,0
8.2110246,4294963326,4019,4294967286,-3971,4019,-10,-0.012888421179229682,0.049480084294039245,0.030630528372500486,0.036322739596815014,0.2301994691940521,0.055060506927933371,1.9060899682762742,0.088193208090543096,0.098191518831976951,0,0,0
8.2160352000000003,4294963311,4016,4294967287,-3986,4016,-9,-0.012557382964009741,0.051836278784231589,0.031415926535897934,0.050264402951513874,0.34264723326657109,0.10265364402750864,3.0044460031030709,0.10321543810605845,0.11268280032265093,0,0,0
8.2209976999999999,4294963293,4012,4294967289,-4004,4012,-7,-0.012160137105745813,0.054977871437821381,0.031415926535897934,0.063879445109408753,0.47591629556109899,0.054764496595781219,-0.15785597647440008,0.10242615822368645,0.12049763489625788,0,0,0
8.2259756999999993,4294963272,4008,4294967291,-4025,4008,-5,-0.011696683604437895,0.058119464091411173,0.031415926535897934,0.0773202387485111,0.54701375320610801,0.029216206748448548,-2.2014285717912712,0.091419015364730086,0.11990367601298643,0,0,0
8.2310102000000001,4294963250,4004,4294967293,-4047,4004,-3,-0.011211160888781983,0.061261056745000965,0.031415926535897934,0.086549852352505702,0.58494340016657442,0.015586498367152826,-3.5472453390577972,0.073682788669441099,0.11157571756468794,0,0,0
8.2360007999999993,4294963227,3999,0,-4070,3999,0,-0.010703568958778074,0.065188047561988219,0.0306305283725005,0.093532851558330021,0.67845793441129154,-0.064964308031328744,-8.0568725273701709,0.033398426032590245,0.08683129754105666,0,0,0
8.2408838000000006,4294963206,3995,1,-4091,3995,1,-0.010240115457470158,0.068329640215577997,0.032201324699295375,0.093139977949294572,0.6550673054827596,0.11190135390334408,-0.80131724401892779,0.029391839812495605,0.068968831974130285,0,0,0
8.2468673999999993,4294963184,3991,4,-4113,3991,4,-0.0097545927418142449,0.071471232869167789,0.030630528372500472,0.09498949482029094,0.64258868350625797,-0.086860998899629643,-9.7447555964797026,-0.019331938169902908,0.028998851993166867,0,0,0
8.2518563999999994,4294963172,3988,5,-4125,3988,5,-0.0094897621696382918,0.07382742735936014,0.031415926535897934,0.075385087418033098,0.56265196799655037,0.026940210798788458,-4.4913982932965038,-0.041788929636385426,-0.0031515977430865774,0,0,0
8.2568414000000008,4294963165,3987,5,-4132,3987,5,-0.0093352776692023198,0.074612825522757595,0.032201324699295389,0.054630818222426943,0.37344764364714983,0.087651800924655229,-0.79529693324445949,-0.045765414302607721,-0.027238579309556841,0,0,0
8.2618372999999998,4294963165,3987,6,-4132,3987,6,-0.0093352776692023198,0.074612825522757595,0.030630528372500493,0.029144890928227609,0.19922987053178856,-0.099797846628042267,-7.6356931706671132,-0.083943880155943285,-0.060057204442927503,0,0,0
8.2663699000000008,4294963168,3988,5,-4129,3988,5,-0.009401485312246308,0.07382742735936014,0.031415926535897934,0.0093711214381966002,0.033007244026313887,0.020038556599419388,-1.4108515139835718,-0.090998137725861142,-0.084867392271602726,0,0,0
8.2713523999999996,4294963176,3989,5,-4121,3989,5,-0.0095780390270302773,0.073042029195962685,0.030630528372500479,-0.011473500414318862,-0.055670547684241234,-0.062589187983572367,-4.0646281984429127,-0.11132127871807571,-0.11173242585876292,0,0,0
8.2763427000000007,4294963191,3992,4,-4106,3992,4,-0.0099090772422502169,0.070685834705770348,0.029845130209103031,-0.037007629774977589,-0.24953813209011247,-0.10667010571231524,-4.4674821632566308,-0.13365868953435886,-0.13725280265580825,0,0,0
8.2813645000000005,4294963211,3996,2,-4086,3996,2,-0.010350461529210138,0.067544242052180556,0.029845130209103038,-0.060925335018872033,-0.42624369891126168,-0.056907231072948601,-0.83257001576455192,-0.13782153961318161,-0.15445890396655892,0,0,0
8.2863418000000006,4294963236,4001,4294967295,-4061,4001,-1,-0.010902191887910039,0.063617251235193309,0.030630528372500479,-0.083980697246320277,-0.59379353373186561,0.04292018921762869,5.1009711085100706,-0.11231668407063125,-0.15336878121052316,0,0,0
8.2913449999999997,4294963264,4006,4294967293,-4033,4006,-3,-0.011520129889653927,0.059690260418206069,0.029845130209103034,-0.10245778921861737,-0.6831793752729387,-0.050382109477035003,2.3952457297301271,-0.10034045542198061,-0.14731550337366064,0,0,0
8.2963643000000005,4294963293,4012,4294967290,-4004,4012,-6,-0.012160137105745813,0.054977871437821381,0.029845130209103034,-0.11437420800655365,-0.80414517653927464,-0.026878255410046389,4.7014069747574894,-0.076833420548193171,-0.13080326910079301,0,0,0
8.3013341,4294963321,4017,4294967287,-3976,4017,-9,-0.012778075107489701,0.051050880620834134,0.030630528372500476,-0.11867236525565117,-0.79539947165214153,0.058940290121451591,9.024450997521928,-0.03171116556058353,-0.098428070980517465,0,0,0
8.3063056,4294963345,4022,4294967285,-3952,4022,-11,-0.013307736251841605,0.047123889803846894,0.029845130209103034,-0.11272893991079903,-0.79073374224665804,-0.041835576426767336,5.1046973293724971,-0.0061876789137210453,-0.066137519476944545,0,0,0
8.3113735000000002,4294963364,4026,4294967283,-3933,4026,-13,-0.013727051324453531,0.043982297150257102,0.029845130209103031,-0.099262641955428221,-0.714965111880562,-0.02231878180761239,5.7586248560875735,0.022605445366716822,-0.030474307161453319,0,0,0
8.3162982999999997,4294963377,4028,4294967282,-3920,4028,-14,-0.014013951110977479,0.042411500823462206,0.029845130209103031,-0.079723870788829504,-0.52798441131793206,-0.011906804302021977,5.3081617778354611,0.049146254255894126,0.0055809933906862084,0,0,0
8.3212693000000009,4294963383,4029,4294967281,-3914,4029,-15,-0.014146366397065456,0.041626102660064758,0.030630528372500482,-0.054886397217850345,-0.35495291501188048,0.066927380993936289,7.6521326406162347,0.087406917458975303,0.046416362487207499,0,0,0
8.3262826000000008,4294963382,4029,4294967281,-3915,4029,-15,-0.014124297182717458,0.041626102660064758,0.030630528372500482,-0.027222129015898263,-0.18936315305691073,0.035704960728182057,5.1560262216400687,0.11318704856717565,0.083987695757762132,0,0,0
8.3312866999999997,4294963374,4028,4294967282,-3923,4028,-14,-0.013947743467933491,0.042411500823462206,0.029845130209103031,0.0019502004576378226,-0.027743467755306728,-0.054231347950656678,-0.067160009596787251,0.11285124851919172,0.1086195154205081,0,0,0
8.3362580000000008,4294963361,4025,4294967283,-3936,4025,-13,-0.013660843681409542,0.04476769531365455,0.030630528372500479,0.027808842134758642,0.20503774822302487,0.044347740996523749,2.4209144301161278,0.12495582066977236,0.13237346711018458,0,0,0
8.3412799999999994,4294963342,4022,4294967285,-3955,4022,-11,-0.013241528608797617,0.047123889803846894,0.029845130209103034,0.053958781097618591,0.32922375477717081,-0.049620527603578574,-2.9887502162621664,0.11001206958846152,0.14011099079476144,0,0,0
8.3462297999999997,4294963318,4017,4294967287,-3979,4017,-9,-0.012711867464445713,0.051050880620834134,0.030630528372500476,0.07820501343066677,0.5420345489380034,0.046807558741849831,-0.70267217371350399,0.106498708719894,0.14275356174656192,0,0,0
8.3512041000000004,4294963292,4012,4294967289,-4005,4012,-7,-0.012138067891397816,0.054977871437821381,0.031415926535897934,0.095258310159617401,0.65556657327844836,0.098250794453842133,0.25320159444492196,0.10776471669211861,0.1432885795341266,0,0,0
8.3562036000000006,4294963265,4007,4294967292,-4032,4007,-4,-0.011542199104001923,0.058904862254808621,0.030630528372500482,0.10641515114107603,0.71613455622154032,-0.020863890510652731,-5.8228933874532967,0.078650249754852131,0.12854322073447563,0,0,0
8.3611833000000004,4294963238,4002,4294967294,-4059,4002,-2,-0.01094633031660603,0.062831853071795868,0.031415926535897934,0.11236719293888137,0.74844685382308962,0.062148882170755419,-3.0412940309310095,0.063443779600197078,0.11152536698158798,0,0,0
8.3661651999999993,4294963213,3997,1,-4084,3997,1,-0.01039459995790613,0.066758843888783101,0.030630528372500479,0.11142431583024565,0.76568507978930644,-0.040123830779295433,-7.9912477000999722,0.023487541099697216,0.080760032753804362,0,0,0
8.3711611000000001,4294963191,3992,3,-4106,3992,3,-0.0099090772422502169,0.070685834705770348,0.031415926535897934,0.10474397133326427,0.77488146805382185,0.051873933402308871,-4.456085838774329,0.0012071119058255711,0.049997065462955667,0,0,0
8.3761363000000006,4294963175,3989,4,-4122,3989,4,-0.0095559698126822801,0.073042029195962685,0.032201324699295368,0.088825425523414797,0.63322859308995549,0.10095364500020049,-1.7281359298311134,-0.0074335677433299968,0.025317153189859474,0,0,0
8.3811339999999994,4294963164,3987,5,-4133,3987,5,-0.0093132084548543242,0.074612825522757595,0.032201324699295389,0.070037519592768605,0.48437895193590064,0.053857567359847806,-2.9160052573992812,-0.022013594030326405,0.0012207708474807795,0,0,0
8.3860928999999995,4294963158,3986,6,-4139,3986,6,-0.0091807931687663477,0.075398223686155036,0.031415926535897934,0.049718844208625788,0.33168992172500927,-0.044547148490401929,-6.2351476629407729,-0.053189332345030274,-0.028518708149507341,0,0,0
8.3911066000000005,4294963158,3986,6,-4139,3986,6,-0.0091807931687663477,0.075398223686155036,0.031415926535897934,0.026524411288115727,0.17695262317523267,-0.023765373211696448,-4.3100676969150742,-0.074739670829605642,-0.05556407332282387,0,0,0
8.3960659,4294963162,3987,5,-4135,3987,5,-0.0092690700261583332,0.074612825522757595,0.032201324699295389,0.0059140164945294497,0.021122597859301845,0.060600975703242063,0.45591688701140365,-0.072460086394548623,-0.072604884841719147,0,0,0
8.4010748999999993,4294963170,3989,5,-4127,3989,5,-0.0094456237409423008,0.073042029195962685,0.030630528372500479,-0.013317824731417308,-0.13529038417319134,-0.11422913973785435,-5.8635491525255095,-0.10177783215717617,-0.098304549663276591,0,0,0
8.4060676000000001,4294963182,3991,4,-4115,3991,4,-0.0097104543131182521,0.071471232869167789,0.030630528372500472,-0.031814224046097385,-0.21873484737957183,-0.060939885705727455,-2.7439832344494222,-0.11549774832942328,-0.12003933425413665,0,0,0
8.4110312,4294963200,3995,2,-4097,3995,2,-0.010107700171382182,0.068329640215577997,0.030630528372500479,-0.054036494384868933,-0.4098105133516996,-0.032510703296457909,0.02670342750479171,-0.11536423119189931,-0.13257378144630166,0,0,0
8.4160381999999991,4294963222,3999,0,-4075,3999,0,-0.010593222887038093,0.065188047561988219,0.0306305283725005,-0.074128252018493018,-0.51174710564513004,-0.017344073041654626,1.9121379626975294,-0.10580354137841166,-0.13578866903299958,0,0,0
8.4210279999999997,4294963246,4004,4294967294,-4051,4004,-2,-0.01112288403139,0.061261056745000965,0.029845130209103031,-0.088965185970561744,-0.6394085829721039,-0.082532375710755945,0.38775157421524753,-0.10386478350733543,-0.1367919358397624,0,0,0
8.4259830000000004,4294963272,4009,4294967291,-4025,4009,-5,-0.011696683604437895,0.057334065928013725,0.030630528372500482,-0.10099873406773671,-0.70751446081713998,0.029249479720872398,6.2109085104259094,-0.072810240955205885,-0.12142518638250427,0,0,0
8.431006,4294963297,4014,4294967289,-4000,4014,-7,-0.012248413963137797,0.053407075111026485,0.029845130209103038,-0.10535937840843113,-0.74384813558077223,-0.057675270190320538,3.2433719800155414,-0.056593381055128178,-0.10455441633377348,0,0,0
8.4360134000000002,4294963320,4018,4294967286,-3977,4018,-10,-0.012756005893141706,0.050265482457436693,0.031415926535897934,-0.10356750970823406,-0.68995219908073036,0.11578996878703628,10.930539122651656,-0.0019406854418698993,-0.06760022493750413,0,0,0
8.4409819000000006,4294963339,4022,4294967285,-3958,4022,-11,-0.013175320965753629,0.047123889803846894,0.029845130209103034,-0.0943751280449973,-0.66119935879975633,-0.084786469168339901,2.475057946505721,0.010434604290658706,-0.038728673754404482,0,0,0
8.4459263999999994,4294963353,4025,4294967283,-3944,4025,-13,-0.013484289966625575,0.04476769531365455,0.030630528372500479,-0.079175550585293256,-0.57258054163279448,0.028046947705044352,6.9373772998551537,0.045121490789934472,-0.0016607569559700837,0,0,0
8.4509904000000002,4294963360,4026,4294967283,-3937,4026,-13,-0.013638774467061547,0.043982297150257102,0.029845130209103031,-0.056652985181879702,-0.37874441944360648,-0.058316806699920884,2.137414729792245,0.055808564438895696,0.026573472925837852,0,0,0
8.4559352000000008,4294963361,4026,4294967283,-3936,4026,-13,-0.013660843681409542,0.043982297150257102,0.029845130209103031,-0.032282803182014166,-0.20205563734037776,-0.031111321884869654,2.0670209277323108,0.066143669077557254,0.050622306510905421,0,0,0
8.4609131000000009,4294963357,4026,4294967283,-3940,4026,-13,-0.013572566824017558,0.043982297150257102,0.029845130209103031,-0.0089860499937599713,-0.10779427625891438,-0.016597519723679979,1.7757601226765087,0.0750224696909398,0.070709375362297461,0,0,0
8.4658987000000003,4294963349,4024,4294967284,-3948,4024,-12,-0.013396013109233589,0.045553093477052005,0.029845130209103038,0.011678931444145054,0.089052075912119388,-0.0088545791142323211,0.71737996432510243,0.078609369512565308,0.085706538949840622,0,0,0
8.4708834,4294963337,4022,4294967285,-3960,4022,-11,-0.013131182537057638,0.047123889803846894,0.029845130209103034,0.030939893994768486,0.19406726057008997,-0.004723812509067277,-0.15226075007022871,0.077848065762214161,0.094767737392875528,0,0,0
8.4758516999999998,4294963323,4019,4294967286,-3974,4019,-10,-0.012822213536185694,0.049480084294039245,0.030630528372500486,0.045333608663919174,0.32337113026086872,0.07075942157388275,2.01633823763872,0.087929756950407764,0.10549253320365518,0,0,0
8.4818832999999998,4294963302,4015,4294967287,-3995,4015,-9,-0.012358760034877776,0.052621676947629037,0.032201324699295375,0.067426255865519064,0.4656327241649113,0.18430834732619472,5.5947529039855395,0.11590352147033546,0.1196399960342546,0,0,0
8.4858358999999997,4294963286,4012,4294967289,-4011,4012,-7,-0.012005652605309841,0.054977871437821381,0.031415926535897934,0.068916868734646308,0.46824807104033983,0.025046789095191313,-1.4698507330274155,0.10855426780519839,0.12875091780713607,0,0,0
8.4918075000000002,4294963259,4007,4294967291,-4038,4007,-5,-0.011409783817913946,0.058904862254808621,0.032201324699295375,0.092362305838680242,0.61620236603648726,0.08664168299437143,-0.37072615032508782,0.10670063705357295,0.1280684350211384,0,0,0
8.4967945999999994,4294963235,4002,4294967293,-4062,4002,-3,-0.010880122673562042,0.062831853071795868,0.03298672286269283,0.09869283653594571,0.69513422044271256,0.11950182536160536,0.20520125106962706,0.10772664330892109,0.12955274845029666,0,0,0
8.5018060999999996,4294963209,3998,0,-4088,3998,0,-0.010306323100514147,0.06597344572538566,0.031415926535897941,0.10618831979866469,0.66396390548415285,-0.082806237889968146,-8.960783382294629,0.062922726397447948,0.10845714620061354,0,0,0
8.5067982999999998,4294963185,3993,2,-4112,3993,2,-0.0097766619561622404,0.069900436542372907,0.032201324699295389,0.10606885033085692,0.7206144329502201,0.029103377509662104,-4.9322840496094846,0.038261306149400529,0.085731558131177193,0,0,0
8.5117580000000004,4294963163,3989,4,-4134,3989,4,-0.0092911392405063287,0.073042029195962685,0.032201324699295368,0.10188689426709097,0.67755729541537746,0.01552630531193144,-5.6805492036871517,0.0098585601309647691,0.056524165722582551,0,0,0
8.5167903000000003,4294963146,3985,6,-4151,3985,6,-0.0089159625965903964,0.076183621849552477,0.032201324699295375,0.08936031919600243,0.65458682530406853,0.0082830989825606084,-6.0308442786638787,-0.020295661262354624,0.02374407466082459,0,0,0
8.5217232999999997,4294963134,3983,7,-4163,3983,7,-0.0086511320244144433,0.077754418176347387,0.032201324699295382,0.072381989259814844,0.49577331446888834,0.0044189346645255659,-5.4687535702307448,-0.047639429113508353,-0.010527487124666579,0,0,0
8.5267655999999992,4294963129,3982,7,-4168,3982,7,-0.008540785952674464,0.078539816339744828,0.032986722862692823,0.048910480593198517,0.33776867844193287,0.0756369683108504,-1.380281453218954,-0.054540836379603122,-0.035476724455229133,0,0,0
8.5317308000000001,4294963129,3982,7,-4168,3982,7,-0.008540785952674464,0.078539816339744828,0.032986722862692823,0.02609315892601393,0.18019556749235147,0.040351421840073849,-1.7398160016769704,-0.063239916387987968,-0.057055371291425697,0,0,0
8.5366824999999995,4294963134,3983,7,-4163,3983,7,-0.0086511320244144433,0.077754418176347387,0.032201324699295382,0.0036248382323727964,0.022852670032556296,-0.051752516281743502,-4.514539283685794,-0.085812612806416944,-0.081222270702360738,0,0,0
8.5416700999999993,4294963142,3985,7,-4155,3985,7,-0.0088276857391984126,0.076183621849552477,0.030630528372500472,-0.01453907407266267,-0.13436741127203197,-0.17416838970434387,-8.7215352374436659,-0.12942028899363528,-0.11682007622981626,0,0,0
8.5466613000000002,4294963156,3987,5,-4141,3987,5,-0.0091366547400703567,0.074612825522757595,0.032201324699295389,-0.036583966551346006,-0.21824245232840223,0.053642276832254185,1.9992536882562695,-0.11942402055235393,-0.13341948184449476,0,0,0
8.5516632999999995,4294963176,3991,3,-4121,3991,3,-0.0095780390270302773,0.071471232869167789,0.032201324699295375,-0.060699315734431318,-0.40954782645578974,0.028617515869018506,2.6396113955758631,-0.10622596357447461,-0.13899526365233281,0,0,0
8.5566296000000008,4294963200,3996,1,-4097,3996,1,-0.010107700171382182,0.067544242052180556,0.031415926535897934,-0.081801008386993446,-0.58488648460649406,-0.058012415379284317,0.55213206193687059,-0.10346530326479025,-0.14054939973613359,0,0,0
8.5615950999999999,4294963226,4001,4294967295,-4071,4001,-1,-0.010681499744430079,0.063617251235193309,0.030630528372500479,-0.09717673064444135,-0.67842757063779024,-0.10422845203229619,-0.29779166011216107,-0.10495426156535106,-0.14014971557253952,0,0,0
8.5667864999999992,4294963253,4006,4294967292,-4044,4006,-4,-0.011277368531825972,0.059690260418206069,0.031415926535897934,-0.10743860562343482,-0.7283306260632143,0.017674881379927329,5.8348264096359737,-0.075780129517171196,-0.12450344575895715,0,0,0
8.5715699000000001,4294963277,4011,4294967289,-4020,4011,-7,-0.011807029676177876,0.055763269601218829,0.032201324699295382,-0.10673586292883164,-0.75495331184173731,0.082708858019656106,9.3037065808442776,-0.02926159661294981,-0.095338551615937767,0,0,0
8.5765379999999993,4294963300,4015,4294967287,-3997,4015,-9,-0.012314621606181785,0.052621676947629037,0.032201324699295375,-0.10430184780743898,-0.69587667836542288,0.044124190781230782,7.9166001746002586,0.010321404260051487,-0.057703456122425778,0,0,0
8.5815161,4294963318,4019,4294967286,-3979,4019,-10,-0.012711867464445713,0.049480084294039245,0.030630528372500486,-0.092707778413036998,-0.66435999794405509,-0.12301930827321492,0.75523636486310508,0.014097586084367012,-0.030273227470742257,0,0,0
8.5864949999999993,4294963330,4021,4294967285,-3967,4021,-11,-0.012976698036621666,0.047909287967244349,0.030630528372500489,-0.074167818887515946,-0.50098718568449729,-0.065629335938025071,2.3211130277489422,0.025703151223111724,-0.00455625653049253,0,0,0
8.5914873000000007,4294963336,4022,4294967284,-3961,4022,-12,-0.013109113322709642,0.047123889803846894,0.031415926535897927,-0.051922309695015482,-0.34055021664394419,0.038267050142862302,5.7913474875238986,0.054659888660731216,0.025428958109680506,0,0,0
8.5964676999999998,4294963336,4022,4294967284,-3961,4022,-12,-0.013109113322709642,0.047123889803846894,0.031415926535897927,-0.027699933884234897,-0.18167948499803946,0.020415015532403141,3.9468733330903052,0.07439425532618274,0.052186547550334042,0,0,0
8.6014575999999998,4294963332,4021,4294967285,-3965,4021,-11,-0.013020836465317657,0.047909287967244349,0.030630528372500489,-0.0065411438003675233,-0.023644322350001162,-0.062388351626039062,-0.77610901027898715,0.070513710274787811,0.068484277826278764,0,0,0
8.6064421000000007,4294963325,4020,4294967285,-3972,4020,-11,-0.012866351964881685,0.04869468613064179,0.031415926535897934,0.010924149519434047,0.060665554896371529,0.039996076676720581,2.7802461379478531,0.084414940964527077,0.087685260243042656,0,0,0
8.6114338000000004,4294963313,4017,4294967286,-3984,4017,-10,-0.012601521392705733,0.051050880620834134,0.032201324699295375,0.030537226826564342,0.25220290895269881,0.09461694988941341,3.7663967513034713,0.10324692472104444,0.10717628183544196,0,0,0
8.6164222000000006,4294963298,4014,4294967287,-3999,4014,-9,-0.012270483177485792,0.053407075111026485,0.03298672286269283,0.04717790078772964,0.35438580634085026,0.12375653527338339,4.0807167426419815,0.12365050843425435,0.12850120965537168,0,0,0
8.6214207999999992,4294963278,4010,4294967289,-4019,4010,-7,-0.011829098890525871,0.056548667764616277,0.03298672286269283,0.066351053487344311,0.48217868450262957,0.066022637763046094,0.3985727746439145,0.12564337230747391,0.14141768374805555,0,0,0
8.6263994999999998,4294963254,4006,4294967292,-4043,4006,-4,-0.011299437746173967,0.059690260418206069,0.031415926535897934,0.084816143172142533,0.55035466312819525,-0.11133674759502714,-8.3462180379286988,0.083912282117830417,0.13033832888599178,0,0,0
8.6313896999999997,4294963228,4000,4294967294,-4069,4000,-2,-0.01072563817312607,0.06440264939859075,0.032986722862692816,0.098785269145352933,0.73328477440744955,0.087162209641269695,-1.4588895063961975,0.076617834585849434,0.12052567832399134,0,0,0
8.6363711999999992,4294963202,3995,1,-4095,3995,1,-0.010151838600078173,0.068329640215577997,0.032201324699295375,0.10623763149501209,0.75759629098488623,-0.026779518455212828,-7.1133774822309839,0.041050947174694513,0.095181808600559081,0,0,0
8.6413764999999998,4294963179,3991,3,-4118,3991,3,-0.0096442466700742656,0.071471232869167789,0.032201324699295375,0.10403604727088883,0.69728667626329499,-0.014286554181010463,-6.7911260965441329,0.0070953166919738506,0.063292083017704504,0,0,0
8.6463567999999995,4294963160,3987,5,-4137,3987,5,-0.0092249315974623405,0.074612825522757595,0.032201324699295389,0.094625087254902623,0.66511221503103468,-0.0076217065182955981,-6.6213110849704373,-0.026011238732878333,0.026455067827407766,0,0,0
8.6513746000000005,4294963147,3984,6,-4150,3984,6,-0.0089380318109383919,0.076969020012949932,0.03298672286269283,0.077249790584315539,0.57466800383433247,0.069213429630714224,-2.8945550497620345,-0.040484013981688508,-0.0048106055494934775,0,0,0
8.6563695000000003,4294963141,3983,7,-4156,3983,7,-0.0088056165248504153,0.077754418176347387,0.032201324699295382,0.053566504892337906,0.37985805566873049,-0.036354978840458858,-6.2842001582399867,-0.071905014772888437,-0.04008070457696461,0,0,0
8.6613669000000009,4294963142,3983,7,-4155,3983,7,-0.0088276857391984126,0.077754418176347387,0.032201324699295382,0.026517982178714834,0.20264974900428909,-0.019394948263253848,-4.3459484965039517,-0.093634757255408194,-0.071564563782579221,0,0,0
8.6663669999999993,4294963147,3984,7,-4150,3984,7,-0.0089380318109383919,0.076969020012949932,0.031415926535897927,0.0038514763785073135,0.034831708464371752,-0.083626493217791656,-5.9454005570043797,-0.12336176004043009,-0.1071830270729589,0,0,0
8.6713486,4294963159,3986,6,-4138,3986,6,-0.009202862383114345,0.075398223686155036,0.031415926535897934,-0.022654606371595498,-0.12797673692593448,-0.04461373823140212,-2.9495898399774951,-0.13810970924031757,-0.13623944080847511,0,0,0
8.6763133000000003,4294963178,3989,4,-4119,3989,4,-0.0096221774557262683,0.073042029195962685,0.032201324699295368,-0.051209057699295034,-0.28811262296273676,0.049478621246506815,2.6426950667770615,-0.12489623390643226,-0.1486167515853169,0,0,0
8.6813351999999995,4294963203,3994,2,-4094,3994,2,-0.01017390781442617,0.069115038378975438,0.03141592653589792,-0.078797179006587365,-0.52010224970372687,-0.046883264093398366,0.50482680644780364,-0.12237209987419324,-0.15496177425845484,0,0,0
8.6863179000000006,4294963231,4000,4294967295,-4066,4000,-1,-0.010791845816170058,0.06440264939859075,0.03141592653589792,-0.099692443967766331,-0.71714547211873159,-0.025011663065307159,3.2148600860035468,-0.10629779944417551,-0.15009069846666995,0,0,0
8.6912851,4294963260,4005,4294967292,-4037,4005,-4,-0.011431853032261944,0.060475658581603517,0.032201324699295375,-0.11289892924746929,-0.74898616541533458,0.059936094908293075,7.8547194351337968,-0.067024202268506528,-0.12825810734038304,0,0,0
8.6962902999999994,4294963288,4010,4294967290,-4009,4010,-6,-0.012049791034005832,0.056548667764616277,0.031415926535897934,-0.11788532160664,-0.76597279610115721,-0.041304326431935892,4.2565488056389418,-0.045741458240311818,-0.10405081968174863,0,0,0
8.7012775999999992,4294963312,4015,4294967288,-3985,4015,-8,-0.012579452178357736,0.052621676947629037,0.030630528372500486,-0.11230906149688269,-0.7750349612798062,-0.095314885553994283,2.2968397416887041,-0.034257259531868298,-0.081913404203431239,0,0,0
8.7062373999999991,4294963332,4018,4294967286,-3965,4018,-10,-0.013020836465317657,0.050265482457436693,0.031415926535897934,-0.10109775208461824,-0.63331047989808198,0.022430162945249611,6.8840478935222906,0.00016297993574315717,-0.050395399147971198,0,0,0
8.7112209000000007,4294963347,4021,4294967285,-3950,4021,-11,-0.013351874680537598,0.047909287967244349,0.030630528372500489,-0.084821100714034398,-0.55770215686486935,-0.061313294479493075,2.9525672826070322,0.014925816348778318,-0.023736218233370517,0,0,0
8.7162243999999998,4294963356,4023,4294967284,-3941,4023,-12,-0.013550497609669561,0.046338491640449446,0.030630528372500479,-0.06378303946866215,-0.44408649764726482,-0.032709912430372412,3.4473695746807249,0.03216266422218194,0.0014849033562030385,0,0,0
8.7212075000000002,4294963361,4023,4294967284,-3936,4023,-12,-0.013660843681409542,0.046338491640449446,0.030630528372500479,-0.044323043283728394,-0.23691485790917305,-0.01745034874223653,2.9112844821613226,0.046719086632988557,0.025183635154373728,0,0,0
8.7261799999999994,4294963360,4023,4294967284,-3937,4023,-12,-0.013638774467061547,0.046338491640449446,0.030630528372500479,-0.021586705490064008,-0.1263912552970847,-0.0093095532393698017,2.3216536338568621,0.058327354802272871,0.04475737890091628,0,0,0
8.7312250999999996,4294963356,4022,4294967284,-3941,4022,-12,-0.013550497609669561,0.047123889803846894,0.031415926535897927,-0.0032798092539573654,0.0058512897729669777,0.068312983505434605,4.6913628858372896,0.081784169231459314,0.068651638366733145,0,0,0
8.7361807000000002,4294963349,4020,4294967285,-3948,4020,-11,-0.013396013109233589,0.04869468613064179,0.031415926535897934,0.012664032661007872,0.14968063199543505,0.036444163167052977,2.3098250906223727,0.093333294684571175,0.089641290149961625,0,0,0
8.7411384000000005,4294963338,4018,4294967286,-3959,4018,-10,-0.013153251751405633,0.050265482457436693,0.031415926535897934,0.029406323499763558,0.2264118732205892,0.01944252703940379,0.73450922493736659,0.097005840809258004,0.10554060577499273,0,0,0
8.7461258999999991,4294963322,4015,4294967287,-3975,4015,-9,-0.012800144321837697,0.052621676947629037,0.032201324699295375,0.048633687593426719,0.34062659592086403,0.083651875928255043,2.3745004695174909,0.10887834315684546,0.12048278766282217,0,0,0
8.7511393000000002,4294963303,4011,4294967289,-3994,4011,-7,-0.012380829249225773,0.055763269601218829,0.032201324699295382,0.065068588148630493,0.47483830960075035,0.044627279605155244,-0.49905926655414312,0.10638304682407473,0.12823025606535671,0,0,0
8.7560949000000008,4294963281,4007,4294967291,-4016,4007,-5,-0.01189530653356986,0.058904862254808621,0.032201324699295375,0.080013742661260392,0.54643866053389867,0.023808122207142547,-2.3888050041790319,0.094439021803179576,0.12728502911764036,0,0,0
8.7610872000000004,4294963257,4002,4294967294,-4040,4002,-2,-0.011365645389217955,0.062831853071795868,0.031415926535897934,0.092105025138706109,0.65791611436669473,-0.060578169623264178,-7.2393958686937214,0.058242042459710971,0.1094501366665471,0,0,0
8.7657062000000003,4294963235,3997,0,-4062,3997,0,-0.010880122673562042,0.066758843888783101,0.032201324699295382,0.094437359821000738,0.7173880084116484,0.040961787217908732,-3.7017954918911178,0.039733065000255377,0.090928540879430808,0,0,0
8.7716677000000001,4294963209,3992,2,-4088,3992,2,-0.010306323100514147,0.070685834705770348,0.03298672286269283,0.10391807364932606,0.74911555563926435,0.095132144962579074,-2.179390177680621,0.028836114111852273,0.066988432155301772,0,0,0
8.7766622999999999,4294963191,3988,4,-4106,3988,4,-0.0099090772422502169,0.07382742735936014,0.032986722862692823,0.092503039470015411,0.69276230495271029,0.05075186641748778,-3.9603497382954762,0.0090343654203748937,0.042942281549708805,0,0,0
8.7816921000000008,4294963177,3985,6,-4120,3985,6,-0.0096001082413782728,0.076183621849552477,0.032201324699295375,0.078176813625072547,0.58941899752514459,-0.046204002957640766,-7.7483403892140714,-0.029707336525695464,0.0094187753107984953,0,0,0
8.7866353000000004,4294963169,3983,6,-4128,3983,6,-0.0094235545265943053,0.077754418176347387,0.033772121026090285,0.058179281170190028,0.46100705442655643,0.12190975324539582,0.19742058761410419,-0.028720233587624943,-0.01026685930308,0,0,0
8.7916402999999992,4294963166,3983,7,-4131,3983,7,-0.009357346883550317,0.077754418176347387,0.032201324699295382,0.037215284440699208,0.24594177344555596,-0.081521637039761008,-7.2711521610734433,-0.065075994392992165,-0.040656022121834424,0,0,0
8.7966256000000005,4294963168,3983,7,-4129,3983,7,-0.009401485312246308,0.077754418176347387,0.032201324699295382,0.015735690530239859,0.13120700723503023,-0.043490822526963881,-4.8163493230461123,-0.089157741008222727,-0.069445636124078142,0,0,0
8.8015819999999998,4294963173,3983,7,-4124,3983,7,-0.0095118313839862891,0.077754418176347387,0.032201324699295382,-0.0019007478106253094,0.069997375827592856,-0.023201835889891914,-3.3539617174053058,-0.10592754959524925,-0.097376879250235651,0,0,0
8.8065380999999991,4294963184,3985,6,-4113,3985,6,-0.0097545927418142449,0.076183621849552477,0.032201324699295375,-0.023664239211063174,-0.10921627217238625,-0.012377903138708134,-1.5690175709375418,-0.11377263744993696,-0.11920083413649654,0,0,0
8.8115281999999997,4294963201,3988,5,-4096,3988,5,-0.010129769385730177,0.07382742735936014,0.031415926535897934,-0.047629464270084326,-0.27810413843338311,-0.079882983209196332,-3.046390576047453,-0.12900459033017422,-0.13960012918053971,0,0,0
8.8165028000000003,4294963223,3992,3,-4074,3992,3,-0.010615292101386091,0.070685834705770348,0.031415926535897934,-0.070710177752993514,-0.44148332310542948,-0.042616620222936809,0.015705841022412237,-0.12892606112506216,-0.15114975400715441,0,0,0
8.8214856000000008,4294963249,3997,1,-4048,3997,1,-0.011189091674433988,0.066758843888783101,0.030630528372500479,-0.091259904580894002,-0.60192369175215799,-0.096014978663506723,-0.77937735000406727,-0.1328229478750825,-0.15937426448256689,0,0,0
8.8264724000000001,4294963277,4002,4294967294,-4020,4002,-2,-0.011807029676177876,0.062831853071795868,0.031415926535897934,-0.10634115964419547,-0.68751671775545287,0.022056671608670433,5.4332815380703972,-0.10565654018473052,-0.15158483793285374,0,0,0
8.8314518999999994,4294963307,4008,4294967291,-3990,4008,-5,-0.012469106106617757,0.058119464091411173,0.031415926535897934,-0.11850505014461554,-0.80645909710068009,0.011766971632332923,6.3621603411995684,-0.073845738478732673,-0.13161137918591012,0,0,0
8.8364346000000005,4294963335,4013,4294967289,-3962,4013,-7,-0.013087044108361645,0.054192473274423933,0.030630528372500486,-0.12087612034248452,-0.79663392071538153,-0.067001980057960542,3.5271929477979898,-0.056209773739742723,-0.11055019931453525,0,0,0
8.8414259000000008,4294963361,4018,4294967287,-3936,4018,-9,-0.013660843681409542,0.050265482457436693,0.029845130209103034,-0.11802283753074744,-0.79139230612095524,-0.10902427773246287,2.0762118176191047,-0.045828714651647201,-0.089702786407433649,0,0,0
8.8464063999999993,4294963382,4021,4294967285,-3915,4021,-11,-0.014124297182717458,0.047909287967244349,0.030630528372500489,-0.10620509381656744,-0.64203692857270545,0.015116365481939752,6.8844635968349426,-0.011406396667472486,-0.060038314808578963,0,0,0
8.8513973999999997,4294963399,4024,4294967283,-3898,4024,-13,-0.014499473826633391,0.045553093477052005,0.031415926535897934,-0.091664027230603101,-0.56235761331029865,0.081343920257212168,9.4945821453106216,0.036066514059080623,-0.019623336715058386,0,0,0
8.8563825000000005,4294963410,4026,4294967282,-3887,4026,-14,-0.014742235184461348,0.043982297150257102,0.031415926535897927,-0.071551879798904608,-0.44657012821949471,0.0433960127398864,7.2937587786815508,0.072535307952488387,0.022224400340925397,0,0,0
8.8613698000000003,4294963413,4026,4294967282,-3884,4026,-14,-0.014808442827505337,0.043982297150257102,0.031415926535897927,-0.044349406556059658,-0.23823984524212746,0.023151255997567195,5.1168806879643283,0.09811971139231003,0.060399809622441028,0,0,0
8.8663554999999992,4294963410,4026,4294967283,-3887,4026,-13,-0.014742235184461348,0.043982297150257102,0.029845130209103031,-0.017482549456453566,-0.12709812026006245,-0.13420811921553041,-2.7211983438918805,0.084513719672850623,0.080653689499921383,0,0,0
8.8713444999999993,4294963401,4023,4294967284,-3896,4023,-12,-0.014543612255329384,0.046338491640449446,0.030630528372500479,0.0092052604275566653,0.15203322431724281,0.0016810859627964525,1.1156838533193598,0.090092138939447425,0.098693456386997461,0,0,0
8.8763392999999997,4294963387,4021,4294967285,-3910,4021,-11,-0.014234643254457439,0.047909287967244349,0.030630528372500489,0.03373844049158272,0.22766695320746602,0.0008968393412533,0.013072048494356114,0.090157499181919204,0.10952239466550855,0,0,0
8.8813242999999993,4294963370,4017,4294967286,-3927,4017,-10,-0.013859466610541507,0.051050880620834134,0.032201324699295375,0.053003930680496247,0.41457568543924594,0.14703749169221367,4.843008427201406,0.11437254131792624,0.12698283888809148,0,0,0
8.8863111000000004,4294963349,4013,4294967288,-3948,4013,-8,-0.013396013109233589,0.054192473274423933,0.032201324699295382,0.071518281316196822,0.51428926820583765,0.078442750761703678,0.82671117153150009,0.11850609717558373,0.13708100611007817,0,0,0
8.8913089999999997,4294963325,4008,4294967291,-3972,4008,-5,-0.012866351964881685,0.058119464091411173,0.031415926535897934,0.087572797682789888,0.64076479642385786,-0.031431245928220511,-5.2089399604554272,0.092461397373306595,0.13082306911612104,0,0,0
8.8962880999999996,4294963299,4002,4294967294,-3998,4002,-2,-0.012292552391833788,0.062831853071795868,0.031415926535897934,0.10025591149803587,0.78151750383464602,-0.016768195390861374,-6.0425324712281547,0.062248735017165824,0.11283989175543652,0,0,0
8.9012931000000002,4294963275,3997,0,-4022,3997,0,-0.011762891247481883,0.066758843888783101,0.032201324699295382,0.10290398115098126,0.7833278777351137,0.064333886741903726,-3.1558762131571738,0.046469353951379952,0.094285601282172532,0,0,0
8.9056726000000008,4294963255,3993,2,-4042,3993,2,-0.011321506960521963,0.069900436542372907,0.032201324699295389,0.096080253724324827,0.71101417135942024,0.034321362430410104,-4.4117329532028773,0.024410689185365566,0.072192530135569102,0,0,0
8.9108827999999995,4294963235,3989,4,-4062,3989,4,-0.010880122673562042,0.073042029195962685,0.032201324699295368,0.092439876405351881,0.67243567018532646,0.018310038126643453,-5.2863149537887519,-0.0020208855835781928,0.042585708857563229,0,0,0
8.9156075999999995,4294963221,3986,6,-4076,3986,6,-0.010571153672690098,0.075398223686155036,0.031415926535897934,0.078143116882277736,0.57857497994478813,-0.063511332004027365,-8.4896232553927007,-0.044469001860541695,0.0044131925813018953,0,0,0
8.9217065000000009,4294963212,3984,7,-4085,3984,7,-0.010372530743558133,0.076969020012949932,0.031415926535897927,0.060220414621921202,0.45522190018785236,-0.033882539273482497,-6.6554025340918539,-0.077746014531000968,-0.035601519163805585,0,0,0
8.9266495999999993,4294963211,3983,7,-4086,3983,7,-0.010350461529210138,0.077754418176347387,0.032201324699295382,0.034185984304084108,0.31613498184609978,0.055203588093688132,-1.8368390849390215,-0.086930209955696072,-0.065269849333180668,0,0,0
8.9316729000000006,4294963216,3984,7,-4081,3984,7,-0.010460807600950119,0.076969020012949932,0.031415926535897927,0.0079422641948529282,0.095374728700178713,-0.043829062458536405,-4.5920759143754539,-0.10989058952757334,-0.096493718541512064,0,0,0
8.9366646999999997,4294963226,3985,6,-4071,3985,6,-0.010681499744430079,0.076183621849552477,0.032201324699295375,-0.016353999262953174,-0.022398237339427446,0.049897236426699673,0.52240541898030557,-0.10727856243267181,-0.11619985829784871,0,0,0
8.9416235000000004,4294963242,3988,5,-4055,3988,5,-0.011034607173998014,0.07382742735936014,0.031415926535897934,-0.041670428052028446,-0.23178775075806698,-0.046659937880014886,-1.9724503598522212,-0.11714081423193291,-0.13379511070825639,0,0,0
8.9466047,4294963264,3992,3,-4033,3992,3,-0.011520129889653927,0.070685834705770348,0.031415926535897934,-0.067531102896280143,-0.41677408185828957,-0.024892521190038604,0.59740147204972738,-0.11415380687168428,-0.14119065798480543,0,0,0
8.9516349000000002,4294963289,3996,1,-4008,3996,1,-0.012071860248353827,0.067544242052180556,0.031415926535897934,-0.087504795741429497,-0.51546208651489411,-0.013279863612118534,2.3257637314695483,-0.10252498821433653,-0.13955765788204089,0,0,0
8.9565844999999999,4294963315,4001,4294967295,-3982,4001,-1,-0.012645659821401724,0.063617251235193309,0.030630528372500479,-0.10021963327214903,-0.64139048102475371,-0.080364168380396964,0.6674381781450287,-0.099187797323611382,-0.13638969706007564,0,0,0
8.9615702000000006,4294963341,4006,4294967293,-3956,4006,-3,-0.013219459394449622,0.059690260418206069,0.029845130209103034,-0.1070028476749461,-0.7085717798259854,-0.11615284607339867,-0.054677827866295381,-0.099461186462942858,-0.13318167998541094,0,0,0
8.9665718999999999,4294963367,4011,4294967290,-3930,4011,-6,-0.013793258967497519,0.055763269601218829,0.030630528372500482,-0.11062161177815599,-0.74441220268047548,0.011313359165520787,6.0953400882207536,-0.068984486021839098,-0.11580247241322894,0,0,0
8.9715957,4294963392,4015,4294967288,-3905,4015,-8,-0.014344989326197419,0.052621676947629037,0.030630528372500486,-0.11049306906896567,-0.69025312216099832,0.0060355423850420456,6.1390161206709442,-0.038289405418484378,-0.090805506406649403,0,0,0
8.9765295999999992,4294963414,4019,4294967286,-3883,4019,-10,-0.014830512041853332,0.049480084294039245,0.030630528372500486,-0.10424716227625425,-0.66135989767941306,0.0032198899856955257,6.2156304582203052,-0.0072112531273828516,-0.060136006746743909,0,0,0
8.9815425999999992,4294963431,4022,4294967285,-3866,4022,-11,-0.015205688685769264,0.047123889803846894,0.029845130209103034,-0.09061949407067435,-0.57266618721324913,-0.071561746330025267,2.6717666660207477,0.0061475802027208867,-0.034057286970512905,0,0,0
8.9865224000000001,4294963443,4024,4294967284,-3854,4024,-12,-0.015470519257945216,0.045553093477052005,0.029845130209103038,-0.073053744060053299,-0.45206962963285002,-0.038177339444750623,3.4245693441291616,0.023270426923366692,-0.0081294833971850451,0,0,0
8.9914895000000001,4294963450,4024,4294967284,-3847,4024,-12,-0.01562500375838119,0.045553093477052005,0.029845130209103038,-0.053387074304700549,-0.24117376375309121,-0.020367155943317092,2.9759814087792069,0.03815033396726273,0.015723999548182828,0,0,0
8.9964720000000007,4294963451,4024,4294967284,-3846,4024,-12,-0.015647072972729183,0.045553093477052005,0.029845130209103038,-0.030540478622474027,-0.12866333084589335,-0.010865635145155055,2.4334566330554699,0.050317617132540078,0.035633409148985787,0,0,0
9.0015152,4294963449,4023,4294967284,-3848,4023,-12,-0.015602934544033192,0.046338491640449446,0.030630528372500479,-0.012174761115871117,0.0046391645256176478,0.067482832339935184,4.828723795002281,0.074461236107551482,0.060065150663623418,0,0,0
9.0064882999999991,4294963444,4022,4294967285,-3853,4022,-11,-0.015492588472293213,0.047123889803846894,0.029845130209103034,0.003800461246406886,0.075754458319046314,-0.037278231885563701,-0.3755879010400156,0.07258329660235141,0.075422947073582394,0,0,0
9.0114312999999999,4294963435,4020,4294967286,-3862,4020,-10,-0.015293965543161248,0.04869468613064179,0.029845130209103031,0.020559493180097206,0.18697313994430256,-0.019887492767881203,-0.66285512427364901,0.06926902098098317,0.084961324219911066,0,0,0
9.0164647000000002,4294963422,4017,4294967287,-3875,4017,-9,-0.0150070657566373,0.051050880620834134,0.030630528372500476,0.037736678185819064,0.31958650139024669,0.062669778738691617,1.7155061611435691,0.077846551786701024,0.094243052336148478,0,0,0
9.0214754999999993,4294963406,4014,4294967289,-3891,4014,-7,-0.014653958327069363,0.053407075111026485,0.029845130209103038,0.053077832613002293,0.39033415044121861,-0.039845938663609637,-3.6003370021374064,0.059844866776013993,0.090068440461345003,0,0,0
9.0264483999999996,4294963389,4010,4294967290,-3908,4010,-6,-0.01427878168315343,0.056548667764616277,0.031415926535897934,0.063321266066214701,0.50135669797462123,0.12530170482865169,2.4754121038256143,0.072221927295142069,0.092855671865020195,0,0,0
9.0314311000000007,4294963372,4006,4294967292,-3925,4006,-4,-0.013903605039237498,0.059690260418206069,0.031415926535897934,0.068786015825387736,0.56058590492628746,0.066846967319498268,-0.67312270565679677,0.068856313766858079,0.09128518691747492,0,0,0
9.0364100999999994,4294963354,4002,4294967294,-3943,4002,-2,-0.01350635918097357,0.062831853071795868,0.031415926535897934,0.073760505005420127,0.59218398147977247,0.035662060990508497,-2.6075688928332914,0.055818469302691624,0.083198617221782428,0,0,0
9.0413575999999996,4294963337,3999,0,-3960,3999,0,-0.013131182537057638,0.065188047561988219,0.0306305283725005,0.074355225479508347,0.53576165973042467,-0.054254234449814823,-6.6297949755143213,0.022669494425120014,0.063169604673798813,0,0,0
9.0463594000000001,4294963321,3995,2,-3976,3995,2,-0.012778075107489701,0.068329640215577997,0.030630528372500479,0.072613391507241887,0.57894054229745229,-0.028943987970242828,-6.1352394348401962,-0.0080067027490809684,0.036193993848243435,0,0,0
9.0513528000000001,4294963309,3992,3,-3988,3992,3,-0.012513244535313748,0.070685834705770348,0.031415926535897934,0.063447702775497244,0.52869644264156768,0.057838246401208944,-2.3361652190555415,-0.019687528844358676,0.013294756585446377,0,0,0
9.0563196999999995,4294963301,3991,4,-3996,3991,4,-0.01233669082052978,0.071471232869167789,0.030630528372500472,0.050321475939580848,0.3553327752435233,-0.042423503627380468,-5.8393678931636064,-0.048884368310176708,-0.016383531635370457,0,0,0
9.0613249000000007,4294963299,3990,5,-3998,3990,5,-0.012292552391833788,0.072256631032565244,0.029845130209103038,0.030964128665335232,0.26284532325878895,-0.095911953259583405,-7.5487504248745392,-0.086628120434549399,-0.051442991765362184,0,0,0
9.0663202999999992,4294963301,3990,5,-3996,3990,5,-0.01233669082052978,0.072256631032565244,0.029845130209103038,0.012400773368527645,0.14022484975755528,-0.051167884857274269,-4.8655960704243633,-0.11095610078667122,-0.08578698029722244,0,0,0
9.0712679999999999,4294963308,3991,5,-3989,3991,5,-0.012491175320965752,0.071471232869167789,0.029059732045705583,-0.0077981069266153183,0.001528768128677277,-0.10057697650969427,-6.0166536766101562,-0.14103936916972198,-0.12354131095868465,0,0,0
9.0763154999999998,4294963323,3993,4,-3974,3993,4,-0.012822213536185694,0.069900436542372907,0.02905973204570559,-0.035046851119214115,-0.14574345899334376,-0.053656619205870885,-2.7304184287519351,-0.15469146131348166,-0.15339795834234582,0,0,0
9.0813061000000008,4294963345,3997,2,-3952,3997,2,-0.013307736251841605,0.066758843888783101,0.029059732045705583,-0.063997503482197793,-0.37087047689544278,-0.028625167354542937,0.18060945574752552,-0.15378841403474403,-0.17226783825602349,0,0,0
9.0862251999999994,4294963373,4003,4294967295,-3924,4003,-1,-0.013925674253585495,0.06204645490839842,0.02905973204570559,-0.091796993323492185,-0.63753209851309833,-0.015271185889137831,2.9423422530764913,-0.13907670276936157,-0.17738134360720639,0,0,0
9.0912618999999992,4294963405,4009,4294967292,-3892,4009,-4,-0.014631889112721367,0.057334065928013725,0.029059732045705586,-0.11486413114311325,-0.77979289799716078,-0.008146995808693859,4.9252987009497797,-0.11445020926461268,-0.16868473106162463,0,0,0
9.0962055999999993,4294963438,4015,4294967289,-3859,4015,-7,-0.015360173186205237,0.052621676947629037,0.02905973204570559,-0.12922928472815903,-0.8556873403510068,-0.0043463252421069827,6.3412898588680662,-0.082743759970272335,-0.14784075085870571,0,0,0
9.1012225000000004,4294963470,4021,4294967286,-3827,4021,-10,-0.01606638804534111,0.047909287967244349,0.02905973204570559,-0.13483381282975504,-0.89617612152678383,-0.0023187127566727315,7.3534573809131718,-0.045976473065706472,-0.11622234242130344,0,0,0
9.1062440000000002,4294963498,4026,4294967284,-3799,4026,-12,-0.016684326047084998,0.043982297150257102,0.028274333882308135,-0.12958732077725921,-0.8444968848148382,-0.074516524934363573,4.4617828121685772,-0.023667559004863586,-0.084552770781254158,0,0,0
9.1111980999999993,4294963521,4030,4294967281,-3776,4030,-15,-0.017191917977088907,0.040840704496667317,0.029845130209103041,-0.1164928284336454,-0.74364710818031876,0.10680535994205877,12.037710335409958,0.036520992672186205,-0.034762108402661154,0,0,0
9.1161768999999993,4294963537,4033,4294967280,-3760,4033,-16,-0.017545025406656842,0.038484510006474966,0.029059732045705586,-0.095093300870399133,-0.61656543406458908,-0.016300131698230524,6.2073681253634314,0.067557833299003361,0.010888414174520283,0,0,0
9.1212189000000006,4294963545,4034,4294967280,-3752,4034,-16,-0.01772157912144081,0.037699111843077518,0.028274333882308138,-0.067204025658666303,-0.40220983574389213,-0.08197544543623958,2.0519548068634315,0.077817607333320521,0.046870944870421913,0,0,0
9.1261487999999993,4294963544,4034,4294967280,-3753,4034,-16,-0.017699509907092816,0.037699111843077518,0.028274333882308138,-0.033793437099558975,-0.21457415748907521,-0.043732923902122349,2.1732819008971784,0.088684016837806412,0.075881905203678698,0,0,0
9.1311699999999991,4294963536,4032,4294967281,-3761,4032,-15,-0.017522956192308849,0.039269908169872414,0.028274333882308138,-0.0015555141478858642,0.032086280907705489,-0.023330994090375735,1.1833014007280014,0.094600523841446418,0.097106180590152469,0,0,0
9.1360980999999999,4294963523,4030,4294967282,-3774,4030,-14,-0.017236056405784898,0.040840704496667317,0.028274333882308142,0.02593858514194777,0.16367668733569937,-0.012446807500532038,0.29936704129093694,0.096097359047901107,0.11136954200975165,0,0,0
9.1411116999999997,4294963506,4026,4294967283,-3791,4026,-13,-0.016860879761868966,0.043982297150257102,0.029845130209103031,0.048842800739232771,0.38043764065090502,0.1399188150103961,5.195394875399284,0.12207433342489753,0.13169515241522919,0,0,0
9.1460773,4294963484,4022,4294967285,-3813,4022,-11,-0.016375357046213054,0.047123889803846894,0.029845130209103034,0.071357478309770586,0.49607702785812241,0.074645021527625741,1.1635725759921391,0.12789219630485824,0.14395409962959899,0,0,0
9.1510888999999995,4294963459,4017,4294967288,-3838,4017,-8,-0.015823626687513154,0.051050880620834134,0.029059732045705583,0.089546121456570454,0.63104878308626278,-0.033457289247789963,-4.8805746725555341,0.10348932294208056,0.14005229105896275,0,0,0
9.1556391000000001,4294963434,4012,4294967290,-3863,4012,-6,-0.015271896328813253,0.054977871437821381,0.029845130209103034,0.099249545968494141,0.7030546071341397,0.055430453918130965,-2.0815041995268762,0.09308180194444618,0.13476702998074933,0,0,0
9.1615994999999995,4294963402,4005,4294967293,-3895,4005,-3,-0.014565681469677379,0.060475658581603517,0.030630528372500482,0.11883997922745146,0.88802789533691673,0.10285100634111405,-1.8050940426170516,0.084056331731360928,0.12022458253183721,0,0,0
9.1666056999999999,4294963376,4000,0,-3921,4000,0,-0.013991881896629482,0.06440264939859075,0.029845130209103031,0.11693658049409633,0.84014990317902616,-0.018409732252297438,-7.2906253304709372,0.047603205079006242,0.095285620144342983,0,0,0
9.1715944,4294963352,3995,2,-3945,3995,2,-0.013462220752277577,0.068329640215577997,0.030630528372500479,0.11180291941181211,0.81460756453743954,0.063458146375240512,-4.0921854892986094,0.027142277632513194,0.069668338918374692,0,0,0
9.1765605000000008,4294963333,3992,4,-3964,3992,4,-0.013042905679665654,0.070685834705770348,0.029845130209103031,0.098768621047112315,0.65442199246950294,-0.039425353918110119,-7.9677614752994907,-0.012696529743984261,0.034747936582655028,0,0,0
9.1815716999999992,4294963320,3989,5,-3977,3989,5,-0.012756005893141706,0.073042029195962685,0.030630528372500479,0.079460316517492968,0.56896489740664191,0.05224656248965328,-3.6056358399451516,-0.03072470894371002,0.0052284022675110654,0,0,0
9.1865720999999994,4294963312,3988,6,-3985,3988,6,-0.012579452178357736,0.07382742735936014,0.029845130209103038,0.058864014678177465,0.37681551630733245,-0.045406600403339187,-6.7578869295373156,-0.064514143591396594,-0.030458464370780723,0,0,0
9.1915689,4294963312,3987,6,-3985,3987,6,-0.012579452178357736,0.074612825522757595,0.030630528372500493,0.031403250824619582,0.27430610978032494,0.049055638719903705,-1.805795596285138,-0.073543121572822279,-0.055476263461106234,0,0,0
9.1964471000000003,4294963316,3988,6,-3981,3988,6,-0.012667729035749722,0.07382742735936014,0.029845130209103038,0.0085168192855986924,0.073059523589314529,-0.047108920234081406,-4.5911512953461067,-0.096498878049552816,-0.083842980230384861,0,0,0
9.2014403999999992,4294963324,3990,5,-3973,3990,5,-0.012844282750533689,0.072256631032565244,0.029845130209103038,-0.011929260438923181,-0.10758265280834514,-0.025132047929043139,-2.380571881636242,-0.10840173745773403,-0.10835276936852248,0,0,0
9.2064173999999994,4294963338,3992,4,-3959,3992,4,-0.013153251751405633,0.070685834705770348,0.029845130209103031,-0.035191662057778787,-0.20395310266527497,-0.013407648274875986,-0.79467848970981225,-0.11237512990628309,-0.12572028403696348,0,0,0
9.2114040999999993,4294963358,3996,2,-3939,3996,2,-0.013594636038365554,0.067544242052180556,0.029845130209103038,-0.059956537867940571,-0.40192462858107336,-0.0071528206841838665,1.1582395251364519,-0.10658393228060084,-0.13280958730992984,0,0,0
9.2164041999999995,4294963381,4000,0,-3916,4000,0,-0.014102227968369463,0.06440264939859075,0.029845130209103031,-0.079345634978173984,-0.5075400800322869,-0.0038159446527228579,2.557047558939133,-0.093798694485905179,-0.13092053309413001,0,0,0
9.2213831000000006,4294963406,4005,4294967294,-3891,4005,-2,-0.014653958327069363,0.060475658581603517,0.029059732045705583,-0.093807707908933641,-0.63716418490873494,-0.075315280320507411,0.77326541776934832,-0.089932367397058441,-0.12657507915239455,0,0,0
9.2263716999999996,4294963431,4010,4294967291,-3866,4010,-5,-0.015205688685769264,0.056548667764616277,0.029845130209103034,-0.10152305158998509,-0.70631710117866486,0.033099714163838494,6.356683403421421,-0.058148950379951332,-0.10775429490001689,0,0,0
9.2313953000000009,4294963454,4014,4294967289,-3843,4014,-7,-0.015713280615773172,0.053407075111026485,0.029845130209103038,-0.1015208750370595,-0.66992983918087556,0.017658303324927675,6.0470873818415436,-0.027913513470743615,-0.082438320412980812,0,0,0
9.2363689999999998,4294963474,4018,4294967287,-3823,4018,-9,-0.016154664902733092,0.050265482457436693,0.029845130209103034,-0.095342383083832277,-0.65051766823764312,0.0094204945327230234,5.9348079044240514,0.0017605260513766409,-0.051991336384073675,0,0,0
9.2413383000000007,4294963490,4021,4294967286,-3807,4021,-10,-0.016507772332301031,0.047909287967244349,0.02905973204570559,-0.083809790155000952,-0.56688198692518688,-0.06825379764662011,2.3405281783491438,0.01346316694312236,-0.025697029334255786,0,0,0
9.2463291999999999,4294963500,4023,4294967285,-3797,4023,-11,-0.016728464475780989,0.046338491640449446,0.029059732045705586,-0.065302627591743712,-0.44898382766268441,-0.036412588216214126,3.0154368174038226,0.028540351030141471,-0.0009768212320696544,0,0,0
9.251341,4294963505,4024,4294967284,-3792,4024,-12,-0.016838810547520972,0.045553093477052005,0.029845130209103038,-0.04513372545075605,-0.31280704444255875,0.053853837112862853,6.0607071138121569,0.058843886599202255,0.028921368038472253,0,0,0
9.2563280999999993,4294963505,4024,4294967285,-3792,4024,-11,-0.016838810547520972,0.045553093477052005,0.028274333882308145,-0.024078305034553792,-0.16687883301951056,-0.11782865782476126,-2.3325872812556683,0.047180950192923912,0.042272062721844722,0,0,0
9.2613225000000003,4294963501,4023,4294967285,-3796,4023,-11,-0.016750533690128987,0.046338491640449446,0.029059732045705586,-0.0046090479387106819,-0.015748350779073314,0.010419333553257679,2.0093083322972283,0.057227491854410055,0.057271839687803063,0,0,0
9.2659590000000005,4294963495,4022,4294967286,-3802,4022,-10,-0.01661811840404101,0.047123889803846894,0.028274333882308135,0.0098957893897537747,0.064877961697056091,-0.067720928924248414,-2.1061436001439451,0.046696773853690331,0.062701705533812782,0,0,0
9.2709235000000003,4294963486,4020,4294967286,-3811,4020,-10,-0.016419495474909045,0.04869468613064179,0.029845130209103031,0.023811278155865218,0.18117065852367817,0.11043072948532043,4.6107305287164175,0.069750426497272422,0.076750145083937446,0,0,0
9.2759163999999998,4294963475,4018,4294967287,-3822,4018,-9,-0.01617673411708109,0.050265482457436693,0.029845130209103034,0.035353246219738906,0.24321142736154983,0.05891347907092194,1.8045314992178252,0.078773083993361553,0.088020025380614347,0,0,0
9.2809834000000002,4294963461,4015,4294967288,-3836,4015,-8,-0.015867765116209145,0.052621676947629037,0.030630528372500486,0.047688079517731317,0.34958895799070677,0.10470915878109914,2.8894293306122751,0.09322023064642293,0.10069392258927351,0,0,0
9.2858218000000008,4294963445,4012,4294967290,-3852,4012,-6,-0.015514657686641209,0.054977871437821381,0.029845130209103034,0.058386786713245625,0.40634010374104107,-0.017418430054133509,-3.065890824148056,0.077890776525682645,0.10127493080170566,0,0,0
9.2918024999999993,4294963423,4007,4294967292,-3874,4007,-4,-0.015029134970985297,0.058904862254808621,0.030630528372500482,0.076449081168446967,0.58317520273865386,0.063986994292633409,-1.1210564734363491,0.072285494158500899,0.095890598480991268,0,0,0
9.2967908000000001,4294963404,4003,4294967294,-3893,4003,-2,-0.014609819898373372,0.06204645490839842,0.030630528372500486,0.079907769369915949,0.60423510284878024,0.034136299439834643,-2.9297206518771297,0.057636890899115251,0.086618148830921254,0,0,0
9.3017815000000006,4294963385,4000,0,-3912,4000,0,-0.014190504825761447,0.06440264939859075,0.029845130209103031,0.081752938336196956,0.54219078946508192,-0.055068210066945969,-6.9358412695541727,0.022957684551344386,0.064169042752481711,0,0,0
9.3067694999999997,4294963368,3996,1,-3929,3996,1,-0.013815328181845514,0.067544242052180556,0.031415926535897934,0.078619093480317398,0.58237040644697413,0.11718080431561577,-0.0096597103675284401,0.022909385999506742,0.049682820067390374,0,0,0
9.3117576,4294963355,3994,2,-3942,3994,2,-0.013528428395321566,0.069115038378975438,0.03141592653589792,0.068710783519495972,0.4572467150273789,0.062514563606856685,-1.8023577087782794,0.013897597455615345,0.035044633685190014,0,0,0
9.3167477000000005,4294963345,3992,3,-3952,3992,3,-0.013307736251841605,0.070685834705770348,0.031415926535897934,0.057247487364396429,0.39049471574166938,0.033350775204016629,-2.709328362170305,0.00035095564476382048,0.019307567902853852,0,0,0
9.3217320000000008,4294963338,3991,4,-3959,3991,4,-0.013153251751405633,0.071471232869167789,0.030630528372500472,0.04495462459283843,0.28160379977420258,-0.055487277892018967,-5.9799690758556743,-0.029548889734514548,-0.0039776378349211158,0,0,0
9.3267301000000007,4294963335,3990,4,-3962,3990,4,-0.013087044108361645,0.072256631032565244,0.031415926535897927,0.0301600876479125,0.22351179287755824,0.043677717329562868,-1.2939596990194167,-0.036018688229611628,-0.020347454400883442,0,0,0
9.3317344000000002,4294963335,3990,4,-3962,3990,4,-0.013087044108361645,0.072256631032565244,0.031415926535897927,0.016090047586425203,0.11924087971859861,0.023301542041365295,-1.4358559503847919,-0.043197967981535586,-0.035114881748511455,0,0,0
9.3367374999999999,4294963337,3990,4,-3960,3990,4,-0.013131182537057638,0.072256631032565244,0.031415926535897927,0.004465628247005634,0.063613589301099019,0.012431095183127062,-1.4099878144253042,-0.050247907053662104,-0.049064129831578998,0,0,0
9.3417442000000008,4294963340,3991,4,-3957,3991,4,-0.013197390180101626,0.071471232869167789,0.030630528372500472,-0.0037949712991444148,-0.039342426968320902,-0.066647678052599385,-4.181812165263155,-0.071156967879977884,-0.069528591938833859,0,0,0
9.3467138999999992,4294963348,3992,4,-3949,3992,4,-0.013373943894885594,0.070685834705770348,0.029845130209103031,-0.018497454095891201,-0.094268235554237023,-0.10883526183195202,-5.4492847361032952,-0.098403391560494352,-0.093361104413355267,0,0,0
9.3517212000000001,4294963359,3994,3,-3938,3994,3,-0.01361670525271355,0.069115038378975438,0.029845130209103024,-0.032518384365589389,-0.19685001962039167,-0.058062316078129145,-2.4788620354832567,-0.11079770173791063,-0.11420372848727126,0,0,0
9.3563308999999997,4294963374,3997,1,-3923,3997,1,-0.013947743467933491,0.066758843888783101,0.030630528372500479,-0.04823482474137486,-0.32485569907457934,0.042303965123168252,2.9473128318986337,-0.096061137578417471,-0.1216352921369226,0,0,0
9.3612994999999994,4294963394,4001,4294967295,-3903,4001,-1,-0.014389127754893411,0.063617251235193309,0.030630528372500479,-0.066914909829802957,-0.46642472394743117,0.022568661599143641,3.5060241558377276,-0.078531016799228831,-0.11825380396249659,0,0,0
9.3662872999999998,4294963416,4005,4294967293,-3881,4005,-3,-0.014874650470549323,0.060475658581603517,0.030630528372500482,-0.080998733290489039,-0.54195011278447791,0.012040112195008551,4.1102554754052703,-0.057979739422202484,-0.10580435746727099,0,0,0
9.3712759999999999,4294963438,4010,4294967291,-3859,4010,-5,-0.015360173186205237,0.056548667764616277,0.029845130209103034,-0.088512285383794714,-0.65552152759608429,-0.066856262820579174,1.8007943328860767,-0.048975767757772098,-0.092156343431852389,0,0,0
9.3762494000000007,4294963459,4014,4294967289,-3838,4014,-7,-0.015823626687513154,0.053407075111026485,0.029845130209103038,-0.090461565684645334,-0.64283100559442696,-0.035667020029635559,3.5165025564382137,-0.031393254975581028,-0.07269217678545753,0,0,0
9.3812526999999992,4294963476,4017,4294967288,-3821,4017,-8,-0.016198803331429087,0.051050880620834134,0.029059732045705583,-0.0832650424604649,-0.56278124394479678,-0.092307449722536072,0.89764619010478475,-0.026905024025057105,-0.057962464417155593,0,0,0
9.3862120999999998,4294963491,4019,4294967286,-3806,4019,-10,-0.016529841546649025,0.049480084294039245,0.030630528372500486,-0.075307562497662558,-0.44679613011801955,0.097314113438070893,8.6689587362747549,0.016439769656316671,-0.026820968266238341,0,0,0
9.3912251999999992,4294963501,4021,4294967286,-3796,4021,-10,-0.016750533690128987,0.047909287967244349,0.02905973204570559,-0.060766790388808598,-0.38491945314758846,-0.094643117969734458,0.10571277111655286,0.016968333511899435,-0.0083546822986359879,0,0,0
9.3961804999999998,4294963507,4022,4294967285,-3790,4022,-11,-0.016882948976216963,0.047123889803846894,0.029845130209103034,-0.044773020582582625,-0.27862946357555596,0.022788542951432962,4.4592399387914741,0.039264533205856808,0.015469894604034317,0,0,0
9.4011902000000003,4294963508,4022,4294967285,-3789,4022,-11,-0.016905018190564957,0.047123889803846894,0.029845130209103034,-0.025944983545705121,-0.14864550064466145,0.012157416277907588,3.1367759730867806,0.054948413071290711,0.036745163399763345,0,0,0
9.4061974999999993,4294963506,4022,4294967285,-3791,4022,-11,-0.016860879761868966,0.047123889803846894,0.029845130209103034,-0.0097231192197471117,-0.079300604388201801,0.0064858368027008251,2.2791187427494011,0.066344006785037712,0.056414558710857265,0,0,0
9.4111431000000003,4294963501,4021,4294967285,-3796,4021,-11,-0.016750533690128987,0.047909287967244349,0.030630528372500489,0.0051083830016090551,0.030973591234585103,0.076739635987018939,4.5056254212038089,0.088872133891056762,0.080416163930247461,0,0,0
9.4161409999999997,4294963492,4019,4294967286,-3805,4019,-10,-0.016551910760997022,0.049480084294039245,0.030630528372500486,0.021257253860576537,0.16308308064600893,0.04093968191374054,1.9966930196691437,0.098855598989402479,0.10025794407811854,0,0,0
9.4211288999999994,4294963478,4017,4294967287,-3819,4017,-9,-0.016242941760125078,0.051050880620834134,0.030630528372500476,0.040168035462007007,0.23356191996712913,0.021840832754037434,0.30220221930012103,0.10036661008590309,0.11337960053568311,0,0,0
9.4261072000000006,4294963460,4013,4294967289,-3837,4013,-7,-0.015845695901861148,0.054192473274423933,0.030630528372500486,0.058493153290477627,0.41772058000290541,0.011651824173792447,-1.607083123440108,0.09233119446870254,0.11777097563358302,0,0,0
9.4311165999999993,4294963439,4009,4294967291,-3858,4009,-5,-0.015382242400553232,0.057334065928013725,0.030630528372500482,0.074446716207969749,0.51596703200328653,0.0062161094362053809,-2.982186265065331,0.077420263143375884,0.1130182243424353,0,0,0
9.4361078999999997,4294963417,4004,4294967293,-3880,4004,-3,-0.01489671968489732,0.061261056745000965,0.031415926535897934,0.085016862297645046,0.64165986342946058,0.076595739649151937,-1.1345464168750277,0.071747531059000752,0.10651178683667226,0,0,0
9.4410767999999994,4294963396,4000,4294967295,-3901,4000,-1,-0.014433266183589403,0.06440264939859075,0.03141592653589792,0.088596799094859569,0.63543597283882836,0.040862914931135905,-3.0966308011639665,0.056264377053180922,0.094350676540872827,0,0,0
9.4460543000000001,4294963375,3996,1,-3922,3996,1,-0.013969812682281486,0.067544242052180556,0.031415926535897934,0.090506652743032184,0.632115601328474,0.021799878483031131,-4.3481905301659785,0.034523424402351024,0.074978059755068466,0,0,0
9.4511248999999999,4294963356,3992,3,-3941,3992,3,-0.013550497609669561,0.070685834705770348,0.031415926535897934,0.087407316394617962,0.63034422266970047,0.011629975557930295,-5.1191257209125798,0.008927795797788126,0.049739256587817651,0,0,0
9.4559818999999994,4294963342,3989,5,-3955,3989,5,-0.013241528608797617,0.073042029195962685,0.030630528372500479,0.075458306048849871,0.55611969395841421,-0.06707506583218123,-8.3177100412912814,-0.03266075440866828,0.015211993089363853,0,0,0
9.4609594000000001,4294963332,3987,6,-3965,3987,6,-0.013020836465317657,0.074612825522757595,0.030630528372500493,0.060847210278175655,0.44324227253207826,-0.035783748830619154,-6.5317531803807665,-0.065319520310572116,-0.022101604793219379,0,0,0
9.4659407000000009,4294963329,3987,6,-3968,3987,6,-0.012954628822273669,0.074612825522757595,0.030630528372500493,0.038638592847684852,0.236464473864021,-0.019090203855730511,-4.6267717873604388,-0.088453379247374314,-0.056582980730021409,0,0,0
9.4719230999999997,4294963333,3987,6,-3964,3987,6,-0.013042905679665654,0.074612825522757595,0.030630528372500493,0.012376788089875027,0.12615098077257864,-0.01018439641353369,-3.2556396354568675,-0.10473157742465865,-0.086405190234450896,0,0,0
9.4769071,4294963342,3989,6,-3955,3989,6,-0.013241528608797617,0.073042029195962685,0.029059732045705583,-0.011929123312579188,-0.079258992662401842,-0.15199229278560647,-7.9430542033760512,-0.14444684844153891,-0.12495866074986671,0,0,0
9.4819069000000002,4294963357,3992,5,-3940,3992,5,-0.013572566824017558,0.070685834705770348,0.028274333882308142,-0.037250699165228052,-0.26212228657331887,-0.15436559743076961,-6.6878625969516348,-0.1778861614262971,-0.16439142824413502,0,0,0
9.4868901000000001,4294963379,3996,2,-3918,3996,2,-0.01405808953967347,0.067544242052180556,0.029845130209103038,-0.06517323016932064,-0.43295719546450301,0.064206830680554994,4.3058424913566959,-0.1563569489695136,-0.18010971849722943,0,0,0
9.4918730999999994,4294963409,4001,0,-3888,4001,0,-0.014720165970113351,0.063617251235193309,0.02905973204570559,-0.096542450034891411,-0.59737510419260109,-0.039025939757238025,1.7593959739417009,-0.14755996909980509,-0.18665453269240587,0,0,0
9.4968664999999994,4294963442,4008,4294967292,-3855,4008,-4,-0.01544845004359722,0.058119464091411173,0.029845130209103034,-0.11945488604815384,-0.83164913904517879,0.052459645187891382,7.7883672273166056,-0.10861813296322206,-0.17259484037250211,0,0,0
9.5008639000000006,4294963470,4013,4294967290,-3827,4013,-6,-0.01606638804534111,0.054192473274423933,0.029059732045705586,-0.1213828464855131,-0.81007250810685694,-0.045292923321412243,4.1301465800775663,-0.087967400062834239,-0.15950850503758435,0,0,0
9.5068409000000003,4294963510,4021,4294967286,-3787,4021,-10,-0.016949156619260951,0.047909287967244349,0.02905973204570559,-0.14712071357158674,-1.0184001903314455,-0.024163235202675607,7.1857925043777815,-0.05203843754094533,-0.12273626117987793,0,0,0
9.5118972999999993,4294963541,4027,4294967283,-3756,4027,-13,-0.017633302264048828,0.043196898986859661,0.02905973204570559,-0.14231956678760682,-0.9829814892588411,-0.012890798222860758,8.0690765213097961,-0.011693054934396346,-0.081069140531448661,0,0,0
9.5168707000000001,4294963565,4032,4294967281,-3732,4032,-15,-0.018162963408400731,0.039269908169872414,0.028274333882308138,-0.1253444403157285,-0.89080651474267469,-0.080156606628571894,4.956078302485972,0.013087336578033515,-0.042287613062833643,0,0,0
9.5208641000000007,4294963578,4034,4294967280,-3719,4034,-16,-0.018449863194924681,0.037699111843077518,0.028274333882308138,-0.093638199608289341,-0.62179370566562231,-0.042762595058617299,5.0366909326062501,0.038270791241064764,-0.0078462870215014642,0,0,0
9.5268277000000001,4294963589,4036,4294967279,-3708,4036,-17,-0.018692624552752637,0.036128315516282622,0.028274333882308138,-0.07260507725216106,-0.47827857567205012,-0.022813335207923589,5.0810684792007663,0.063676133637068588,0.029736639525768143,0,0,0
9.5318231000000004,4294963590,4037,4294967279,-3707,4037,-17,-0.018714693767100634,0.035342917352885174,0.02748893571891069,-0.040793054329498257,-0.32843544363707078,-0.085450161943513611,1.163574118907666,0.069494004231606912,0.05483519791820414,0,0,0
9.5368300999999995,4294963586,4036,4294967279,-3711,4036,-17,-0.018626416909708648,0.036128315516282622,0.028274333882308138,-0.013526167633136969,-0.10193687858058355,0.027692875513346281,4.4503046246177149,0.091745527354695489,0.082355790121729819,0,0,0
9.5417942,4294963576,4034,4294967280,-3721,4034,-16,-0.01840572476622869,0.037699111843077518,0.028274333882308138,0.01337505327682581,0.092176927818292897,0.014773819294438665,2.4056346031948856,0.10377370037066992,0.10408627621614981,0,0,0
9.5467635000000008,4294963562,4031,4294967281,-3735,4031,-15,-0.018096755765356746,0.040055306333269862,0.029059732045705586,0.035962975318984652,0.26901385114047449,0.081161175945531988,3.8462287339147299,0.12300484404024357,0.12698336066382437,0,0,0
9.5517904999999992,4294963542,4028,4294967282,-3755,4028,-14,-0.017655371478396825,0.042411500823462206,0.029845130209103031,0.060368024307294543,0.36335424379804898,0.11657804011790772,4.2502094042639644,0.14425589106156339,0.14906536433341877,0,0,0
9.5567419999999998,4294963518,4023,4294967285,-3779,4023,-11,-0.017125710334044919,0.046338491640449446,0.029059732045705586,0.081624268355935573,0.56024275837375748,-0.011086523206372045,-2.8702272193791689,0.12990475496466755,0.15569176729157974,0,0,0
9.5617768999999999,4294963489,4018,4294967287,-3808,4018,-9,-0.016485703117953034,0.050265482457436693,0.029845130209103034,0.10325977273081487,0.66528043617251575,0.067364991189812359,-0.89905086050206551,0.12540950066215723,0.15696865727111206,0,0,0
9.5667557999999993,4294963459,4012,4294967290,-3838,4012,-6,-0.015823626687513154,0.054977871437821381,0.029845130209103034,0.11686116692228286,0.79459630568603412,0.035938420556221984,-3.5972989505834914,0.10742300590923977,0.14873453378760104,0,0,0
9.5717222,4294963428,4006,4294967293,-3869,4006,-3,-0.015139481042725276,0.059690260418206069,0.029845130209103034,0.12617645900838767,0.8635847820605872,0.019172719379368132,-5.3944623000502894,0.080450694408988319,0.1298568087002191,0,0,0
9.5767317999999992,4294963399,4000,0,-3898,4000,0,-0.014499473826633391,0.06440264939859075,0.029845130209103031,0.12702783587591843,0.90038931262893063,0.010228417462724184,-6.5587692175984502,0.047656848320996065,0.10237050192839592,0,0,0
9.5817133999999999,4294963373,3995,2,-3924,3995,2,-0.013925674253585495,0.068329640215577997,0.030630528372500479,0.12130470450761441,0.84674457209332443,0.078736258199088624,-3.7984021808174839,0.028664837416908645,0.074969339497464343,0,0,0
9.5866693000000005,4294963353,3992,4,-3944,3992,4,-0.013484289966625575,0.070685834705770348,0.029845130209103031,0.10589682050255053,0.67156670328387236,-0.031274663205728977,-7.8573281241018567,-0.010621803203600642,0.039211134906023355,0,0,0
9.5916865999999992,4294963339,3989,5,-3958,3989,5,-0.013175320965753629,0.073042029195962685,0.030630528372500479,0.0853222363006121,0.57811139645130882,0.056594858918875474,-3.5932311980735774,-0.028587959193968528,0.0089248992005692869,0,0,0
9.5966413999999993,4294963331,3988,6,-3966,3988,6,-0.012998767250969661,0.07382742735936014,0.029845130209103038,0.061991279073402711,0.38169506462283842,-0.04308683604181518,-6.7472090791727792,-0.062324004589832421,-0.026513143258862008,0,0,0
9.6016616999999993,4294963330,3988,6,-3967,3988,6,-0.012976698036621666,0.07382742735936014,0.029845130209103038,0.035130719399886066,0.20362977140453337,-0.022986313911103329,-4.683659139396255,-0.085742300286813705,-0.058529251058494589,0,0,0
9.6066502000000007,4294963333,3989,6,-3964,3989,6,-0.013042905679665654,0.073042029195962685,0.029059732045705583,0.012564489643140445,0.035354538743904595,-0.085542444021673034,-6.2166934419543622,-0.11682576749658552,-0.094997723227765313,0,0,0
9.6116329999999994,4294963342,3991,5,-3955,3991,5,-0.013241528608797617,0.071471232869167789,0.029059732045705583,-0.011828986769232787,-0.12769781319814189,-0.045635875168389906,-3.2366610713715112,-0.13300907285344307,-0.12623851568050928,0,0,0
9.6166145000000007,4294963359,3994,3,-3938,3994,3,-0.01361670525271355,0.069115038378975438,0.029845130209103024,-0.041315498037310917,-0.28796382047563668,0.048933323363160142,2.3973492517350401,-0.12102232659476787,-0.14029417303620706,0,0,0
9.6216188000000002,4294963381,3999,1,-3916,3999,1,-0.014102227968369463,0.065188047561988219,0.029059732045705597,-0.067341751960257545,-0.52002286534893161,-0.047174174020259071,0.23052957478223535,-0.1198696787208567,-0.14958451093813444,0,0,0
9.6265953,4294963407,4004,4294967294,-3890,4004,-2,-0.01467602754141736,0.061261056745000965,0.029845130209103031,-0.089462889534745252,-0.64382360221881374,0.048112659245148175,5.8120967172800491,-0.090809195134456455,-0.14073532164109662,0,0,0
9.6315842000000007,4294963435,4010,4294967292,-3862,4010,-4,-0.015293965543161248,0.056548667764616277,0.028274333882308138,-0.10538247351756358,-0.78314934029921479,-0.12089150784602286,0.031190930690716101,-0.090653240481002872,-0.13386483176669628,0,0,0
9.6365573999999992,4294963462,4015,4294967289,-3835,4015,-7,-0.015889834330557143,0.052621676947629037,0.02905973204570559,-0.11181627172480138,-0.78419844305556996,0.0087853395421174513,6.2255855977749057,-0.059525312492128342,-0.11298516205857435,0,0,0
9.6415384,4294963487,4020,4294967286,-3810,4020,-10,-0.016441564689257043,0.04869468613064179,0.029845130209103031,-0.11113040592340452,-0.78475812688241697,0.077966393313927781,9.778206896086802,-0.01063427801169433,-0.077174277160185906,0,0,0
9.6465095000000005,4294963508,4024,4294967284,-3789,4024,-12,-0.016905018190564957,0.045553093477052005,0.029845130209103038,-0.10252806363538991,-0.71177719224679781,0.041594142338306134,8.2836369301503474,0.030783906639057411,-0.035273193560792442,0,0,0
9.6515280000000008,4294963523,4027,4294967283,-3774,4027,-13,-0.017236056405784898,0.043196898986859661,0.02905973204570559,-0.085584154892921135,-0.59956321344998043,-0.051089539695382422,3.850567284401889,0.050036743061066855,0.0017600558691016378,0,0,0
9.6565092000000003,4294963530,4029,4294967282,-3767,4029,-14,-0.017390540906220872,0.041626102660064758,0.029059732045705583,-0.060071899260514483,-0.46641887281591243,-0.027255661006813363,3.9762097035368429,0.069917791578751068,0.035843655115053288,0,0,0
9.6614723999999992,4294963530,4029,4294967282,-3767,4029,-14,-0.017390540906220872,0.041626102660064758,0.029059732045705583,-0.032047642864708931,-0.24882891410742522,-0.014540570561951079,3.0904026895193151,0.085369805026347639,0.065283362314960958,0,0,0
9.6664864999999995,4294963524,4029,4294967282,-3773,4029,-14,-0.017258125620132896,0.041626102660064758,0.029059732045705583,-0.0047423742395390645,-0.13274726239544238,-0.0077572212324707717,2.3131309078358444,0.096935459565526863,0.089903246906850434,0,0,0
9.6714794000000008,4294963514,4027,4294967283,-3783,4027,-13,-0.017037433476652934,0.043196898986859661,0.02905973204570559,0.018061102446915327,0.075739954971120307,-0.0041383851474815605,0.9950423000875156,0.10191067106596444,0.10933354270051067,0,0,0
9.6764337999999999,4294963498,4024,4294967284,-3799,4024,-12,-0.016684326047084998,0.045553093477052005,0.029845130209103038,0.042581147270935954,0.26024492187292014,0.071071740099487288,2.7216908659774481,0.11551912539585169,0.12706271050529391,0,0,0
9.6814599000000001,4294963478,4020,4294967286,-3819,4020,-10,-0.016242941760125078,0.04869468613064179,0.029845130209103031,0.063898740228453724,0.43195564375420481,0.037915926956197846,-0.15642226928632641,0.11473701404942005,0.13681109766224392,0,0,0
9.6864302000000002,4294963454,4016,4294967288,-3843,4016,-8,-0.015713280615773172,0.051836278784231589,0.029845130209103038,0.083507863252899744,0.52356126899052802,0.020227695493812342,-2.0995949298840433,0.10423903939999983,0.13698923764066501,0,0,0
9.6913952999999999,4294963429,4011,4294967290,-3868,4011,-6,-0.015161550257073272,0.055763269601218829,0.030630528372500482,0.096028207125902501,0.64571129842307751,0.084070753948182753,-0.55565447681723867,0.10146076701591364,0.13570227788469202,0,0,0
9.6963817999999993,4294963402,4007,4294967292,-3895,4007,-4,-0.014565681469677379,0.058904862254808621,0.030630528372500482,0.10682588200395629,0.63759736515975329,0.044850746040405849,-2.832752087865881,0.087297006576584235,0.12593642316217257,0,0,0
9.7014089000000006,4294963376,4002,4294967295,-3921,4002,-1,-0.013991881896629482,0.062831853071795868,0.029845130209103038,0.11052720270015098,0.70654819768387966,-0.049352180402908716,-7.7387068726302051,0.04860347221343321,0.10158594202007655,0,0,0
9.7063883000000004,4294963352,3997,1,-3945,3997,1,-0.013462220752277577,0.066758843888783101,0.030630528372500479,0.10838359268743851,0.74333264570631685,0.046950718777684829,-4.231069869183413,0.027448122867516144,0.07631125208872068,0,0,0
9.7113400999999993,4294963331,3994,2,-3966,3994,2,-0.012998767250969661,0.069115038378975438,0.03141592653589792,0.10106267148555079,0.61639767207961271,0.098327168628078651,-1.6705836697040475,0.019095204518995906,0.053994276521357014,0,0,0
9.7163842000000002,4294963315,3991,4,-3982,3991,4,-0.012645659821401724,0.071471232869167789,0.030630528372500472,0.086861495894924173,0.54867937530680411,-0.020823145798230296,-6.4847025002143983,-0.013328307982076085,0.023663008830686769,0,0,0
